placement,n,window,global_mass,global_cardinality,local_cardinality_mean,local_cardinality_p95,local_cardinality_max,local_cardinality_over_n,local_load_mean,local_load_p95,local_load_max_over_mean,hh_count,hh_support_mean,boundary_key_count,boundary_support_mean,non_hh_boundary_count,non_hh_boundary_support_mean,all_key_support_mean,mass_weighted_support,tail_mass_beyond_1n_fraction,local_1n_rank_count_mean,tail_mass_beyond_2n_fraction,local_2n_rank_count_mean,tail_mass_beyond_4n_fraction,local_4n_rank_count_mean
round_robin,200,0.0,2356185.0,69866.0,7992.64,8062.0,8086.0,39.9632,23561.85,23633.25,1.0042080736444718,7.0,100.0,21.0,100.0,17.0,100.0,11.43995648813443,85.98268047712722,0.654367971954664,15.0,0.5514864070520779,9.93,0.42815441062565124,6.0
round_robin,200,1.0,2216146.0,69183.0,7923.77,7988.05,8013.0,39.61885,22161.46,22217.9,1.0043110878073918,6.0,100.0,28.0,100.0,25.0,100.0,11.453348365928045,85.11149852040434,0.6663960767927745,15.0,0.5626280939974171,9.0,0.4394439716516872,5.0
round_robin,200,2.0,2220905.0,69668.0,7884.33,7963.0,7997.0,39.42165,22209.05,22315.3,1.0069768855489092,8.0,100.0,20.0,100.0,16.0,100.0,11.317003502325313,85.21492859892702,0.6632287288290134,15.0,0.5608745083648332,9.0,0.43784493258378904,5.0
round_robin,200,3.0,2249228.0,70103.0,7892.56,8002.5,8031.0,39.4628,22492.28,22632.35,1.007101103134053,6.0,100.0,25.0,100.0,22.0,100.0,11.258519606864185,85.3353479504968,0.6691633751669461,15.0,0.5615686804539157,9.73,0.4359873698886907,5.0
round_robin,200,4.0,2087998.0,67188.0,7610.93,7696.65,7762.0,38.05465,20879.98,20956.649999999998,1.0063228029911906,5.0,100.0,20.0,100.0,18.0,100.0,11.327811513960826,84.9002992340031,0.6859996992334284,14.99,0.576660514042638,9.0,0.4452044494295493,5.0
round_robin,200,5.0,2209961.0,69013.0,7891.16,8001.05,8022.0,39.455799999999996,22099.61,22214.15,1.0065788491290117,6.0,100.0,20.0,100.0,17.0,100.0,11.43430947792445,85.18395663995881,0.678536408561056,15.0,0.5717010390681102,9.0,0.443660770484185,5.0
round_robin,200,6.0,2259801.0,69281.0,7897.25,7994.150000000001,8052.0,39.48625,22598.01,22698.05,1.0066373100994292,5.0,100.0,22.0,100.0,19.0,100.0,11.398868376611192,85.63071659849695,0.6744717787097182,15.0,0.5665091749229246,10.0,0.43724248285579126,5.2
round_robin,200,7.0,2322414.0,69156.0,7877.38,7994.45,8038.0,39.3869,23224.14,23351.25,1.007443117377005,4.0,100.0,21.0,100.0,19.0,100.0,11.390739776736654,85.99470637018206,0.6475021249441314,15.0,0.5447964919260735,9.0,0.4221379133952861,5.0
round_robin,200,8.0,2391711.0,68674.0,7959.86,8034.1,8059.0,39.799299999999995,23917.11,23988.2,1.0042601300909684,8.0,100.0,20.0,100.0,16.0,100.0,11.590791274718233,86.46888691819372,0.6486419136760252,15.0,0.546179283366594,10.0,0.422120816436434,6.0
round_robin,200,9.0,2366019.0,69522.0,7975.53,8117.45,8143.0,39.877649999999996,23660.19,23796.75,1.0071347694164756,6.0,100.0,21.0,100.0,17.0,100.0,11.471951324760507,86.18979433385785,0.6524508044948075,15.0,0.547728484006257,10.0,0.424038860212027,5.7
round_robin,200,10.0,2369488.0,70253.0,8101.32,8232.2,8258.0,40.5066,23694.88,23816.55,1.0073062197402982,5.0,100.0,19.0,100.0,16.0,100.0,11.531635659687131,85.85593427778491,0.6511444666527114,15.0,0.548970072859622,9.85,0.42620009048368257,5.31
round_robin,200,11.0,2307606.0,70218.0,8146.71,8230.050000000001,8251.0,40.73355,23076.06,23144.199999999997,1.004200890446636,9.0,100.0,23.0,100.0,19.0,100.0,11.602025121763651,85.41175703304637,0.6713061068483961,15.0,0.5669954056281705,9.25,0.44298160084520494,5.35
round_robin,200,12.0,2401851.0,70125.0,8086.48,8190.05,8221.0,40.4324,24018.51,24090.05,1.0052247204343652,7.0,100.0,28.0,100.0,25.0,100.0,11.531522281639928,86.03541018989105,0.6388860091654311,15.0,0.5419715877462841,9.0,0.42247916294557825,5.62
round_robin,200,13.0,2360882.0,69802.0,8148.6,8250.1,8278.0,40.743,23608.82,23708.3,1.006234110811129,8.0,100.0,21.0,100.0,17.0,100.0,11.67387753932552,85.76709975339725,0.6539221358797263,15.0,0.5546291597801161,9.0,0.4335511050531115,5.36
round_robin,200,14.0,2263751.0,70334.0,8131.02,8214.05,8245.0,40.655100000000004,22637.51,22709.35,1.0052342329169597,6.0,100.0,23.0,100.0,19.0,100.0,11.560582364148207,85.22096378974543,0.6769295739681617,14.91,0.5741426508480836,9.0,0.44843271190161815,5.0
round_robin,200,15.0,2317035.0,70255.0,8123.25,8212.2,8258.0,40.61625,23170.35,23263.350000000002,1.0051207685684507,6.0,100.0,17.0,100.0,14.0,100.0,11.562522240409935,85.58897772368566,0.6726355018374777,15.0,0.5684411327407657,10.0,0.44251295297654114,5.85
round_robin,200,16.0,2238298.0,69242.0,8013.7,8116.1,8181.0,40.0685,22382.98,22524.5,1.010053174331568,6.0,100.0,25.0,100.0,21.0,100.0,11.573466970913607,85.21500532994266,0.6862178315845343,15.0,0.5779310887111546,9.84,0.44783447065582865,5.66
round_robin,200,17.0,2295521.0,69826.0,8044.29,8156.25,8186.0,40.22145,22955.21,23049.149999999998,1.0067866946109403,6.0,100.0,20.0,100.0,17.0,100.0,11.520479477558503,85.6048892604337,0.6846262787402075,15.0,0.5745754449643458,10.0,0.44309548899792245,6.0
round_robin,200,18.0,2195324.0,69625.0,8009.81,8103.45,8132.0,40.04905,21953.24,22060.25,1.006184053014498,9.0,100.0,15.0,100.0,9.0,100.0,11.504215439856374,85.05163748039014,0.6966106141963555,15.0,0.5854388691600876,9.84,0.4557022106987397,5.0
round_robin,200,19.0,2257239.0,69955.0,8040.49,8124.25,8154.0,40.20245,22572.39,22672.149999999998,1.0052546495962547,8.0,100.0,23.0,100.0,17.0,100.0,11.493803159173755,85.4342234030158,0.683207670964395,15.0,0.5750724668499879,10.0,0.4465100948548204,5.31
round_robin,200,20.0,2268249.0,70291.0,8064.03,8169.65,8216.0,40.32015,22682.49,22810.350000000002,1.0078258603883434,7.0,100.0,26.0,100.0,20.0,100.0,11.472350656556316,85.35054352498337,0.6782972239820232,15.0,0.5728647957080549,9.91,0.44526813414223926,5.57
round_robin,200,21.0,2282356.0,69353.0,8054.95,8131.05,8193.0,40.27475,22823.56,22891.100000000002,1.0056275182311611,7.0,100.0,25.0,100.0,20.0,100.0,11.614421870719363,85.57043379735677,0.670483482857188,15.0,0.5652238301123926,9.68,0.4397517302296399,5.0
round_robin,200,22.0,2249442.0,70193.0,8046.8,8130.299999999999,8152.0,40.234,22494.42,22582.1,1.005138163153351,5.0,100.0,24.0,100.0,21.0,100.0,11.463821178750019,85.14592952385524,0.6791822149670896,15.0,0.572456635912373,9.92,0.4441248096194523,5.08
round_robin,200,23.0,2182009.0,70552.0,8138.26,8219.449999999999,8244.0,40.6913,21820.09,21897.100000000002,1.0048079545043123,4.0,100.0,19.0,100.0,17.0,100.0,11.535123029821975,84.63225770379499,0.7080406176143178,14.54,0.6007032968241652,9.93,0.4668083403872303,6.0
round_robin,200,24.0,2234461.0,70525.0,8043.0,8152.35,8210.0,40.215,22344.61,22451.0,1.0077150596944855,7.0,100.0,22.0,100.0,17.0,100.0,11.404466501240694,85.11223243547326,0.6885226459535432,15.0,0.5833916993852208,9.03,0.45414531737184044,6.0
round_robin,200,25.0,2250030.0,70505.0,8032.98,8148.05,8180.0,40.164899999999996,22500.3,22661.2,1.0087421056608135,9.0,100.0,23.0,100.0,18.0,100.0,11.393489823416779,85.25636013742039,0.6743225645880278,14.36,0.5727319191299671,9.0,0.44556428136513737,5.24
round_robin,200,26.0,2251967.0,70829.0,8042.85,8144.099999999999,8161.0,40.21425,22519.67,22630.550000000003,1.0062314412244941,6.0,100.0,21.0,100.0,17.0,100.0,11.355306442276468,85.2767154225617,0.6807373287441602,15.0,0.5747668593722732,9.2,0.4484879218922835,5.0
round_robin,200,27.0,2249619.0,68289.0,7727.61,7793.2,7818.0,38.63805,22496.19,22554.15,1.0038588756585005,9.0,100.0,24.0,100.0,18.0,100.0,11.316039186398982,85.82892525356516,0.6488747650157649,15.0,0.5448722650368796,9.0,0.42295428692591946,5.0
round_robin,200,28.0,2365873.0,70221.0,8015.45,8106.700000000001,8187.0,40.07725,23658.73,23752.75,1.006520637413758,7.0,100.0,28.0,100.0,23.0,100.0,11.414605317497614,86.02505248591112,0.6519724431531194,15.0,0.5501499869181482,9.59,0.4285737231034802,5.96
round_robin,200,29.0,2230349.0,70177.0,7995.25,8094.0,8151.0,39.97625,22303.49,22417.05,1.0071069594937831,8.0,100.0,18.0,100.0,12.0,100.0,11.392977756244923,85.21090421274877,0.6869790333261745,15.0,0.5789102961016415,10.0,0.4509890604564577,5.0
round_robin,200,30.0,2250147.0,69355.0,8041.71,8109.099999999999,8141.0,40.20855,22501.47,22591.449999999997,1.005312097387415,5.0,100.0,21.0,100.0,19.0,100.0,11.594996755821498,85.4660015545651,0.680399547229581,15.0,0.5752979694215533,9.49,0.44813338861861024,5.14
round_robin,200,31.0,2308889.0,69186.0,7828.43,7894.15,7926.0,39.14215,23088.89,23168.05,1.0045090950669349,8.0,100.0,22.0,100.0,17.0,100.0,11.315049287428092,85.99562516864171,0.6470991026420067,15.0,0.5440499738185768,9.0,0.4224313078714481,5.0
round_robin,200,32.0,2257589.0,69941.0,7987.21,8059.2,8112.0,39.93605,22575.89,22657.199999999997,1.0067820139095291,6.0,100.0,19.0,100.0,17.0,100.0,11.419925365665346,85.50565802721398,0.674926215533474,15.0,0.5716421368105532,9.0,0.4446181302265381,5.24
round_robin,200,33.0,2197569.0,69415.0,7971.76,8068.1,8085.0,39.8588,21975.69,22057.4,1.005156152093518,5.0,100.0,19.0,100.0,16.0,100.0,11.484203702369804,85.12155022208631,0.6971444355103298,15.0,0.5874104521860292,9.83,0.4547474959830613,5.77
round_robin,200,34.0,2263680.0,70152.0,8103.17,8189.2,8232.0,40.51585,22636.8,22720.25,1.0060609273395533,6.0,100.0,17.0,100.0,14.0,100.0,11.550875242330939,85.21036056333051,0.696628056969183,15.0,0.5855474271981905,10.0,0.4521566652530393,6.0
round_robin,200,35.0,2097603.0,68219.0,7778.56,7859.349999999999,7891.0,38.8928,20976.03,21064.050000000003,1.0046228957529142,7.0,100.0,19.0,100.0,15.0,100.0,11.40233659244492,84.58905903548002,0.685329397412189,13.83,0.582928228077477,9.0,0.4537240841093381,5.0
round_robin,200,36.0,2214404.0,69727.0,8067.08,8145.15,8186.0,40.3354,22144.04,22227.05,1.0053721001226514,6.0,100.0,19.0,100.0,15.0,100.0,11.569521132416424,84.92346744315851,0.6934678586201976,15.0,0.584928495432631,10.0,0.45468351755144953,5.0
round_robin,200,37.0,2212572.0,70420.0,8051.06,8124.2,8175.0,40.255300000000005,22125.72,22210.05,1.0053006184657494,5.0,100.0,20.0,100.0,18.0,100.0,11.43291678500426,84.83782132287672,0.6890514749350529,15.0,0.5803264255355306,9.26,0.45132135812981455,5.0
round_robin,200,38.0,2210163.0,69599.0,8030.45,8120.2,8143.0,40.15225,22101.63,22193.350000000002,1.0058534144314242,6.0,100.0,17.0,100.0,13.0,100.0,11.538168651848446,84.94817214838906,0.6951179618878789,15.0,0.5829348333131991,10.0,0.44834566500298845,5.82
round_robin,200,39.0,2196816.0,68969.0,7889.73,7997.0,8017.0,39.44865,21968.16,22056.1,1.0047723614540316,7.0,100.0,20.0,100.0,16.0,100.0,11.439530803694414,85.017275456843,0.676428977210654,15.0,0.5683247937014297,9.0,0.43958483550738886,5.0
round_robin,200,40.0,2230566.0,69554.0,7961.84,8058.400000000001,8089.0,39.809200000000004,22305.66,22390.25,1.004812231514333,7.0,100.0,20.0,100.0,17.0,100.0,11.446990827270897,85.22934896344695,0.6799431175764358,15.0,0.5721718164806601,9.0,0.442509658983415,5.42
round_robin,200,41.0,2259337.0,69146.0,7954.79,8033.400000000001,8079.0,39.77395,22593.37,22702.149999999998,1.0059588277445994,6.0,100.0,19.0,100.0,17.0,100.0,11.504338645764035,85.5858594800156,0.6807913117874845,15.0,0.5716654930185271,10.0,0.43973563926054415,6.0
round_robin,200,42.0,2267508.0,69436.0,7957.85,8088.15,8135.0,39.78925,22675.08,22764.35,1.005906043109881,10.0,100.0,18.0,100.0,12.0,100.0,11.460697620830693,85.55683640366429,0.67872439700323,15.0,0.5704808979725761,10.0,0.43933516441838355,6.0
round_robin,200,43.0,2183321.0,68292.0,7698.23,7775.049999999999,7792.0,38.49115,21833.21,21909.35,1.0059904155183779,9.0,100.0,22.0,100.0,16.0,100.0,11.27252093949511,85.40497114258508,0.677354360627686,15.0,0.5693789415298988,9.55,0.4374569749477974,5.0
round_robin,200,44.0,2363759.0,69354.0,7977.91,8079.3,8103.0,39.88955,23637.59,23727.5,1.0054747544060119,10.0,100.0,16.0,100.0,13.0,100.0,11.503172131383915,86.15060122457493,0.656269526631099,15.5,0.5492306956842893,10.0,0.4229322870901814,6.0
round_robin,200,45.0,2239026.0,69001.0,7898.0,7971.4,7991.0,39.49,22390.26,22462.45,1.004722589197267,9.0,100.0,22.0,100.0,17.0,100.0,11.446210924479356,85.34803794149778,0.6794700016882341,15.0,0.5704654613211281,10.0,0.4396152612787882,5.55
round_robin,200,46.0,2265319.0,69927.0,8023.7,8097.1,8134.0,40.1185,22653.19,22747.149999999998,1.0052888798442958,6.0,100.0,22.0,100.0,20.0,100.0,11.474394725928468,85.31177375018706,0.6877764235412319,15.0,0.5791122574789688,10.0,0.4466236322566491,6.0
round_robin,200,47.0,2277505.0,69508.0,8001.44,8103.55,8127.0,40.0072,22775.05,22875.2,1.0053545436782796,10.0,100.0,18.0,100.0,12.0,100.0,11.511538240202567,85.54201988579608,0.6704024799067401,15.0,0.5622099622174265,9.96,0.4353882867436076,5.0
round_robin,200,48.0,2307689.0,70080.0,8031.97,8134.15,8203.0,40.15985,23076.89,23192.100000000002,1.0073714438990695,8.0,100.0,14.0,100.0,10.0,100.0,11.461144406392695,85.50358778847583,0.6761704025109103,15.0,0.5657911443006401,10.0,0.4347197564316509,6.0
round_robin,200,49.0,2245224.0,70407.0,8055.62,8149.349999999999,8193.0,40.2781,22452.24,22559.350000000002,1.006892853452484,6.0,100.0,21.0,100.0,17.0,100.0,11.441504395869728,85.12555272881458,0.6885749484238544,15.0,0.5780608081866219,10.0,0.44641158298682004,6.0
round_robin,200,50.0,2316787.0,69710.0,8071.45,8152.15,8214.0,40.35725,23167.87,23280.95,1.008724582795052,6.0,100.0,25.0,100.0,21.0,100.0,11.57861139004447,85.65072360989595,0.6815969702868672,16.0,0.5712803982411849,10.0,0.44118470968630263,6.0
round_robin,200,51.0,2269135.0,70208.0,7991.98,8093.25,8126.0,39.9599,22691.35,22793.399999999998,1.0058899095910998,6.0,100.0,22.0,100.0,19.0,100.0,11.383289653600729,85.3904470205607,0.6836345127107907,15.0,0.5723520196021832,10.0,0.4408137902769117,6.0
round_robin,200,52.0,2286243.0,69439.0,7916.17,8021.25,8047.0,39.58085,22862.43,22968.449999999997,1.0058860759770505,7.0,100.0,28.0,100.0,23.0,100.0,11.400178574000202,85.68426759535186,0.6740805767365936,15.8,0.5655781122129188,10.0,0.4359107933846052,5.7
round_robin,200,53.0,2304954.0,69523.0,7986.47,8077.150000000001,8108.0,39.93235,23049.54,23143.399999999998,1.0059202916847798,6.0,100.0,28.0,100.0,25.0,100.0,11.48752211498353,85.72844013372935,0.6772447519560043,15.98,0.5679657815296965,10.0,0.43724820538717907,6.0
round_robin,200,54.0,2271996.0,69894.0,7949.64,8042.1,8077.0,39.748200000000004,22719.96,22829.75,1.00748416810593,7.0,100.0,26.0,100.0,21.0,100.0,11.373851832775346,85.49892165303108,0.680985353847454,16.0,0.5680137641087396,10.0,0.43851793753158014,6.0
round_robin,200,55.0,2242305.0,69063.0,7955.87,8042.150000000001,8066.0,39.77935,22423.05,22534.0,1.0055723909102463,5.0,100.0,25.0,100.0,22.0,100.0,11.519728363957546,85.43717870673258,0.6887613415659333,15.0,0.5787562352133184,10.0,0.44637147934825994,6.0
round_robin,200,56.0,2268967.0,69129.0,7968.42,8034.15,8062.0,39.8421,22689.67,22752.0,1.0049507110504472,6.0,100.0,26.0,100.0,22.0,100.0,11.52688452024476,85.59526780248457,0.6850240660177076,15.0,0.5744838950941111,10.0,0.44173670220853806,6.0
round_robin,200,57.0,2207831.0,68734.0,7989.35,8064.0,8105.0,39.94675,22078.31,22154.25,1.004515291251912,6.0,100.0,21.0,100.0,18.0,100.0,11.623577850845288,85.1624001112404,0.6927070052010321,15.0,0.5835179413641715,9.98,0.45217047862811965,5.11
round_robin,200,58.0,2177240.0,69032.0,8040.68,8157.2,8181.0,40.2034,21772.4,21897.15,1.0066873656556006,6.0,100.0,25.0,100.0,22.0,100.0,11.647757561710511,84.77371902041116,0.6909490915103526,15.0,0.5836187099263287,9.0,0.454603534750418,5.0
round_robin,200,59.0,2271799.0,69483.0,8056.3,8126.1,8174.0,40.2815,22717.99,22781.100000000002,1.0058108133686121,9.0,100.0,26.0,100.0,20.0,100.0,11.594634658837414,85.37504242232697,0.674381404340789,15.0,0.5679476925555473,9.62,0.44225831598658155,5.0
round_robin,200,60.0,2209008.0,69654.0,8091.87,8215.0,8239.0,40.45935,22090.08,22226.1,1.0069678335252745,8.0,100.0,24.0,100.0,18.0,100.0,11.617236626755103,84.81466748875513,0.6878888623309648,15.0,0.5813075371388424,9.12,0.45364525615117735,5.0
round_robin,200,61.0,2234502.0,69595.0,8085.53,8176.150000000001,8201.0,40.42765,22345.02,22416.399999999998,1.0053246763708423,9.0,100.0,18.0,100.0,14.0,100.0,11.617975429269345,85.18998461402138,0.680535528721836,15.0,0.5751720070064829,9.0,0.44813385711894643,5.0
round_robin,200,62.0,2235437.0,70174.0,8072.2,8146.0,8178.0,40.361,22354.37,22430.25,1.0054857282938414,9.0,100.0,21.0,100.0,15.0,100.0,11.503120813976686,85.06064720231436,0.6842509987979979,15.0,0.5764649149137283,9.52,0.4503786060622599,5.0
round_robin,200,63.0,2176061.0,69535.0,8104.42,8223.05,8232.0,40.5221,21760.61,21833.3,1.0041997903551416,7.0,100.0,18.0,100.0,14.0,100.0,11.655166462932335,84.7758164867621,0.6948398964918723,14.48,0.5897224388470728,9.0,0.4628661604614944,5.0
round_robin,200,64.0,2172367.0,69319.0,8004.04,8091.2,8119.0,40.0202,21723.67,21814.1,1.0051248246728108,5.0,100.0,22.0,100.0,21.0,100.0,11.546675514649664,84.8706355786108,0.6852124894182244,14.69,0.5818524218053395,9.0,0.45626360555099577,5.0
round_robin,200,65.0,2229673.0,70061.0,8016.59,8091.099999999999,8116.0,40.082950000000004,22296.73,22378.15,1.0049904178774196,6.0,100.0,14.0,100.0,12.0,100.0,11.44230028118354,85.1328984115608,0.6908412130388627,15.0,0.580268945266862,10.0,0.4489981266311248,5.42
round_robin,200,66.0,2233920.0,69385.0,7985.51,8060.15,8087.0,39.927550000000004,22339.2,22427.0,1.00531800601633,6.0,100.0,24.0,100.0,20.0,100.0,11.508986092094833,85.3368952334909,0.6968579895430455,15.0,0.5849179916917348,10.0,0.45049464618249535,6.0
round_robin,200,67.0,2223503.0,69487.0,8024.11,8125.599999999999,8196.0,40.12055,22235.03,22326.2,1.0063849700225276,8.0,100.0,17.0,100.0,14.0,100.0,11.547642004979348,85.19851738450544,0.6885850839868441,15.0,0.5792486000693501,9.97,0.4483834741846537,5.04
round_robin,200,68.0,2231761.0,69700.0,8029.94,8126.05,8159.0,40.149699999999996,22317.61,22405.45,1.0059320868139554,6.0,100.0,20.0,100.0,17.0,100.0,11.520717360114778,85.33701054906865,0.6884298990796953,15.0,0.5765662183361032,10.0,0.44874383950611196,5.0
round_robin,200,69.0,2207893.0,69512.0,7970.39,8045.4,8085.0,39.85195,22078.93,22160.199999999997,1.0055288005351708,5.0,100.0,22.0,100.0,20.0,100.0,11.466207273564276,85.18341649708569,0.6939507485190632,15.0,0.5825558575528796,10.0,0.45165594528358033,5.0
round_robin,200,70.0,2234818.0,69921.0,8008.14,8087.35,8134.0,40.0407,22348.18,22430.100000000002,1.0047798075726972,3.0,100.0,21.0,100.0,20.0,100.0,11.453125670399452,85.2374421541262,0.6969650324992908,16.0,0.5817359623915683,10.0,0.45071858200533554,5.75
round_robin,200,71.0,2196931.0,70075.0,8018.95,8118.25,8166.0,40.09475,21969.31,22065.35,1.0066770417459627,3.0,100.0,23.0,100.0,22.0,100.0,11.443382090617195,84.84414622034102,0.6986523472972068,15.0,0.5876561439571839,9.98,0.45657510408838514,5.3
round_robin,200,72.0,2209325.0,69246.0,8017.8,8135.2,8193.0,40.089,22093.25,22214.050000000003,1.0082264945175563,6.0,100.0,23.0,100.0,21.0,100.0,11.578719348410017,85.10693990245889,0.6914107249951909,15.0,0.5823507179794734,10.0,0.4508938250370588,5.0
round_robin,200,73.0,2198650.0,70045.0,8049.61,8126.25,8140.0,40.24805,21986.5,22069.05,1.0051167762035795,3.0,100.0,18.0,100.0,17.0,100.0,11.492055107430938,84.98735997089123,0.705914083642235,15.48,0.592275259818525,10.0,0.4587374070452323,5.11
round_robin,200,74.0,2209952.0,69836.0,8021.91,8113.0,8130.0,40.10955,22099.52,22199.100000000002,1.0071259466268951,4.0,100.0,20.0,100.0,17.0,100.0,11.486783320923307,85.15091232750757,0.7066139898061135,15.0,0.592057203052374,10.0,0.4556533354570597,6.0
round_robin,200,75.0,2229287.0,69251.0,7995.25,8083.15,8115.0,39.97625,22292.87,22387.05,1.0049850019311108,4.0,100.0,22.0,100.0,20.0,100.0,11.54532064518924,85.31783704834774,0.6972897612555046,15.0,0.5828630409633214,10.0,0.44909874771619807,5.01
round_robin,200,76.0,2237907.0,69567.0,8042.11,8128.35,8171.0,40.21055,22379.07,22464.25,1.006029294336181,3.0,100.0,24.0,100.0,23.0,100.0,11.560236893929593,85.33240076553673,0.697549540709243,15.0,0.585847401165464,10.0,0.4511134734374574,5.97
round_robin,200,77.0,2274702.0,69638.0,8031.71,8125.2,8161.0,40.15855,22747.02,22838.05,1.0055383078750535,5.0,100.0,21.0,100.0,18.0,100.0,11.53351618369281,85.55085677156832,0.6977362309436577,16.0,0.5813930791813609,10.77,0.44635297282896835,6.0
round_robin,200,78.0,1944003.0,64680.0,7217.63,7286.65,7354.0,36.08815,19440.03,19519.199999999997,1.008846179764126,5.0,100.0,14.0,100.0,12.0,100.0,11.158982683982684,84.49956044306516,0.6760138744641855,14.21,0.5656606497006434,8.0,0.4364571453850637,5.0
round_robin,200,79.0,2252176.0,69356.0,8004.04,8099.2,8122.0,40.0202,22521.76,22600.45,1.0044952081897685,4.0,100.0,19.0,100.0,17.0,100.0,11.540515600669012,85.39351986700862,0.7001566485034917,16.0,0.5849636085279303,10.0,0.4504035208616023,6.0
round_robin,200,80.0,2309205.0,68995.0,8042.78,8114.15,8144.0,40.213899999999995,23092.05,23184.449999999997,1.004804683863061,6.0,100.0,21.0,100.0,18.0,100.0,11.657047612145808,85.8552800639181,0.6800686816458478,15.47,0.5699225491023967,10.0,0.4386358075614768,5.63
round_robin,200,81.0,2246094.0,69422.0,7987.13,8045.099999999999,8069.0,39.93565,22460.94,22538.2,1.0044103229873729,4.0,100.0,20.0,100.0,17.0,100.0,11.505185676010486,85.4101658256511,0.6865175722832615,15.99,0.5754656750786031,10.0,0.44218318556569763,5.33
round_robin,200,82.0,1860522.0,63004.0,7051.74,7149.099999999999,7203.0,35.2587,18605.22,18708.15,1.0070292100819016,9.0,100.0,28.0,100.0,21.0,100.0,11.192527458574059,83.99293316606845,0.6731508684121983,13.94,0.5658331371518316,8.0,0.437612669992615,4.02
round_robin,200,83.0,2350083.0,69921.0,8205.97,8284.15,8332.0,41.029849999999996,23500.83,23582.7,1.0053261948620538,6.0,100.0,27.0,100.0,24.0,100.0,11.736059266886915,85.70090971255058,0.6708511997235842,15.0,0.5654247105315003,10.0,0.43928022967699437,5.78
round_robin,200,84.0,2274011.0,69645.0,8171.94,8269.050000000001,8323.0,40.8597,22740.11,22834.05,1.0059757846378052,4.0,100.0,26.0,100.0,23.0,100.0,11.73370665517984,85.19485261944644,0.6882578844165661,15.81,0.5788692315032777,10.0,0.4492779498428108,5.24
round_robin,200,85.0,2279354.0,69494.0,8134.96,8235.25,8274.0,40.6748,22793.54,22895.05,1.0062061443724843,5.0,100.0,22.0,100.0,19.0,100.0,11.705989006245144,85.3832112080879,0.6895787139689579,15.0,0.579669502850369,10.0,0.4483217613411519,6.0
round_robin,200,86.0,2344551.0,69525.0,8096.87,8252.35,8312.0,40.48435,23445.51,23621.05,1.010172096917491,6.0,100.0,24.0,100.0,21.0,100.0,11.645983459187343,85.74238948097099,0.667140531385327,16.0,0.5590089531001885,10.0,0.43111495548614637,6.0
round_robin,200,87.0,2292712.0,69592.0,8112.32,8239.2,8284.0,40.5616,22927.12,23031.15,1.0060574551012076,6.0,100.0,22.0,100.0,18.0,100.0,11.656972065754685,85.5262056464135,0.687610567746843,15.97,0.5758800058620533,10.0,0.4445329374121128,5.98
round_robin,200,88.0,2294505.0,69630.0,8042.53,8112.400000000001,8179.0,40.21265,22945.05,23026.2,1.0051841246804867,7.0,100.0,23.0,100.0,19.0,100.0,11.550380583082005,85.65015155774338,0.6795500554585847,15.8,0.5708782504287417,10.0,0.44091165632674584,6.0
round_robin,200,89.0,2263840.0,68941.0,8025.91,8144.099999999999,8222.0,40.12955,22638.4,22745.5,1.0076683864584068,5.0,100.0,22.0,100.0,19.0,100.0,11.641708127239234,85.50301037175772,0.6882937840130045,16.0,0.5769877729874903,10.0,0.44481014559332815,5.68
round_robin,200,90.0,1897817.0,63945.0,7137.71,7211.05,7252.0,35.68855,18978.17,19056.25,1.006419480908855,8.0,100.0,24.0,100.0,19.0,100.0,11.162264446008288,84.25087403053087,0.6739648764870375,14.0,0.5624051212524706,8.0,0.4353285906913048,4.37
round_robin,200,91.0,2228262.0,69127.0,7992.79,8105.549999999999,8170.0,39.96395,22282.62,22410.4,1.008184854384269,5.0,100.0,25.0,100.0,23.0,100.0,11.562471971877848,85.35442465921871,0.6828685316179157,15.0,0.5756971128170745,10.0,0.4469995000587902,5.0
round_robin,200,92.0,2274815.0,69331.0,8135.5,8218.25,8268.0,40.6775,22748.15,22831.050000000003,1.0055762776313677,6.0,100.0,20.0,100.0,16.0,100.0,11.734289134730496,85.53741996601921,0.6924497156911661,16.0,0.5808388814035427,10.0,0.450220347588705,6.0
round_robin,200,93.0,2316176.0,68960.0,8079.92,8220.050000000001,8238.0,40.3996,23161.76,23300.25,1.0078681412811463,5.0,100.0,20.0,100.0,19.0,100.0,11.716821345707656,85.91573179240265,0.6835503864991261,15.0,0.5746683326310263,10.0,0.4441419823018631,6.0
round_robin,200,94.0,2318620.0,69475.0,8064.94,8146.450000000001,8188.0,40.3247,23186.2,23290.5,1.005425641114111,7.0,100.0,21.0,100.0,17.0,100.0,11.608405901403383,85.81768810758123,0.6747474791039497,15.0,0.5669307605385963,10.0,0.43922936919374456,6.0
round_robin,200,95.0,2296787.0,69999.0,8147.2,8225.25,8315.0,40.736,22967.87,23053.3,1.0073637651205793,5.0,100.0,18.0,100.0,16.0,100.0,11.639023414620208,85.48595494488605,0.6832792940747227,15.07,0.5746057427179795,10.0,0.44672623103491965,6.0
round_robin,200,96.0,2315795.0,70168.0,8162.31,8267.05,8285.0,40.811550000000004,23157.95,23261.05,1.0052271466170364,7.0,100.0,22.0,100.0,18.0,100.0,11.632524797628548,85.69352511772415,0.6850666833635966,15.09,0.5761416705710134,10.0,0.4454444370075935,6.0
round_robin,200,97.0,2251760.0,70015.0,8134.05,8214.25,8266.0,40.67025,22517.6,22629.45,1.007523004227804,4.0,100.0,20.0,100.0,18.0,100.0,11.617581946725702,85.2417748783174,0.6987560841297474,15.0,0.5882634028493268,10.0,0.4556724517710591,6.0
round_robin,200,98.0,1902928.0,63837.0,7145.86,7220.150000000001,7265.0,35.729299999999995,19029.28,19105.35,1.0069219644673892,6.0,100.0,21.0,100.0,17.0,100.0,11.193915754186444,84.46751322172989,0.6847479253024812,14.0,0.5721808707423507,8.0,0.44254748471828675,5.0
round_robin,200,99.0,2319066.0,69936.0,8118.79,8214.25,8248.0,40.59395,23190.66,23305.1,1.0063534198681712,7.0,100.0,21.0,100.0,16.0,100.0,11.608885266529398,85.73406664579619,0.6857609917095935,16.51,0.5753083353384509,10.0,0.44494550823478074,6.0
round_robin,200,100.0,2260569.0,69270.0,8134.62,8230.050000000001,8268.0,40.6731,22605.69,22684.2,1.0056760045811475,4.0,100.0,22.0,100.0,19.0,100.0,11.743352100476397,85.5583156276141,0.7028823274140272,16.0,0.5919642355530842,10.0,0.4581063440222351,6.0
round_robin,200,101.0,2383877.0,70429.0,8193.3,8272.6,8345.0,40.966499999999996,23838.77,23937.1,1.0068053007768438,9.0,100.0,18.0,100.0,12.0,100.0,11.633418052222806,86.16974030119843,0.6759048390500013,15.2,0.5694962449824382,10.65,0.43913675076356706,6.0
round_robin,200,102.0,2288131.0,69503.0,8083.04,8176.85,8234.0,40.4152,22881.31,22990.75,1.0080716532401335,6.0,100.0,22.0,100.0,17.0,100.0,11.629771376775103,85.73733409494474,0.693958081945483,16.0,0.5818709680520914,10.0,0.4476859060954115,6.0
round_robin,200,103.0,2287081.0,69434.0,8091.86,8185.25,8207.0,40.4593,22870.81,22961.100000000002,1.0052551702366466,7.0,100.0,22.0,100.0,17.0,100.0,11.65403116628741,85.72508188385108,0.687235825928334,15.0,0.579915621702948,10.0,0.4498760647305452,5.99
round_robin,200,104.0,2256624.0,70170.0,8060.87,8152.75,8247.0,40.30435,22566.24,22700.05,1.009118045363339,5.0,100.0,18.0,100.0,16.0,100.0,11.487630041328202,85.47386582789157,0.6996362708187097,16.07,0.5864556966512808,10.0,0.453270903792568,6.0
round_robin,200,105.0,2252098.0,69547.0,8089.57,8206.0,8241.0,40.447849999999995,22520.98,22644.35,1.006661344222143,5.0,100.0,16.0,100.0,13.0,100.0,11.631802953398422,85.39913227577131,0.6936878412928744,15.0,0.5828645112246448,10.0,0.4516943756443991,6.0
round_robin,200,106.0,1952822.0,65533.0,7363.62,7492.150000000001,7531.0,36.8181,19528.22,19650.55,1.0080795894351866,4.0,100.0,22.0,100.0,20.0,100.0,11.23650679810172,84.22809247335394,0.6834033004544193,14.0,0.5733041721160453,8.01,0.4450743590557665,5.0
round_robin,200,107.0,2266456.0,70199.0,8219.43,8334.6,8387.0,41.09715,22664.56,22822.449999999997,1.00862315438729,5.0,100.0,21.0,100.0,18.0,100.0,11.708756534993375,85.11762549107505,0.6989824642525599,15.0,0.5889834172823121,10.0,0.4583455403502208,6.0
round_robin,200,108.0,2328873.0,70444.0,8223.28,8315.15,8391.0,41.116400000000006,23288.73,23374.149999999998,1.006237781106999,7.0,100.0,22.0,100.0,17.0,100.0,11.673499517347112,85.53823587632301,0.684433629485163,16.0,0.5749708120623152,10.0,0.44654345685659974,6.0
round_robin,200,109.0,2326160.0,70195.0,8238.52,8338.2,8383.0,41.1926,23261.6,23355.45,1.0056058052756476,5.0,100.0,19.0,100.0,16.0,100.0,11.736619417337417,85.62457182652956,0.6939703201843381,16.0,0.5822062970732882,10.0,0.4504500980156137,6.0
round_robin,200,110.0,2013875.0,66079.0,7489.76,7589.0,7614.0,37.4488,20138.75,20252.25,1.0069145304450375,6.0,100.0,17.0,100.0,14.0,100.0,11.334554094341621,84.3733230711936,0.6910225311898702,14.83,0.5772736639563032,9.0,0.44518254608652474,5.0
round_robin,200,111.0,2286827.0,70926.0,8293.44,8395.05,8424.0,41.467200000000005,22868.27,22981.25,1.0071597020675371,4.0,100.0,19.0,100.0,17.0,100.0,11.693088571186872,84.8721971535232,0.6905891875511353,16.0,0.579472780407088,10.0,0.4512921178558763,5.42
round_robin,200,112.0,2341175.0,70674.0,8278.7,8375.1,8383.0,41.3935,23411.75,23503.05,1.004709173812295,4.0,100.0,17.0,100.0,15.0,100.0,11.713925913348614,85.33826476021656,0.6964652364731385,16.0,0.5847179300992024,10.71,0.4505626448257819,6.0
round_robin,200,113.0,2329577.0,70940.0,8254.3,8321.2,8335.0,41.271499999999996,23295.77,23372.05,1.0045171290753643,6.0,100.0,21.0,100.0,18.0,100.0,11.635607555680856,85.20881430405606,0.6884872232169188,16.0,0.5777422253052807,10.0,0.44719406141114887,6.0
round_robin,200,114.0,1784846.0,60672.0,6832.38,6938.45,6964.0,34.1619,17848.46,17972.100000000002,1.0080981776579043,7.0,100.0,22.0,100.0,17.0,100.0,11.261174841772151,83.89674403281852,0.6692179605411335,13.0,0.560623717676483,7.92,0.4344727780435959,4.0
round_robin,200,115.0,2325096.0,70037.0,8179.82,8285.55,8333.0,40.8991,23250.96,23345.399999999998,1.0068401476756228,7.0,100.0,21.0,100.0,16.0,100.0,11.679283807130517,85.68299889552948,0.6915473597649301,15.97,0.5817204967020717,10.0,0.4499220677339774,6.0
round_robin,200,116.0,2302181.0,70206.0,8209.9,8295.15,8325.0,41.049499999999995,23021.81,23144.35,1.0067409990786997,4.0,100.0,19.0,100.0,16.0,100.0,11.694014756573512,85.35207874619763,0.7005109502684628,16.0,0.5882339399030745,10.0,0.4536042127009127,6.0
round_robin,200,117.0,2342392.0,69449.0,8155.07,8249.15,8300.0,40.775349999999996,23423.92,23537.0,1.0079867076048759,6.0,100.0,18.0,100.0,13.0,100.0,11.742530489999856,85.81864222555404,0.6903545606371606,17.0,0.578042018586129,10.36,0.4439338078340431,6.0
round_robin,200,118.0,2302547.0,69608.0,8155.03,8255.1,8315.0,40.77515,23025.47,23130.1,1.007275855824007,6.0,100.0,17.0,100.0,13.0,100.0,11.715650499942535,85.74899231155759,0.6945977649967623,15.24,0.5851194351298801,10.0,0.4525605774822403,6.0
round_robin,200,119.0,2221877.0,69930.0,8112.34,8203.199999999999,8256.0,40.5617,22218.77,22293.15,1.0049611207101024,3.0,100.0,22.0,100.0,20.0,100.0,11.600657800657801,85.19071667783591,0.7042208007013889,16.0,0.592537300669659,10.0,0.460569149417362,5.6
round_robin,200,120.0,2238652.0,69392.0,8066.38,8137.25,8172.0,40.3319,22386.52,22463.05,1.0047564337824726,5.0,100.0,18.0,100.0,15.0,100.0,11.624365921143648,85.32603727600359,0.6976734213267627,15.0,0.5866311512463751,10.0,0.4543242987297713,5.81
round_robin,200,121.0,2231518.0,69659.0,8044.56,8143.25,8231.0,40.2228,22315.18,22418.3,1.008999255215508,3.0,100.0,23.0,100.0,21.0,100.0,11.548486197045609,85.28220699989872,0.6995807338323061,15.85,0.5893517327666637,10.0,0.4558892198046352,6.0
round_robin,200,122.0,2277501.0,69721.0,8061.61,8200.25,8252.0,40.30805,22775.01,22906.600000000002,1.0079029603060548,8.0,100.0,20.0,100.0,14.0,100.0,11.562671218140876,85.54477692874778,0.6880466792330717,15.0,0.5797780110744188,10.0,0.4481385518601309,6.0
round_robin,200,123.0,2207415.0,69793.0,8079.6,8138.2,8166.0,40.398,22074.15,22160.35,1.005565333206488,5.0,100.0,18.0,100.0,14.0,100.0,11.57651913515682,85.0555831141856,0.7076770792986367,15.0,0.5974617369185223,10.0,0.4641573967740547,5.94
round_robin,200,124.0,2249790.0,69985.0,8106.76,8189.0,8229.0,40.5338,22497.9,22570.100000000002,1.0044493041572768,4.0,100.0,24.0,100.0,21.0,100.0,11.58356790740873,85.24091759675348,0.7041372750345588,15.0,0.5963129892123264,10.0,0.46163019659612675,6.0
round_robin,200,125.0,2198138.0,69612.0,8066.41,8128.25,8179.0,40.33205,21981.38,22032.350000000002,1.0048049758477402,4.0,100.0,16.0,100.0,14.0,100.0,11.587671665804747,84.94353721194939,0.708889068839172,15.0,0.5963488188639657,10.0,0.46154881995579894,6.0
round_robin,200,126.0,1704888.0,62436.0,6868.86,6938.0,6994.0,34.3443,17048.88,17130.4,1.006693694835086,6.0,100.0,16.0,100.0,11.0,100.0,11.001441476071497,82.89417838591157,0.7042955314366691,13.0,0.5924377437110239,8.0,0.45919790625542556,4.0
round_robin,200,127.0,2257757.0,69337.0,8028.77,8156.05,8187.0,40.14385,22577.57,22702.55,1.0071057248410702,5.0,100.0,17.0,100.0,14.0,100.0,11.579344361596261,85.48071249474589,0.6996160348522893,15.1,0.5874640184926899,10.0,0.45215672014304464,6.0
round_robin,200,128.0,2228178.0,69706.0,8129.23,8266.3,8299.0,40.64615,22281.78,22441.949999999997,1.0095692534438452,4.0,100.0,16.0,100.0,14.0,100.0,11.662166814908328,85.26033781861234,0.7052044316028612,15.0,0.5980922529528611,9.69,0.4656544495098686,6.0
round_robin,200,129.0,2217058.0,69523.0,8059.75,8152.75,8225.0,40.29875,22170.58,22239.15,1.0057923608674197,4.0,100.0,22.0,100.0,20.0,100.0,11.592926082016023,85.15569326557988,0.6993123319281679,15.0,0.5883630468846552,10.0,0.4566772723131285,5.75
round_robin,200,130.0,2289614.0,70736.0,8179.54,8253.05,8280.0,40.8977,22896.14,22991.05,1.0056716983736123,5.0,100.0,23.0,100.0,19.0,100.0,11.563475458041166,85.28627270797611,0.6927643698894224,15.97,0.5820522585903126,10.0,0.4492892688461898,6.0
round_robin,200,131.0,2175200.0,69308.0,8081.62,8174.15,8225.0,40.4081,21752.0,21844.449999999997,1.00712578153733,3.0,100.0,20.0,100.0,18.0,100.0,11.660443238875743,84.69742276572269,0.7135964509010666,15.0,0.6027620448694373,10.0,0.4667534019860243,6.0
round_robin,200,132.0,2186951.0,70126.0,8148.41,8232.25,8271.0,40.74205,21869.51,21934.149999999998,1.0045035302574223,2.0,100.0,20.0,100.0,19.0,100.0,11.619670307731797,84.63025417579087,0.7118517973196473,15.0,0.6011666470807988,10.0,0.4663040004097028,6.0
round_robin,200,133.0,2163575.0,70768.0,8196.85,8263.1,8304.0,40.98425,21635.75,21710.15,1.0063898871081427,4.0,100.0,17.0,100.0,14.0,100.0,11.582706873163012,84.38530349075026,0.7147059843083785,15.0,0.6050273274557156,9.08,0.47287660469362053,5.0
round_robin,200,134.0,2236918.0,70139.0,8165.54,8265.0,8319.0,40.8277,22369.18,22486.6,1.0082175564772602,2.0,100.0,20.0,100.0,19.0,100.0,11.641939577125422,84.94286156220299,0.6993157549807368,16.0,0.5879987554304628,10.0,0.45649818187345265,5.8
round_robin,200,135.0,2255874.0,70119.0,8148.14,8217.55,8251.0,40.740700000000004,22558.74,22654.85,1.0059515735364652,5.0,100.0,21.0,100.0,18.0,100.0,11.620445243086753,85.20400164193568,0.6960619254444176,15.0,0.5882926085410799,10.0,0.458074342804607,6.0
round_robin,200,136.0,2236680.0,70095.0,8111.51,8194.6,8260.0,40.55755,22366.8,22452.45,1.007430656151081,4.0,100.0,20.0,100.0,17.0,100.0,11.572166345673729,85.15168776937246,0.7012531967022552,15.0,0.5915937907970742,10.0,0.4585385482053758,6.0
round_robin,200,137.0,2209178.0,70027.0,8107.7,8188.349999999999,8251.0,40.5385,22091.78,22157.45,1.0053060459591758,4.0,100.0,18.0,100.0,15.0,100.0,11.577962785782626,84.97731826045705,0.7048947617620671,15.0,0.5953630716945397,10.0,0.4611439186883085,5.76
round_robin,200,138.0,2217750.0,70349.0,8083.65,8187.1,8219.0,40.41825,22177.5,22279.100000000002,1.0067410663961223,3.0,100.0,20.0,100.0,18.0,100.0,11.490781674224225,85.09385142599481,0.7005933942058392,15.0,0.5907315973396461,10.0,0.4563715477398264,5.98
round_robin,200,139.0,2268033.0,69531.0,8073.68,8136.1,8178.0,40.3684,22680.33,22792.05,1.0061581996381885,3.0,100.0,27.0,100.0,25.0,100.0,11.611626468769327,85.43469517418838,0.6902950706625521,15.0,0.5819077588377242,10.0,0.45015306214680295,6.0
round_robin,200,140.0,2315030.0,69651.0,8082.93,8143.45,8160.0,40.41465,23150.3,23214.05,1.0037882878407625,7.0,100.0,17.0,100.0,13.0,100.0,11.604901580738252,85.76628337429753,0.691195794438949,16.0,0.5795138723904226,10.0,0.4469276856023464,6.0
round_robin,200,141.0,2284198.0,70022.0,8121.49,8196.6,8231.0,40.60745,22841.98,22942.45,1.005779709114534,4.0,100.0,23.0,100.0,21.0,100.0,11.598483333809375,85.43687324829108,0.698485858056088,15.0,0.5889007870596157,10.0,0.4537308061735454,6.0
round_robin,200,142.0,2171202.0,70018.0,8162.32,8258.1,8329.0,40.8116,21712.02,21780.6,1.0072300965087542,5.0,100.0,18.0,100.0,14.0,100.0,11.65745951041161,84.47631127826891,0.7144765894651902,14.88,0.6076707740689259,9.0,0.4724069893082265,6.0
round_robin,200,143.0,2229180.0,70422.0,8210.38,8303.45,8355.0,41.051899999999996,22291.8,22416.35,1.0068724822580501,5.0,100.0,15.0,100.0,11.0,100.0,11.658828207094373,84.93770265299348,0.7139782341488798,15.0,0.6039211728079383,10.0,0.46874142061206364,6.0
round_robin,200,144.0,2201234.0,70307.0,8131.13,8225.1,8243.0,40.65565,22012.34,22104.0,1.0046637476978821,4.0,100.0,15.0,100.0,12.0,100.0,11.565178431735104,84.7769755509864,0.7090591004863636,15.0,0.5994383150541923,10.0,0.46616261605990095,6.0
round_robin,200,145.0,2196179.0,70163.0,8200.03,8269.2,8313.0,41.000150000000005,21961.79,22049.05,1.0062021356182715,7.0,100.0,19.0,100.0,13.0,100.0,11.687114291008081,84.7909405380891,0.7100750895077313,15.0,0.6003763809780532,9.0,0.46877554152006734,5.63
round_robin,200,146.0,2281272.0,70463.0,8097.36,8198.2,8234.0,40.486799999999995,22812.72,22912.050000000003,1.0058423546161965,9.0,100.0,20.0,100.0,14.0,100.0,11.491648099002314,85.40211688917411,0.6894618440939967,15.0,0.5814760361763086,10.0,0.451769451428852,6.0
round_robin,200,147.0,2248645.0,70634.0,8160.32,8236.2,8260.0,40.8016,22486.45,22564.05,1.0038489846107321,4.0,100.0,24.0,100.0,21.0,100.0,11.552963162216496,85.11367334550363,0.6990801126900867,15.0,0.5892779874101959,9.74,0.4577232066422223,6.0
round_robin,200,148.0,2175177.0,69491.0,8094.99,8168.1,8195.0,40.47495,21751.77,21817.15,1.0053894464680346,3.0,100.0,18.0,100.0,16.0,100.0,11.648976126404857,84.77963540438319,0.7122657144682939,15.0,0.6005722752677138,9.57,0.4683411970612047,5.05
round_robin,200,149.0,2187328.0,70100.0,8092.66,8174.549999999999,8207.0,40.4633,21873.28,21998.350000000002,1.0077592386692806,2.0,100.0,24.0,100.0,23.0,100.0,11.544450784593439,84.8150720879539,0.7037975100213594,15.0,0.5922435958393072,10.0,0.4587574428709366,5.32
round_robin,200,150.0,2219861.0,69712.0,8033.57,8141.700000000001,8212.0,40.16785,22198.61,22328.8,1.0085316152678028,9.0,100.0,21.0,100.0,14.0,100.0,11.523941358733072,85.12492043420737,0.6932573706191514,15.0,0.5828783874305643,9.59,0.45213731850778044,5.03
round_robin,200,151.0,2221490.0,69648.0,8093.17,8170.05,8189.0,40.46585,22214.9,22288.15,1.0044159550571914,5.0,100.0,21.0,100.0,17.0,100.0,11.620103951297956,85.1679237808858,0.6992568051172862,15.0,0.5891820354806909,9.64,0.4586093117682276,6.0
round_robin,200,152.0,2256698.0,69930.0,8108.6,8177.1,8222.0,40.543,22566.98,22651.3,1.005318389966225,3.0,100.0,22.0,100.0,20.0,100.0,11.595309595309596,85.31747003808219,0.6998902821733347,15.57,0.5880631790341464,10.0,0.4548818672237047,6.0
round_robin,200,153.0,2205924.0,69550.0,8083.89,8197.05,8240.0,40.419450000000005,22059.24,22161.65,1.006426332004185,3.0,100.0,16.0,100.0,15.0,100.0,11.6231344356578,85.0061747367543,0.7051067942503912,15.0,0.5941768619408465,10.0,0.46068404895182247,5.96
round_robin,200,154.0,2211635.0,69903.0,8180.75,8254.25,8295.0,40.90375,22116.35,22187.3,1.0053648092926726,3.0,100.0,23.0,100.0,21.0,100.0,11.703002732357696,84.78197668240917,0.7033959039353239,15.0,0.5930598855597782,9.72,0.4619134712554287,5.3
round_robin,200,155.0,2235974.0,70396.0,8209.79,8293.15,8327.0,41.048950000000005,22359.74,22430.050000000003,1.0042603357641904,5.0,100.0,16.0,100.0,15.0,100.0,11.662296153190523,84.82552167422341,0.6953994098321358,15.0,0.5893995189568394,10.0,0.4593653593467545,5.37
round_robin,200,156.0,2195467.0,70115.0,8190.89,8266.4,8312.0,40.95445,21954.67,22030.0,1.0056630320565056,4.0,100.0,18.0,100.0,16.0,100.0,11.682079440918491,84.6233785340431,0.714367831536525,15.0,0.6030215894841507,10.0,0.4656257643590179,6.0
round_robin,200,157.0,2166238.0,70533.0,8194.14,8301.4,8325.0,40.970699999999994,21662.38,21762.4,1.0062144602762946,4.0,100.0,17.0,100.0,15.0,100.0,11.61745565905321,84.32636857076646,0.7075095164981872,15.0,0.5974029631093167,9.05,0.4658403185614877,5.0
round_robin,200,158.0,2212076.0,70654.0,8267.49,8357.050000000001,8377.0,41.33745,22120.76,22197.3,1.0039890130357185,3.0,100.0,14.0,100.0,13.0,100.0,11.701375718289126,84.63514861153052,0.7118702069910798,15.0,0.5996299403817952,10.0,0.4642458034895727,5.94
round_robin,200,159.0,2178063.0,70014.0,8199.2,8281.15,8308.0,40.996,21780.63,21883.0,1.0055264700791482,4.0,100.0,20.0,100.0,18.0,100.0,11.710800697003457,84.48756257279977,0.7116511322216116,15.0,0.6019876376394989,9.0,0.4692513485606247,6.0
round_robin,200,160.0,2231899.0,70791.0,8191.41,8292.3,8338.0,40.95705,22318.99,22410.15,1.0064523529066502,4.0,100.0,22.0,100.0,19.0,100.0,11.571259058354876,84.93075403501682,0.7054575498264034,15.0,0.5972716507332994,9.98,0.4649139589201841,6.0
round_robin,200,161.0,2193243.0,70229.0,8114.77,8191.150000000001,8226.0,40.57385,21932.43,22028.550000000003,1.006181257617145,6.0,100.0,17.0,100.0,13.0,100.0,11.554728103774794,84.77352623489509,0.7105569241529552,15.0,0.6015265978279652,9.01,0.4666879137423441,6.0
round_robin,200,162.0,1820750.0,64693.0,7255.38,7346.05,7380.0,36.2769,18207.5,18293.15,1.006068927639709,5.0,100.0,22.0,100.0,18.0,100.0,11.215092823025675,83.41420403679803,0.704305917890979,12.99,0.5981990937800357,8.0,0.4654581903061925,5.0
round_robin,200,163.0,2181928.0,70172.0,8181.35,8255.2,8309.0,40.90675,21819.28,21909.1,1.0054868904931786,4.0,100.0,19.0,100.0,16.0,100.0,11.658995040756997,84.70503288834462,0.7165144771046524,15.0,0.6076612060526286,9.51,0.4738676069971145,5.83
round_robin,200,164.0,2316738.0,70246.0,8147.33,8271.3,8333.0,40.73665,23167.38,23290.6,1.008573261197425,4.0,100.0,14.0,100.0,12.0,100.0,11.598283176266264,85.64800465136757,0.6821418736171289,15.0,0.5776332930180279,10.0,0.4474014756955685,6.0
round_robin,200,165.0,2510038.0,70024.0,8106.14,8205.050000000001,8225.0,40.5307,25100.38,25195.45,1.0050843851766387,5.0,100.0,16.0,100.0,13.0,100.0,11.576231006512053,86.8260799238896,0.6345505526211157,15.0,0.5367062171967117,10.0,0.41455906245244095,6.0
round_robin,200,166.0,2521478.0,70897.0,8201.89,8287.15,8309.0,41.009449999999994,25214.78,25286.2,1.0051644313374934,5.0,100.0,17.0,100.0,15.0,100.0,11.56874056730186,86.66699174055852,0.6306515464342739,15.0,0.5307315788597006,10.0,0.41234545770377534,6.0
round_robin,200,167.0,2495982.0,70608.0,8259.15,8365.0,8411.0,41.29575,24959.82,25046.0,1.0051354537011885,7.0,100.0,19.0,100.0,14.0,100.0,11.697187287559483,86.4610678282135,0.632216498356158,15.0,0.532489416990988,10.0,0.4148671745228932,6.0
round_robin,200,168.0,2505128.0,69669.0,8203.6,8305.4,8322.0,41.018,25051.28,25165.050000000003,1.0051781785202194,8.0,100.0,14.0,100.0,9.0,100.0,11.775108010736483,86.61761874043961,0.6302292737137584,15.0,0.531164475428002,10.0,0.413090668420935,6.0
round_robin,200,169.0,2413563.0,70158.0,8169.94,8267.05,8311.0,40.8497,24135.63,24232.300000000003,1.0061887756814303,3.0,100.0,13.0,100.0,12.0,100.0,11.645058296986802,86.07363801980723,0.6463771610685116,15.0,0.5461498208250624,9.98,0.42423587037089977,5.96
round_robin,200,170.0,2515054.0,70742.0,8125.72,8235.35,8254.0,40.6286,25150.54,25251.0,1.0048690803457898,6.0,100.0,18.0,100.0,14.0,100.0,11.486415425065731,86.63077214246692,0.6307490813318521,15.01,0.529637137015746,10.0,0.410156203405573,6.0
round_robin,200,171.0,2476061.0,70047.0,8132.39,8232.05,8258.0,40.661950000000004,24760.61,24851.1,1.0048217713537753,4.0,100.0,11.0,100.0,9.0,100.0,11.609904778220338,86.54545465560017,0.6443039973570925,15.26,0.5413408635732319,10.0,0.4197388513449386,6.0
round_robin,200,172.0,2499566.0,70398.0,8154.43,8259.050000000001,8301.0,40.77215,24995.66,25081.05,1.005254512183315,4.0,100.0,16.0,100.0,14.0,100.0,11.583326230858832,86.62825026424588,0.634164891025082,16.0,0.5290566442334389,10.14,0.4095142916810358,5.58
round_robin,200,173.0,2082320.0,63535.0,7193.96,7288.2,7365.0,35.9698,20823.2,20951.1,1.009402973606362,4.0,100.0,18.0,100.0,17.0,100.0,11.322829936255607,85.67316550770295,0.6250369779860925,14.0,0.5245692304737024,8.0,0.40663490721887124,5.0
round_robin,200,174.0,2512021.0,70517.0,8125.0,8227.15,8281.0,40.625,25120.21,25249.5,1.007316419727383,2.0,100.0,22.0,100.0,22.0,100.0,11.522044329736092,86.76241639699668,0.6341630901970963,16.0,0.5316476255572704,10.0,0.4128082527972497,6.0
round_robin,200,175.0,2473620.0,70351.0,8112.39,8198.05,8226.0,40.56195,24736.2,24831.399999999998,1.0048431044380302,4.0,100.0,14.0,100.0,12.0,100.0,11.531307301957328,86.56995617758588,0.6425073374245034,16.0,0.5368993620685473,10.0,0.4148405979899904,6.0
round_robin,200,176.0,2461677.0,70046.0,8069.48,8195.4,8238.0,40.3474,24616.77,24729.2,1.005615277715151,3.0,100.0,14.0,100.0,13.0,100.0,11.520258116095137,86.57027140441252,0.6369227156934074,15.95,0.534363769089121,10.0,0.41359041011473074,6.0
round_robin,200,177.0,2229395.0,67565.0,7648.48,7745.05,7784.0,38.242399999999996,22293.95,22387.45,1.005519434644825,5.0,100.0,15.0,100.0,12.0,100.0,11.320180566861541,85.64088553172498,0.6308967231020075,15.0,0.529082553787014,9.0,0.41313315944460266,5.0
round_robin,200,178.0,2520367.0,70933.0,8210.33,8310.5,8360.0,41.05165,25203.67,25284.9,1.0057662237285285,6.0,100.0,14.0,100.0,11.0,100.0,11.5747677385702,86.51597287220473,0.6283636470402921,15.99,0.5281647474355917,10.0,0.41017002682545833,6.0
round_robin,200,179.0,2534626.0,70752.0,8293.87,8370.0,8403.0,41.469350000000006,25346.26,25405.2,1.0038561902229364,5.0,100.0,19.0,100.0,16.0,100.0,11.722453075531433,86.63584173759757,0.6349820446882498,15.02,0.535655753551017,10.0,0.41678338342619387,6.0
round_robin,200,180.0,2549170.0,70791.0,8223.89,8306.25,8348.0,41.11945,25491.7,25567.0,1.0045622692876504,6.0,100.0,16.0,100.0,13.0,100.0,11.617140596968541,86.64861229341315,0.6254000321673329,16.0,0.5247821840049899,10.0,0.40646484934311955,6.0
round_robin,200,181.0,2480168.0,69864.0,8210.9,8285.55,8329.0,41.0545,24801.68,24900.05,1.0051335232129437,6.0,100.0,14.0,100.0,11.0,100.0,11.752690942402381,86.3876761574216,0.6381728979649766,15.0,0.5372769102738202,10.0,0.4162794617138839,6.0
round_robin,200,182.0,2459488.0,70362.0,8176.53,8242.0,8264.0,40.88265,24594.88,24656.0,1.0035828595219818,6.0,100.0,17.0,100.0,13.0,100.0,11.620661720815212,86.28131424101277,0.6322250809924668,15.0,0.5329442550644687,10.0,0.41344905931641057,6.0
round_robin,200,183.0,2494089.0,70356.0,8207.94,8271.45,8364.0,41.0397,24940.89,25042.0,1.0076625172557996,7.0,100.0,16.0,100.0,12.0,100.0,11.66629711751663,86.43885041792815,0.6265486115371184,15.0,0.5283636630449033,9.85,0.41179645152999755,6.0
round_robin,200,184.0,2480449.0,70128.0,8156.09,8222.05,8262.0,40.78045,24804.49,24917.05,1.0070757350786086,4.0,100.0,19.0,100.0,17.0,100.0,11.630290326260551,86.48475941250959,0.6381046334756328,15.0,0.5361331758887201,10.0,0.4153800380495628,6.0
round_robin,200,185.0,2448465.0,70473.0,8117.11,8200.2,8237.0,40.58555,24484.65,24572.3,1.0055279532278385,4.0,100.0,19.0,100.0,17.0,100.0,11.518042370837058,86.41096482898469,0.6313902792157535,15.0,0.5325912357334085,9.86,0.4144294486545652,5.28
round_robin,200,186.0,2499335.0,70336.0,8150.25,8269.7,8321.0,40.75125,24993.35,25125.15,1.0072679332702499,6.0,100.0,19.0,100.0,15.0,100.0,11.587593835304823,86.63857826181764,0.6282619176701002,15.26,0.5273890854967421,10.0,0.40843584393448656,6.0
round_robin,200,187.0,2464616.0,70258.0,8148.56,8213.0,8282.0,40.7428,24646.16,24720.199999999997,1.004578400854332,5.0,100.0,16.0,100.0,14.0,100.0,11.598052890774005,86.43564677012564,0.6249139825433252,15.0,0.527262259110547,9.74,0.4095883496658303,5.0
round_robin,200,188.0,2393120.0,70517.0,8193.98,8270.0,8291.0,40.969899999999996,23931.2,24024.1,1.0046299391589222,6.0,100.0,21.0,100.0,17.0,100.0,11.619864713473348,86.01836514675402,0.6541122049876312,15.0,0.5540303035368055,9.78,0.43221944574446747,6.0
round_robin,200,189.0,2237030.0,70451.0,8160.21,8252.949999999999,8307.0,40.801050000000004,22370.3,22493.95,1.0075859510154088,4.0,100.0,12.0,100.0,10.0,100.0,11.582816425600772,84.98405966839962,0.7084790995203462,15.73,0.5951735113074031,10.0,0.45986017174557337,6.0
round_robin,200,190.0,2246752.0,70244.0,8183.81,8276.55,8301.0,40.91905,22467.52,22550.4,1.0058520032473544,3.0,100.0,26.0,100.0,24.0,100.0,11.650546665907408,84.95727387802481,0.6980961850707155,15.0,0.5893445293472532,10.0,0.45608282534075856,5.3
round_robin,200,191.0,2316523.0,71181.0,8231.21,8357.0,8372.0,41.15604999999999,23165.23,23251.1,1.0046090628066286,7.0,100.0,23.0,100.0,17.0,100.0,11.563774040825502,85.38899592190538,0.6830659570399258,15.7,0.5761483913606729,10.0,0.44646394618141066,6.0
round_robin,200,192.0,2295159.0,70835.0,8262.14,8345.0,8359.0,41.3107,22951.59,23028.0,1.0048105599655623,6.0,100.0,23.0,100.0,19.0,100.0,11.663923201807016,85.29185385413385,0.6832925300600089,15.0,0.5759030202264854,9.97,0.4488900333266671,5.11
round_robin,200,193.0,2246656.0,70499.0,8215.53,8311.05,8334.0,41.077650000000006,22466.56,22569.05,1.0059394940747493,3.0,100.0,23.0,100.0,22.0,100.0,11.653399338997716,85.07848776136623,0.6996318083409299,15.0,0.5886909255355515,10.0,0.45642412545578853,5.89
round_robin,200,194.0,2276801.0,70358.0,8194.39,8278.0,8308.0,40.97195,22768.01,22869.4,1.0050065859949993,5.0,100.0,19.0,100.0,17.0,100.0,11.646706842150147,85.37688142266276,0.6951358506957789,15.0,0.5870179255894564,10.0,0.45621685865387446,6.0
round_robin,200,195.0,2212860.0,70518.0,8232.13,8314.25,8370.0,41.16065,22128.6,22218.2,1.0051245898972372,5.0,100.0,21.0,100.0,17.0,100.0,11.673799597265946,84.74856836853664,0.7077483437723128,15.0,0.5971317661307087,10.0,0.465787261733684,5.53
round_robin,200,196.0,2270691.0,70512.0,8255.46,8385.1,8440.0,41.2773,22706.91,22813.05,1.0075347107994879,5.0,100.0,24.0,100.0,20.0,100.0,11.70787950987066,85.26820249871075,0.6993791757663196,15.0,0.591230158572875,10.0,0.4610671377127051,6.0
round_robin,200,197.0,2256539.0,70097.0,8106.58,8170.5,8205.0,40.5329,22565.39,22631.1,1.0044142822260107,7.0,100.0,21.0,100.0,18.0,100.0,11.564803058618772,85.27781084217911,0.6818229155356943,15.0,0.5763529901322335,10.0,0.44826081002810053,5.92
round_robin,200,198.0,1931071.0,68591.0,7576.6,7643.0,7666.0,37.883,19310.71,19374.0,1.004468504783097,7.0,100.0,19.0,100.0,13.0,100.0,11.046055604962751,83.30856607550939,0.6977278411824319,14.0,0.5875796384493371,8.0,0.45762739951042714,5.0
round_robin,200,199.0,1901866.0,69691.0,7585.77,7636.65,7720.0,37.928850000000004,19018.66,19085.0,1.0067481094882604,6.0,100.0,17.0,100.0,14.0,100.0,10.884863181759481,83.02122704754173,0.6974292615778399,13.0,0.5914223189225739,8.0,0.46053086810532395,5.0
round_robin,400,0.0,2356185.0,69866.0,7992.64,8062.0,8086.0,19.9816,23561.85,23633.25,1.0042080736444718,24.0,100.0,53.0,100.0,40.0,100.0,11.43995648813443,85.98268047712722,0.5514864070520779,9.93,0.42815441062565124,6.0,0.3009012450210828,2.0
round_robin,400,1.0,2216146.0,69183.0,7923.77,7988.05,8013.0,19.809425,22161.46,22217.9,1.0043110878073918,31.0,100.0,68.0,100.0,52.0,100.0,11.453348365928045,85.11149852040434,0.5626280939974171,9.0,0.4394439716516872,5.0,0.3149219410634498,2.0
round_robin,400,2.0,2220905.0,69668.0,7884.33,7963.0,7997.0,19.710825,22209.05,22315.3,1.0069768855489092,24.0,100.0,77.0,100.0,65.0,100.0,11.317003502325313,85.21492859892702,0.5608745083648332,9.0,0.43784493258378904,5.0,0.31259058807107915,2.0
round_robin,400,3.0,2249228.0,70103.0,7892.56,8002.5,8031.0,19.7314,22492.28,22632.35,1.007101103134053,28.0,100.0,70.0,100.0,53.0,100.0,11.258519606864185,85.3353479504968,0.5615686804539157,9.73,0.4359873698886907,5.0,0.3088535266322489,2.0
round_robin,400,4.0,2087998.0,67188.0,7610.93,7696.65,7762.0,19.027325,20879.98,20956.649999999998,1.0063228029911906,23.0,100.0,68.0,100.0,54.0,100.0,11.327811513960826,84.9002992340031,0.576660514042638,9.0,0.4452044494295493,5.0,0.3157967584260138,2.0
round_robin,400,5.0,2209961.0,69013.0,7891.16,8001.05,8022.0,19.727899999999998,22099.61,22214.15,1.0065788491290117,23.0,100.0,67.0,100.0,57.0,100.0,11.43430947792445,85.18395663995881,0.5717010390681102,9.0,0.443660770484185,5.0,0.31493904191069433,2.0
round_robin,400,6.0,2259801.0,69281.0,7897.25,7994.150000000001,8052.0,19.743125,22598.01,22698.05,1.0066373100994292,24.0,100.0,74.0,100.0,59.0,100.0,11.398868376611192,85.63071659849695,0.5665091749229246,10.0,0.43724248285579126,5.2,0.30903606113989684,2.0
round_robin,400,7.0,2322414.0,69156.0,7877.38,7994.45,8038.0,19.69345,23224.14,23351.25,1.007443117377005,23.0,100.0,73.0,100.0,57.0,100.0,11.390739776736654,85.99470637018206,0.5447964919260735,9.0,0.4221379133952861,5.0,0.2989880357248966,2.0
round_robin,400,8.0,2391711.0,68674.0,7959.86,8034.1,8059.0,19.899649999999998,23917.11,23988.2,1.0042601300909684,24.0,100.0,54.0,100.0,42.0,100.0,11.590791274718233,86.46888691819372,0.546179283366594,10.0,0.422120816436434,6.0,0.29671812355255295,2.0
round_robin,400,9.0,2366019.0,69522.0,7975.53,8117.45,8143.0,19.938824999999998,23660.19,23796.75,1.0071347694164756,23.0,100.0,58.0,100.0,44.0,100.0,11.471951324760507,86.18979433385785,0.547728484006257,10.0,0.424038860212027,5.7,0.2996937049110764,2.0
round_robin,400,10.0,2369488.0,70253.0,8101.32,8232.2,8258.0,20.2533,23694.88,23816.55,1.0073062197402982,21.0,100.0,57.0,100.0,44.0,100.0,11.531635659687131,85.85593427778491,0.548970072859622,9.85,0.42620009048368257,5.31,0.30450164761332404,2.0
round_robin,400,11.0,2307606.0,70218.0,8146.71,8230.050000000001,8251.0,20.366775,23076.06,23144.199999999997,1.004200890446636,28.0,100.0,73.0,100.0,59.0,100.0,11.602025121763651,85.41175703304637,0.5669954056281705,9.25,0.44298160084520494,5.35,0.3161020555502109,2.0
round_robin,400,12.0,2401851.0,70125.0,8086.48,8190.05,8221.0,20.2162,24018.51,24090.05,1.0052247204343652,32.0,100.0,65.0,100.0,45.0,100.0,11.531522281639928,86.03541018989105,0.5419715877462841,9.0,0.42247916294557825,5.62,0.2996651332659686,2.0
round_robin,400,13.0,2360882.0,69802.0,8148.6,8250.1,8278.0,20.3715,23608.82,23708.3,1.006234110811129,25.0,100.0,57.0,100.0,43.0,100.0,11.67387753932552,85.76709975339725,0.5546291597801161,9.0,0.4335511050531115,5.36,0.3087875632920239,2.12
round_robin,400,14.0,2263751.0,70334.0,8131.02,8214.05,8245.0,20.327550000000002,22637.51,22709.35,1.0052342329169597,25.0,100.0,68.0,100.0,53.0,100.0,11.560582364148207,85.22096378974543,0.5741426508480836,9.0,0.44843271190161815,5.0,0.32118771013243064,2.0
round_robin,400,15.0,2317035.0,70255.0,8123.25,8212.2,8258.0,20.308125,23170.35,23263.350000000002,1.0051207685684507,20.0,100.0,62.0,100.0,50.0,100.0,11.562522240409935,85.58897772368566,0.5684411327407657,10.0,0.44251295297654114,5.85,0.31433405192411856,2.0
round_robin,400,16.0,2238298.0,69242.0,8013.7,8116.1,8181.0,20.03425,22382.98,22524.5,1.010053174331568,27.0,100.0,58.0,100.0,43.0,100.0,11.573466970913607,85.21500532994266,0.5779310887111546,9.84,0.44783447065582865,5.66,0.3171673298193538,2.0
round_robin,400,17.0,2295521.0,69826.0,8044.29,8156.25,8186.0,20.110725,22955.21,23049.149999999998,1.0067866946109403,23.0,100.0,66.0,100.0,54.0,100.0,11.520479477558503,85.6048892604337,0.5745754449643458,10.0,0.44309548899792245,6.0,0.31209864775796,2.0
round_robin,400,18.0,2195324.0,69625.0,8009.81,8103.45,8132.0,20.024525,21953.24,22060.25,1.006184053014498,18.0,100.0,62.0,100.0,57.0,100.0,11.504215439856374,85.05163748039014,0.5854388691600876,9.84,0.4557022106987397,5.0,0.3249593226330145,2.0
round_robin,400,19.0,2257239.0,69955.0,8040.49,8124.25,8154.0,20.101225,22572.39,22672.149999999998,1.0052546495962547,25.0,100.0,72.0,100.0,58.0,100.0,11.493803159173755,85.4342234030158,0.5750724668499879,10.0,0.4465100948548204,5.31,0.31713256770771725,2.0
round_robin,400,20.0,2268249.0,70291.0,8064.03,8169.65,8216.0,20.160075,22682.49,22810.350000000002,1.0078258603883434,27.0,100.0,67.0,100.0,53.0,100.0,11.472350656556316,85.35054352498337,0.5728647957080549,9.91,0.44526813414223926,5.57,0.31689995234209295,2.0
round_robin,400,21.0,2282356.0,69353.0,8054.95,8131.05,8193.0,20.137375,22823.56,22891.100000000002,1.0056275182311611,27.0,100.0,63.0,100.0,48.0,100.0,11.614421870719363,85.57043379735677,0.5652238301123926,9.68,0.4397517302296399,5.0,0.31433790346466545,2.0
round_robin,400,22.0,2249442.0,70193.0,8046.8,8130.299999999999,8152.0,20.117,22494.42,22582.1,1.005138163153351,26.0,100.0,66.0,100.0,54.0,100.0,11.463821178750019,85.14592952385524,0.572456635912373,9.92,0.4441248096194523,5.08,0.3167363283872178,2.0
round_robin,400,23.0,2182009.0,70552.0,8138.26,8219.449999999999,8244.0,20.34565,21820.09,21897.100000000002,1.0048079545043123,21.0,100.0,59.0,100.0,49.0,100.0,11.535123029821975,84.63225770379499,0.6007032968241652,9.93,0.4668083403872303,6.0,0.33279331111833177,2.0
round_robin,400,24.0,2234461.0,70525.0,8043.0,8152.35,8210.0,20.1075,22344.61,22451.0,1.0077150596944855,24.0,100.0,67.0,100.0,53.0,100.0,11.404466501240694,85.11223243547326,0.5833916993852208,9.03,0.45414531737184044,6.0,0.3216869750691554,2.0
round_robin,400,25.0,2250030.0,70505.0,8032.98,8148.05,8180.0,20.082449999999998,22500.3,22661.2,1.0087421056608135,27.0,100.0,60.0,100.0,45.0,100.0,11.393489823416779,85.25636013742039,0.5727319191299671,9.0,0.44556428136513737,5.24,0.3172197704030613,2.0
round_robin,400,26.0,2251967.0,70829.0,8042.85,8144.099999999999,8161.0,20.107125,22519.67,22630.550000000003,1.0062314412244941,23.0,100.0,63.0,100.0,51.0,100.0,11.355306442276468,85.2767154225617,0.5747668593722732,9.2,0.4484879218922835,5.0,0.3181956041096517,2.0
round_robin,400,27.0,2249619.0,68289.0,7727.61,7793.2,7818.0,19.319025,22496.19,22554.15,1.0038588756585005,27.0,100.0,68.0,100.0,54.0,100.0,11.316039186398982,85.82892525356516,0.5448722650368796,9.0,0.42295428692591946,5.0,0.3003770860754643,2.0
round_robin,400,28.0,2365873.0,70221.0,8015.45,8106.700000000001,8187.0,20.038625,23658.73,23752.75,1.006520637413758,30.0,100.0,64.0,100.0,46.0,100.0,11.414605317497614,86.02505248591112,0.5501499869181482,9.59,0.4285737231034802,5.96,0.3018965937732076,2.02
round_robin,400,29.0,2230349.0,70177.0,7995.25,8094.0,8151.0,19.988125,22303.49,22417.05,1.0071069594937831,20.0,100.0,69.0,100.0,60.0,100.0,11.392977756244923,85.21090421274877,0.5789102961016415,10.0,0.4509890604564577,5.0,0.31801032035793503,2.0
round_robin,400,30.0,2250147.0,69355.0,8041.71,8109.099999999999,8141.0,20.104275,22501.47,22591.449999999997,1.005312097387415,24.0,100.0,74.0,100.0,59.0,100.0,11.594996755821498,85.4660015545651,0.5752979694215533,9.49,0.44813338861861024,5.14,0.31882939203527594,2.0
round_robin,400,31.0,2308889.0,69186.0,7828.43,7894.15,7926.0,19.571075,23088.89,23168.05,1.0045090950669349,25.0,100.0,61.0,100.0,49.0,100.0,11.315049287428092,85.99562516864171,0.5440499738185768,9.0,0.4224313078714481,5.0,0.2985188980501012,2.0
round_robin,400,32.0,2257589.0,69941.0,7987.21,8059.2,8112.0,19.968025,22575.89,22657.199999999997,1.0067820139095291,23.0,100.0,66.0,100.0,53.0,100.0,11.419925365665346,85.50565802721398,0.5716421368105532,9.0,0.4446181302265381,5.24,0.3144434172916328,2.0
round_robin,400,33.0,2197569.0,69415.0,7971.76,8068.1,8085.0,19.9294,21975.69,22057.4,1.005156152093518,21.0,100.0,73.0,100.0,60.0,100.0,11.484203702369804,85.12155022208631,0.5874104521860292,9.83,0.4547474959830613,5.77,0.32104839483993447,2.0
round_robin,400,34.0,2263680.0,70152.0,8103.17,8189.2,8232.0,20.257925,22636.8,22720.25,1.0060609273395533,20.0,100.0,67.0,100.0,57.0,100.0,11.550875242330939,85.21036056333051,0.5855474271981905,10.0,0.4521566652530393,6.0,0.3189925254452926,2.0
round_robin,400,35.0,2097603.0,68219.0,7778.56,7859.349999999999,7891.0,19.4464,20976.03,21064.050000000003,1.0046228957529142,22.0,100.0,58.0,100.0,47.0,100.0,11.40233659244492,84.58905903548002,0.582928228077477,9.0,0.4537240841093381,5.0,0.32327041866358885,2.0
round_robin,400,36.0,2214404.0,69727.0,8067.08,8145.15,8186.0,20.1677,22144.04,22227.05,1.0053721001226514,21.0,100.0,75.0,100.0,63.0,100.0,11.569521132416424,84.92346744315851,0.584928495432631,10.0,0.45468351755144953,5.0,0.32299797146320186,2.0
round_robin,400,37.0,2212572.0,70420.0,8051.06,8124.2,8175.0,20.127650000000003,22125.72,22210.05,1.0053006184657494,23.0,100.0,71.0,100.0,58.0,100.0,11.43291678500426,84.83782132287672,0.5803264255355306,9.26,0.45132135812981455,5.0,0.3224215980316121,2.0
round_robin,400,38.0,2210163.0,69599.0,8030.45,8120.2,8143.0,20.076125,22101.63,22193.350000000002,1.0058534144314242,19.0,100.0,70.0,100.0,59.0,100.0,11.538168651848446,84.94817214838906,0.5829348333131991,10.0,0.44834566500298845,5.82,0.3206320076845011,2.0
round_robin,400,39.0,2196816.0,68969.0,7889.73,7997.0,8017.0,19.724325,21968.16,22056.1,1.0047723614540316,23.0,100.0,76.0,100.0,62.0,100.0,11.439530803694414,85.017275456843,0.5683247937014297,9.0,0.43958483550738886,5.0,0.3139220581059133,2.0
round_robin,400,40.0,2230566.0,69554.0,7961.84,8058.400000000001,8089.0,19.904600000000002,22305.66,22390.25,1.004812231514333,24.0,100.0,67.0,100.0,55.0,100.0,11.446990827270897,85.22934896344695,0.5721718164806601,9.0,0.442509658983415,5.42,0.31466632235943703,2.0
round_robin,400,41.0,2259337.0,69146.0,7954.79,8033.400000000001,8079.0,19.886975,22593.37,22702.149999999998,1.0059588277445994,23.0,100.0,64.0,100.0,51.0,100.0,11.504338645764035,85.5858594800156,0.5716654930185271,10.0,0.43973563926054415,6.0,0.3109921184843164,2.0
round_robin,400,42.0,2267508.0,69436.0,7957.85,8088.15,8135.0,19.894625,22675.08,22764.35,1.005906043109881,22.0,100.0,64.0,100.0,55.0,100.0,11.460697620830693,85.55683640366429,0.5704808979725761,10.0,0.43933516441838355,6.0,0.31011842075088597,2.0
round_robin,400,43.0,2183321.0,68292.0,7698.23,7775.049999999999,7792.0,19.245575,21833.21,21909.35,1.0059904155183779,25.0,100.0,66.0,100.0,55.0,100.0,11.27252093949511,85.40497114258508,0.5693789415298988,9.55,0.4374569749477974,5.0,0.3081828095822831,2.0
round_robin,400,44.0,2363759.0,69354.0,7977.91,8079.3,8103.0,19.944775,23637.59,23727.5,1.0054747544060119,23.0,100.0,59.0,100.0,50.0,100.0,11.503172131383915,86.15060122457493,0.5492306956842893,10.0,0.4229322870901814,6.0,0.2988621090390349,2.0
round_robin,400,45.0,2239026.0,69001.0,7898.0,7971.4,7991.0,19.745,22390.26,22462.45,1.004722589197267,26.0,100.0,65.0,100.0,51.0,100.0,11.446210924479356,85.34803794149778,0.5704654613211281,10.0,0.4396152612787882,5.55,0.31040550668013683,2.0
round_robin,400,46.0,2265319.0,69927.0,8023.7,8097.1,8134.0,20.05925,22653.19,22747.149999999998,1.0052888798442958,26.0,100.0,61.0,100.0,46.0,100.0,11.474394725928468,85.31177375018706,0.5791122574789688,10.0,0.4466236322566491,6.0,0.3153136489827702,2.0
round_robin,400,47.0,2277505.0,69508.0,8001.44,8103.55,8127.0,20.0036,22775.05,22875.2,1.0053545436782796,22.0,100.0,64.0,100.0,56.0,100.0,11.511538240202567,85.54201988579608,0.5622099622174265,9.96,0.4353882867436076,5.0,0.31137275220032445,2.0
round_robin,400,48.0,2307689.0,70080.0,8031.97,8134.15,8203.0,20.079925,23076.89,23192.100000000002,1.0073714438990695,18.0,100.0,76.0,100.0,70.0,100.0,11.461144406392695,85.50358778847583,0.5657911443006401,10.0,0.4347197564316509,6.0,0.30802677483837726,2.0
round_robin,400,49.0,2245224.0,70407.0,8055.62,8149.349999999999,8193.0,20.13905,22452.24,22559.350000000002,1.006892853452484,23.0,100.0,74.0,100.0,61.0,100.0,11.441504395869728,85.12555272881458,0.5780608081866219,10.0,0.44641158298682004,6.0,0.3183388383519863,2.0
round_robin,400,50.0,2316787.0,69710.0,8071.45,8152.15,8214.0,20.178625,23167.87,23280.95,1.008724582795052,27.0,100.0,70.0,100.0,56.0,100.0,11.57861139004447,85.65072360989595,0.5712803982411849,10.0,0.44118470968630263,6.0,0.31148569117489006,2.0
round_robin,400,51.0,2269135.0,70208.0,7991.98,8093.25,8126.0,19.97995,22691.35,22793.399999999998,1.0058899095910998,25.0,100.0,72.0,100.0,59.0,100.0,11.383289653600729,85.3904470205607,0.5723520196021832,10.0,0.4408137902769117,6.0,0.31225114415845684,2.0
round_robin,400,52.0,2286243.0,69439.0,7916.17,8021.25,8047.0,19.790425,22862.43,22968.449999999997,1.0058860759770505,30.0,100.0,76.0,100.0,58.0,100.0,11.400178574000202,85.68426759535186,0.5655781122129188,10.0,0.4359107933846052,5.7,0.3060317735253864,2.0
round_robin,400,53.0,2304954.0,69523.0,7986.47,8077.150000000001,8108.0,19.966175,23049.54,23143.399999999998,1.0059202916847798,31.0,100.0,70.0,100.0,50.0,100.0,11.48752211498353,85.72844013372935,0.5679657815296965,10.0,0.43724820538717907,6.0,0.30863045423032304,2.0
round_robin,400,54.0,2271996.0,69894.0,7949.64,8042.1,8077.0,19.874100000000002,22719.96,22829.75,1.00748416810593,28.0,100.0,81.0,100.0,64.0,100.0,11.373851832775346,85.49892165303108,0.5680137641087396,10.0,0.43851793753158014,6.0,0.3094442067679697,2.0
round_robin,400,55.0,2242305.0,69063.0,7955.87,8042.150000000001,8066.0,19.889675,22423.05,22534.0,1.0055723909102463,27.0,100.0,70.0,100.0,55.0,100.0,11.519728363957546,85.43717870673258,0.5787562352133184,10.0,0.44637147934825994,6.0,0.3148403094137506,2.0
round_robin,400,56.0,2268967.0,69129.0,7968.42,8034.15,8062.0,19.92105,22689.67,22752.0,1.0049507110504472,28.0,100.0,64.0,100.0,49.0,100.0,11.52688452024476,85.59526780248457,0.5744838950941111,10.0,0.44173670220853806,6.0,0.3123020299546005,2.0
round_robin,400,57.0,2207831.0,68734.0,7989.35,8064.0,8105.0,19.973375,22078.31,22154.25,1.004515291251912,24.0,100.0,76.0,100.0,61.0,100.0,11.623577850845288,85.1624001112404,0.5835179413641715,9.98,0.45217047862811965,5.11,0.32123020285520043,2.0
round_robin,400,58.0,2177240.0,69032.0,8040.68,8157.2,8181.0,20.1017,21772.4,21897.15,1.0066873656556006,28.0,100.0,59.0,100.0,43.0,100.0,11.647757561710511,84.77371902041116,0.5836187099263287,9.0,0.454603534750418,5.0,0.32739707152174313,2.0
round_robin,400,59.0,2271799.0,69483.0,8056.3,8126.1,8174.0,20.14075,22717.99,22781.100000000002,1.0058108133686121,29.0,100.0,64.0,100.0,50.0,100.0,11.594634658837414,85.37504242232697,0.5679476925555473,9.62,0.44225831598658155,5.0,0.31550062307448856,2.0
round_robin,400,60.0,2209008.0,69654.0,8091.87,8215.0,8239.0,20.229675,22090.08,22226.1,1.0069678335252745,26.0,100.0,60.0,100.0,46.0,100.0,11.617236626755103,84.81466748875513,0.5813075371388424,9.12,0.45364525615117735,5.0,0.3245841572325677,2.0
round_robin,400,61.0,2234502.0,69595.0,8085.53,8176.150000000001,8201.0,20.213825,22345.02,22416.399999999998,1.0053246763708423,23.0,100.0,56.0,100.0,47.0,100.0,11.617975429269345,85.18998461402138,0.5751720070064829,9.0,0.44813385711894643,5.0,0.3218220435694396,2.0
round_robin,400,62.0,2235437.0,70174.0,8072.2,8146.0,8178.0,20.1805,22354.37,22430.25,1.0054857282938414,24.0,100.0,54.0,100.0,44.0,100.0,11.503120813976686,85.06064720231436,0.5764649149137283,9.52,0.4503786060622599,5.0,0.3221696697334794,2.0
round_robin,400,63.0,2176061.0,69535.0,8104.42,8223.05,8232.0,20.26105,21760.61,21833.3,1.0041997903551416,21.0,100.0,65.0,100.0,55.0,100.0,11.655166462932335,84.7758164867621,0.5897224388470728,9.0,0.4628661604614944,5.0,0.3319245186600927,2.0
round_robin,400,64.0,2172367.0,69319.0,8004.04,8091.2,8119.0,20.0101,21723.67,21814.1,1.0051248246728108,26.0,100.0,69.0,100.0,51.0,100.0,11.546675514649664,84.8706355786108,0.5818524218053395,9.0,0.45626360555099577,5.0,0.326638178539814,2.0
round_robin,400,65.0,2229673.0,70061.0,8016.59,8091.099999999999,8116.0,20.041475000000002,22296.73,22378.15,1.0049904178774196,18.0,100.0,66.0,100.0,60.0,100.0,11.44230028118354,85.1328984115608,0.580268945266862,10.0,0.4489981266311248,5.42,0.3190727967733385,2.0
round_robin,400,66.0,2233920.0,69385.0,7985.51,8060.15,8087.0,19.963775000000002,22339.2,22427.0,1.00531800601633,26.0,100.0,67.0,100.0,52.0,100.0,11.508986092094833,85.3368952334909,0.5849179916917348,10.0,0.45049464618249535,6.0,0.3180234744305973,2.0
round_robin,400,67.0,2223503.0,69487.0,8024.11,8125.599999999999,8196.0,20.060275,22235.03,22326.2,1.0063849700225276,22.0,100.0,57.0,100.0,48.0,100.0,11.547642004979348,85.19851738450544,0.5792486000693501,9.97,0.4483834741846537,5.04,0.3196078440190996,2.0
round_robin,400,68.0,2231761.0,69700.0,8029.94,8126.05,8159.0,20.074849999999998,22317.61,22405.45,1.0059320868139554,23.0,100.0,69.0,100.0,55.0,100.0,11.520717360114778,85.33701054906865,0.5765662183361032,10.0,0.44874383950611196,5.0,0.3198501093979149,2.0
round_robin,400,69.0,2207893.0,69512.0,7970.39,8045.4,8085.0,19.925975,22078.93,22160.199999999997,1.0055288005351708,25.0,100.0,82.0,100.0,62.0,100.0,11.466207273564276,85.18341649708569,0.5825558575528796,10.0,0.45165594528358033,5.0,0.3201654246831708,2.0
round_robin,400,70.0,2234818.0,69921.0,8008.14,8087.35,8134.0,20.02035,22348.18,22430.100000000002,1.0047798075726972,23.0,100.0,78.0,100.0,61.0,100.0,11.453125670399452,85.2374421541262,0.5817359623915683,10.0,0.45071858200533554,5.75,0.31875705314705716,2.0
round_robin,400,71.0,2196931.0,70075.0,8018.95,8118.25,8166.0,20.047375,21969.31,22065.35,1.0066770417459627,25.0,100.0,71.0,100.0,55.0,100.0,11.443382090617195,84.84414622034102,0.5876561439571839,9.98,0.45657510408838514,5.3,0.3226000270377176,2.0
round_robin,400,72.0,2209325.0,69246.0,8017.8,8135.2,8193.0,20.0445,22093.25,22214.050000000003,1.0082264945175563,27.0,100.0,62.0,100.0,46.0,100.0,11.578719348410017,85.10693990245889,0.5823507179794734,10.0,0.4508938250370588,5.0,0.32143211161780183,2.0
round_robin,400,73.0,2198650.0,70045.0,8049.61,8126.25,8140.0,20.124025,21986.5,22069.05,1.0051167762035795,20.0,100.0,77.0,100.0,63.0,100.0,11.492055107430938,84.98735997089123,0.592275259818525,10.0,0.4587374070452323,5.11,0.32618015600482114,2.0
round_robin,400,74.0,2209952.0,69836.0,8021.91,8113.0,8130.0,20.054775,22099.52,22199.100000000002,1.0071259466268951,21.0,100.0,79.0,100.0,63.0,100.0,11.486783320923307,85.15091232750757,0.592057203052374,10.0,0.4556533354570597,6.0,0.3233789693169806,2.0
round_robin,400,75.0,2229287.0,69251.0,7995.25,8083.15,8115.0,19.988125,22292.87,22387.05,1.0049850019311108,24.0,100.0,74.0,100.0,61.0,100.0,11.54532064518924,85.31783704834774,0.5828630409633214,10.0,0.44909874771619807,5.01,0.3198484537881394,2.0
round_robin,400,76.0,2237907.0,69567.0,8042.11,8128.35,8171.0,20.105275,22379.07,22464.25,1.006029294336181,26.0,100.0,80.0,100.0,61.0,100.0,11.560236893929593,85.33240076553673,0.585847401165464,10.0,0.4511134734374574,5.97,0.3216214972293308,2.0
round_robin,400,77.0,2274702.0,69638.0,8031.71,8125.2,8161.0,20.079275,22747.02,22838.05,1.0055383078750535,23.0,100.0,72.0,100.0,59.0,100.0,11.53351618369281,85.55085677156832,0.5813930791813609,10.77,0.44635297282896835,6.0,0.3154725322261993,2.0
round_robin,400,78.0,1944003.0,64680.0,7217.63,7286.65,7354.0,18.044075,19440.03,19519.199999999997,1.008846179764126,17.0,100.0,82.0,100.0,72.0,100.0,11.158982683982684,84.49956044306516,0.5656606497006434,8.0,0.4364571453850637,5.0,0.311510836145829,2.0
round_robin,400,79.0,2252176.0,69356.0,8004.04,8099.2,8122.0,20.0101,22521.76,22600.45,1.0044952081897685,21.0,100.0,72.0,100.0,60.0,100.0,11.540515600669012,85.39351986700862,0.5849636085279303,10.0,0.4504035208616023,6.0,0.3169583549420649,2.19
round_robin,400,80.0,2309205.0,68995.0,8042.78,8114.15,8144.0,20.106949999999998,23092.05,23184.449999999997,1.004804683863061,24.0,100.0,75.0,100.0,62.0,100.0,11.657047612145808,85.8552800639181,0.5699225491023967,10.0,0.4386358075614768,5.63,0.3111334853336971,2.0
round_robin,400,81.0,2246094.0,69422.0,7987.13,8045.099999999999,8069.0,19.967825,22460.94,22538.2,1.0044103229873729,21.0,100.0,88.0,100.0,76.0,100.0,11.505185676010486,85.4101658256511,0.5754656750786031,10.0,0.44218318556569763,5.33,0.3144253980465644,2.0
round_robin,400,82.0,1860522.0,63004.0,7051.74,7149.099999999999,7203.0,17.62935,18605.22,18708.15,1.0070292100819016,30.0,100.0,72.0,100.0,55.0,100.0,11.192527458574059,83.99293316606845,0.5658331371518316,8.0,0.437612669992615,4.02,0.31242952246735056,2.0
round_robin,400,83.0,2350083.0,69921.0,8205.97,8284.15,8332.0,20.514924999999998,23500.83,23582.7,1.0053261948620538,30.0,100.0,70.0,100.0,51.0,100.0,11.736059266886915,85.70090971255058,0.5654247105315003,10.0,0.43928022967699437,5.78,0.3125698113641093,2.0
round_robin,400,84.0,2274011.0,69645.0,8171.94,8269.050000000001,8323.0,20.42985,22740.11,22834.05,1.0059757846378052,27.0,100.0,76.0,100.0,62.0,100.0,11.73370665517984,85.19485261944644,0.5788692315032777,10.0,0.4492779498428108,5.24,0.3206330136485707,2.0
round_robin,400,85.0,2279354.0,69494.0,8134.96,8235.25,8274.0,20.3374,22793.54,22895.05,1.0062061443724843,24.0,100.0,83.0,100.0,69.0,100.0,11.705989006245144,85.3832112080879,0.579669502850369,10.0,0.4483217613411519,6.0,0.31835730649999955,2.0
round_robin,400,86.0,2344551.0,69525.0,8096.87,8252.35,8312.0,20.242175,23445.51,23621.05,1.010172096917491,27.0,100.0,80.0,100.0,64.0,100.0,11.645983459187343,85.74238948097099,0.5590089531001885,10.0,0.43111495548614637,6.0,0.30649109360384996,2.0
round_robin,400,87.0,2292712.0,69592.0,8112.32,8239.2,8284.0,20.2808,22927.12,23031.15,1.0060574551012076,24.0,100.0,78.0,100.0,63.0,100.0,11.656972065754685,85.5262056464135,0.5758800058620533,10.0,0.4445329374121128,5.98,0.31569686903544797,2.0
round_robin,400,88.0,2294505.0,69630.0,8042.53,8112.400000000001,8179.0,20.106325,22945.05,23026.2,1.0051841246804867,26.0,100.0,86.0,100.0,71.0,100.0,11.550380583082005,85.65015155774338,0.5708782504287417,10.0,0.44091165632674584,6.0,0.31206469369210355,2.0
round_robin,400,89.0,2263840.0,68941.0,8025.91,8144.099999999999,8222.0,20.064775,22638.4,22745.5,1.0076683864584068,24.0,100.0,74.0,100.0,62.0,100.0,11.641708127239234,85.50301037175772,0.5769877729874903,10.0,0.44481014559332815,5.68,0.31558767404056826,2.0
round_robin,400,90.0,1897817.0,63945.0,7137.71,7211.05,7252.0,17.844275,18978.17,19056.25,1.006419480908855,27.0,100.0,64.0,100.0,51.0,100.0,11.162264446008288,84.25087403053087,0.5624051212524706,8.0,0.4353285906913048,4.37,0.31245109512666397,2.0
round_robin,400,91.0,2228262.0,69127.0,7992.79,8105.549999999999,8170.0,19.981975,22282.62,22410.4,1.008184854384269,28.0,100.0,74.0,100.0,57.0,100.0,11.562471971877848,85.35442465921871,0.5756971128170745,10.0,0.4469995000587902,5.0,0.31793972163058026,2.0
round_robin,400,92.0,2274815.0,69331.0,8135.5,8218.25,8268.0,20.33875,22748.15,22831.050000000003,1.0055762776313677,22.0,100.0,75.0,100.0,63.0,100.0,11.734289134730496,85.53741996601921,0.5808388814035427,10.0,0.450220347588705,6.0,0.32055969386521543,2.0
round_robin,400,93.0,2316176.0,68960.0,8079.92,8220.050000000001,8238.0,20.1998,23161.76,23300.25,1.0078681412811463,24.0,100.0,81.0,100.0,66.0,100.0,11.716821345707656,85.91573179240265,0.5746683326310263,10.0,0.4441419823018631,6.0,0.3126126857371806,2.0
round_robin,400,94.0,2318620.0,69475.0,8064.94,8146.450000000001,8188.0,20.16235,23186.2,23290.5,1.005425641114111,24.0,100.0,78.0,100.0,63.0,100.0,11.608405901403383,85.81768810758123,0.5669307605385963,10.0,0.43922936919374456,6.0,0.3112334060777531,2.09
round_robin,400,95.0,2296787.0,69999.0,8147.2,8225.25,8315.0,20.368,22967.87,23053.3,1.0073637651205793,21.0,100.0,79.0,100.0,66.0,100.0,11.639023414620208,85.48595494488605,0.5746057427179795,10.0,0.44672623103491965,6.0,0.31872524531007884,2.0
round_robin,400,96.0,2315795.0,70168.0,8162.31,8267.05,8285.0,20.405775000000002,23157.95,23261.05,1.0052271466170364,25.0,100.0,79.0,100.0,64.0,100.0,11.632524797628548,85.69352511772415,0.5761416705710134,10.0,0.4454444370075935,6.0,0.31630563154337926,2.17
round_robin,400,97.0,2251760.0,70015.0,8134.05,8214.25,8266.0,20.335125,22517.6,22629.45,1.007523004227804,22.0,100.0,90.0,100.0,75.0,100.0,11.617581946725702,85.2417748783174,0.5882634028493268,10.0,0.4556724517710591,6.0,0.32258899705119554,2.06
round_robin,400,98.0,1902928.0,63837.0,7145.86,7220.150000000001,7265.0,17.864649999999997,19029.28,19105.35,1.0069219644673892,23.0,100.0,78.0,100.0,69.0,100.0,11.193915754186444,84.46751322172989,0.5721808707423507,8.0,0.44254748471828675,5.0,0.3160187878889795,2.0
round_robin,400,99.0,2319066.0,69936.0,8118.79,8214.25,8248.0,20.296975,23190.66,23305.1,1.0063534198681712,23.0,100.0,87.0,100.0,73.0,100.0,11.608885266529398,85.73406664579619,0.5753083353384509,10.0,0.44494550823478074,6.0,0.3147728438949129,2.06
round_robin,400,100.0,2260569.0,69270.0,8134.62,8230.050000000001,8268.0,20.33655,22605.69,22684.2,1.0056760045811475,23.0,100.0,80.0,100.0,64.0,100.0,11.743352100476397,85.5583156276141,0.5919642355530842,10.0,0.4581063440222351,6.0,0.32373265315060057,2.05
round_robin,400,101.0,2383877.0,70429.0,8193.3,8272.6,8345.0,20.483249999999998,23838.77,23937.1,1.0068053007768438,21.0,100.0,66.0,100.0,58.0,100.0,11.633418052222806,86.16974030119843,0.5694962449824382,10.65,0.43913675076356706,6.0,0.31058062139951015,2.84
round_robin,400,102.0,2288131.0,69503.0,8083.04,8176.85,8234.0,20.2076,22881.31,22990.75,1.0080716532401335,23.0,100.0,78.0,100.0,67.0,100.0,11.629771376775103,85.73733409494474,0.5818709680520914,10.0,0.4476859060954115,6.0,0.3170246808421371,2.04
round_robin,400,103.0,2287081.0,69434.0,8091.86,8185.25,8207.0,20.22965,22870.81,22961.100000000002,1.0052551702366466,24.0,100.0,78.0,100.0,64.0,100.0,11.65403116628741,85.72508188385108,0.579915621702948,10.0,0.4498760647305452,5.99,0.3186953151200154,2.95
round_robin,400,104.0,2256624.0,70170.0,8060.87,8152.75,8247.0,20.152175,22566.24,22700.05,1.009118045363339,21.0,100.0,81.0,100.0,68.0,100.0,11.487630041328202,85.47386582789157,0.5864556966512808,10.0,0.453270903792568,6.0,0.3208850920667333,2.0
round_robin,400,105.0,2252098.0,69547.0,8089.57,8206.0,8241.0,20.223924999999998,22520.98,22644.35,1.006661344222143,18.0,100.0,81.0,100.0,70.0,100.0,11.631802953398422,85.39913227577131,0.5828645112246448,10.0,0.4516943756443991,6.0,0.32139453966923287,2.0
round_robin,400,106.0,1952822.0,65533.0,7363.62,7492.150000000001,7531.0,18.40905,19528.22,19650.55,1.0080795894351866,24.0,100.0,80.0,100.0,67.0,100.0,11.23650679810172,84.22809247335394,0.5733041721160453,8.01,0.4450743590557665,5.0,0.3195257939535708,2.0
round_robin,400,107.0,2266456.0,70199.0,8219.43,8334.6,8387.0,20.548575,22664.56,22822.449999999997,1.00862315438729,23.0,100.0,78.0,100.0,65.0,100.0,11.708756534993375,85.11762549107505,0.5889834172823121,10.0,0.4583455403502208,6.0,0.3255037821162202,2.01
round_robin,400,108.0,2328873.0,70444.0,8223.28,8315.15,8391.0,20.558200000000003,23288.73,23374.149999999998,1.006237781106999,24.0,100.0,80.0,100.0,66.0,100.0,11.673499517347112,85.53823587632301,0.5749708120623152,10.0,0.44654345685659974,6.0,0.31654280847431354,2.01
round_robin,400,109.0,2326160.0,70195.0,8238.52,8338.2,8383.0,20.5963,23261.6,23355.45,1.0056058052756476,21.0,100.0,70.0,100.0,58.0,100.0,11.736619417337417,85.62457182652956,0.5822062970732882,10.0,0.4504500980156137,6.0,0.3194135399112701,2.14
round_robin,400,110.0,2013875.0,66079.0,7489.76,7589.0,7614.0,18.7244,20138.75,20252.25,1.0069145304450375,20.0,100.0,70.0,100.0,60.0,100.0,11.334554094341621,84.3733230711936,0.5772736639563032,9.0,0.44518254608652474,5.0,0.3180410899385513,2.0
round_robin,400,111.0,2286827.0,70926.0,8293.44,8395.05,8424.0,20.733600000000003,22868.27,22981.25,1.0071597020675371,21.0,100.0,82.0,100.0,69.0,100.0,11.693088571186872,84.8721971535232,0.579472780407088,10.0,0.4512921178558763,5.42,0.32345734941908594,2.0
round_robin,400,112.0,2341175.0,70674.0,8278.7,8375.1,8383.0,20.69675,23411.75,23503.05,1.004709173812295,19.0,100.0,75.0,100.0,63.0,100.0,11.713925913348614,85.33826476021656,0.5847179300992024,10.71,0.4505626448257819,6.0,0.318372612043098,2.11
round_robin,400,113.0,2329577.0,70940.0,8254.3,8321.2,8335.0,20.635749999999998,23295.77,23372.05,1.0045171290753643,24.0,100.0,69.0,100.0,56.0,100.0,11.635607555680856,85.20881430405606,0.5777422253052807,10.0,0.44719406141114887,6.0,0.3180418591014592,2.0
round_robin,400,114.0,1784846.0,60672.0,6832.38,6938.45,6964.0,17.08095,17848.46,17972.100000000002,1.0080981776579043,24.0,100.0,66.0,100.0,56.0,100.0,11.261174841772151,83.89674403281852,0.560623717676483,7.92,0.4344727780435959,4.0,0.31126270837932235,2.0
round_robin,400,115.0,2325096.0,70037.0,8179.82,8285.55,8333.0,20.44955,23250.96,23345.399999999998,1.0068401476756228,23.0,100.0,61.0,100.0,50.0,100.0,11.679283807130517,85.68299889552948,0.5817204967020717,10.0,0.4499220677339774,6.0,0.3177146233961953,2.68
round_robin,400,116.0,2302181.0,70206.0,8209.9,8295.15,8325.0,20.524749999999997,23021.81,23144.35,1.0067409990786997,20.0,100.0,89.0,100.0,75.0,100.0,11.694014756573512,85.35207874619763,0.5882339399030745,10.0,0.4536042127009127,6.0,0.32069589663019543,2.18
round_robin,400,117.0,2342392.0,69449.0,8155.07,8249.15,8300.0,20.387674999999998,23423.92,23537.0,1.0079867076048759,19.0,100.0,74.0,100.0,63.0,100.0,11.742530489999856,85.81864222555404,0.578042018586129,10.36,0.4439338078340431,6.0,0.312460510452563,2.0
round_robin,400,118.0,2302547.0,69608.0,8155.03,8255.1,8315.0,20.387575,23025.47,23130.1,1.007275855824007,19.0,100.0,75.0,100.0,65.0,100.0,11.715650499942535,85.74899231155759,0.5851194351298801,10.0,0.4525605774822403,6.0,0.3200790255312921,2.1
round_robin,400,119.0,2221877.0,69930.0,8112.34,8203.199999999999,8256.0,20.28085,22218.77,22293.15,1.0049611207101024,23.0,100.0,81.0,100.0,64.0,100.0,11.600657800657801,85.19071667783591,0.592537300669659,10.0,0.460569149417362,5.6,0.32803526027768415,2.0
round_robin,400,120.0,2238652.0,69392.0,8066.38,8137.25,8172.0,20.16595,22386.52,22463.05,1.0047564337824726,20.0,100.0,77.0,100.0,66.0,100.0,11.624365921143648,85.32603727600359,0.5866311512463751,10.0,0.4543242987297713,5.81,0.322118846520138,2.09
round_robin,400,121.0,2231518.0,69659.0,8044.56,8143.25,8231.0,20.1114,22315.18,22418.3,1.008999255215508,24.0,100.0,69.0,100.0,56.0,100.0,11.548486197045609,85.28220699989872,0.5893517327666637,10.0,0.4558892198046352,6.0,0.3212611325564033,2.0
round_robin,400,122.0,2277501.0,69721.0,8061.61,8200.25,8252.0,20.154025,22775.01,22906.600000000002,1.0079029603060548,22.0,100.0,67.0,100.0,60.0,100.0,11.562671218140876,85.54477692874778,0.5797780110744188,10.0,0.4481385518601309,6.0,0.3168490376074478,2.07
round_robin,400,123.0,2207415.0,69793.0,8079.6,8138.2,8166.0,20.199,22074.15,22160.35,1.005565333206488,19.0,100.0,75.0,100.0,63.0,100.0,11.57651913515682,85.0555831141856,0.5974617369185223,10.0,0.4641573967740547,5.94,0.3284121925419552,2.04
round_robin,400,124.0,2249790.0,69985.0,8106.76,8189.0,8229.0,20.2669,22497.9,22570.100000000002,1.0044493041572768,25.0,100.0,66.0,100.0,50.0,100.0,11.58356790740873,85.24091759675348,0.5963129892123264,10.0,0.46163019659612675,6.0,0.3228981371594682,2.49
round_robin,400,125.0,2198138.0,69612.0,8066.41,8128.25,8179.0,20.166025,21981.38,22032.350000000002,1.0048049758477402,18.0,100.0,77.0,100.0,68.0,100.0,11.587671665804747,84.94353721194939,0.5963488188639657,10.0,0.46154881995579894,6.0,0.3270395216314899,2.0
round_robin,400,126.0,1704888.0,62436.0,6868.86,6938.0,6994.0,17.17215,17048.88,17130.4,1.006693694835086,17.0,100.0,75.0,100.0,66.0,100.0,11.001441476071497,82.89417838591157,0.5924377437110239,8.0,0.45919790625542556,4.0,0.327129406741088,2.0
round_robin,400,127.0,2257757.0,69337.0,8028.77,8156.05,8187.0,20.071925,22577.57,22702.55,1.0071057248410702,19.0,100.0,81.0,100.0,70.0,100.0,11.579344361596261,85.48071249474589,0.5874640184926899,10.0,0.45215672014304464,6.0,0.31651900536683086,2.0
round_robin,400,128.0,2228178.0,69706.0,8129.23,8266.3,8299.0,20.323075,22281.78,22441.949999999997,1.0095692534438452,18.0,100.0,69.0,100.0,62.0,100.0,11.662166814908328,85.26033781861234,0.5980922529528611,9.69,0.4656544495098686,6.0,0.32869366810012485,2.54
round_robin,400,129.0,2217058.0,69523.0,8059.75,8152.75,8225.0,20.149375,22170.58,22239.15,1.0057923608674197,24.0,100.0,71.0,100.0,55.0,100.0,11.592926082016023,85.15569326557988,0.5883630468846552,10.0,0.4566772723131285,5.75,0.3244082924307799,2.0
round_robin,400,130.0,2289614.0,70736.0,8179.54,8253.05,8280.0,20.44885,22896.14,22991.05,1.0056716983736123,24.0,100.0,73.0,100.0,60.0,100.0,11.563475458041166,85.28627270797611,0.5820522585903126,10.0,0.4492892688461898,6.0,0.31902757408017246,2.0
round_robin,400,131.0,2175200.0,69308.0,8081.62,8174.15,8225.0,20.20405,21752.0,21844.449999999997,1.00712578153733,21.0,100.0,76.0,100.0,63.0,100.0,11.660443238875743,84.69742276572269,0.6027620448694373,10.0,0.4667534019860243,6.0,0.33098887458624493,2.0
round_robin,400,132.0,2186951.0,70126.0,8148.41,8232.25,8271.0,20.371025,21869.51,21934.149999999998,1.0045035302574223,21.0,100.0,69.0,100.0,58.0,100.0,11.619670307731797,84.63025417579087,0.6011666470807988,10.0,0.4663040004097028,6.0,0.33291738132221527,2.0
round_robin,400,133.0,2163575.0,70768.0,8196.85,8263.1,8304.0,20.492125,21635.75,21710.15,1.0063898871081427,18.0,100.0,75.0,100.0,66.0,100.0,11.582706873163012,84.38530349075026,0.6050273274557156,9.08,0.47287660469362053,5.0,0.3384449348878592,2.0
round_robin,400,134.0,2236918.0,70139.0,8165.54,8265.0,8319.0,20.41385,22369.18,22486.6,1.0082175564772602,21.0,100.0,89.0,100.0,74.0,100.0,11.641939577125422,84.94286156220299,0.5879987554304628,10.0,0.45649818187345265,5.8,0.3257969223726574,2.0
round_robin,400,135.0,2255874.0,70119.0,8148.14,8217.55,8251.0,20.370350000000002,22558.74,22654.85,1.0059515735364652,23.0,100.0,78.0,100.0,63.0,100.0,11.620445243086753,85.20400164193568,0.5882926085410799,10.0,0.458074342804607,6.0,0.324000808555797,2.0
round_robin,400,136.0,2236680.0,70095.0,8111.51,8194.6,8260.0,20.278775,22366.8,22452.45,1.007430656151081,21.0,100.0,81.0,100.0,68.0,100.0,11.572166345673729,85.15168776937246,0.5915937907970742,10.0,0.4585385482053758,6.0,0.32492265321816266,2.01
round_robin,400,137.0,2209178.0,70027.0,8107.7,8188.349999999999,8251.0,20.26925,22091.78,22157.45,1.0053060459591758,19.0,100.0,76.0,100.0,66.0,100.0,11.577962785782626,84.97731826045705,0.5953630716945397,10.0,0.4611439186883085,5.76,0.3281365286092836,2.0
round_robin,400,138.0,2217750.0,70349.0,8083.65,8187.1,8219.0,20.209125,22177.5,22279.100000000002,1.0067410663961223,21.0,100.0,91.0,100.0,75.0,100.0,11.490781674224225,85.09385142599481,0.5907315973396461,10.0,0.4563715477398264,5.98,0.3243052643444933,2.0
round_robin,400,139.0,2268033.0,69531.0,8073.68,8136.1,8178.0,20.1842,22680.33,22792.05,1.0061581996381885,28.0,100.0,89.0,100.0,68.0,100.0,11.611626468769327,85.43469517418838,0.5819077588377242,10.0,0.45015306214680295,6.0,0.3176810037596455,2.01
round_robin,400,140.0,2315030.0,69651.0,8082.93,8143.45,8160.0,20.207325,23150.3,23214.05,1.0037882878407625,20.0,100.0,79.0,100.0,69.0,100.0,11.604901580738252,85.76628337429753,0.5795138723904226,10.0,0.4469276856023464,6.0,0.3123138793017801,2.12
round_robin,400,141.0,2284198.0,70022.0,8121.49,8196.6,8231.0,20.303725,22841.98,22942.45,1.005779709114534,25.0,100.0,71.0,100.0,54.0,100.0,11.598483333809375,85.43687324829108,0.5889007870596157,10.0,0.4537308061735454,6.0,0.3173853580118711,2.26
round_robin,400,142.0,2171202.0,70018.0,8162.32,8258.1,8329.0,20.4058,21712.02,21780.6,1.0072300965087542,19.0,100.0,76.0,100.0,63.0,100.0,11.65745951041161,84.47631127826891,0.6076707740689259,9.0,0.4724069893082265,6.0,0.33438206118085745,2.0
round_robin,400,143.0,2229180.0,70422.0,8210.38,8303.45,8355.0,20.525949999999998,22291.8,22416.35,1.0068724822580501,16.0,100.0,70.0,100.0,62.0,100.0,11.658828207094373,84.93770265299348,0.6039211728079383,10.0,0.46874142061206364,6.0,0.3315115872204129,2.85
round_robin,400,144.0,2201234.0,70307.0,8131.13,8225.1,8243.0,20.327825,22012.34,22104.0,1.0046637476978821,16.0,100.0,70.0,100.0,61.0,100.0,11.565178431735104,84.7769755509864,0.5994383150541923,10.0,0.46616261605990095,6.0,0.3296001242939188,2.0
round_robin,400,145.0,2196179.0,70163.0,8200.03,8269.2,8313.0,20.500075000000002,21961.79,22049.05,1.0062021356182715,20.0,100.0,58.0,100.0,49.0,100.0,11.687114291008081,84.7909405380891,0.6003763809780532,9.0,0.46877554152006734,5.63,0.335293707844397,2.0
round_robin,400,146.0,2281272.0,70463.0,8097.36,8198.2,8234.0,20.243399999999998,22812.72,22912.050000000003,1.0058423546161965,23.0,100.0,67.0,100.0,57.0,100.0,11.491648099002314,85.40211688917411,0.5814760361763086,10.0,0.451769451428852,6.0,0.31753863633972623,2.24
round_robin,400,147.0,2248645.0,70634.0,8160.32,8236.2,8260.0,20.4008,22486.45,22564.05,1.0038489846107321,25.0,100.0,73.0,100.0,56.0,100.0,11.552963162216496,85.11367334550363,0.5892779874101959,9.74,0.4577232066422223,6.0,0.3247711399531718,2.0
round_robin,400,148.0,2175177.0,69491.0,8094.99,8168.1,8195.0,20.237475,21751.77,21817.15,1.0053894464680346,19.0,100.0,73.0,100.0,60.0,100.0,11.648976126404857,84.77963540438319,0.6005722752677138,9.57,0.4683411970612047,5.05,0.33350159550234304,2.0
round_robin,400,149.0,2187328.0,70100.0,8092.66,8174.549999999999,8207.0,20.23165,21873.28,21998.350000000002,1.0077592386692806,25.0,100.0,69.0,100.0,53.0,100.0,11.544450784593439,84.8150720879539,0.5922435958393072,10.0,0.4587574428709366,5.32,0.3288843739942066,2.0
round_robin,400,150.0,2219861.0,69712.0,8033.57,8141.700000000001,8212.0,20.083925,22198.61,22328.8,1.0085316152678028,23.0,100.0,67.0,100.0,54.0,100.0,11.523941358733072,85.12492043420737,0.5828783874305643,9.59,0.45213731850778044,5.03,0.32180032893951466,2.0
round_robin,400,151.0,2221490.0,69648.0,8093.17,8170.05,8189.0,20.232925,22214.9,22288.15,1.0044159550571914,22.0,100.0,76.0,100.0,63.0,100.0,11.620103951297956,85.1679237808858,0.5891820354806909,9.64,0.4586093117682276,6.0,0.3254464346002008,2.0
round_robin,400,152.0,2256698.0,69930.0,8108.6,8177.1,8222.0,20.2715,22566.98,22651.3,1.005318389966225,23.0,100.0,81.0,100.0,63.0,100.0,11.595309595309596,85.31747003808219,0.5880631790341464,10.0,0.4548818672237047,6.0,0.3224791265822897,2.08
round_robin,400,153.0,2205924.0,69550.0,8083.89,8197.05,8240.0,20.209725000000002,22059.24,22161.65,1.006426332004185,18.0,100.0,78.0,100.0,67.0,100.0,11.6231344356578,85.0061747367543,0.5941768619408465,10.0,0.46068404895182247,5.96,0.32727374107176854,2.0
round_robin,400,154.0,2211635.0,69903.0,8180.75,8254.25,8295.0,20.451875,22116.35,22187.3,1.0053648092926726,24.0,100.0,78.0,100.0,61.0,100.0,11.703002732357696,84.78197668240917,0.5930598855597782,9.72,0.4619134712554287,5.3,0.33027375674557513,2.0
round_robin,400,155.0,2235974.0,70396.0,8209.79,8293.15,8327.0,20.524475000000002,22359.74,22430.050000000003,1.0042603357641904,20.0,100.0,75.0,100.0,64.0,100.0,11.662296153190523,84.82552167422341,0.5893995189568394,10.0,0.4593653593467545,5.37,0.328498005790765,2.0
round_robin,400,156.0,2195467.0,70115.0,8190.89,8266.4,8312.0,20.477225,21954.67,22030.0,1.0056630320565056,20.0,100.0,72.0,100.0,58.0,100.0,11.682079440918491,84.6233785340431,0.6030215894841507,10.0,0.4656257643590179,6.0,0.33280299817760867,2.0
round_robin,400,157.0,2166238.0,70533.0,8194.14,8301.4,8325.0,20.485349999999997,21662.38,21762.4,1.0062144602762946,19.0,100.0,81.0,100.0,70.0,100.0,11.61745565905321,84.32636857076646,0.5974029631093167,9.05,0.4658403185614877,5.0,0.3365027296169673,2.0
round_robin,400,158.0,2212076.0,70654.0,8267.49,8357.050000000001,8377.0,20.668725,22120.76,22197.3,1.0039890130357185,16.0,100.0,78.0,100.0,71.0,100.0,11.701375718289126,84.63514861153052,0.5996299403817952,10.0,0.4642458034895727,5.94,0.33345011654210793,2.0
round_robin,400,159.0,2178063.0,70014.0,8199.2,8281.15,8308.0,20.498,21780.63,21883.0,1.0055264700791482,22.0,100.0,74.0,100.0,57.0,100.0,11.710800697003457,84.48756257279977,0.6019876376394989,9.0,0.4692513485606247,6.0,0.33466111861778103,2.0
round_robin,400,160.0,2231899.0,70791.0,8191.41,8292.3,8338.0,20.478525,22318.99,22410.15,1.0064523529066502,23.0,100.0,80.0,100.0,65.0,100.0,11.571259058354876,84.93075403501682,0.5972716507332994,9.98,0.4649139589201841,6.0,0.32929895125182634,2.03
round_robin,400,161.0,2193243.0,70229.0,8114.77,8191.150000000001,8226.0,20.286925,21932.43,22028.550000000003,1.006181257617145,19.0,100.0,72.0,100.0,60.0,100.0,11.554728103774794,84.77352623489509,0.6015265978279652,9.01,0.4666879137423441,6.0,0.32984352395060645,2.0
round_robin,400,162.0,1820750.0,64693.0,7255.38,7346.05,7380.0,18.13845,18207.5,18293.15,1.006068927639709,23.0,100.0,72.0,100.0,57.0,100.0,11.215092823025675,83.41420403679803,0.5981990937800357,8.0,0.4654581903061925,5.0,0.33478511602361666,2.0
round_robin,400,163.0,2181928.0,70172.0,8181.35,8255.2,8309.0,20.453375,21819.28,21909.1,1.0054868904931786,20.0,100.0,68.0,100.0,54.0,100.0,11.658995040756997,84.70503288834462,0.6076612060526286,9.51,0.4738676069971145,5.83,0.3368887515995028,2.12
round_robin,400,164.0,2316738.0,70246.0,8147.33,8271.3,8333.0,20.368325,23167.38,23290.6,1.008573261197425,16.0,100.0,68.0,100.0,58.0,100.0,11.598283176266264,85.64800465136757,0.5776332930180279,10.0,0.4474014756955685,6.0,0.3155445285569624,2.12
round_robin,400,165.0,2510038.0,70024.0,8106.14,8205.050000000001,8225.0,20.26535,25100.38,25195.45,1.0050843851766387,18.0,100.0,62.0,100.0,51.0,100.0,11.576231006512053,86.8260799238896,0.5367062171967117,10.0,0.41455906245244095,6.0,0.2899944144271919,2.68
round_robin,400,166.0,2521478.0,70897.0,8201.89,8287.15,8309.0,20.504724999999997,25214.78,25286.2,1.0051644313374934,20.0,100.0,50.0,100.0,39.0,100.0,11.56874056730186,86.66699174055852,0.5307315788597006,10.0,0.41234545770377534,6.0,0.2917316748351562,2.17
round_robin,400,167.0,2495982.0,70608.0,8259.15,8365.0,8411.0,20.647875,24959.82,25046.0,1.0051354537011885,21.0,100.0,41.0,100.0,32.0,100.0,11.697187287559483,86.4610678282135,0.532489416990988,10.0,0.4148671745228932,6.0,0.2960389938709494,2.0
round_robin,400,168.0,2505128.0,69669.0,8203.6,8305.4,8322.0,20.509,25051.28,25165.050000000003,1.0051781785202194,17.0,100.0,60.0,100.0,53.0,100.0,11.775108010736483,86.61761874043961,0.531164475428002,10.0,0.413090668420935,6.0,0.2925714773855867,2.0
round_robin,400,169.0,2413563.0,70158.0,8169.94,8267.05,8311.0,20.42485,24135.63,24232.300000000003,1.0061887756814303,15.0,100.0,51.0,100.0,43.0,100.0,11.645058296986802,86.07363801980723,0.5461498208250624,9.98,0.42423587037089977,5.96,0.30285267051243325,2.0
round_robin,400,170.0,2515054.0,70742.0,8125.72,8235.35,8254.0,20.3143,25150.54,25251.0,1.0048690803457898,20.0,100.0,54.0,100.0,46.0,100.0,11.486415425065731,86.63077214246692,0.529637137015746,10.0,0.410156203405573,6.0,0.28959855335114076,2.04
round_robin,400,171.0,2476061.0,70047.0,8132.39,8232.05,8258.0,20.330975000000002,24760.61,24851.1,1.0048217713537753,13.0,100.0,52.0,100.0,47.0,100.0,11.609904778220338,86.54545465560017,0.5413408635732319,10.0,0.4197388513449386,6.0,0.2952863439147905,2.4
round_robin,400,172.0,2499566.0,70398.0,8154.43,8259.050000000001,8301.0,20.386075,24995.66,25081.05,1.005254512183315,18.0,100.0,52.0,100.0,43.0,100.0,11.583326230858832,86.62825026424588,0.5290566442334389,10.14,0.4095142916810358,5.58,0.2917306444398748,2.0
round_robin,400,173.0,2082320.0,63535.0,7193.96,7288.2,7365.0,17.9849,20823.2,20951.1,1.009402973606362,21.0,100.0,68.0,100.0,55.0,100.0,11.322829936255607,85.67316550770295,0.5245692304737024,8.0,0.40663490721887124,5.0,0.2911012716585347,2.0
round_robin,400,174.0,2512021.0,70517.0,8125.0,8227.15,8281.0,20.3125,25120.21,25249.5,1.007316419727383,24.0,100.0,62.0,100.0,44.0,100.0,11.522044329736092,86.76241639699668,0.5316476255572704,10.0,0.4128082527972497,6.0,0.2906472517546629,2.23
round_robin,400,175.0,2473620.0,70351.0,8112.39,8198.05,8226.0,20.280975,24736.2,24831.399999999998,1.0048431044380302,16.0,100.0,51.0,100.0,42.0,100.0,11.531307301957328,86.56995617758588,0.5368993620685473,10.0,0.4148405979899904,6.0,0.29349900146344227,2.0
round_robin,400,176.0,2461677.0,70046.0,8069.48,8195.4,8238.0,20.1737,24616.77,24729.2,1.005615277715151,16.0,100.0,55.0,100.0,46.0,100.0,11.520258116095137,86.57027140441252,0.534363769089121,10.0,0.41359041011473074,6.0,0.2933833317693589,2.0
round_robin,400,177.0,2229395.0,67565.0,7648.48,7745.05,7784.0,19.121199999999998,22293.95,22387.45,1.005519434644825,17.0,100.0,65.0,100.0,54.0,100.0,11.320180566861541,85.64088553172498,0.529082553787014,9.0,0.41313315944460266,5.0,0.2968401741279585,2.0
round_robin,400,178.0,2520367.0,70933.0,8210.33,8310.5,8360.0,20.525825,25203.67,25284.9,1.0057662237285285,17.0,100.0,54.0,100.0,47.0,100.0,11.5747677385702,86.51597287220473,0.5281647474355917,10.0,0.41017002682545833,6.0,0.2917924254681957,2.0
round_robin,400,179.0,2534626.0,70752.0,8293.87,8370.0,8403.0,20.734675000000003,25346.26,25405.2,1.0038561902229364,21.0,100.0,58.0,100.0,45.0,100.0,11.722453075531433,86.63584173759757,0.535655753551017,10.0,0.41678338342619387,6.0,0.29578209960759494,2.63
round_robin,400,180.0,2549170.0,70791.0,8223.89,8306.25,8348.0,20.559725,25491.7,25567.0,1.0045622692876504,19.0,100.0,59.0,100.0,47.0,100.0,11.617140596968541,86.64861229341315,0.5247821840049899,10.0,0.40646484934311955,6.0,0.2890964510016986,2.0
round_robin,400,181.0,2480168.0,69864.0,8210.9,8285.55,8329.0,20.52725,24801.68,24900.05,1.0051335232129437,17.0,100.0,48.0,100.0,38.0,100.0,11.752690942402381,86.3876761574216,0.5372769102738202,10.0,0.4162794617138839,6.0,0.2958545550140152,2.0
round_robin,400,182.0,2459488.0,70362.0,8176.53,8242.0,8264.0,20.441325,24594.88,24656.0,1.0035828595219818,19.0,100.0,51.0,100.0,41.0,100.0,11.620661720815212,86.28131424101277,0.5329442550644687,10.0,0.41344905931641057,6.0,0.2956493383988863,2.0
round_robin,400,183.0,2494089.0,70356.0,8207.94,8271.45,8364.0,20.51985,24940.89,25042.0,1.0076625172557996,19.0,100.0,62.0,100.0,51.0,100.0,11.66629711751663,86.43885041792815,0.5283636630449033,9.85,0.41179645152999755,6.0,0.2937008262335466,2.0
round_robin,400,184.0,2480449.0,70128.0,8156.09,8222.05,8262.0,20.390225,24804.49,24917.05,1.0070757350786086,21.0,100.0,57.0,100.0,42.0,100.0,11.630290326260551,86.48475941250959,0.5361331758887201,10.0,0.4153800380495628,6.0,0.2946470578512197,2.0
round_robin,400,185.0,2448465.0,70473.0,8117.11,8200.2,8237.0,20.292775,24484.65,24572.3,1.0055279532278385,21.0,100.0,61.0,100.0,45.0,100.0,11.518042370837058,86.41096482898469,0.5325912357334085,9.86,0.4144294486545652,5.28,0.29697014251786324,2.0
round_robin,400,186.0,2499335.0,70336.0,8150.25,8269.7,8321.0,20.375625,24993.35,25125.15,1.0072679332702499,21.0,100.0,60.0,100.0,47.0,100.0,11.587593835304823,86.63857826181764,0.5273890854967421,10.0,0.40843584393448656,6.0,0.29105141967763426,2.0
round_robin,400,187.0,2464616.0,70258.0,8148.56,8213.0,8282.0,20.3714,24646.16,24720.199999999997,1.004578400854332,19.0,100.0,61.0,100.0,50.0,100.0,11.598052890774005,86.43564677012564,0.527262259110547,9.74,0.4095883496658303,5.0,0.2939954946328353,2.0
round_robin,400,188.0,2393120.0,70517.0,8193.98,8270.0,8291.0,20.484949999999998,23931.2,24024.1,1.0046299391589222,23.0,100.0,62.0,100.0,49.0,100.0,11.619864713473348,86.01836514675402,0.5540303035368055,9.78,0.43221944574446747,6.0,0.30708823627732834,2.0
round_robin,400,189.0,2237030.0,70451.0,8160.21,8252.949999999999,8307.0,20.400525000000002,22370.3,22493.95,1.0075859510154088,14.0,100.0,75.0,100.0,68.0,100.0,11.582816425600772,84.98405966839962,0.5951735113074031,10.0,0.45986017174557337,6.0,0.32699695578512583,2.0
round_robin,400,190.0,2246752.0,70244.0,8183.81,8276.55,8301.0,20.459525,22467.52,22550.4,1.0058520032473544,27.0,100.0,82.0,100.0,62.0,100.0,11.650546665907408,84.95727387802481,0.5893445293472532,10.0,0.45608282534075856,5.3,0.3251547122245802,2.0
round_robin,400,191.0,2316523.0,71181.0,8231.21,8357.0,8372.0,20.578024999999997,23165.23,23251.1,1.0046090628066286,24.0,100.0,85.0,100.0,71.0,100.0,11.563774040825502,85.38899592190538,0.5761483913606729,10.0,0.44646394618141066,6.0,0.3186659489243146,2.0
round_robin,400,192.0,2295159.0,70835.0,8262.14,8345.0,8359.0,20.65535,22951.59,23028.0,1.0048105599655623,25.0,100.0,76.0,100.0,63.0,100.0,11.663923201807016,85.29185385413385,0.5759030202264854,9.97,0.4488900333266671,5.11,0.32299810165657367,2.0
round_robin,400,193.0,2246656.0,70499.0,8215.53,8311.05,8334.0,20.538825000000003,22466.56,22569.05,1.0059394940747493,25.0,100.0,76.0,100.0,58.0,100.0,11.653399338997716,85.07848776136623,0.5886909255355515,10.0,0.45642412545578853,5.89,0.3280324179580675,2.0
round_robin,400,194.0,2276801.0,70358.0,8194.39,8278.0,8308.0,20.485975,22768.01,22869.4,1.0050065859949993,22.0,100.0,78.0,100.0,64.0,100.0,11.646706842150147,85.37688142266276,0.5870179255894564,10.0,0.45621685865387446,6.0,0.3239778092156495,2.53
round_robin,400,195.0,2212860.0,70518.0,8232.13,8314.25,8370.0,20.580325,22128.6,22218.2,1.0051245898972372,22.0,100.0,77.0,100.0,62.0,100.0,11.673799597265946,84.74856836853664,0.5971317661307087,10.0,0.465787261733684,5.53,0.3336397241578771,2.0
round_robin,400,196.0,2270691.0,70512.0,8255.46,8385.1,8440.0,20.63865,22706.91,22813.05,1.0075347107994879,25.0,100.0,73.0,100.0,57.0,100.0,11.70787950987066,85.26820249871075,0.591230158572875,10.0,0.4610671377127051,6.0,0.32883426234569124,2.26
round_robin,400,197.0,2256539.0,70097.0,8106.58,8170.5,8205.0,20.26645,22565.39,22631.1,1.0044142822260107,25.0,100.0,62.0,100.0,51.0,100.0,11.564803058618772,85.27781084217911,0.5763529901322335,10.0,0.44826081002810053,5.92,0.32007024917362387,2.0
round_robin,400,198.0,1931071.0,68591.0,7576.6,7643.0,7666.0,18.9415,19310.71,19374.0,1.004468504783097,20.0,100.0,69.0,100.0,59.0,100.0,11.046055604962751,83.30856607550939,0.5875796384493371,8.0,0.45762739951042714,5.0,0.33381786583714423,2.0
round_robin,400,199.0,1901866.0,69691.0,7585.77,7636.65,7720.0,18.964425000000002,19018.66,19085.0,1.0067481094882604,20.0,100.0,66.0,100.0,54.0,100.0,10.884863181759481,83.02122704754173,0.5914223189225739,8.0,0.46053086810532395,5.0,0.337487499119286,2.0
round_robin,600,0.0,2356185.0,69866.0,7992.64,8062.0,8086.0,13.321066666666667,23561.85,23633.25,1.0042080736444718,41.0,100.0,108.0,100.0,91.0,100.0,11.43995648813443,85.98268047712722,0.48201478237065426,7.0,0.35143420402048225,4.0,0.2373599696118938,1.0
round_robin,600,1.0,2216146.0,69183.0,7923.77,7988.05,8013.0,13.206283333333333,22161.46,22217.9,1.0043110878073918,48.0,100.0,98.0,100.0,81.0,100.0,11.453348365928045,85.11149852040434,0.49225096180486305,7.0,0.3652290959169658,3.0,0.24925117749462355,1.0
round_robin,600,2.0,2220905.0,69668.0,7884.33,7963.0,7997.0,13.14055,22209.05,22315.3,1.0069768855489092,53.0,100.0,117.0,100.0,88.0,100.0,11.317003502325313,85.21492859892702,0.49143389744270916,7.0,0.3628084046818752,3.0,0.2469412244107695,1.0
round_robin,600,3.0,2249228.0,70103.0,7892.56,8002.5,8031.0,13.154266666666667,22492.28,22632.35,1.007101103134053,52.0,100.0,114.0,100.0,90.0,100.0,11.258519606864185,85.3353479504968,0.49034246416992855,7.0,0.3591272205396696,3.0,0.24419756467552423,1.0
round_robin,600,4.0,2087998.0,67188.0,7610.93,7696.65,7762.0,12.684883333333334,20879.98,20956.649999999998,1.0063228029911906,50.0,100.0,114.0,100.0,87.0,100.0,11.327811513960826,84.9002992340031,0.5021805576442123,7.0,0.36711625202706133,3.0,0.24956585207457097,1.0
round_robin,600,5.0,2209961.0,69013.0,7891.16,8001.05,8022.0,13.151933333333334,22099.61,22214.15,1.0065788491290117,51.0,100.0,113.0,100.0,85.0,100.0,11.43430947792445,85.18395663995881,0.4993291736822505,7.0,0.36610781819226673,3.0,0.2484731631010683,1.0
round_robin,600,6.0,2259801.0,69281.0,7897.25,7994.150000000001,8052.0,13.162083333333333,22598.01,22698.05,1.0066373100994292,49.0,100.0,126.0,100.0,101.0,100.0,11.398868376611192,85.63071659849695,0.49316687619839095,7.0,0.35946970551831775,3.0,0.24326257046527547,1.0
round_robin,600,7.0,2322414.0,69156.0,7877.38,7994.45,8038.0,13.128966666666667,23224.14,23351.25,1.007443117377005,48.0,100.0,108.0,100.0,83.0,100.0,11.390739776736654,85.99470637018206,0.475892756416384,7.0,0.3475762719308444,3.0,0.2358485610231423,1.0
round_robin,600,8.0,2391711.0,68674.0,7959.86,8034.1,8059.0,13.266433333333334,23917.11,23988.2,1.0042601300909684,45.0,100.0,104.0,100.0,83.0,100.0,11.590791274718233,86.46888691819372,0.4763083834125444,7.0,0.3463679349219032,4.0,0.23246370485397275,1.0
round_robin,600,9.0,2366019.0,69522.0,7975.53,8117.45,8143.0,13.29255,23660.19,23796.75,1.0071347694164756,40.0,100.0,112.0,100.0,95.0,100.0,11.471951324760507,86.18979433385785,0.47751349418580324,7.0,0.34859398846754824,3.74,0.23565026316356716,1.0
round_robin,600,10.0,2369488.0,70253.0,8101.32,8232.2,8258.0,13.5022,23694.88,23816.55,1.0073062197402982,43.0,100.0,103.0,100.0,81.0,100.0,11.531635659687131,85.85593427778491,0.48007713058686097,7.0,0.3527572201251916,3.0,0.24061400606375724,1.0
round_robin,600,11.0,2307606.0,70218.0,8146.71,8230.050000000001,8251.0,13.57785,23076.06,23144.199999999997,1.004200890446636,52.0,100.0,108.0,100.0,84.0,100.0,11.602025121763651,85.41175703304637,0.49787658725102985,7.0,0.3668100186946992,3.43,0.24903341384967798,1.0
round_robin,600,12.0,2401851.0,70125.0,8086.48,8190.05,8221.0,13.477466666666666,24018.51,24090.05,1.0052247204343652,57.0,100.0,104.0,100.0,79.0,100.0,11.531522281639928,86.03541018989105,0.4748916564766091,7.0,0.34834800326914533,3.71,0.23675407009010968,1.0
round_robin,600,13.0,2360882.0,69802.0,8148.6,8250.1,8278.0,13.581000000000001,23608.82,23708.3,1.006234110811129,47.0,100.0,100.0,100.0,78.0,100.0,11.67387753932552,85.76709975339725,0.48692734325561376,7.0,0.3587023832618487,3.25,0.24349374513423372,1.0
round_robin,600,14.0,2263751.0,70334.0,8131.02,8214.05,8245.0,13.5517,22637.51,22709.35,1.0052342329169597,48.0,100.0,105.0,100.0,82.0,100.0,11.560582364148207,85.22096378974543,0.5033062381860902,7.0,0.3716168430185122,3.0,0.2531647694468164,1.0
round_robin,600,15.0,2317035.0,70255.0,8123.25,8212.2,8258.0,13.53875,23170.35,23263.350000000002,1.0051207685684507,42.0,100.0,107.0,100.0,85.0,100.0,11.562522240409935,85.58897772368566,0.4975423331973837,7.0,0.3655305163711381,3.82,0.24700749017602236,1.0
round_robin,600,16.0,2238298.0,69242.0,8013.7,8116.1,8181.0,13.356166666666667,22382.98,22524.5,1.010053174331568,48.0,100.0,100.0,100.0,79.0,100.0,11.573466970913607,85.21500532994266,0.5044520434723169,7.0,0.36849963677758724,3.22,0.2508021720074807,1.0
round_robin,600,17.0,2295521.0,69826.0,8044.29,8156.25,8186.0,13.40715,22955.21,23049.149999999998,1.0067866946109403,47.0,100.0,113.0,100.0,89.0,100.0,11.520479477558503,85.6048892604337,0.4995680719104726,7.0,0.363652085953472,4.0,0.2458827429590058,1.0
round_robin,600,18.0,2195324.0,69625.0,8009.81,8103.45,8132.0,13.349683333333333,21953.24,22060.25,1.006184053014498,43.0,100.0,130.0,100.0,105.0,100.0,11.504215439856374,85.05163748039014,0.512117573533565,7.0,0.37707281476447213,3.0,0.2555344905808892,1.0
round_robin,600,19.0,2257239.0,69955.0,8040.49,8124.25,8154.0,13.400816666666666,22572.39,22672.149999999998,1.0052546495962547,52.0,100.0,114.0,100.0,87.0,100.0,11.493803159173755,85.4342234030158,0.5023725888131474,7.0,0.36784363552109456,3.16,0.24988448276855044,1.0
round_robin,600,20.0,2268249.0,70291.0,8064.03,8169.65,8216.0,13.44005,22682.49,22810.350000000002,1.0078258603883434,44.0,100.0,113.0,100.0,96.0,100.0,11.472350656556316,85.35054352498337,0.5008017197406458,7.0,0.36752049708828266,3.02,0.24970935730601004,1.0
round_robin,600,21.0,2282356.0,69353.0,8054.95,8131.05,8193.0,13.424916666666666,22823.56,22891.100000000002,1.0056275182311611,46.0,100.0,106.0,100.0,87.0,100.0,11.614421870719363,85.57043379735677,0.49427696643293156,7.0,0.3647213668682712,3.0,0.247768095774717,1.0
round_robin,600,22.0,2249442.0,70193.0,8046.8,8130.299999999999,8152.0,13.411333333333333,22494.42,22582.1,1.005138163153351,51.0,100.0,102.0,100.0,77.0,100.0,11.463821178750019,85.14592952385524,0.4997292661913488,7.0,0.3671955089306593,3.0,0.25103114461275283,1.0
round_robin,600,23.0,2182009.0,70552.0,8138.26,8219.449999999999,8244.0,13.563766666666668,21820.09,21897.100000000002,1.0048079545043123,41.0,100.0,107.0,100.0,87.0,100.0,11.535123029821975,84.63225770379499,0.5255725343021042,7.0,0.3856482718448916,3.0,0.2629805834898023,1.0
round_robin,600,24.0,2234461.0,70525.0,8043.0,8152.35,8210.0,13.405,22344.61,22451.0,1.0077150596944855,47.0,100.0,108.0,100.0,85.0,100.0,11.404466501240694,85.11223243547326,0.5111818912927995,7.0,0.37425222458570545,3.62,0.25254412585406505,1.0
round_robin,600,25.0,2250030.0,70505.0,8032.98,8148.05,8180.0,13.3883,22500.3,22661.2,1.0087421056608135,48.0,100.0,105.0,100.0,84.0,100.0,11.393489823416779,85.25636013742039,0.5013817593543197,7.0,0.36796309382541564,3.0,0.2503513286489513,1.0
round_robin,600,26.0,2251967.0,70829.0,8042.85,8144.099999999999,8161.0,13.40475,22519.67,22630.550000000003,1.0062314412244941,46.0,100.0,124.0,100.0,101.0,100.0,11.355306442276468,85.2767154225617,0.5030899653502915,7.0,0.37029228225813254,3.49,0.25057427573317015,1.0
round_robin,600,27.0,2249619.0,68289.0,7727.61,7793.2,7818.0,12.879349999999999,22496.19,22554.15,1.0038588756585005,50.0,100.0,102.0,100.0,79.0,100.0,11.316039186398982,85.82892525356516,0.4756743252968614,7.0,0.3489822054312308,3.0,0.23682276865549234,1.0
round_robin,600,28.0,2365873.0,70221.0,8015.45,8106.700000000001,8187.0,13.359083333333333,23658.73,23752.75,1.006520637413758,49.0,100.0,113.0,100.0,94.0,100.0,11.414605317497614,86.02505248591112,0.4820322139015915,7.0,0.35284691950920444,4.0,0.23735213175009817,1.0
round_robin,600,29.0,2230349.0,70177.0,7995.25,8094.0,8151.0,13.325416666666667,22303.49,22417.05,1.0071069594937831,48.0,100.0,128.0,100.0,100.0,100.0,11.392977756244923,85.21090421274877,0.5062759236334762,7.0,0.37081775094391056,3.8,0.2508688102175938,1.0
round_robin,600,30.0,2250147.0,69355.0,8041.71,8109.099999999999,8141.0,13.40285,22501.47,22591.449999999997,1.005312097387415,52.0,100.0,114.0,100.0,86.0,100.0,11.594996755821498,85.4660015545651,0.5036462062256377,7.0,0.37023758892196823,3.13,0.25072628588265566,1.0
round_robin,600,31.0,2308889.0,69186.0,7828.43,7894.15,7926.0,13.047383333333334,23088.89,23168.05,1.0045090950669349,45.0,100.0,108.0,100.0,88.0,100.0,11.315049287428092,85.99562516864171,0.4748656171864477,7.0,0.3479153826797217,3.0,0.23511004643358777,1.0
round_robin,600,32.0,2257589.0,69941.0,7987.21,8059.2,8112.0,13.312016666666667,22575.89,22657.199999999997,1.0067820139095291,44.0,100.0,112.0,100.0,91.0,100.0,11.419925365665346,85.50565802721398,0.500336863795846,7.0,0.3661330738234462,3.51,0.24748570266775752,1.0
round_robin,600,33.0,2197569.0,69415.0,7971.76,8068.1,8085.0,13.286266666666666,21975.69,22057.4,1.005156152093518,46.0,100.0,125.0,100.0,100.0,100.0,11.484203702369804,85.12155022208631,0.5124844771654496,7.0,0.37378257520014163,3.95,0.25354198207200773,1.0
round_robin,600,34.0,2263680.0,70152.0,8103.17,8189.2,8232.0,13.505283333333333,22636.8,22720.25,1.0060609273395533,43.0,100.0,122.0,100.0,99.0,100.0,11.550875242330939,85.21036056333051,0.5093900197907831,7.0,0.37219527495052307,4.0,0.2519424123551032,1.0
round_robin,600,35.0,2097603.0,68219.0,7778.56,7859.349999999999,7891.0,12.964266666666667,20976.03,21064.050000000003,1.0046228957529142,48.0,100.0,103.0,100.0,77.0,100.0,11.40233659244492,84.58905903548002,0.5094200380148197,7.0,0.37548382606241504,3.0,0.2564145836938639,1.0
round_robin,600,36.0,2214404.0,69727.0,8067.08,8145.15,8186.0,13.445133333333333,22144.04,22227.05,1.0053721001226514,50.0,100.0,123.0,100.0,94.0,100.0,11.569521132416424,84.92346744315851,0.5108620649167902,7.0,0.37579953793436066,3.0,0.2559189741348011,1.0
round_robin,600,37.0,2212572.0,70420.0,8051.06,8124.2,8175.0,13.418433333333335,22125.72,22210.05,1.0053006184657494,47.0,100.0,115.0,100.0,91.0,100.0,11.43291678500426,84.83782132287672,0.5075617878197862,7.0,0.3733659288827663,3.0,0.25540682969864936,1.0
round_robin,600,38.0,2210163.0,69599.0,8030.45,8120.2,8143.0,13.384083333333333,22101.63,22193.350000000002,1.0058534144314242,44.0,100.0,123.0,100.0,98.0,100.0,11.538168651848446,84.94817214838906,0.5063508890520745,7.0,0.37059212374833894,3.0,0.2547527037598584,1.0
round_robin,600,39.0,2196816.0,68969.0,7889.73,7997.0,8017.0,13.14955,21968.16,22056.1,1.0047723614540316,49.0,100.0,118.0,100.0,92.0,100.0,11.439530803694414,85.017275456843,0.4951884909796724,7.0,0.36341732762325113,3.0,0.24989484781611204,1.0
round_robin,600,40.0,2230566.0,69554.0,7961.84,8058.400000000001,8089.0,13.269733333333333,22305.66,22390.25,1.004812231514333,46.0,100.0,110.0,100.0,88.0,100.0,11.446990827270897,85.22934896344695,0.499504161723975,7.0,0.36496566342354364,3.05,0.24934657840207372,1.0
round_robin,600,41.0,2259337.0,69146.0,7954.79,8033.400000000001,8079.0,13.257983333333334,22593.37,22702.149999999998,1.0059588277445994,47.0,100.0,113.0,100.0,89.0,100.0,11.504338645764035,85.5858594800156,0.4964983090172028,7.0,0.36164857212536244,3.0,0.2458592941203548,1.0
round_robin,600,42.0,2267508.0,69436.0,7957.85,8088.15,8135.0,13.263083333333334,22675.08,22764.35,1.005906043109881,47.0,100.0,114.0,100.0,89.0,100.0,11.460697620830693,85.55683640366429,0.49618127036376497,7.0,0.36065451588263414,3.03,0.24510828627727002,1.0
round_robin,600,43.0,2183321.0,68292.0,7698.23,7775.049999999999,7792.0,12.830383333333332,21833.21,21909.35,1.0059904155183779,44.0,100.0,126.0,100.0,107.0,100.0,11.27252093949511,85.40497114258508,0.49472798548633024,7.0,0.3590328678192533,3.0,0.2426683936993232,1.0
round_robin,600,44.0,2363759.0,69354.0,7977.91,8079.3,8103.0,13.296516666666667,23637.59,23727.5,1.0054747544060119,49.0,100.0,121.0,100.0,95.0,100.0,11.503172131383915,86.15060122457493,0.4776172190142904,7.0,0.3473031726161593,3.0,0.23597625646269355,1.0
round_robin,600,45.0,2239026.0,69001.0,7898.0,7971.4,7991.0,13.163333333333334,22390.26,22462.45,1.004722589197267,52.0,100.0,114.0,100.0,88.0,100.0,11.446210924479356,85.34803794149778,0.49623943625487155,7.0,0.36113470768092915,3.18,0.2455532003648015,1.0
round_robin,600,46.0,2265319.0,69927.0,8023.7,8097.1,8134.0,13.372833333333332,22653.19,22747.149999999998,1.0052888798442958,50.0,100.0,107.0,100.0,83.0,100.0,11.474394725928468,85.31177375018706,0.5040892695465848,7.0,0.3668397254426419,3.76,0.2482520121890118,1.0
round_robin,600,47.0,2277505.0,69508.0,8001.44,8103.55,8127.0,13.335733333333332,22775.05,22875.2,1.0053545436782796,48.0,100.0,117.0,100.0,91.0,100.0,11.511538240202567,85.54201988579608,0.48992603748400115,7.0,0.3605168814118959,3.0,0.24594633162166493,1.0
round_robin,600,48.0,2307689.0,70080.0,8031.97,8134.15,8203.0,13.386616666666667,23076.89,23192.100000000002,1.0073714438990695,53.0,100.0,119.0,100.0,84.0,100.0,11.461144406392695,85.50358778847583,0.4911307372873901,7.03,0.35716294526688824,3.01,0.24405238314174918,1.0
round_robin,600,49.0,2245224.0,70407.0,8055.62,8149.349999999999,8193.0,13.426033333333333,22452.24,22559.350000000002,1.006892853452484,48.0,100.0,125.0,100.0,100.0,100.0,11.441504395869728,85.12555272881458,0.5035738082258162,7.0,0.3684500967386773,3.0,0.251895579238419,1.0
round_robin,600,50.0,2316787.0,69710.0,8071.45,8152.15,8214.0,13.452416666666666,23167.87,23280.95,1.008724582795052,50.0,100.0,121.0,100.0,98.0,100.0,11.57861139004447,85.65072360989595,0.4968756299133239,7.0,0.36293323469097505,4.0,0.24479807595605466,1.0
round_robin,600,51.0,2269135.0,70208.0,7991.98,8093.25,8126.0,13.319966666666666,22691.35,22793.399999999998,1.0058899095910998,47.0,100.0,121.0,100.0,99.0,100.0,11.383289653600729,85.3904470205607,0.49730492015679983,7.0,0.36284707608846545,3.03,0.24643663774962707,1.0
round_robin,600,52.0,2286243.0,69439.0,7916.17,8021.25,8047.0,13.193616666666667,22862.43,22968.449999999997,1.0058860759770505,53.0,100.0,118.0,100.0,95.0,100.0,11.400178574000202,85.68426759535186,0.4917141353740613,7.0,0.357514052530724,4.0,0.24127662720017076,1.0
round_robin,600,53.0,2304954.0,69523.0,7986.47,8077.150000000001,8108.0,13.310783333333333,23049.54,23143.399999999998,1.0059202916847798,50.0,100.0,118.0,100.0,99.0,100.0,11.48752211498353,85.72844013372935,0.4935087641662263,7.0,0.3588969671412098,3.4,0.24236796048858242,1.0
round_robin,600,54.0,2271996.0,69894.0,7949.64,8042.1,8077.0,13.249400000000001,22719.96,22829.75,1.00748416810593,51.0,100.0,129.0,100.0,106.0,100.0,11.373851832775346,85.49892165303108,0.4944313282241694,7.0,0.3600398064081099,3.09,0.2442627539837218,1.0
round_robin,600,55.0,2242305.0,69063.0,7955.87,8042.150000000001,8066.0,13.259783333333333,22423.05,22534.0,1.0055723909102463,51.0,100.0,115.0,100.0,91.0,100.0,11.519728363957546,85.43717870673258,0.5037147042886673,7.0,0.3662418805648652,3.85,0.24777494587043244,1.0
round_robin,600,56.0,2268967.0,69129.0,7968.42,8034.15,8062.0,13.2807,22689.67,22752.0,1.0049507110504472,48.0,100.0,113.0,100.0,93.0,100.0,11.52688452024476,85.59526780248457,0.4986471817351244,7.0,0.36285278719346736,3.28,0.24541652655151,1.0
round_robin,600,57.0,2207831.0,68734.0,7989.35,8064.0,8105.0,13.315583333333334,22078.31,22154.25,1.004515291251912,46.0,100.0,118.0,100.0,96.0,100.0,11.623577850845288,85.1624001112404,0.5092926043705338,7.0,0.3728111436065532,3.5,0.2531602282964593,1.0
round_robin,600,58.0,2177240.0,69032.0,8040.68,8157.2,8181.0,13.401133333333334,21772.4,21897.15,1.0066873656556006,42.0,100.0,103.0,100.0,89.0,100.0,11.647757561710511,84.77371902041116,0.5104637063438114,7.0,0.37767586485642374,3.0,0.2590747919384174,1.0
round_robin,600,59.0,2271799.0,69483.0,8056.3,8126.1,8174.0,13.427166666666666,22717.99,22781.100000000002,1.0058108133686121,45.0,100.0,108.0,100.0,92.0,100.0,11.594634658837414,85.37504242232697,0.4962877437660638,7.0,0.3656428231546893,3.0,0.24897889293903203,1.0
round_robin,600,60.0,2209008.0,69654.0,8091.87,8215.0,8239.0,13.48645,22090.08,22226.1,1.0069678335252745,47.0,100.0,105.0,100.0,84.0,100.0,11.617236626755103,84.81466748875513,0.5086278546750397,7.0,0.37560887058806486,3.0,0.2576663371069729,1.0
round_robin,600,61.0,2234502.0,69595.0,8085.53,8176.150000000001,8201.0,13.475883333333332,22345.02,22416.399999999998,1.0053246763708423,41.0,100.0,106.0,100.0,88.0,100.0,11.617975429269345,85.18998461402138,0.5032593392174185,7.0,0.3719374607854457,3.0,0.25444282439666643,1.0
round_robin,600,62.0,2235437.0,70174.0,8072.2,8146.0,8178.0,13.453666666666667,22354.37,22430.25,1.0054857282938414,46.0,100.0,112.0,100.0,90.0,100.0,11.503120813976686,85.06064720231436,0.504562642561611,7.0,0.37309573027555687,3.0,0.2537400964554134,1.0
round_robin,600,63.0,2176061.0,69535.0,8104.42,8223.05,8232.0,13.507366666666666,21760.61,21833.3,1.0041997903551416,44.0,100.0,119.0,100.0,96.0,100.0,11.655166462932335,84.7758164867621,0.5176881530435038,7.0,0.38409079524884643,3.0,0.26214430569731273,1.0
round_robin,600,64.0,2172367.0,69319.0,8004.04,8091.2,8119.0,13.340066666666667,21723.67,21814.1,1.0051248246728108,42.0,100.0,119.0,100.0,103.0,100.0,11.546675514649664,84.8706355786108,0.510602029951661,7.0,0.37847150136233887,3.0,0.2579693026086292,1.0
round_robin,600,65.0,2229673.0,70061.0,8016.59,8091.099999999999,8116.0,13.360983333333333,22296.73,22378.15,1.0049904178774196,41.0,100.0,126.0,100.0,103.0,100.0,11.44230028118354,85.1328984115608,0.5055857966616629,7.0,0.37043772786413076,3.0,0.25190196051169833,1.0
round_robin,600,66.0,2233920.0,69385.0,7985.51,8060.15,8087.0,13.309183333333333,22339.2,22427.0,1.00531800601633,45.0,100.0,106.0,100.0,87.0,100.0,11.508986092094833,85.3368952334909,0.5083678018908466,7.0,0.3701712684429165,3.37,0.2500317826958888,1.0
round_robin,600,67.0,2223503.0,69487.0,8024.11,8125.599999999999,8196.0,13.373516666666665,22235.03,22326.2,1.0063849700225276,46.0,100.0,118.0,100.0,94.0,100.0,11.547642004979348,85.19851738450544,0.5050737507437588,7.0,0.3703511980869826,3.0,0.25293916851022913,1.0
round_robin,600,68.0,2231761.0,69700.0,8029.94,8126.05,8159.0,13.383233333333333,22317.61,22405.45,1.0059320868139554,48.0,100.0,129.0,100.0,104.0,100.0,11.520717360114778,85.33701054906865,0.5031470663749389,7.0,0.3710007478399345,3.0,0.25226446738696484,1.0
round_robin,600,69.0,2207893.0,69512.0,7970.39,8045.4,8085.0,13.283983333333333,22078.93,22160.199999999997,1.0055288005351708,47.0,100.0,135.0,100.0,113.0,100.0,11.466207273564276,85.18341649708569,0.507820804721968,7.0,0.37198722945360124,3.0,0.2522943820194185,1.0
round_robin,600,70.0,2234818.0,69921.0,8008.14,8087.35,8134.0,13.3469,22348.18,22430.100000000002,1.0047798075726972,43.0,100.0,138.0,100.0,118.0,100.0,11.453125670399452,85.2374421541262,0.5073334830845286,7.0,0.3710217118351472,3.59,0.2509439247401802,1.0
round_robin,600,71.0,2196931.0,70075.0,8018.95,8118.25,8166.0,13.364916666666666,21969.31,22065.35,1.0066770417459627,47.0,100.0,124.0,100.0,102.0,100.0,11.443382090617195,84.84414622034102,0.5138026638069197,7.0,0.37569773470354784,4.0,0.2557636084155579,1.0
round_robin,600,72.0,2209325.0,69246.0,8017.8,8135.2,8193.0,13.363,22093.25,22214.050000000003,1.0082264945175563,40.0,100.0,116.0,100.0,103.0,100.0,11.578719348410017,85.10693990245889,0.5075509488192095,7.0,0.37227343193056706,3.0,0.25427675873852873,1.0
round_robin,600,73.0,2198650.0,70045.0,8049.61,8126.25,8140.0,13.416016666666666,21986.5,22069.05,1.0051167762035795,47.0,100.0,137.0,100.0,110.0,100.0,11.492055107430938,84.98735997089123,0.5155072430809815,7.0,0.3790198530916699,3.28,0.2569581334000409,1.0
round_robin,600,74.0,2209952.0,69836.0,8021.91,8113.0,8130.0,13.36985,22099.52,22199.100000000002,1.0071259466268951,49.0,100.0,133.0,100.0,105.0,100.0,11.486783320923307,85.15091232750757,0.5139202118417051,7.0,0.3757982073818798,3.07,0.25439059309885464,1.0
round_robin,600,75.0,2229287.0,69251.0,7995.25,8083.15,8115.0,13.325416666666667,22292.87,22387.05,1.0049850019311108,48.0,100.0,132.0,100.0,108.0,100.0,11.54532064518924,85.31783704834774,0.5061120438956491,7.0,0.37148065726844504,3.0,0.250988320480943,1.0
round_robin,600,76.0,2237907.0,69567.0,8042.11,8128.35,8171.0,13.403516666666667,22379.07,22464.25,1.006029294336181,50.0,100.0,122.0,100.0,98.0,100.0,11.560236893929593,85.33240076553673,0.5083142418339993,7.0,0.37293640888562396,3.0,0.25211548111695437,1.0
round_robin,600,77.0,2274702.0,69638.0,8031.71,8125.2,8161.0,13.386183333333333,22747.02,22838.05,1.0055383078750535,44.0,100.0,135.0,100.0,114.0,100.0,11.53351618369281,85.55085677156832,0.5034870501718467,7.2,0.3673615269164928,3.94,0.24758012258309,1.0
round_robin,600,78.0,1944003.0,64680.0,7217.63,7286.65,7354.0,12.029383333333334,19440.03,19519.199999999997,1.008846179764126,53.0,100.0,142.0,100.0,106.0,100.0,11.158982683982684,84.49956044306516,0.4919189939521698,6.0,0.360825574857652,3.0,0.24782009081261705,1.0
round_robin,600,79.0,2252176.0,69356.0,8004.04,8099.2,8122.0,13.340066666666667,22521.76,22600.45,1.0044952081897685,46.0,100.0,142.0,100.0,117.0,100.0,11.540515600669012,85.39351986700862,0.507538931238056,7.11,0.37095768714345595,4.0,0.24882780031400742,1.0
round_robin,600,80.0,2309205.0,68995.0,8042.78,8114.15,8144.0,13.404633333333333,23092.05,23184.449999999997,1.004804683863061,48.0,100.0,118.0,100.0,94.0,100.0,11.657047612145808,85.8552800639181,0.494236328086939,7.0,0.3616941761342107,4.0,0.2443602884975565,1.0
round_robin,600,81.0,2246094.0,69422.0,7987.13,8045.099999999999,8069.0,13.311883333333334,22460.94,22538.2,1.0044103229873729,64.0,100.0,141.0,100.0,98.0,100.0,11.505185676010486,85.4101658256511,0.4989038749046122,7.0,0.36441796291695716,3.0,0.24874871666101242,1.0
round_robin,600,82.0,1860522.0,63004.0,7051.74,7149.099999999999,7203.0,11.7529,18605.22,18708.15,1.0070292100819016,54.0,100.0,116.0,100.0,92.0,100.0,11.192527458574059,83.99293316606845,0.4929401533548112,6.0,0.36199464451374397,3.0,0.2500233805351401,1.0
round_robin,600,83.0,2350083.0,69921.0,8205.97,8284.15,8332.0,13.676616666666666,23500.83,23582.7,1.0053261948620538,57.0,100.0,117.0,100.0,90.0,100.0,11.736059266886915,85.70090971255058,0.49366171322459673,7.0,0.3633433372353232,4.0,0.24705382746056204,1.0
round_robin,600,84.0,2274011.0,69645.0,8171.94,8269.050000000001,8323.0,13.6199,22740.11,22834.05,1.0059757846378052,51.0,100.0,131.0,100.0,107.0,100.0,11.73370665517984,85.19485261944644,0.5051989634175033,7.0,0.3718983769207801,3.85,0.25382199118649823,1.0
round_robin,600,85.0,2279354.0,69494.0,8134.96,8235.25,8274.0,13.558266666666666,22793.54,22895.05,1.0062061443724843,51.0,100.0,130.0,100.0,103.0,100.0,11.705989006245144,85.3832112080879,0.504929466857715,7.0,0.3695941920386215,4.0,0.251604621309371,1.0
round_robin,600,86.0,2344551.0,69525.0,8096.87,8252.35,8312.0,13.494783333333332,23445.51,23621.05,1.010172096917491,60.0,100.0,126.0,100.0,93.0,100.0,11.645983459187343,85.74238948097099,0.4859292888062576,7.0,0.35530939612744616,3.46,0.2429834113226797,1.0
round_robin,600,87.0,2292712.0,69592.0,8112.32,8239.2,8284.0,13.520533333333333,22927.12,23031.15,1.0060574551012076,53.0,100.0,131.0,100.0,102.0,100.0,11.656972065754685,85.5262056464135,0.5004274413881901,7.0,0.3670212394753462,3.6,0.24915122352916547,1.0
round_robin,600,88.0,2294505.0,69630.0,8042.53,8112.400000000001,8179.0,13.404216666666667,22945.05,23026.2,1.0051841246804867,53.0,100.0,128.0,100.0,101.0,100.0,11.550380583082005,85.65015155774338,0.49667706106545856,7.0,0.3631537085340847,3.76,0.245914914110015,1.0
round_robin,600,89.0,2263840.0,68941.0,8025.91,8144.099999999999,8222.0,13.376516666666667,22638.4,22745.5,1.0076683864584068,48.0,100.0,126.0,100.0,102.0,100.0,11.641708127239234,85.50301037175772,0.5011626263340165,7.0,0.36695437840130046,3.49,0.2485118206233656,1.0
round_robin,600,90.0,1897817.0,63945.0,7137.71,7211.05,7252.0,11.896183333333333,18978.17,19056.25,1.006419480908855,47.0,100.0,124.0,100.0,104.0,100.0,11.162264446008288,84.25087403053087,0.48999455690406396,6.0,0.3609562987369172,3.0,0.24963998109406754,1.0
round_robin,600,91.0,2228262.0,69127.0,7992.79,8105.549999999999,8170.0,13.321316666666666,22282.62,22410.4,1.008184854384269,50.0,100.0,116.0,100.0,94.0,100.0,11.562471971877848,85.35442465921871,0.5028304571006461,7.0,0.3693887882125172,3.0,0.25099337510579994,1.0
round_robin,600,92.0,2274815.0,69331.0,8135.5,8218.25,8268.0,13.559166666666666,22748.15,22831.050000000003,1.0055762776313677,47.0,100.0,120.0,100.0,95.0,100.0,11.734289134730496,85.53741996601921,0.5068609974877077,7.0,0.37178847510676694,3.48,0.25213039302097096,1.0
round_robin,600,93.0,2316176.0,68960.0,8079.92,8220.050000000001,8238.0,13.466533333333333,23161.76,23300.25,1.0078681412811463,49.0,100.0,120.0,100.0,95.0,100.0,11.716821345707656,85.91573179240265,0.50063855251069,7.2,0.36434666450217945,4.0,0.24522834188766313,1.0
round_robin,600,94.0,2318620.0,69475.0,8064.94,8146.450000000001,8188.0,13.441566666666667,23186.2,23290.5,1.005425641114111,51.0,100.0,121.0,100.0,94.0,100.0,11.608405901403383,85.81768810758123,0.4948055308761246,7.0,0.36193209754077854,3.57,0.2443237787994583,1.0
round_robin,600,95.0,2296787.0,69999.0,8147.2,8225.25,8315.0,13.578666666666667,22967.87,23053.3,1.0073637651205793,49.0,100.0,129.0,100.0,101.0,100.0,11.639023414620208,85.48595494488605,0.5024283923585426,7.0,0.36938514542271444,3.2,0.25022781825219315,1.0
round_robin,600,96.0,2315795.0,70168.0,8162.31,8267.05,8285.0,13.603850000000001,23157.95,23261.05,1.0052271466170364,47.0,100.0,125.0,100.0,103.0,100.0,11.632524797628548,85.69352511772415,0.5016488937924125,7.0,0.3678335085791273,3.99,0.24882642893693094,1.0
round_robin,600,97.0,2251760.0,70015.0,8134.05,8214.25,8266.0,13.556750000000001,22517.6,22629.45,1.007523004227804,50.0,100.0,131.0,100.0,103.0,100.0,11.617581946725702,85.2417748783174,0.5126847443777311,7.0,0.3761497672931396,4.0,0.2546474757523004,1.0
round_robin,600,98.0,1902928.0,63837.0,7145.86,7220.150000000001,7265.0,11.909766666666666,19029.28,19105.35,1.0069219644673892,46.0,100.0,126.0,100.0,103.0,100.0,11.193915754186444,84.46751322172989,0.49855012906426305,6.0,0.3664988901314185,3.0,0.24939777017312267,1.0
round_robin,600,99.0,2319066.0,69936.0,8118.79,8214.25,8248.0,13.531316666666667,23190.66,23305.1,1.0063534198681712,57.0,100.0,134.0,100.0,100.0,100.0,11.608885266529398,85.73406664579619,0.500470016808491,7.0,0.36731296133874586,4.0,0.24665231606172486,1.12
round_robin,600,100.0,2260569.0,69270.0,8134.62,8230.050000000001,8268.0,13.5577,22605.69,22684.2,1.0056760045811475,50.0,100.0,131.0,100.0,104.0,100.0,11.743352100476397,85.5583156276141,0.5159577079929876,7.3,0.37710549865985066,4.0,0.2537688520014209,1.23
round_robin,600,101.0,2383877.0,70429.0,8193.3,8272.6,8345.0,13.655499999999998,23838.77,23937.1,1.0068053007768438,55.0,100.0,127.0,100.0,93.0,100.0,11.633418052222806,86.16974030119843,0.4949047287255173,8.0,0.3619930894085559,4.0,0.24325667809203244,1.46
round_robin,600,102.0,2288131.0,69503.0,8083.04,8176.85,8234.0,13.471733333333333,22881.31,22990.75,1.0080716532401335,57.0,100.0,132.0,100.0,98.0,100.0,11.629771376775103,85.73733409494474,0.5048565838232164,7.87,0.3688805404935294,3.76,0.24837039487686674,1.0
round_robin,600,103.0,2287081.0,69434.0,8091.86,8185.25,8207.0,13.486433333333332,22870.81,22961.100000000002,1.0052551702366466,53.0,100.0,128.0,100.0,99.0,100.0,11.65403116628741,85.72508188385108,0.5060935751728951,7.0,0.3719964443760409,4.0,0.24889323989836826,1.11
round_robin,600,104.0,2256624.0,70170.0,8060.87,8152.75,8247.0,13.434783333333334,22566.24,22700.05,1.009118045363339,43.0,100.0,136.0,100.0,114.0,100.0,11.487630041328202,85.47386582789157,0.5101722750444913,7.0,0.3739293741447401,4.0,0.2509110955125887,1.21
round_robin,600,105.0,2252098.0,69547.0,8089.57,8206.0,8241.0,13.482616666666667,22520.98,22644.35,1.006661344222143,60.0,100.0,140.0,100.0,98.0,100.0,11.631802953398422,85.39913227577131,0.5082278835112859,7.0,0.3730335003183698,3.0,0.2526342104118027,1.0
round_robin,600,106.0,1952822.0,65533.0,7363.62,7492.150000000001,7531.0,12.2727,19528.22,19650.55,1.0080795894351866,56.0,100.0,126.0,100.0,94.0,100.0,11.23650679810172,84.22809247335394,0.5003374603522492,6.0,0.36961894120406263,3.0,0.2541767759683166,1.0
round_robin,600,107.0,2266456.0,70199.0,8219.43,8334.6,8387.0,13.69905,22664.56,22822.449999999997,1.00862315438729,46.0,100.0,122.0,100.0,99.0,100.0,11.708756534993375,85.11762549107505,0.514850497869802,7.0,0.3786929902896857,4.0,0.2567634227181114,1.0
round_robin,600,108.0,2328873.0,70444.0,8223.28,8315.15,8391.0,13.705466666666668,23288.73,23374.149999999998,1.006237781106999,49.0,100.0,127.0,100.0,102.0,100.0,11.673499517347112,85.53823587632301,0.5021720806587564,7.0,0.3675331372728354,4.0,0.2500471257986159,1.0
round_robin,600,109.0,2326160.0,70195.0,8238.52,8338.2,8383.0,13.730866666666667,23261.6,23355.45,1.0056058052756476,48.0,100.0,134.0,100.0,107.0,100.0,11.736619417337417,85.62457182652956,0.506448395639165,7.85,0.3718299687037865,4.0,0.2510364721257351,1.15
round_robin,600,110.0,2013875.0,66079.0,7489.76,7589.0,7614.0,12.482933333333333,20138.75,20252.25,1.0069145304450375,44.0,100.0,142.0,100.0,118.0,100.0,11.334554094341621,84.3733230711936,0.5012019117373223,6.93,0.3678753646576873,3.0,0.25273465334243683,1.0
round_robin,600,111.0,2286827.0,70926.0,8293.44,8395.05,8424.0,13.8224,22868.27,22981.25,1.0071597020675371,51.0,100.0,134.0,100.0,104.0,100.0,11.693088571186872,84.8721971535232,0.5063881089387172,7.0,0.37397581889666337,3.72,0.25771254231299523,1.0
round_robin,600,112.0,2341175.0,70674.0,8278.7,8375.1,8383.0,13.797833333333335,23411.75,23503.05,1.004709173812295,54.0,100.0,140.0,100.0,105.0,100.0,11.713925913348614,85.33826476021656,0.5084980832274392,8.0,0.370420408555533,4.0,0.25110040898266894,1.0
round_robin,600,113.0,2329577.0,70940.0,8254.3,8321.2,8335.0,13.757166666666665,23295.77,23372.05,1.0045171290753643,48.0,100.0,124.0,100.0,100.0,100.0,11.635607555680856,85.20881430405606,0.5032776336648241,7.15,0.36959327809297565,4.0,0.2513031335731766,1.0
round_robin,600,114.0,1784846.0,60672.0,6832.38,6938.45,6964.0,11.3873,17848.46,17972.100000000002,1.0080981776579043,45.0,100.0,126.0,100.0,105.0,100.0,11.261174841772151,83.89674403281852,0.48807067948719385,5.87,0.3592707718200898,3.0,0.2483340299387174,1.0
round_robin,600,115.0,2325096.0,70037.0,8179.82,8285.55,8333.0,13.633033333333334,23250.96,23345.399999999998,1.0068401476756228,45.0,100.0,123.0,100.0,101.0,100.0,11.679283807130517,85.68299889552948,0.5067128411041952,8.0,0.3706599641477169,4.0,0.24878714685329123,1.59
round_robin,600,116.0,2302181.0,70206.0,8209.9,8295.15,8325.0,13.683166666666667,23021.81,23144.35,1.0067409990786997,49.0,100.0,144.0,100.0,115.0,100.0,11.694014756573512,85.35207874619763,0.5121222006436505,8.0,0.373201325178168,4.0,0.252400658332251,1.12
round_robin,600,117.0,2342392.0,69449.0,8155.07,8249.15,8300.0,13.591783333333332,23423.92,23537.0,1.0079867076048759,53.0,100.0,152.0,100.0,118.0,100.0,11.742530489999856,85.81864222555404,0.5020713868558294,8.0,0.36382211004819004,4.0,0.24569201056014536,1.0
round_robin,600,118.0,2302547.0,69608.0,8155.03,8255.1,8315.0,13.591716666666667,23025.47,23130.1,1.007275855824007,42.0,100.0,129.0,100.0,106.0,100.0,11.715650499942535,85.74899231155759,0.5100964279990811,8.0,0.37285666698660225,4.0,0.25058989023893974,1.95
round_robin,600,119.0,2221877.0,69930.0,8112.34,8203.199999999999,8256.0,13.520566666666667,22218.77,22293.15,1.0049611207101024,52.0,100.0,128.0,100.0,99.0,100.0,11.600657800657801,85.19071667783591,0.5179413621906163,7.0,0.38120066952401055,3.88,0.2571069415633719,1.13
round_robin,600,120.0,2238652.0,69392.0,8066.38,8137.25,8172.0,13.443966666666666,22386.52,22463.05,1.0047564337824726,51.0,100.0,132.0,100.0,101.0,100.0,11.624365921143648,85.32603727600359,0.511978190446751,7.0,0.37526288141256436,3.79,0.2531157142780566,1.0
round_robin,600,121.0,2231518.0,69659.0,8044.56,8143.25,8231.0,13.4076,22315.18,22418.3,1.008999255215508,50.0,100.0,125.0,100.0,99.0,100.0,11.548486197045609,85.28220699989872,0.5139931651906908,7.0,0.3739190093918131,4.0,0.2529470969985454,1.0
round_robin,600,122.0,2277501.0,69721.0,8061.61,8200.25,8252.0,13.436016666666665,22775.01,22906.600000000002,1.0079029603060548,53.0,100.0,124.0,100.0,93.0,100.0,11.562671218140876,85.54477692874778,0.504863444626369,7.0,0.36954890469861484,3.94,0.24858869436281258,1.0
round_robin,600,123.0,2207415.0,69793.0,8079.6,8138.2,8166.0,13.466000000000001,22074.15,22160.35,1.005565333206488,44.0,100.0,127.0,100.0,102.0,100.0,11.57651913515682,85.0555831141856,0.5216187259758587,7.0,0.38246682205203825,3.98,0.2572964304401302,1.0
round_robin,600,124.0,2249790.0,69985.0,8106.76,8189.0,8229.0,13.511266666666668,22497.9,22570.100000000002,1.0044493041572768,42.0,100.0,121.0,100.0,104.0,100.0,11.58356790740873,85.24091759675348,0.5197814018197254,7.35,0.3782330795318674,4.0,0.253657452473342,1.0
round_robin,600,125.0,2198138.0,69612.0,8066.41,8128.25,8179.0,13.444016666666666,21981.38,22032.350000000002,1.0048049758477402,43.0,100.0,125.0,100.0,100.0,100.0,11.587671665804747,84.94353721194939,0.5201311291647749,7.0,0.379994795595181,3.54,0.257782268447204,1.0
round_robin,600,126.0,1704888.0,62436.0,6868.86,6938.0,6994.0,11.4481,17048.88,17130.4,1.006693694835086,49.0,100.0,152.0,100.0,120.0,100.0,11.001441476071497,82.89417838591157,0.5163025371754626,6.0,0.3784612244323381,3.0,0.2621204442755184,1.0
round_robin,600,127.0,2257757.0,69337.0,8028.77,8156.05,8187.0,13.381283333333334,22577.57,22702.55,1.0071057248410702,49.0,100.0,132.0,100.0,102.0,100.0,11.579344361596261,85.48071249474589,0.510928766913357,7.91,0.3692554158839946,4.0,0.24930805219516539,1.0
round_robin,600,128.0,2228178.0,69706.0,8129.23,8266.3,8299.0,13.548716666666666,22281.78,22441.949999999997,1.0095692534438452,42.0,100.0,121.0,100.0,97.0,100.0,11.662166814908328,85.26033781861234,0.5235465927766991,7.0,0.3833998001954961,4.0,0.25722855175843223,1.4
round_robin,600,129.0,2217058.0,69523.0,8059.75,8152.75,8225.0,13.432916666666667,22170.58,22239.15,1.0057923608674197,47.0,100.0,114.0,100.0,91.0,100.0,11.592926082016023,85.15569326557988,0.5137867390027685,7.0,0.37708079806662703,3.03,0.25528199983942684,1.0
round_robin,600,130.0,2289614.0,70736.0,8179.54,8253.05,8280.0,13.632566666666667,22896.14,22991.05,1.0056716983736123,47.0,100.0,133.0,100.0,110.0,100.0,11.563475458041166,85.28627270797611,0.5064831888693903,7.1,0.37007591672657486,3.59,0.252424207748555,1.0
round_robin,600,131.0,2175200.0,69308.0,8081.62,8174.15,8225.0,13.469366666666666,21752.0,21844.449999999997,1.00712578153733,44.0,100.0,116.0,100.0,93.0,100.0,11.660443238875743,84.69742276572269,0.5256261493196028,7.0,0.38469014343508645,3.58,0.26119988966531815,1.0
round_robin,600,132.0,2186951.0,70126.0,8148.41,8232.25,8271.0,13.580683333333333,21869.51,21934.149999999998,1.0045035302574223,44.0,100.0,122.0,100.0,99.0,100.0,11.619670307731797,84.63025417579087,0.5250552024256602,7.0,0.3854283886561702,3.0,0.2628504250895425,1.0
round_robin,600,133.0,2163575.0,70768.0,8196.85,8263.1,8304.0,13.661416666666668,21635.75,21710.15,1.0063898871081427,39.0,100.0,127.0,100.0,106.0,100.0,11.582706873163012,84.38530349075026,0.5298850282518517,7.0,0.3916730411471754,3.0,0.26792923748887837,1.0
round_robin,600,134.0,2236918.0,70139.0,8165.54,8265.0,8319.0,13.609233333333334,22369.18,22486.6,1.0082175564772602,52.0,100.0,133.0,100.0,102.0,100.0,11.641939577125422,84.94286156220299,0.5132937371866112,7.0,0.37735849056603776,3.06,0.25774480781146203,1.0
round_robin,600,135.0,2255874.0,70119.0,8148.14,8217.55,8251.0,13.580233333333334,22558.74,22654.85,1.0059515735364652,50.0,100.0,124.0,100.0,97.0,100.0,11.620445243086753,85.20400164193568,0.5146874337839791,7.0,0.37682246437522665,4.0,0.254808557570148,1.01
round_robin,600,136.0,2236680.0,70095.0,8111.51,8194.6,8260.0,13.519183333333334,22366.8,22452.45,1.007430656151081,47.0,100.0,127.0,100.0,101.0,100.0,11.572166345673729,85.15168776937246,0.5162280701754386,7.0,0.3778309816334925,3.63,0.25535659996065596,1.0
round_robin,600,137.0,2209178.0,70027.0,8107.7,8188.349999999999,8251.0,13.512833333333333,22091.78,22157.45,1.0053060459591758,53.0,100.0,124.0,100.0,90.0,100.0,11.577962785782626,84.97731826045705,0.5191333609152363,7.0,0.3806972548160447,3.62,0.25836306535734105,1.0
round_robin,600,138.0,2217750.0,70349.0,8083.65,8187.1,8219.0,13.47275,22177.5,22279.100000000002,1.0067410663961223,55.0,100.0,132.0,100.0,98.0,100.0,11.490781674224225,85.09385142599481,0.514408296697103,7.0,0.3760559125239545,3.06,0.2562800135272235,1.0
round_robin,600,139.0,2268033.0,69531.0,8073.68,8136.1,8178.0,13.456133333333334,22680.33,22792.05,1.0061581996381885,63.0,100.0,127.0,100.0,92.0,100.0,11.611626468769327,85.43469517418838,0.5074326519940406,7.0,0.3696709880323611,3.68,0.2501586176215249,1.0
round_robin,600,140.0,2315030.0,69651.0,8082.93,8143.45,8160.0,13.47155,23150.3,23214.05,1.0037882878407625,53.0,100.0,125.0,100.0,92.0,100.0,11.604901580738252,85.76628337429753,0.5042051290911996,7.71,0.3656479613655115,4.0,0.24547975620186346,1.0
round_robin,600,141.0,2284198.0,70022.0,8121.49,8196.6,8231.0,13.535816666666665,22841.98,22942.45,1.005779709114534,44.0,100.0,110.0,100.0,91.0,100.0,11.598483333809375,85.43687324829108,0.5121000893968036,7.89,0.37176768388729875,4.0,0.2504813505659317,1.0
round_robin,600,142.0,2171202.0,70018.0,8162.32,8258.1,8329.0,13.603866666666667,21712.02,21780.6,1.0072300965087542,41.0,100.0,124.0,100.0,102.0,100.0,11.65745951041161,84.47631127826891,0.5314977602268237,7.0,0.3887266131847705,3.99,0.26539769215393133,1.0
round_robin,600,143.0,2229180.0,70422.0,8210.38,8303.45,8355.0,13.683966666666665,22291.8,22416.35,1.0068724822580501,45.0,100.0,125.0,100.0,96.0,100.0,11.658828207094373,84.93770265299348,0.5272929956306803,7.0,0.38644523995370494,4.0,0.2606510017136346,1.0
round_robin,600,144.0,2201234.0,70307.0,8131.13,8225.1,8243.0,13.551883333333334,22012.34,22104.0,1.0046637476978821,53.0,100.0,130.0,100.0,93.0,100.0,11.565178431735104,84.7769755509864,0.5244699109681206,7.0,0.38311192721900533,3.98,0.26035987087242884,1.0
round_robin,600,145.0,2196179.0,70163.0,8200.03,8269.2,8313.0,13.666716666666668,21961.79,22049.05,1.0062021356182715,41.0,100.0,120.0,100.0,99.0,100.0,11.687114291008081,84.7909405380891,0.5263746716456172,7.0,0.38797384001941554,3.36,0.2640964147275791,1.0
round_robin,600,146.0,2281272.0,70463.0,8097.36,8198.2,8234.0,13.4956,22812.72,22912.050000000003,1.0058423546161965,45.0,100.0,121.0,100.0,99.0,100.0,11.491648099002314,85.40211688917411,0.5081629897706192,7.0,0.3710942842414232,4.0,0.2497448791726721,1.0
round_robin,600,147.0,2248645.0,70634.0,8160.32,8236.2,8260.0,13.600533333333333,22486.45,22564.05,1.0038489846107321,50.0,100.0,123.0,100.0,98.0,100.0,11.552963162216496,85.11367334550363,0.5153752593228367,7.0,0.3766268130362952,3.76,0.2561684925810877,1.0
round_robin,600,148.0,2175177.0,69491.0,8094.99,8168.1,8195.0,13.49165,21751.77,21817.15,1.0053894464680346,47.0,100.0,120.0,100.0,92.0,100.0,11.648976126404857,84.77963540438319,0.5256583717095207,7.0,0.38736020103191604,3.34,0.2618173141771911,1.0
round_robin,600,149.0,2187328.0,70100.0,8092.66,8174.549999999999,8207.0,13.487766666666666,21873.28,21998.350000000002,1.0077592386692806,50.0,100.0,125.0,100.0,100.0,100.0,11.544450784593439,84.8150720879539,0.5166381082306815,7.0,0.37958641776633406,3.0,0.26025634929923636,1.0
round_robin,600,150.0,2219861.0,69712.0,8033.57,8141.700000000001,8212.0,13.389283333333333,22198.61,22328.8,1.0085316152678028,44.0,100.0,120.0,100.0,99.0,100.0,11.523941358733072,85.12492043420737,0.5090309708580852,7.0,0.3732062503012576,3.02,0.2537803042622939,1.0
round_robin,600,151.0,2221490.0,69648.0,8093.17,8170.05,8189.0,13.488616666666667,22214.9,22288.15,1.0044159550571914,46.0,100.0,129.0,100.0,105.0,100.0,11.620103951297956,85.1679237808858,0.515744837924096,7.0,0.37741425799801037,4.0,0.2562770933022431,1.0
round_robin,600,152.0,2256698.0,69930.0,8108.6,8177.1,8222.0,13.514333333333333,22566.98,22651.3,1.005318389966225,50.0,100.0,130.0,100.0,103.0,100.0,11.595309595309596,85.31747003808219,0.5120942190758356,7.0,0.3750302433023825,3.55,0.25296251425755684,1.0
round_robin,600,153.0,2205924.0,69550.0,8083.89,8197.05,8240.0,13.47315,22059.24,22161.65,1.006426332004185,56.0,100.0,131.0,100.0,93.0,100.0,11.6231344356578,85.0061747367543,0.5187590324961331,7.0,0.3802923400806193,3.58,0.25766481528828733,1.0
round_robin,600,154.0,2211635.0,69903.0,8180.75,8254.25,8295.0,13.634583333333333,22116.35,22187.3,1.0053648092926726,50.0,100.0,124.0,100.0,98.0,100.0,11.703002732357696,84.78197668240917,0.5193049486013741,7.0,0.3825947771671184,3.31,0.2613790250199513,1.0
round_robin,600,155.0,2235974.0,70396.0,8209.79,8293.15,8327.0,13.682983333333334,22359.74,22430.050000000003,1.0042603357641904,49.0,100.0,120.0,100.0,91.0,100.0,11.662296153190523,84.82552167422341,0.5160176281119548,7.0,0.38073519638421555,3.31,0.25983262774969657,1.0
round_robin,600,156.0,2195467.0,70115.0,8190.89,8266.4,8312.0,13.651483333333333,21954.67,22030.0,1.0056630320565056,41.0,100.0,119.0,100.0,98.0,100.0,11.682079440918491,84.6233785340431,0.5252035216197738,7.0,0.3841633693423768,3.0,0.2637657500659313,1.0
round_robin,600,157.0,2166238.0,70533.0,8194.14,8301.4,8325.0,13.656899999999998,21662.38,21762.4,1.0062144602762946,47.0,100.0,127.0,100.0,99.0,100.0,11.61745565905321,84.32636857076646,0.5234844924703564,7.0,0.38781057298413196,3.0,0.2674747650073538,1.0
round_robin,600,158.0,2212076.0,70654.0,8267.49,8357.050000000001,8377.0,13.77915,22120.76,22197.3,1.0039890130357185,43.0,100.0,134.0,100.0,107.0,100.0,11.701375718289126,84.63514861153052,0.5226529287420505,7.0,0.3849817999019925,3.0,0.26524811986568275,1.0
round_robin,600,159.0,2178063.0,70014.0,8199.2,8281.15,8308.0,13.665333333333335,21780.63,21883.0,1.0055264700791482,36.0,100.0,129.0,100.0,115.0,100.0,11.710800697003457,84.48756257279977,0.5278052104094326,7.0,0.3873992625557663,3.66,0.266254924673896,1.0
round_robin,600,160.0,2231899.0,70791.0,8191.41,8292.3,8338.0,13.65235,22318.99,22410.15,1.0064523529066502,40.0,100.0,127.0,100.0,110.0,100.0,11.571259058354876,84.93075403501682,0.5231092446387583,7.0,0.38316787632415267,4.0,0.259483516055162,1.0
round_robin,600,161.0,2193243.0,70229.0,8114.77,8191.150000000001,8226.0,13.524616666666667,21932.43,22028.550000000003,1.006181257617145,44.0,100.0,111.0,100.0,86.0,100.0,11.554728103774794,84.77352623489509,0.5259440016450525,7.0,0.3830323406936669,3.98,0.2605625550839556,1.0
round_robin,600,162.0,1820750.0,64693.0,7255.38,7346.05,7380.0,12.0923,18207.5,18293.15,1.006068927639709,46.0,100.0,113.0,100.0,90.0,100.0,11.215092823025675,83.41420403679803,0.5237297816833723,6.0,0.3859953315941233,3.0,0.26666922971303036,1.0
round_robin,600,163.0,2181928.0,70172.0,8181.35,8255.2,8309.0,13.635583333333335,21819.28,21909.1,1.0054868904931786,49.0,100.0,117.0,100.0,88.0,100.0,11.658995040756997,84.70503288834462,0.5326303159407643,7.0,0.3919373141551875,4.0,0.2649652050846774,1.01
round_robin,600,164.0,2316738.0,70246.0,8147.33,8271.3,8333.0,13.578883333333334,23167.38,23290.6,1.008573261197425,38.0,100.0,116.0,100.0,94.0,100.0,11.598283176266264,85.64800465136757,0.5035744223127518,7.04,0.36805499801876607,4.0,0.24807854837275514,1.0
round_robin,600,165.0,2510038.0,70024.0,8106.14,8205.050000000001,8225.0,13.510233333333334,25100.38,25195.45,1.0050843851766387,41.0,100.0,105.0,100.0,82.0,100.0,11.576231006512053,86.8260799238896,0.4673566695006211,8.0,0.3398860893739457,4.0,0.2273328132880857,1.0
round_robin,600,166.0,2521478.0,70897.0,8201.89,8287.15,8309.0,13.669816666666666,25214.78,25286.2,1.0051644313374934,43.0,100.0,108.0,100.0,85.0,100.0,11.56874056730186,86.66699174055852,0.46386127501409885,7.0,0.3400033631068762,4.0,0.23009877540077683,1.0
round_robin,600,167.0,2495982.0,70608.0,8259.15,8365.0,8411.0,13.76525,24959.82,25046.0,1.0051354537011885,34.0,100.0,99.0,100.0,86.0,100.0,11.697187287559483,86.4610678282135,0.4659592897705192,7.0,0.342976832364977,4.0,0.2347432793986495,1.0
round_robin,600,168.0,2505128.0,69669.0,8203.6,8305.4,8322.0,13.672666666666668,25051.28,25165.050000000003,1.0051781785202194,36.0,100.0,112.0,100.0,93.0,100.0,11.775108010736483,86.61761874043961,0.46463015063501745,7.0,0.33999101043938673,4.0,0.23166880095548012,1.0
round_robin,600,169.0,2413563.0,70158.0,8169.94,8267.05,8311.0,13.616566666666666,24135.63,24232.300000000003,1.0061887756814303,33.0,100.0,106.0,100.0,88.0,100.0,11.645058296986802,86.07363801980723,0.47719326158049324,7.0,0.3506894164353696,3.01,0.23906316097818867,1.0
round_robin,600,170.0,2515054.0,70742.0,8125.72,8235.35,8254.0,13.542866666666667,25150.54,25251.0,1.0048690803457898,37.0,100.0,114.0,100.0,97.0,100.0,11.486415425065731,86.63077214246692,0.4616370066010511,7.0,0.33732436758813134,4.0,0.22765793497873207,1.0
round_robin,600,171.0,2476061.0,70047.0,8132.39,8232.05,8258.0,13.553983333333333,24760.61,24851.1,1.0048217713537753,32.0,100.0,116.0,100.0,97.0,100.0,11.609904778220338,86.54545465560017,0.4720715685114381,7.0,0.3453202485722282,4.0,0.2315124708155413,1.0
round_robin,600,172.0,2499566.0,70398.0,8154.43,8259.050000000001,8301.0,13.590716666666667,24995.66,25081.05,1.005254512183315,37.0,100.0,118.0,100.0,99.0,100.0,11.583326230858832,86.62825026424588,0.46057715619431533,7.0,0.3388408227668323,3.93,0.2302171656999655,1.0
round_robin,600,173.0,2082320.0,63535.0,7193.96,7288.2,7365.0,11.989933333333333,20823.2,20951.1,1.009402973606362,40.0,100.0,118.0,100.0,99.0,100.0,11.322829936255607,85.67316550770295,0.45802038111337356,6.0,0.33694725114295593,3.0,0.23022206000998885,1.0
round_robin,600,174.0,2512021.0,70517.0,8125.0,8227.15,8281.0,13.541666666666666,25120.21,25249.5,1.007316419727383,40.0,100.0,106.0,100.0,90.0,100.0,11.522044329736092,86.76241639699668,0.46420193143289806,7.0,0.33931722704547457,4.0,0.2279045437916323,1.01
round_robin,600,175.0,2473620.0,70351.0,8112.39,8198.05,8226.0,13.52065,24736.2,24831.399999999998,1.0048431044380302,34.0,100.0,110.0,100.0,92.0,100.0,11.531307301957328,86.56995617758588,0.4674671129761241,7.0,0.34176267979722025,4.0,0.230932398670774,1.0
round_robin,600,176.0,2461677.0,70046.0,8069.48,8195.4,8238.0,13.449133333333332,24616.77,24729.2,1.005615277715151,37.0,100.0,123.0,100.0,102.0,100.0,11.520258116095137,86.57027140441252,0.46603514595944145,7.0,0.3408200994687768,3.14,0.23030966288428578,1.0
round_robin,600,177.0,2229395.0,67565.0,7648.48,7745.05,7784.0,12.747466666666666,22293.95,22387.45,1.005519434644825,35.0,100.0,114.0,100.0,96.0,100.0,11.320180566861541,85.64088553172498,0.4627425826289195,6.0,0.34363358669055954,3.0,0.2354217175511742,1.0
round_robin,600,178.0,2520367.0,70933.0,8210.33,8310.5,8360.0,13.683883333333334,25203.67,25284.9,1.0057662237285285,43.0,100.0,109.0,100.0,83.0,100.0,11.5747677385702,86.51597287220473,0.460980087423776,7.0,0.33886096747021366,3.97,0.23053507683603222,1.0
round_robin,600,179.0,2534626.0,70752.0,8293.87,8370.0,8403.0,13.823116666666667,25346.26,25405.2,1.0038561902229364,37.0,100.0,106.0,100.0,90.0,100.0,11.722453075531433,86.63584173759757,0.4678354913111441,7.0,0.34399552438900255,4.0,0.23280357733251375,1.39
round_robin,600,180.0,2549170.0,70791.0,8223.89,8306.25,8348.0,13.706483333333333,25491.7,25567.0,1.0045622692876504,43.0,100.0,117.0,100.0,93.0,100.0,11.617140596968541,86.64861229341315,0.4572645213932378,7.0,0.33556059423263257,3.92,0.22846220534526923,1.0
round_robin,600,181.0,2480168.0,69864.0,8210.9,8285.55,8329.0,13.684833333333332,24801.68,24900.05,1.0051335232129437,38.0,100.0,99.0,100.0,78.0,100.0,11.752690942402381,86.3876761574216,0.46828763212814617,7.0,0.3431090151957448,3.96,0.23429461230045706,1.0
round_robin,600,182.0,2459488.0,70362.0,8176.53,8242.0,8264.0,13.62755,24594.88,24656.0,1.0035828595219818,39.0,100.0,94.0,100.0,74.0,100.0,11.620661720815212,86.28131424101277,0.4654342692462822,7.0,0.34156011332439923,3.0,0.23486717560728088,1.0
round_robin,600,183.0,2494089.0,70356.0,8207.94,8271.45,8364.0,13.679900000000002,24940.89,25042.0,1.0076625172557996,45.0,100.0,99.0,100.0,73.0,100.0,11.66629711751663,86.43885041792815,0.4628054572230582,7.0,0.3396578871082788,3.5,0.2328681935568458,1.0
round_robin,600,184.0,2480449.0,70128.0,8156.09,8222.05,8262.0,13.593483333333333,24804.49,24917.05,1.0070757350786086,36.0,100.0,104.0,100.0,89.0,100.0,11.630290326260551,86.48475941250959,0.4674540778705791,7.0,0.34203686509982667,3.71,0.23205838942868812,1.0
round_robin,600,185.0,2448465.0,70473.0,8117.11,8200.2,8237.0,13.528516666666667,24484.65,24572.3,1.0055279532278385,45.0,100.0,105.0,100.0,81.0,100.0,11.518042370837058,86.41096482898469,0.46594253950944775,7.0,0.3440008331750709,3.0,0.23349772204217745,1.0
round_robin,600,186.0,2499335.0,70336.0,8150.25,8269.7,8321.0,13.58375,24993.35,25125.15,1.0072679332702499,39.0,100.0,113.0,100.0,95.0,100.0,11.587593835304823,86.63857826181764,0.4600367697807617,7.0,0.3377426395421182,3.1,0.23007119893891775,1.0
round_robin,600,187.0,2464616.0,70258.0,8148.56,8213.0,8282.0,13.580933333333334,24646.16,24720.199999999997,1.004578400854332,41.0,100.0,107.0,100.0,85.0,100.0,11.598052890774005,86.43564677012564,0.460257500559925,7.0,0.33962653817065214,3.0,0.23324363714266239,1.0
round_robin,600,188.0,2393120.0,70517.0,8193.98,8270.0,8291.0,13.656633333333332,23931.2,24024.1,1.0046299391589222,44.0,100.0,105.0,100.0,84.0,100.0,11.619864713473348,86.01836514675402,0.48576335495085915,7.0,0.3570627465400816,4.0,0.24210988166076083,1.0
round_robin,600,189.0,2237030.0,70451.0,8160.21,8252.949999999999,8307.0,13.60035,22370.3,22493.95,1.0075859510154088,42.0,100.0,146.0,100.0,118.0,100.0,11.582816425600772,84.98405966839962,0.5174816609522447,7.01,0.3795791741728989,3.98,0.257493641122381,1.0
round_robin,600,190.0,2246752.0,70244.0,8183.81,8276.55,8301.0,13.639683333333334,22467.52,22550.4,1.0058520032473544,50.0,100.0,119.0,100.0,96.0,100.0,11.650546665907408,84.95727387802481,0.5129515852216889,7.0,0.37751785688852174,3.79,0.2574298364928572,1.0
round_robin,600,191.0,2316523.0,71181.0,8231.21,8357.0,8372.0,13.718683333333331,23165.23,23251.1,1.0046090628066286,60.0,100.0,130.0,100.0,94.0,100.0,11.563774040825502,85.38899592190538,0.5023757588420231,7.0,0.36862055762019197,3.11,0.2517225168927742,1.0
round_robin,600,192.0,2295159.0,70835.0,8262.14,8345.0,8359.0,13.770233333333332,22951.59,23028.0,1.0048105599655623,57.0,100.0,126.0,100.0,94.0,100.0,11.663923201807016,85.29185385413385,0.5041720421112437,7.0,0.37329134931392555,3.0,0.2554132415227006,1.0
round_robin,600,193.0,2246656.0,70499.0,8215.53,8311.05,8334.0,13.69255,22466.56,22569.05,1.0059394940747493,53.0,100.0,132.0,100.0,104.0,100.0,11.653399338997716,85.07848776136623,0.513554367023701,7.0,0.3790068439494075,3.0,0.25885271265382864,1.0
round_robin,600,194.0,2276801.0,70358.0,8194.39,8278.0,8308.0,13.657316666666667,22768.01,22869.4,1.0050065859949993,54.0,100.0,126.0,100.0,94.0,100.0,11.646706842150147,85.37688142266276,0.5127984395649862,7.0,0.3769820023796546,4.0,0.2544983070545032,1.02
round_robin,600,195.0,2212860.0,70518.0,8232.13,8314.25,8370.0,13.720216666666666,22128.6,22218.2,1.0051245898972372,43.0,100.0,134.0,100.0,113.0,100.0,11.673799597265946,84.74856836853664,0.5228988729517458,7.0,0.38517574541543526,3.35,0.26355621232251475,1.0
round_robin,600,196.0,2270691.0,70512.0,8255.46,8385.1,8440.0,13.759099999999998,22706.91,22813.05,1.0075347107994879,42.0,100.0,116.0,100.0,99.0,100.0,11.70787950987066,85.26820249871075,0.5171416982759873,7.0,0.3818494017900278,4.0,0.25839491150491195,1.77
round_robin,600,197.0,2256539.0,70097.0,8106.58,8170.5,8205.0,13.510966666666667,22565.39,22631.1,1.0044142822260107,42.0,100.0,111.0,100.0,94.0,100.0,11.564803058618772,85.27781084217911,0.5042944083838126,7.0,0.3700591924181235,3.0,0.25289082085441467,1.0
round_robin,600,198.0,1931071.0,68591.0,7576.6,7643.0,7666.0,12.627666666666668,19310.71,19374.0,1.004468504783097,43.0,100.0,132.0,100.0,109.0,100.0,11.046055604962751,83.30856607550939,0.5136481258327633,6.0,0.3824634102008678,3.0,0.26806885919782336,1.0
round_robin,600,199.0,1901866.0,69691.0,7585.77,7636.65,7720.0,12.64295,19018.66,19085.0,1.0067481094882604,41.0,100.0,115.0,100.0,94.0,100.0,10.884863181759481,83.02122704754173,0.5168455611488927,6.0,0.38594832653825245,3.0,0.27266747499560956,1.0
round_robin,800,0.0,2356185.0,69866.0,7992.64,8062.0,8086.0,9.9908,23561.85,23633.25,1.0042080736444718,64.0,100.0,157.0,100.0,130.0,100.0,11.43995648813443,85.98268047712722,0.42815441062565124,6.0,0.3009012450210828,2.0,0.2034067783302245,1.0
round_robin,800,1.0,2216146.0,69183.0,7923.77,7988.05,8013.0,9.9047125,22161.46,22217.9,1.0043110878073918,83.0,100.0,187.0,100.0,144.0,100.0,11.453348365928045,85.11149852040434,0.4394439716516872,5.0,0.3149219410634498,2.0,0.21315247280639452,1.0
round_robin,800,2.0,2220905.0,69668.0,7884.33,7963.0,7997.0,9.8554125,22209.05,22315.3,1.0069768855489092,89.0,100.0,178.0,100.0,135.0,100.0,11.317003502325313,85.21492859892702,0.43784493258378904,5.0,0.31259058807107915,2.0,0.21091987275457527,1.0
round_robin,800,3.0,2249228.0,70103.0,7892.56,8002.5,8031.0,9.8657,22492.28,22632.35,1.007101103134053,81.0,100.0,188.0,100.0,152.0,100.0,11.258519606864185,85.3353479504968,0.4359873698886907,5.0,0.3088535266322489,2.0,0.20862980542657303,1.0
round_robin,800,4.0,2087998.0,67188.0,7610.93,7696.65,7762.0,9.5136625,20879.98,20956.649999999998,1.0063228029911906,77.0,100.0,210.0,100.0,173.0,100.0,11.327811513960826,84.9002992340031,0.4452044494295493,5.0,0.3157967584260138,2.0,0.21125163912992254,1.0
round_robin,800,5.0,2209961.0,69013.0,7891.16,8001.05,8022.0,9.863949999999999,22099.61,22214.15,1.0065788491290117,80.0,100.0,192.0,100.0,157.0,100.0,11.43430947792445,85.18395663995881,0.443660770484185,5.0,0.31493904191069433,2.0,0.21227342925961137,1.0
round_robin,800,6.0,2259801.0,69281.0,7897.25,7994.150000000001,8052.0,9.8715625,22598.01,22698.05,1.0066373100994292,83.0,100.0,201.0,100.0,161.0,100.0,11.398868376611192,85.63071659849695,0.43724248285579126,5.2,0.30903606113989684,2.0,0.20786122317850111,1.0
round_robin,800,7.0,2322414.0,69156.0,7877.38,7994.45,8038.0,9.846725,23224.14,23351.25,1.007443117377005,80.0,100.0,181.0,100.0,140.0,100.0,11.390739776736654,85.99470637018206,0.4221379133952861,5.0,0.2989880357248966,2.0,0.2014016450124741,1.0
round_robin,800,8.0,2391711.0,68674.0,7959.86,8034.1,8059.0,9.949824999999999,23917.11,23988.2,1.0042601300909684,66.0,100.0,165.0,100.0,135.0,100.0,11.590791274718233,86.46888691819372,0.422120816436434,6.0,0.29671812355255295,2.0,0.19901484752965554,1.0
round_robin,800,9.0,2366019.0,69522.0,7975.53,8117.45,8143.0,9.969412499999999,23660.19,23796.75,1.0071347694164756,67.0,100.0,171.0,100.0,139.0,100.0,11.471951324760507,86.18979433385785,0.424038860212027,5.7,0.2996937049110764,2.0,0.20183819318441654,1.0
round_robin,800,10.0,2369488.0,70253.0,8101.32,8232.2,8258.0,10.12665,23694.88,23816.55,1.0073062197402982,65.0,100.0,159.0,100.0,129.0,100.0,11.531635659687131,85.85593427778491,0.42620009048368257,5.31,0.30450164761332404,2.0,0.20685143794777605,1.0
round_robin,800,11.0,2307606.0,70218.0,8146.71,8230.050000000001,8251.0,10.1833875,23076.06,23144.199999999997,1.004200890446636,87.0,100.0,180.0,100.0,142.0,100.0,11.602025121763651,85.41175703304637,0.44298160084520494,5.35,0.3161020555502109,2.0,0.2143654506011858,1.0
round_robin,800,12.0,2401851.0,70125.0,8086.48,8190.05,8221.0,10.1081,24018.51,24090.05,1.0052247204343652,77.0,100.0,146.0,100.0,112.0,100.0,11.531522281639928,86.03541018989105,0.42247916294557825,5.62,0.2996651332659686,2.0,0.2034464252778378,1.0
round_robin,800,13.0,2360882.0,69802.0,8148.6,8250.1,8278.0,10.18575,23608.82,23708.3,1.006234110811129,68.0,100.0,160.0,100.0,132.0,100.0,11.67387753932552,85.76709975339725,0.4335511050531115,5.36,0.3087875632920239,2.12,0.20960810408991215,1.0
round_robin,800,14.0,2263751.0,70334.0,8131.02,8214.05,8245.0,10.163775000000001,22637.51,22709.35,1.0052342329169597,78.0,100.0,186.0,100.0,145.0,100.0,11.560582364148207,85.22096378974543,0.44843271190161815,5.0,0.32118771013243064,2.0,0.21782519367191885,1.0
round_robin,800,15.0,2317035.0,70255.0,8123.25,8212.2,8258.0,10.1540625,23170.35,23263.350000000002,1.0051207685684507,70.0,100.0,192.0,100.0,156.0,100.0,11.562522240409935,85.58897772368566,0.44251295297654114,5.85,0.31433405192411856,2.0,0.21248060560155543,1.0
round_robin,800,16.0,2238298.0,69242.0,8013.7,8116.1,8181.0,10.017125,22382.98,22524.5,1.010053174331568,70.0,100.0,199.0,100.0,170.0,100.0,11.573466970913607,85.21500532994266,0.44783447065582865,5.66,0.3171673298193538,2.0,0.21506072917904587,1.0
round_robin,800,17.0,2295521.0,69826.0,8044.29,8156.25,8186.0,10.0553625,22955.21,23049.149999999998,1.0067866946109403,77.0,100.0,213.0,100.0,175.0,100.0,11.520479477558503,85.6048892604337,0.44309548899792245,6.0,0.31209864775796,2.0,0.21103226674902995,1.0
round_robin,800,18.0,2195324.0,69625.0,8009.81,8103.45,8132.0,10.0122625,21953.24,22060.25,1.006184053014498,75.0,100.0,221.0,100.0,179.0,100.0,11.504215439856374,85.05163748039014,0.4557022106987397,5.0,0.3249593226330145,2.0,0.21909340033635127,1.0
round_robin,800,19.0,2257239.0,69955.0,8040.49,8124.25,8154.0,10.0506125,22572.39,22672.149999999998,1.0052546495962547,83.0,100.0,195.0,100.0,154.0,100.0,11.493803159173755,85.4342234030158,0.4465100948548204,5.31,0.31713256770771725,2.0,0.2144429544235236,1.0
round_robin,800,20.0,2268249.0,70291.0,8064.03,8169.65,8216.0,10.0800375,22682.49,22810.350000000002,1.0078258603883434,80.0,100.0,197.0,100.0,153.0,100.0,11.472350656556316,85.35054352498337,0.44526813414223926,5.57,0.31689995234209295,2.0,0.21443986087947134,1.0
round_robin,800,21.0,2282356.0,69353.0,8054.95,8131.05,8193.0,10.0686875,22823.56,22891.100000000002,1.0056275182311611,75.0,100.0,194.0,100.0,161.0,100.0,11.614421870719363,85.57043379735677,0.4397517302296399,5.0,0.31433790346466545,2.0,0.21271659635920076,1.0
round_robin,800,22.0,2249442.0,70193.0,8046.8,8130.299999999999,8152.0,10.0585,22494.42,22582.1,1.005138163153351,80.0,100.0,197.0,100.0,163.0,100.0,11.463821178750019,85.14592952385524,0.4441248096194523,5.08,0.3167363283872178,2.0,0.21546676909206816,1.0
round_robin,800,23.0,2182009.0,70552.0,8138.26,8219.449999999999,8244.0,10.172825,21820.09,21897.100000000002,1.0048079545043123,70.0,100.0,205.0,100.0,168.0,100.0,11.535123029821975,84.63225770379499,0.4668083403872303,6.0,0.33279331111833177,2.0,0.22631712334825382,1.0
round_robin,800,24.0,2234461.0,70525.0,8043.0,8152.35,8210.0,10.05375,22344.61,22451.0,1.0077150596944855,77.0,100.0,192.0,100.0,155.0,100.0,11.404466501240694,85.11223243547326,0.45414531737184044,6.0,0.3216869750691554,2.0,0.2167413080827994,1.0
round_robin,800,25.0,2250030.0,70505.0,8032.98,8148.05,8180.0,10.041224999999999,22500.3,22661.2,1.0087421056608135,72.0,100.0,177.0,100.0,144.0,100.0,11.393489823416779,85.25636013742039,0.44556428136513737,5.24,0.3172197704030613,2.0,0.21479624716114895,1.0
round_robin,800,26.0,2251967.0,70829.0,8042.85,8144.099999999999,8161.0,10.0535625,22519.67,22630.550000000003,1.0062314412244941,74.0,100.0,200.0,100.0,164.0,100.0,11.355306442276468,85.2767154225617,0.4484879218922835,5.0,0.3181956041096517,2.0,0.2150497764842913,1.0
round_robin,800,27.0,2249619.0,68289.0,7727.61,7793.2,7818.0,9.6595125,22496.19,22554.15,1.0038588756585005,81.0,100.0,188.0,100.0,150.0,100.0,11.316039186398982,85.82892525356516,0.42295428692591946,5.0,0.3003770860754643,2.0,0.20126119133951126,1.0
round_robin,800,28.0,2365873.0,70221.0,8015.45,8106.700000000001,8187.0,10.0193125,23658.73,23752.75,1.006520637413758,76.0,100.0,160.0,100.0,127.0,100.0,11.414605317497614,86.02505248591112,0.4285737231034802,5.96,0.3018965937732076,2.02,0.20353797519985223,1.0
round_robin,800,29.0,2230349.0,70177.0,7995.25,8094.0,8151.0,9.9940625,22303.49,22417.05,1.0071069594937831,80.0,100.0,208.0,100.0,164.0,100.0,11.392977756244923,85.21090421274877,0.4509890604564577,5.0,0.31801032035793503,2.0,0.21499998430738868,1.0
round_robin,800,30.0,2250147.0,69355.0,8041.71,8109.099999999999,8141.0,10.0521375,22501.47,22591.449999999997,1.005312097387415,83.0,100.0,192.0,100.0,146.0,100.0,11.594996755821498,85.4660015545651,0.44813338861861024,5.14,0.31882939203527594,2.0,0.21517305313830606,1.0
round_robin,800,31.0,2308889.0,69186.0,7828.43,7894.15,7926.0,9.7855375,23088.89,23168.05,1.0045090950669349,74.0,100.0,193.0,100.0,154.0,100.0,11.315049287428092,85.99562516864171,0.4224313078714481,5.0,0.2985188980501012,2.0,0.20046134742726912,1.0
round_robin,800,32.0,2257589.0,69941.0,7987.21,8059.2,8112.0,9.9840125,22575.89,22657.199999999997,1.0067820139095291,76.0,100.0,191.0,100.0,150.0,100.0,11.419925365665346,85.50565802721398,0.4446181302265381,5.24,0.3144434172916328,2.0,0.21204966891670715,1.0
round_robin,800,33.0,2197569.0,69415.0,7971.76,8068.1,8085.0,9.9647,21975.69,22057.4,1.005156152093518,81.0,100.0,213.0,100.0,163.0,100.0,11.484203702369804,85.12155022208631,0.4547474959830613,5.77,0.32104839483993447,2.0,0.2171381194401632,1.0
round_robin,800,34.0,2263680.0,70152.0,8103.17,8189.2,8232.0,10.1289625,22636.8,22720.25,1.0060609273395533,77.0,100.0,231.0,100.0,186.0,100.0,11.550875242330939,85.21036056333051,0.4521566652530393,6.0,0.3189925254452926,2.0,0.21660172815945716,1.0
round_robin,800,35.0,2097603.0,68219.0,7778.56,7859.349999999999,7891.0,9.7232,20976.03,21064.050000000003,1.0046228957529142,69.0,100.0,168.0,100.0,139.0,100.0,11.40233659244492,84.58905903548002,0.4537240841093381,5.0,0.32327041866358885,2.0,0.21827581291598078,1.0
round_robin,800,36.0,2214404.0,69727.0,8067.08,8145.15,8186.0,10.08385,22144.04,22227.05,1.0053721001226514,84.0,100.0,201.0,100.0,156.0,100.0,11.569521132416424,84.92346744315851,0.45468351755144953,5.0,0.32299797146320186,2.0,0.21979187176323742,1.0
round_robin,800,37.0,2212572.0,70420.0,8051.06,8124.2,8175.0,10.063825000000001,22125.72,22210.05,1.0053006184657494,81.0,100.0,212.0,100.0,169.0,100.0,11.43291678500426,84.83782132287672,0.45132135812981455,5.0,0.3224215980316121,2.0,0.2192498142433331,1.0
round_robin,800,38.0,2210163.0,69599.0,8030.45,8120.2,8143.0,10.0380625,22101.63,22193.350000000002,1.0058534144314242,78.0,100.0,221.0,100.0,176.0,100.0,11.538168651848446,84.94817214838906,0.44834566500298845,5.82,0.3206320076845011,2.0,0.2185562784283331,1.0
round_robin,800,39.0,2196816.0,68969.0,7889.73,7997.0,8017.0,9.8621625,21968.16,22056.1,1.0047723614540316,85.0,100.0,205.0,100.0,158.0,100.0,11.439530803694414,85.017275456843,0.43958483550738886,5.0,0.3139220581059133,2.0,0.21347850707569502,1.0
round_robin,800,40.0,2230566.0,69554.0,7961.84,8058.400000000001,8089.0,9.952300000000001,22305.66,22390.25,1.004812231514333,79.0,100.0,207.0,100.0,165.0,100.0,11.446990827270897,85.22934896344695,0.442509658983415,5.42,0.31466632235943703,2.0,0.21348124198073493,1.0
round_robin,800,41.0,2259337.0,69146.0,7954.79,8033.400000000001,8079.0,9.9434875,22593.37,22702.149999999998,1.0059588277445994,74.0,100.0,206.0,100.0,173.0,100.0,11.504338645764035,85.5858594800156,0.43973563926054415,6.0,0.3109921184843164,2.0,0.21045067645951002,1.0
round_robin,800,42.0,2267508.0,69436.0,7957.85,8088.15,8135.0,9.9473125,22675.08,22764.35,1.005906043109881,77.0,100.0,199.0,100.0,161.0,100.0,11.460697620830693,85.55683640366429,0.43933516441838355,6.0,0.31011842075088597,2.0,0.20982726411549596,1.0
round_robin,800,43.0,2183321.0,68292.0,7698.23,7775.049999999999,7792.0,9.6227875,21833.21,21909.35,1.0059904155183779,80.0,100.0,197.0,100.0,155.0,100.0,11.27252093949511,85.40497114258508,0.4374569749477974,5.0,0.3081828095822831,2.0,0.206026965343163,1.0
round_robin,800,44.0,2363759.0,69354.0,7977.91,8079.3,8103.0,9.9723875,23637.59,23727.5,1.0054747544060119,73.0,100.0,179.0,100.0,143.0,100.0,11.503172131383915,86.15060122457493,0.4229322870901814,6.0,0.2988621090390349,2.0,0.20213185862010466,1.0
round_robin,800,45.0,2239026.0,69001.0,7898.0,7971.4,7991.0,9.8725,22390.26,22462.45,1.004722589197267,77.0,100.0,200.0,100.0,166.0,100.0,11.446210924479356,85.34803794149778,0.4396152612787882,5.55,0.31040550668013683,2.0,0.20982337855835528,1.0
round_robin,800,46.0,2265319.0,69927.0,8023.7,8097.1,8134.0,10.029625,22653.19,22747.149999999998,1.0052888798442958,72.0,100.0,203.0,100.0,171.0,100.0,11.474394725928468,85.31177375018706,0.4466236322566491,6.0,0.3153136489827702,2.0,0.21293689762898735,1.0
round_robin,800,47.0,2277505.0,69508.0,8001.44,8103.55,8127.0,10.0018,22775.05,22875.2,1.0053545436782796,78.0,100.0,214.0,100.0,175.0,100.0,11.511538240202567,85.54201988579608,0.4353882867436076,5.0,0.31137275220032445,2.0,0.21082017383057336,1.0
round_robin,800,48.0,2307689.0,70080.0,8031.97,8134.15,8203.0,10.0399625,23076.89,23192.100000000002,1.0073714438990695,88.0,100.0,213.0,100.0,167.0,100.0,11.461144406392695,85.50358778847583,0.4347197564316509,6.0,0.30802677483837726,2.0,0.2093856667861224,1.0
round_robin,800,49.0,2245224.0,70407.0,8055.62,8149.349999999999,8193.0,10.069525,22452.24,22559.350000000002,1.006892853452484,84.0,100.0,215.0,100.0,170.0,100.0,11.441504395869728,85.12555272881458,0.44641158298682004,6.0,0.3183388383519863,2.0,0.216264390546333,1.0
round_robin,800,50.0,2316787.0,69710.0,8071.45,8152.15,8214.0,10.0893125,23167.87,23280.95,1.008724582795052,83.0,100.0,209.0,100.0,170.0,100.0,11.57861139004447,85.65072360989595,0.44118470968630263,6.0,0.31148569117489006,2.0,0.21026749545814957,1.0
round_robin,800,51.0,2269135.0,70208.0,7991.98,8093.25,8126.0,9.989975,22691.35,22793.399999999998,1.0058899095910998,84.0,100.0,214.0,100.0,171.0,100.0,11.383289653600729,85.3904470205607,0.4408137902769117,6.0,0.31225114415845684,2.0,0.21118091255037713,1.0
round_robin,800,52.0,2286243.0,69439.0,7916.17,8021.25,8047.0,9.8952125,22862.43,22968.449999999997,1.0058860759770505,88.0,100.0,206.0,100.0,164.0,100.0,11.400178574000202,85.68426759535186,0.4359107933846052,5.7,0.3060317735253864,2.0,0.2062847212654123,1.0
round_robin,800,53.0,2304954.0,69523.0,7986.47,8077.150000000001,8108.0,9.9830875,23049.54,23143.399999999998,1.0059202916847798,81.0,100.0,212.0,100.0,176.0,100.0,11.48752211498353,85.72844013372935,0.43724820538717907,6.0,0.30863045423032304,2.0,0.20766010948591598,1.0
round_robin,800,54.0,2271996.0,69894.0,7949.64,8042.1,8077.0,9.937050000000001,22719.96,22829.75,1.00748416810593,92.0,100.0,231.0,100.0,180.0,100.0,11.373851832775346,85.49892165303108,0.43851793753158014,6.0,0.3094442067679697,2.0,0.20905142438631055,1.0
round_robin,800,55.0,2242305.0,69063.0,7955.87,8042.150000000001,8066.0,9.9448375,22423.05,22534.0,1.0055723909102463,82.0,100.0,205.0,100.0,166.0,100.0,11.519728363957546,85.43717870673258,0.44637147934825994,6.0,0.3148403094137506,2.0,0.21209737301571374,1.0
round_robin,800,56.0,2268967.0,69129.0,7968.42,8034.15,8062.0,9.960525,22689.67,22752.0,1.0049507110504472,77.0,100.0,216.0,100.0,181.0,100.0,11.52688452024476,85.59526780248457,0.44173670220853806,6.0,0.3123020299546005,2.0,0.2101581909300576,1.0
round_robin,800,57.0,2207831.0,68734.0,7989.35,8064.0,8105.0,9.9866875,22078.31,22154.25,1.004515291251912,85.0,100.0,209.0,100.0,161.0,100.0,11.623577850845288,85.1624001112404,0.45217047862811965,5.11,0.32123020285520043,2.0,0.2169255708430582,1.0
round_robin,800,58.0,2177240.0,69032.0,8040.68,8157.2,8181.0,10.05085,21772.4,21897.15,1.0066873656556006,71.0,100.0,195.0,100.0,165.0,100.0,11.647757561710511,84.77371902041116,0.454603534750418,5.0,0.32739707152174313,2.0,0.22233102459995224,1.0
round_robin,800,59.0,2271799.0,69483.0,8056.3,8126.1,8174.0,10.070375,22717.99,22781.100000000002,1.0058108133686121,79.0,100.0,197.0,100.0,157.0,100.0,11.594634658837414,85.37504242232697,0.44225831598658155,5.0,0.31550062307448856,2.0,0.21376450997645477,1.0
round_robin,800,60.0,2209008.0,69654.0,8091.87,8215.0,8239.0,10.1148375,22090.08,22226.1,1.0069678335252745,72.0,100.0,188.0,100.0,158.0,100.0,11.617236626755103,84.81466748875513,0.45364525615117735,5.0,0.3245841572325677,2.0,0.2214509861440067,1.0
round_robin,800,61.0,2234502.0,69595.0,8085.53,8176.150000000001,8201.0,10.1069125,22345.02,22416.399999999998,1.0053246763708423,70.0,100.0,195.0,100.0,163.0,100.0,11.617975429269345,85.18998461402138,0.44813385711894643,5.0,0.3218220435694396,2.0,0.218640663557249,1.0
round_robin,800,62.0,2235437.0,70174.0,8072.2,8146.0,8178.0,10.09025,22354.37,22430.25,1.0054857282938414,68.0,100.0,208.0,100.0,178.0,100.0,11.503120813976686,85.06064720231436,0.4503786060622599,5.0,0.3221696697334794,2.0,0.21795291032581102,1.0
round_robin,800,63.0,2176061.0,69535.0,8104.42,8223.05,8232.0,10.130525,21760.61,21833.3,1.0041997903551416,76.0,100.0,193.0,100.0,153.0,100.0,11.655166462932335,84.7758164867621,0.4628661604614944,5.0,0.3319245186600927,2.0,0.22538063041431283,1.0
round_robin,800,64.0,2172367.0,69319.0,8004.04,8091.2,8119.0,10.00505,21723.67,21814.1,1.0051248246728108,77.0,100.0,192.0,100.0,151.0,100.0,11.546675514649664,84.8706355786108,0.45626360555099577,5.0,0.326638178539814,2.0,0.22114311255878957,1.0
round_robin,800,65.0,2229673.0,70061.0,8016.59,8091.099999999999,8116.0,10.020737500000001,22296.73,22378.15,1.0049904178774196,78.0,100.0,225.0,100.0,179.0,100.0,11.44230028118354,85.1328984115608,0.4489981266311248,5.42,0.3190727967733385,2.0,0.21602225976634243,1.0
round_robin,800,66.0,2233920.0,69385.0,7985.51,8060.15,8087.0,9.981887500000001,22339.2,22427.0,1.00531800601633,78.0,100.0,211.0,100.0,172.0,100.0,11.508986092094833,85.3368952334909,0.45049464618249535,6.0,0.3180234744305973,2.0,0.21422029437043402,1.0
round_robin,800,67.0,2223503.0,69487.0,8024.11,8125.599999999999,8196.0,10.0301375,22235.03,22326.2,1.0063849700225276,70.0,100.0,213.0,100.0,183.0,100.0,11.547642004979348,85.19851738450544,0.4483834741846537,5.04,0.3196078440190996,2.0,0.21695990515866181,1.0
round_robin,800,68.0,2231761.0,69700.0,8029.94,8126.05,8159.0,10.037424999999999,22317.61,22405.45,1.0059320868139554,78.0,100.0,218.0,100.0,182.0,100.0,11.520717360114778,85.33701054906865,0.44874383950611196,5.0,0.3198501093979149,2.0,0.2164183351174252,1.0
round_robin,800,69.0,2207893.0,69512.0,7970.39,8045.4,8085.0,9.9629875,22078.93,22160.199999999997,1.0055288005351708,87.0,100.0,214.0,100.0,169.0,100.0,11.466207273564276,85.18341649708569,0.45165594528358033,5.0,0.3201654246831708,2.0,0.2160607420740045,1.0
round_robin,800,70.0,2234818.0,69921.0,8008.14,8087.35,8134.0,10.010175,22348.18,22430.100000000002,1.0047798075726972,84.0,100.0,230.0,100.0,184.0,100.0,11.453125670399452,85.2374421541262,0.45071858200533554,5.75,0.31875705314705716,2.0,0.21514682627399637,1.0
round_robin,800,71.0,2196931.0,70075.0,8018.95,8118.25,8166.0,10.0236875,21969.31,22065.35,1.0066770417459627,80.0,100.0,216.0,100.0,174.0,100.0,11.443382090617195,84.84414622034102,0.45657510408838514,5.3,0.3226000270377176,2.0,0.21934917391579434,1.0
round_robin,800,72.0,2209325.0,69246.0,8017.8,8135.2,8193.0,10.02225,22093.25,22214.050000000003,1.0082264945175563,73.0,100.0,203.0,100.0,166.0,100.0,11.578719348410017,85.10693990245889,0.4508938250370588,5.0,0.32143211161780183,2.0,0.2180666040532742,1.0
round_robin,800,73.0,2198650.0,70045.0,8049.61,8126.25,8140.0,10.0620125,21986.5,22069.05,1.0051167762035795,83.0,100.0,224.0,100.0,177.0,100.0,11.492055107430938,84.98735997089123,0.4587374070452323,5.11,0.32618015600482114,2.0,0.22057216928569803,1.0
round_robin,800,74.0,2209952.0,69836.0,8021.91,8113.0,8130.0,10.0273875,22099.52,22199.100000000002,1.0071259466268951,84.0,100.0,227.0,100.0,179.0,100.0,11.486783320923307,85.15091232750757,0.4556533354570597,6.0,0.3233789693169806,2.0,0.21819071183446517,1.0
round_robin,800,75.0,2229287.0,69251.0,7995.25,8083.15,8115.0,9.9940625,22292.87,22387.05,1.0049850019311108,85.0,100.0,222.0,100.0,178.0,100.0,11.54532064518924,85.31783704834774,0.44909874771619807,5.01,0.3198484537881394,2.0,0.2151024071822067,1.0
round_robin,800,76.0,2237907.0,69567.0,8042.11,8128.35,8171.0,10.0526375,22379.07,22464.25,1.006029294336181,87.0,100.0,212.0,100.0,166.0,100.0,11.560236893929593,85.33240076553673,0.4511134734374574,5.97,0.3216214972293308,2.0,0.21636779365719844,1.0
round_robin,800,77.0,2274702.0,69638.0,8031.71,8125.2,8161.0,10.0396375,22747.02,22838.05,1.0055383078750535,82.0,100.0,245.0,100.0,199.0,100.0,11.53351618369281,85.55085677156832,0.44635297282896835,6.0,0.3154725322261993,2.0,0.21241068060783347,1.0
round_robin,800,78.0,1944003.0,64680.0,7217.63,7286.65,7354.0,9.0220375,19440.03,19519.199999999997,1.008846179764126,89.0,100.0,205.0,100.0,157.0,100.0,11.158982683982684,84.49956044306516,0.4364571453850637,5.0,0.311510836145829,2.0,0.20666789094461274,1.0
round_robin,800,79.0,2252176.0,69356.0,8004.04,8099.2,8122.0,10.00505,22521.76,22600.45,1.0044952081897685,81.0,100.0,231.0,100.0,190.0,100.0,11.540515600669012,85.39351986700862,0.4504035208616023,6.0,0.3169583549420649,2.19,0.213306597708172,1.0
round_robin,800,80.0,2309205.0,68995.0,8042.78,8114.15,8144.0,10.053474999999999,23092.05,23184.449999999997,1.004804683863061,86.0,100.0,214.0,100.0,167.0,100.0,11.657047612145808,85.8552800639181,0.4386358075614768,5.63,0.3111334853336971,2.0,0.2097163309450655,1.0
round_robin,800,81.0,2246094.0,69422.0,7987.13,8045.099999999999,8069.0,9.9839125,22460.94,22538.2,1.0044103229873729,97.0,100.0,200.0,100.0,154.0,100.0,11.505185676010486,85.4101658256511,0.44218318556569763,5.33,0.3144253980465644,2.0,0.21313132932103465,1.0
round_robin,800,82.0,1860522.0,63004.0,7051.74,7149.099999999999,7203.0,8.814675,18605.22,18708.15,1.0070292100819016,85.0,100.0,193.0,100.0,154.0,100.0,11.192527458574059,83.99293316606845,0.437612669992615,4.02,0.31242952246735056,2.0,0.20702469521994366,1.0
round_robin,800,83.0,2350083.0,69921.0,8205.97,8284.15,8332.0,10.257462499999999,23500.83,23582.7,1.0053261948620538,81.0,100.0,165.0,100.0,133.0,100.0,11.736059266886915,85.70090971255058,0.43928022967699437,5.78,0.3125698113641093,2.0,0.2130124765806144,1.0
round_robin,800,84.0,2274011.0,69645.0,8171.94,8269.050000000001,8323.0,10.214925,22740.11,22834.05,1.0059757846378052,89.0,100.0,211.0,100.0,163.0,100.0,11.73370665517984,85.19485261944644,0.4492779498428108,5.24,0.3206330136485707,2.0,0.21864186233048125,1.0
round_robin,800,85.0,2279354.0,69494.0,8134.96,8235.25,8274.0,10.1687,22793.54,22895.05,1.0062061443724843,93.0,100.0,210.0,100.0,161.0,100.0,11.705989006245144,85.3832112080879,0.4483217613411519,6.0,0.31835730649999955,2.0,0.2165069576730951,1.0
round_robin,800,86.0,2344551.0,69525.0,8096.87,8252.35,8312.0,10.1210875,23445.51,23621.05,1.010172096917491,91.0,100.0,183.0,100.0,135.0,100.0,11.645983459187343,85.74238948097099,0.43111495548614637,6.0,0.30649109360384996,2.0,0.20886173941193859,1.0
round_robin,800,87.0,2292712.0,69592.0,8112.32,8239.2,8284.0,10.1404,22927.12,23031.15,1.0060574551012076,87.0,100.0,212.0,100.0,170.0,100.0,11.656972065754685,85.5262056464135,0.4445329374121128,5.98,0.31569686903544797,2.0,0.21425804898303843,1.0
round_robin,800,88.0,2294505.0,69630.0,8042.53,8112.400000000001,8179.0,10.0531625,22945.05,23026.2,1.0051841246804867,97.0,100.0,208.0,100.0,155.0,100.0,11.550380583082005,85.65015155774338,0.44091165632674584,6.0,0.31206469369210355,2.0,0.21104900621266898,1.0
round_robin,800,89.0,2263840.0,68941.0,8025.91,8144.099999999999,8222.0,10.0323875,22638.4,22745.5,1.0076683864584068,86.0,100.0,220.0,100.0,176.0,100.0,11.641708127239234,85.50301037175772,0.44481014559332815,5.68,0.31558767404056826,2.0,0.21317363417909393,1.0
round_robin,800,90.0,1897817.0,63945.0,7137.71,7211.05,7252.0,8.9221375,18978.17,19056.25,1.006419480908855,78.0,100.0,214.0,100.0,177.0,100.0,11.162264446008288,84.25087403053087,0.4353285906913048,4.37,0.31245109512666397,2.0,0.20748628555861814,1.0
round_robin,800,91.0,2228262.0,69127.0,7992.79,8105.549999999999,8170.0,9.9909875,22282.62,22410.4,1.008184854384269,85.0,100.0,195.0,100.0,154.0,100.0,11.562471971877848,85.35442465921871,0.4469995000587902,5.0,0.31793972163058026,2.0,0.21509095429532074,1.0
round_robin,800,92.0,2274815.0,69331.0,8135.5,8218.25,8268.0,10.169375,22748.15,22831.050000000003,1.0055762776313677,85.0,100.0,222.0,100.0,181.0,100.0,11.734289134730496,85.53741996601921,0.450220347588705,6.0,0.32055969386521543,2.0,0.21696269806555699,1.0
round_robin,800,93.0,2316176.0,68960.0,8079.92,8220.050000000001,8238.0,10.0999,23161.76,23300.25,1.0078681412811463,90.0,100.0,220.0,100.0,170.0,100.0,11.716821345707656,85.91573179240265,0.4441419823018631,6.0,0.3126126857371806,2.0,0.21068865233039286,1.0
round_robin,800,94.0,2318620.0,69475.0,8064.94,8146.450000000001,8188.0,10.081175,23186.2,23290.5,1.005425641114111,87.0,100.0,202.0,100.0,157.0,100.0,11.608405901403383,85.81768810758123,0.43922936919374456,6.0,0.3112334060777531,2.09,0.2098204966747462,1.0
round_robin,800,95.0,2296787.0,69999.0,8147.2,8225.25,8315.0,10.184,22967.87,23053.3,1.0073637651205793,87.0,100.0,214.0,100.0,167.0,100.0,11.639023414620208,85.48595494488605,0.44672623103491965,6.0,0.31872524531007884,2.0,0.2153965517916986,1.0
round_robin,800,96.0,2315795.0,70168.0,8162.31,8267.05,8285.0,10.202887500000001,23157.95,23261.05,1.0052271466170364,89.0,100.0,211.0,100.0,164.0,100.0,11.632524797628548,85.69352511772415,0.4454444370075935,6.0,0.31630563154337926,2.17,0.2142810568292962,1.0
round_robin,800,97.0,2251760.0,70015.0,8134.05,8214.25,8266.0,10.1675625,22517.6,22629.45,1.007523004227804,97.0,100.0,210.0,100.0,154.0,100.0,11.617581946725702,85.2417748783174,0.4556724517710591,6.0,0.32258899705119554,2.06,0.2191197108039933,1.0
round_robin,800,98.0,1902928.0,63837.0,7145.86,7220.150000000001,7265.0,8.932324999999999,19029.28,19105.35,1.0069219644673892,92.0,100.0,209.0,100.0,159.0,100.0,11.193915754186444,84.46751322172989,0.44254748471828675,5.0,0.3160187878889795,2.0,0.20735729360228028,1.0
round_robin,800,99.0,2319066.0,69936.0,8118.79,8214.25,8248.0,10.1484875,23190.66,23305.1,1.0063534198681712,96.0,100.0,207.0,100.0,152.0,100.0,11.608885266529398,85.73406664579619,0.44494550823478074,6.0,0.3147728438949129,2.06,0.21210219976490535,1.0
round_robin,800,100.0,2260569.0,69270.0,8134.62,8230.050000000001,8268.0,10.168275,22605.69,22684.2,1.0056760045811475,87.0,100.0,214.0,100.0,169.0,100.0,11.743352100476397,85.5583156276141,0.4581063440222351,6.0,0.32373265315060057,2.05,0.2182910585786145,1.0
round_robin,800,101.0,2383877.0,70429.0,8193.3,8272.6,8345.0,10.241624999999999,23838.77,23937.1,1.0068053007768438,79.0,100.0,164.0,100.0,127.0,100.0,11.633418052222806,86.16974030119843,0.43913675076356706,6.0,0.31058062139951015,2.84,0.20946131029411333,1.0
round_robin,800,102.0,2288131.0,69503.0,8083.04,8176.85,8234.0,10.1038,22881.31,22990.75,1.0080716532401335,90.0,100.0,226.0,100.0,180.0,100.0,11.629771376775103,85.73733409494474,0.4476859060954115,6.0,0.3170246808421371,2.04,0.21340736172885205,1.0
round_robin,800,103.0,2287081.0,69434.0,8091.86,8185.25,8207.0,10.114825,22870.81,22961.100000000002,1.0052551702366466,88.0,100.0,190.0,100.0,150.0,100.0,11.65403116628741,85.72508188385108,0.4498760647305452,5.99,0.3186953151200154,2.95,0.21389098156121275,1.0
round_robin,800,104.0,2256624.0,70170.0,8060.87,8152.75,8247.0,10.0760875,22566.24,22700.05,1.009118045363339,89.0,100.0,234.0,100.0,180.0,100.0,11.487630041328202,85.47386582789157,0.453270903792568,6.0,0.3208850920667333,2.0,0.2154045157722332,1.0
round_robin,800,105.0,2252098.0,69547.0,8089.57,8206.0,8241.0,10.111962499999999,22520.98,22644.35,1.006661344222143,88.0,100.0,204.0,100.0,163.0,100.0,11.631802953398422,85.39913227577131,0.4516943756443991,6.0,0.32139453966923287,2.0,0.21711177755142094,1.0
round_robin,800,106.0,1952822.0,65533.0,7363.62,7492.150000000001,7531.0,9.204525,19528.22,19650.55,1.0080795894351866,91.0,100.0,198.0,100.0,155.0,100.0,11.23650679810172,84.22809247335394,0.4450743590557665,5.0,0.3195257939535708,2.0,0.21321042061181203,1.0
round_robin,800,107.0,2266456.0,70199.0,8219.43,8334.6,8387.0,10.2742875,22664.56,22822.449999999997,1.00862315438729,88.0,100.0,209.0,100.0,160.0,100.0,11.708756534993375,85.11762549107505,0.4583455403502208,6.0,0.3255037821162202,2.01,0.2214660244893349,1.0
round_robin,800,108.0,2328873.0,70444.0,8223.28,8315.15,8391.0,10.279100000000001,23288.73,23374.149999999998,1.006237781106999,90.0,100.0,196.0,100.0,150.0,100.0,11.673499517347112,85.53823587632301,0.44654345685659974,6.0,0.31654280847431354,2.01,0.21569574639750644,1.0
round_robin,800,109.0,2326160.0,70195.0,8238.52,8338.2,8383.0,10.29815,23261.6,23355.45,1.0056058052756476,79.0,100.0,214.0,100.0,169.0,100.0,11.736619417337417,85.62457182652956,0.4504500980156137,6.0,0.3194135399112701,2.14,0.21660246930563676,1.0
round_robin,800,110.0,2013875.0,66079.0,7489.76,7589.0,7614.0,9.3622,20138.75,20252.25,1.0069145304450375,80.0,100.0,227.0,100.0,184.0,100.0,11.334554094341621,84.3733230711936,0.44518254608652474,5.0,0.3180410899385513,2.0,0.21301024144994105,1.0
round_robin,800,111.0,2286827.0,70926.0,8293.44,8395.05,8424.0,10.366800000000001,22868.27,22981.25,1.0071597020675371,90.0,100.0,225.0,100.0,177.0,100.0,11.693088571186872,84.8721971535232,0.4512921178558763,5.42,0.32345734941908594,2.0,0.22272957246000682,1.0
round_robin,800,112.0,2341175.0,70674.0,8278.7,8375.1,8383.0,10.348375,23411.75,23503.05,1.004709173812295,82.0,100.0,200.0,100.0,155.0,100.0,11.713925913348614,85.33826476021656,0.4505626448257819,6.0,0.318372612043098,2.11,0.21692953324719425,1.0
round_robin,800,113.0,2329577.0,70940.0,8254.3,8321.2,8335.0,10.317874999999999,23295.77,23372.05,1.0045171290753643,80.0,100.0,211.0,100.0,165.0,100.0,11.635607555680856,85.20881430405606,0.44719406141114887,6.0,0.3180418591014592,2.0,0.21696213518591573,1.0
round_robin,800,114.0,1784846.0,60672.0,6832.38,6938.45,6964.0,8.540475,17848.46,17972.100000000002,1.0080981776579043,80.0,100.0,206.0,100.0,165.0,100.0,11.261174841772151,83.89674403281852,0.4344727780435959,4.0,0.31126270837932235,2.0,0.2035122357895303,1.0
round_robin,800,115.0,2325096.0,70037.0,8179.82,8285.55,8333.0,10.224775,23250.96,23345.399999999998,1.0068401476756228,73.0,100.0,204.0,100.0,171.0,100.0,11.679283807130517,85.68299889552948,0.4499220677339774,6.0,0.3177146233961953,2.68,0.21417696301572064,1.0
round_robin,800,116.0,2302181.0,70206.0,8209.9,8295.15,8325.0,10.262374999999999,23021.81,23144.35,1.0067409990786997,95.0,100.0,220.0,100.0,166.0,100.0,11.694014756573512,85.35207874619763,0.4536042127009127,6.0,0.32069589663019543,2.18,0.21761538297814118,1.0
round_robin,800,117.0,2342392.0,69449.0,8155.07,8249.15,8300.0,10.193837499999999,23423.92,23537.0,1.0079867076048759,82.0,100.0,205.0,100.0,159.0,100.0,11.742530489999856,85.81864222555404,0.4439338078340431,6.0,0.312460510452563,2.0,0.2115388884524879,1.0
round_robin,800,118.0,2302547.0,69608.0,8155.03,8255.1,8315.0,10.1937875,23025.47,23130.1,1.007275855824007,84.0,100.0,220.0,100.0,168.0,100.0,11.715650499942535,85.74899231155759,0.4525605774822403,6.0,0.3200790255312921,2.1,0.21519777880755528,1.0
round_robin,800,119.0,2221877.0,69930.0,8112.34,8203.199999999999,8256.0,10.140425,22218.77,22293.15,1.0049611207101024,87.0,100.0,229.0,100.0,177.0,100.0,11.600657800657801,85.19071667783591,0.460569149417362,5.6,0.32803526027768415,2.0,0.22108964627654906,1.0
round_robin,800,120.0,2238652.0,69392.0,8066.38,8137.25,8172.0,10.082975,22386.52,22463.05,1.0047564337824726,86.0,100.0,216.0,100.0,172.0,100.0,11.624365921143648,85.32603727600359,0.4543242987297713,5.81,0.322118846520138,2.09,0.2173799232752567,1.0
round_robin,800,121.0,2231518.0,69659.0,8044.56,8143.25,8231.0,10.0557,22315.18,22418.3,1.008999255215508,80.0,100.0,210.0,100.0,172.0,100.0,11.548486197045609,85.28220699989872,0.4558892198046352,6.0,0.3212611325564033,2.0,0.2170970612829473,1.0
round_robin,800,122.0,2277501.0,69721.0,8061.61,8200.25,8252.0,10.0770125,22775.01,22906.600000000002,1.0079029603060548,82.0,100.0,211.0,100.0,169.0,100.0,11.562671218140876,85.54477692874778,0.4481385518601309,6.0,0.3168490376074478,2.07,0.2134624748792646,1.0
round_robin,800,123.0,2207415.0,69793.0,8079.6,8138.2,8166.0,10.0995,22074.15,22160.35,1.005565333206488,82.0,100.0,211.0,100.0,162.0,100.0,11.57651913515682,85.0555831141856,0.4641573967740547,5.94,0.3284121925419552,2.04,0.2210549443579934,1.0
round_robin,800,124.0,2249790.0,69985.0,8106.76,8189.0,8229.0,10.13345,22497.9,22570.100000000002,1.0044493041572768,75.0,100.0,210.0,100.0,171.0,100.0,11.58356790740873,85.24091759675348,0.46163019659612675,6.0,0.3228981371594682,2.49,0.21809857808951058,1.0
round_robin,800,125.0,2198138.0,69612.0,8066.41,8128.25,8179.0,10.0830125,21981.38,22032.350000000002,1.0048049758477402,86.0,100.0,230.0,100.0,179.0,100.0,11.587671665804747,84.94353721194939,0.46154881995579894,6.0,0.3270395216314899,2.0,0.22138782915358363,1.0
round_robin,800,126.0,1704888.0,62436.0,6868.86,6938.0,6994.0,8.586075,17048.88,17130.4,1.006693694835086,83.0,100.0,213.0,100.0,163.0,100.0,11.001441476071497,82.89417838591157,0.45919790625542556,4.0,0.327129406741088,2.0,0.21519654076983355,1.0
round_robin,800,127.0,2257757.0,69337.0,8028.77,8156.05,8187.0,10.0359625,22577.57,22702.55,1.0071057248410702,89.0,100.0,224.0,100.0,173.0,100.0,11.579344361596261,85.48071249474589,0.45215672014304464,6.0,0.31651900536683086,2.0,0.2138746552441206,1.0
round_robin,800,128.0,2228178.0,69706.0,8129.23,8266.3,8299.0,10.1615375,22281.78,22441.949999999997,1.0095692534438452,80.0,100.0,200.0,100.0,155.0,100.0,11.662166814908328,85.26033781861234,0.4656544495098686,6.0,0.32869366810012485,2.54,0.22122245170717958,1.0
round_robin,800,129.0,2217058.0,69523.0,8059.75,8152.75,8225.0,10.0746875,22170.58,22239.15,1.0057923608674197,79.0,100.0,221.0,100.0,177.0,100.0,11.592926082016023,85.15569326557988,0.4566772723131285,5.75,0.3244082924307799,2.0,0.21919814456816195,1.0
round_robin,800,130.0,2289614.0,70736.0,8179.54,8253.05,8280.0,10.224425,22896.14,22991.05,1.0056716983736123,84.0,100.0,220.0,100.0,174.0,100.0,11.563475458041166,85.28627270797611,0.4492892688461898,6.0,0.31902757408017246,2.0,0.21748382041689124,1.0
round_robin,800,131.0,2175200.0,69308.0,8081.62,8174.15,8225.0,10.102025,21752.0,21844.449999999997,1.00712578153733,84.0,100.0,216.0,100.0,165.0,100.0,11.660443238875743,84.69742276572269,0.4667534019860243,6.0,0.33098887458624493,2.0,0.2244216623758735,1.0
round_robin,800,132.0,2186951.0,70126.0,8148.41,8232.25,8271.0,10.1855125,21869.51,21934.149999999998,1.0045035302574223,79.0,100.0,216.0,100.0,168.0,100.0,11.619670307731797,84.63025417579087,0.4663040004097028,6.0,0.33291738132221527,2.0,0.2262698158303501,1.0
round_robin,800,133.0,2163575.0,70768.0,8196.85,8263.1,8304.0,10.2460625,21635.75,21710.15,1.0063898871081427,84.0,100.0,211.0,100.0,159.0,100.0,11.582706873163012,84.38530349075026,0.47287660469362053,5.0,0.3384449348878592,2.0,0.23095339888841385,1.0
round_robin,800,134.0,2236918.0,70139.0,8165.54,8265.0,8319.0,10.206925,22369.18,22486.6,1.0082175564772602,95.0,100.0,215.0,100.0,164.0,100.0,11.641939577125422,84.94286156220299,0.45649818187345265,5.8,0.3257969223726574,2.0,0.22198131536337048,1.0
round_robin,800,135.0,2255874.0,70119.0,8148.14,8217.55,8251.0,10.185175000000001,22558.74,22654.85,1.0059515735364652,86.0,100.0,200.0,100.0,158.0,100.0,11.620445243086753,85.20400164193568,0.458074342804607,6.0,0.324000808555797,2.0,0.21934469744320825,1.0
round_robin,800,136.0,2236680.0,70095.0,8111.51,8194.6,8260.0,10.1393875,22366.8,22452.45,1.007430656151081,89.0,100.0,205.0,100.0,156.0,100.0,11.572166345673729,85.15168776937246,0.4585385482053758,6.0,0.32492265321816266,2.01,0.21958930200118032,1.0
round_robin,800,137.0,2209178.0,70027.0,8107.7,8188.349999999999,8251.0,10.134625,22091.78,22157.45,1.0053060459591758,85.0,100.0,210.0,100.0,165.0,100.0,11.577962785782626,84.97731826045705,0.4611439186883085,5.76,0.3281365286092836,2.0,0.22215050122715327,1.0
round_robin,800,138.0,2217750.0,70349.0,8083.65,8187.1,8219.0,10.1045625,22177.5,22279.100000000002,1.0067410663961223,96.0,100.0,207.0,100.0,152.0,100.0,11.490781674224225,85.09385142599481,0.4563715477398264,5.98,0.3243052643444933,2.0,0.220207417427573,1.0
round_robin,800,139.0,2268033.0,69531.0,8073.68,8136.1,8178.0,10.0921,22680.33,22792.05,1.0061581996381885,96.0,100.0,193.0,100.0,151.0,100.0,11.611626468769327,85.43469517418838,0.45015306214680295,6.0,0.3176810037596455,2.01,0.21488576224420014,1.0
round_robin,800,140.0,2315030.0,69651.0,8082.93,8143.45,8160.0,10.1036625,23150.3,23214.05,1.0037882878407625,89.0,100.0,230.0,100.0,179.0,100.0,11.604901580738252,85.76628337429753,0.4469276856023464,6.0,0.3123138793017801,2.12,0.21092296860083887,1.0
round_robin,800,141.0,2284198.0,70022.0,8121.49,8196.6,8231.0,10.1518625,22841.98,22942.45,1.005779709114534,79.0,100.0,210.0,100.0,169.0,100.0,11.598483333809375,85.43687324829108,0.4537308061735454,6.0,0.3173853580118711,2.26,0.21545811702838372,1.0
round_robin,800,142.0,2171202.0,70018.0,8162.32,8258.1,8329.0,10.2029,21712.02,21780.6,1.0072300965087542,82.0,100.0,198.0,100.0,150.0,100.0,11.65745951041161,84.47631127826891,0.4724069893082265,6.0,0.33438206118085745,2.0,0.22855174230679595,1.0
round_robin,800,143.0,2229180.0,70422.0,8210.38,8303.45,8355.0,10.262974999999999,22291.8,22416.35,1.0068724822580501,78.0,100.0,210.0,100.0,171.0,100.0,11.658828207094373,84.93770265299348,0.46874142061206364,6.0,0.3315115872204129,2.85,0.22476336590136284,1.0
round_robin,800,144.0,2201234.0,70307.0,8131.13,8225.1,8243.0,10.1639125,22012.34,22104.0,1.0046637476978821,77.0,100.0,197.0,100.0,163.0,100.0,11.565178431735104,84.7769755509864,0.46616261605990095,6.0,0.3296001242939188,2.0,0.22401661976872972,1.0
round_robin,800,145.0,2196179.0,70163.0,8200.03,8269.2,8313.0,10.250037500000001,21961.79,22049.05,1.0062021356182715,69.0,100.0,226.0,100.0,190.0,100.0,11.687114291008081,84.7909405380891,0.46877554152006734,5.63,0.335293707844397,2.0,0.22766951145603342,1.0
round_robin,800,146.0,2281272.0,70463.0,8097.36,8198.2,8234.0,10.121699999999999,22812.72,22912.050000000003,1.0058423546161965,80.0,100.0,208.0,100.0,165.0,100.0,11.491648099002314,85.40211688917411,0.451769451428852,6.0,0.31753863633972623,2.24,0.21467672421350895,1.0
round_robin,800,147.0,2248645.0,70634.0,8160.32,8236.2,8260.0,10.2004,22486.45,22564.05,1.0038489846107321,81.0,100.0,200.0,100.0,163.0,100.0,11.552963162216496,85.11367334550363,0.4577232066422223,6.0,0.3247711399531718,2.0,0.22059151177709244,1.0
round_robin,800,148.0,2175177.0,69491.0,8094.99,8168.1,8195.0,10.1187375,21751.77,21817.15,1.0053894464680346,79.0,100.0,212.0,100.0,170.0,100.0,11.648976126404857,84.77963540438319,0.4683411970612047,5.05,0.33350159550234304,2.0,0.22503869800020873,1.0
round_robin,800,149.0,2187328.0,70100.0,8092.66,8174.549999999999,8207.0,10.115825,21873.28,21998.350000000002,1.0077592386692806,78.0,100.0,209.0,100.0,174.0,100.0,11.544450784593439,84.8150720879539,0.4587574428709366,5.32,0.3288843739942066,2.0,0.22368204494250518,1.0
round_robin,800,150.0,2219861.0,69712.0,8033.57,8141.700000000001,8212.0,10.0419625,22198.61,22328.8,1.0085316152678028,77.0,100.0,216.0,100.0,175.0,100.0,11.523941358733072,85.12492043420737,0.45213731850778044,5.03,0.32180032893951466,2.0,0.2177420117746111,1.0
round_robin,800,151.0,2221490.0,69648.0,8093.17,8170.05,8189.0,10.1164625,22214.9,22288.15,1.0044159550571914,85.0,100.0,217.0,100.0,169.0,100.0,11.620103951297956,85.1679237808858,0.4586093117682276,6.0,0.3254464346002008,2.0,0.2202652273924258,1.0
round_robin,800,152.0,2256698.0,69930.0,8108.6,8177.1,8222.0,10.13575,22566.98,22651.3,1.005318389966225,86.0,100.0,214.0,100.0,170.0,100.0,11.595309595309596,85.31747003808219,0.4548818672237047,6.0,0.3224791265822897,2.08,0.21751248948685203,1.0
round_robin,800,153.0,2205924.0,69550.0,8083.89,8197.05,8240.0,10.104862500000001,22059.24,22161.65,1.006426332004185,85.0,100.0,204.0,100.0,157.0,100.0,11.6231344356578,85.0061747367543,0.46068404895182247,5.96,0.32727374107176854,2.0,0.2213988333233602,1.0
round_robin,800,154.0,2211635.0,69903.0,8180.75,8254.25,8295.0,10.2259375,22116.35,22187.3,1.0053648092926726,85.0,100.0,211.0,100.0,167.0,100.0,11.703002732357696,84.78197668240917,0.4619134712554287,5.3,0.33027375674557513,2.0,0.2252066909774895,1.0
round_robin,800,155.0,2235974.0,70396.0,8209.79,8293.15,8327.0,10.262237500000001,22359.74,22430.050000000003,1.0042603357641904,84.0,100.0,195.0,100.0,150.0,100.0,11.662296153190523,84.82552167422341,0.4593653593467545,5.37,0.328498005790765,2.0,0.22405403640650562,1.0
round_robin,800,156.0,2195467.0,70115.0,8190.89,8266.4,8312.0,10.2386125,21954.67,22030.0,1.0056630320565056,78.0,100.0,216.0,100.0,169.0,100.0,11.682079440918491,84.6233785340431,0.4656257643590179,6.0,0.33280299817760867,2.0,0.2273270333828748,1.0
round_robin,800,157.0,2166238.0,70533.0,8194.14,8301.4,8325.0,10.242674999999998,21662.38,21762.4,1.0062144602762946,89.0,100.0,212.0,100.0,158.0,100.0,11.61745565905321,84.32636857076646,0.4658403185614877,5.0,0.3365027296169673,2.0,0.23054438154994972,1.0
round_robin,800,158.0,2212076.0,70654.0,8267.49,8357.050000000001,8377.0,10.3343625,22120.76,22197.3,1.0039890130357185,87.0,100.0,233.0,100.0,176.0,100.0,11.701375718289126,84.63514861153052,0.4642458034895727,5.94,0.33345011654210793,2.0,0.22908299714838007,1.0
round_robin,800,159.0,2178063.0,70014.0,8199.2,8281.15,8308.0,10.249,21780.63,21883.0,1.0055264700791482,79.0,100.0,227.0,100.0,178.0,100.0,11.710800697003457,84.48756257279977,0.4692513485606247,6.0,0.33466111861778103,2.0,0.22952504128668455,1.0
round_robin,800,160.0,2231899.0,70791.0,8191.41,8292.3,8338.0,10.2392625,22318.99,22410.15,1.0064523529066502,88.0,100.0,219.0,100.0,163.0,100.0,11.571259058354876,84.93075403501682,0.4649139589201841,6.0,0.32929895125182634,2.03,0.22363960017904036,1.0
round_robin,800,161.0,2193243.0,70229.0,8114.77,8191.150000000001,8226.0,10.1434625,21932.43,22028.550000000003,1.006181257617145,79.0,100.0,215.0,100.0,170.0,100.0,11.554728103774794,84.77352623489509,0.4666879137423441,6.0,0.32984352395060645,2.0,0.22408688868492913,1.0
round_robin,800,162.0,1820750.0,64693.0,7255.38,7346.05,7380.0,9.069225,18207.5,18293.15,1.006068927639709,80.0,100.0,197.0,100.0,157.0,100.0,11.215092823025675,83.41420403679803,0.4654581903061925,5.0,0.33478511602361666,2.0,0.2227312920499794,1.0
round_robin,800,163.0,2181928.0,70172.0,8181.35,8255.2,8309.0,10.2266875,21819.28,21909.1,1.0054868904931786,74.0,100.0,204.0,100.0,168.0,100.0,11.658995040756997,84.70503288834462,0.4738676069971145,5.83,0.3368887515995028,2.12,0.228300383880678,1.0
round_robin,800,164.0,2316738.0,70246.0,8147.33,8271.3,8333.0,10.1841625,23167.38,23290.6,1.008573261197425,74.0,100.0,209.0,100.0,164.0,100.0,11.598283176266264,85.64800465136757,0.4474014756955685,6.0,0.3155445285569624,2.12,0.21354723753829738,1.0
round_robin,800,165.0,2510038.0,70024.0,8106.14,8205.050000000001,8225.0,10.132675,25100.38,25195.45,1.0050843851766387,69.0,100.0,153.0,100.0,115.0,100.0,11.576231006512053,86.8260799238896,0.41455906245244095,6.0,0.2899944144271919,2.68,0.19546078585264445,1.0
round_robin,800,166.0,2521478.0,70897.0,8201.89,8287.15,8309.0,10.252362499999998,25214.78,25286.2,1.0051644313374934,59.0,100.0,158.0,100.0,131.0,100.0,11.56874056730186,86.66699174055852,0.41234545770377534,6.0,0.2917316748351562,2.17,0.19837135204035095,1.0
round_robin,800,167.0,2495982.0,70608.0,8259.15,8365.0,8411.0,10.3239375,24959.82,25046.0,1.0051354537011885,53.0,100.0,143.0,100.0,120.0,100.0,11.697187287559483,86.4610678282135,0.4148671745228932,6.0,0.2960389938709494,2.0,0.20269176620664733,1.0
round_robin,800,168.0,2505128.0,69669.0,8203.6,8305.4,8322.0,10.2545,25051.28,25165.050000000003,1.0051781785202194,70.0,100.0,159.0,100.0,116.0,100.0,11.775108010736483,86.61761874043961,0.413090668420935,6.0,0.2925714773855867,2.0,0.19973430499359712,1.0
round_robin,800,169.0,2413563.0,70158.0,8169.94,8267.05,8311.0,10.212425,24135.63,24232.300000000003,1.0061887756814303,58.0,100.0,172.0,100.0,138.0,100.0,11.645058296986802,86.07363801980723,0.42423587037089977,5.96,0.30285267051243325,2.0,0.2059171440728914,1.0
round_robin,800,170.0,2515054.0,70742.0,8125.72,8235.35,8254.0,10.15715,25150.54,25251.0,1.0048690803457898,66.0,100.0,161.0,100.0,123.0,100.0,11.486415425065731,86.63077214246692,0.410156203405573,6.0,0.28959855335114076,2.04,0.19584947281450021,1.0
round_robin,800,171.0,2476061.0,70047.0,8132.39,8232.05,8258.0,10.165487500000001,24760.61,24851.1,1.0048217713537753,60.0,100.0,174.0,100.0,139.0,100.0,11.609904778220338,86.54545465560017,0.4197388513449386,6.0,0.2952863439147905,2.4,0.19920308909998583,1.0
round_robin,800,172.0,2499566.0,70398.0,8154.43,8259.050000000001,8301.0,10.1930375,24995.66,25081.05,1.005254512183315,61.0,100.0,184.0,100.0,151.0,100.0,11.583326230858832,86.62825026424588,0.4095142916810358,5.58,0.2917306444398748,2.0,0.19821160953541536,1.0
round_robin,800,173.0,2082320.0,63535.0,7193.96,7288.2,7365.0,8.99245,20823.2,20951.1,1.009402973606362,76.0,100.0,189.0,100.0,148.0,100.0,11.322829936255607,85.67316550770295,0.40663490721887124,5.0,0.2911012716585347,2.0,0.19180337316070536,1.0
round_robin,800,174.0,2512021.0,70517.0,8125.0,8227.15,8281.0,10.15625,25120.21,25249.5,1.007316419727383,68.0,100.0,168.0,100.0,135.0,100.0,11.522044329736092,86.76241639699668,0.4128082527972497,6.0,0.2906472517546629,2.23,0.19605727818358207,1.0
round_robin,800,175.0,2473620.0,70351.0,8112.39,8198.05,8226.0,10.1404875,24736.2,24831.399999999998,1.0048431044380302,58.0,100.0,179.0,100.0,146.0,100.0,11.531307301957328,86.56995617758588,0.4148405979899904,6.0,0.29349900146344227,2.0,0.1985911336421924,1.0
round_robin,800,176.0,2461677.0,70046.0,8069.48,8195.4,8238.0,10.08685,24616.77,24729.2,1.005615277715151,62.0,100.0,176.0,100.0,141.0,100.0,11.520258116095137,86.57027140441252,0.41359041011473074,6.0,0.2933833317693589,2.0,0.19781149192197026,1.0
round_robin,800,177.0,2229395.0,67565.0,7648.48,7745.05,7784.0,9.560599999999999,22293.95,22387.45,1.005519434644825,71.0,100.0,200.0,100.0,159.0,100.0,11.320180566861541,85.64088553172498,0.41313315944460266,5.0,0.2968401741279585,2.0,0.19953754269656118,1.0
round_robin,800,178.0,2520367.0,70933.0,8210.33,8310.5,8360.0,10.2629125,25203.67,25284.9,1.0057662237285285,64.0,100.0,170.0,100.0,135.0,100.0,11.5747677385702,86.51597287220473,0.41017002682545833,6.0,0.2917924254681957,2.0,0.1987936677475939,1.0
round_robin,800,179.0,2534626.0,70752.0,8293.87,8370.0,8403.0,10.367337500000001,25346.26,25405.2,1.0038561902229364,66.0,100.0,160.0,100.0,124.0,100.0,11.722453075531433,86.63584173759757,0.41678338342619387,6.0,0.29578209960759494,2.63,0.20097126755584452,1.0
round_robin,800,180.0,2549170.0,70791.0,8223.89,8306.25,8348.0,10.2798625,25491.7,25567.0,1.0045622692876504,66.0,100.0,165.0,100.0,130.0,100.0,11.617140596968541,86.64861229341315,0.40646484934311955,6.0,0.2890964510016986,2.0,0.19707944154371815,1.0
round_robin,800,181.0,2480168.0,69864.0,8210.9,8285.55,8329.0,10.263625,24801.68,24900.05,1.0051335232129437,55.0,100.0,159.0,100.0,135.0,100.0,11.752690942402381,86.3876761574216,0.4162794617138839,6.0,0.2958545550140152,2.0,0.20203873286003207,1.0
round_robin,800,182.0,2459488.0,70362.0,8176.53,8242.0,8264.0,10.2206625,24594.88,24656.0,1.0035828595219818,60.0,100.0,153.0,100.0,122.0,100.0,11.620661720815212,86.28131424101277,0.41344905931641057,6.0,0.2956493383988863,2.0,0.20234008053708738,1.0
round_robin,800,183.0,2494089.0,70356.0,8207.94,8271.45,8364.0,10.259925,24940.89,25042.0,1.0076625172557996,70.0,100.0,158.0,100.0,120.0,100.0,11.66629711751663,86.43885041792815,0.41179645152999755,6.0,0.2937008262335466,2.0,0.20079235344047466,1.0
round_robin,800,184.0,2480449.0,70128.0,8156.09,8222.05,8262.0,10.1951125,24804.49,24917.05,1.0070757350786086,63.0,100.0,160.0,100.0,129.0,100.0,11.630290326260551,86.48475941250959,0.4153800380495628,6.0,0.2946470578512197,2.0,0.1998061641259304,1.0
round_robin,800,185.0,2448465.0,70473.0,8117.11,8200.2,8237.0,10.1463875,24484.65,24572.3,1.0055279532278385,66.0,100.0,150.0,100.0,120.0,100.0,11.518042370837058,86.41096482898469,0.4144294486545652,5.28,0.29697014251786324,2.0,0.2008241898495588,1.0
round_robin,800,186.0,2499335.0,70336.0,8150.25,8269.7,8321.0,10.1878125,24993.35,25125.15,1.0072679332702499,68.0,100.0,164.0,100.0,129.0,100.0,11.587593835304823,86.63857826181764,0.40843584393448656,6.0,0.29105141967763426,2.0,0.19806268467412333,1.0
round_robin,800,187.0,2464616.0,70258.0,8148.56,8213.0,8282.0,10.1857,24646.16,24720.199999999997,1.004578400854332,69.0,100.0,156.0,100.0,119.0,100.0,11.598052890774005,86.43564677012564,0.4095883496658303,5.0,0.2939954946328353,2.0,0.2007842195295332,1.0
round_robin,800,188.0,2393120.0,70517.0,8193.98,8270.0,8291.0,10.242474999999999,23931.2,24024.1,1.0046299391589222,72.0,100.0,152.0,100.0,114.0,100.0,11.619864713473348,86.01836514675402,0.43221944574446747,6.0,0.30708823627732834,2.0,0.2086807180584342,1.0
round_robin,800,189.0,2237030.0,70451.0,8160.21,8252.949999999999,8307.0,10.200262500000001,22370.3,22493.95,1.0075859510154088,82.0,100.0,234.0,100.0,184.0,100.0,11.582816425600772,84.98405966839962,0.45986017174557337,6.0,0.32699695578512583,2.0,0.22173193922298762,1.0
round_robin,800,190.0,2246752.0,70244.0,8183.81,8276.55,8301.0,10.2297625,22467.52,22550.4,1.0058520032473544,89.0,100.0,203.0,100.0,160.0,100.0,11.650546665907408,84.95727387802481,0.45608282534075856,5.3,0.3251547122245802,2.0,0.2218228803178989,1.0
round_robin,800,191.0,2316523.0,71181.0,8231.21,8357.0,8372.0,10.289012499999998,23165.23,23251.1,1.0046090628066286,95.0,100.0,191.0,100.0,146.0,100.0,11.563774040825502,85.38899592190538,0.44646394618141066,6.0,0.3186659489243146,2.0,0.21718800115517956,1.0
round_robin,800,192.0,2295159.0,70835.0,8262.14,8345.0,8359.0,10.327675,22951.59,23028.0,1.0048105599655623,88.0,100.0,206.0,100.0,162.0,100.0,11.663923201807016,85.29185385413385,0.4488900333266671,5.11,0.32299810165657367,2.0,0.2205572685813924,1.0
round_robin,800,193.0,2246656.0,70499.0,8215.53,8311.05,8334.0,10.269412500000001,22466.56,22569.05,1.0059394940747493,83.0,100.0,223.0,100.0,183.0,100.0,11.653399338997716,85.07848776136623,0.45642412545578853,5.89,0.3280324179580675,2.0,0.22324423498746582,1.0
round_robin,800,194.0,2276801.0,70358.0,8194.39,8278.0,8308.0,10.2429875,22768.01,22869.4,1.0050065859949993,86.0,100.0,215.0,100.0,168.0,100.0,11.646706842150147,85.37688142266276,0.45621685865387446,6.0,0.3239778092156495,2.53,0.21935997041463,1.0
round_robin,800,195.0,2212860.0,70518.0,8232.13,8314.25,8370.0,10.2901625,22128.6,22218.2,1.0051245898972372,84.0,100.0,221.0,100.0,171.0,100.0,11.673799597265946,84.74856836853664,0.465787261733684,5.53,0.3336397241578771,2.0,0.22740390264183002,1.0
round_robin,800,196.0,2270691.0,70512.0,8255.46,8385.1,8440.0,10.319325,22706.91,22813.05,1.0075347107994879,82.0,100.0,209.0,100.0,167.0,100.0,11.70787950987066,85.26820249871075,0.4610671377127051,6.0,0.32883426234569124,2.26,0.2226397162801984,1.0
round_robin,800,197.0,2256539.0,70097.0,8106.58,8170.5,8205.0,10.133225,22565.39,22631.1,1.0044142822260107,76.0,100.0,199.0,100.0,160.0,100.0,11.564803058618772,85.27781084217911,0.44826081002810053,5.92,0.32007024917362387,2.0,0.21743829820800792,1.0
round_robin,800,198.0,1931071.0,68591.0,7576.6,7643.0,7666.0,9.47075,19310.71,19374.0,1.004468504783097,79.0,100.0,204.0,100.0,159.0,100.0,11.046055604962751,83.30856607550939,0.45762739951042714,5.0,0.33381786583714423,2.0,0.2266410711983143,1.0
round_robin,800,199.0,1901866.0,69691.0,7585.77,7636.65,7720.0,9.482212500000001,19018.66,19085.0,1.0067481094882604,74.0,100.0,190.0,100.0,152.0,100.0,10.884863181759481,83.02122704754173,0.46053086810532395,5.0,0.337487499119286,2.0,0.23060352306629384,1.0
visibility_07,200,0.0,2356185.0,69866.0,5946.78,7114.05,7118.0,29.7339,23561.85,22876.0,3.8834811358191317,7.0,99.71428571428571,21.0,95.19047619047619,17.0,94.05882352941177,8.51169381387227,51.08286530981226,0.2661200202870318,76.0,0.23672504493492658,0.84,0.22246470459662548,0.84
visibility_07,200,1.0,2216146.0,69183.0,5695.26,5997.05,6002.0,28.476300000000002,22161.46,21516.0,3.883453526978818,6.0,100.0,28.0,95.14285714285714,25.0,94.56,8.232166861801309,49.92882734260288,0.2679994910082639,75.0,0.2393777305285843,0.95,0.22223084580167551,0.95
visibility_07,200,2.0,2220905.0,69668.0,5749.84,6222.0,6225.0,28.749200000000002,22209.05,21563.0,3.883506948743868,8.0,99.875,20.0,95.65,16.0,94.5625,8.253200895676638,49.529976293447945,0.2761536400701516,74.0,0.2414911939051873,0.93,0.22474126538505698,0.93
visibility_07,200,3.0,2249228.0,70103.0,5865.17,6237.0,6240.0,29.32585,22492.28,21838.0,3.883510253295798,6.0,100.0,25.0,95.36,22.0,94.72727272727273,8.366503573313553,49.83583656258948,0.2718786179080111,76.0,0.2434973244153105,0.94,0.22678047756830344,0.94
visibility_07,200,4.0,2087998.0,67188.0,5414.74,5581.0,5585.0,27.0737,20879.98,20272.0,3.8834807313033823,5.0,100.0,20.0,93.4,18.0,92.66666666666667,8.059087932368875,46.488499031129344,0.2665141441706362,72.0,0.2403565520656629,0.98,0.22168124682111764,0.97
visibility_07,200,5.0,2209961.0,69013.0,5722.69,5994.05,5998.0,28.613449999999997,22099.61,21456.0,3.8834621968441976,6.0,100.0,20.0,94.6,17.0,93.6470588235294,8.292191326271862,48.883884376240125,0.2699907373931033,75.0,0.24120108906899262,0.96,0.2238252168250933,0.96
visibility_07,200,6.0,2259801.0,69281.0,5881.3,6204.099999999999,6210.0,29.4065,22598.01,21940.0,3.88348354567504,5.0,100.0,22.0,94.36363636363636,19.0,93.47368421052632,8.48905183239272,50.82751180303045,0.26800589963452537,77.0,0.24298821002380297,0.95,0.22617257006258515,0.95
visibility_07,200,7.0,2322414.0,69156.0,5753.36,6891.0,6897.0,28.7668,23224.14,22548.0,3.883502252397721,4.0,100.0,21.0,95.85714285714286,19.0,95.42105263157895,8.319393834229857,51.499122464814626,0.25220998495530944,77.0,0.23185874697620665,0.84,0.21740912688263161,0.83
visibility_07,200,8.0,2391711.0,68674.0,5870.84,7174.0,7178.0,29.354200000000002,23917.11,23221.0,3.883495957496537,8.0,100.0,20.0,96.8,16.0,96.0,8.548854005882866,53.187549833571026,0.26253673625283325,77.0,0.23018667389161984,0.82,0.2164726423886498,0.82
visibility_07,200,9.0,2366019.0,69522.0,5735.97,6890.05,6892.0,28.679850000000002,23660.19,22972.0,3.88352756254282,6.0,100.0,21.0,97.80952380952381,17.0,97.29411764705883,8.25058254940882,51.79305914280486,0.25350472671605767,78.0,0.226919141393201,0.83,0.21288713235185347,0.83
visibility_07,200,10.0,2369488.0,70253.0,5837.71,7168.0,7176.0,29.18855,23694.88,23005.0,3.8834971943305896,5.0,100.0,19.0,96.94736842105263,16.0,96.375,8.309552616970095,51.933095250957166,0.2539666797215263,77.0,0.23105244677331135,0.81,0.217378606686339,0.81
visibility_07,200,11.0,2307606.0,70218.0,6078.96,6338.049999999999,6344.0,30.3948,23076.06,22404.0,3.883461908142031,9.0,99.88888888888889,23.0,97.82608695652173,19.0,97.36842105263158,8.657267367341706,50.842777753221306,0.28437263553656905,77.0,0.24634621334837922,0.97,0.22953225117286052,0.97
visibility_07,200,12.0,2401851.0,70125.0,6044.04,7131.0,7137.0,30.2202,24018.51,23319.0,3.8834632123308235,7.0,99.28571428571429,28.0,95.85714285714286,25.0,95.36,8.618951871657755,53.14642998254263,0.2655947433874957,78.0,0.2361945016572635,0.85,0.22203875261204795,0.85
visibility_07,200,13.0,2360882.0,69802.0,5897.38,6910.0,6912.0,29.486900000000002,23608.82,22922.0,3.8835062489357792,8.0,100.0,21.0,98.57142857142857,17.0,98.23529411764706,8.448726397524426,51.83270955515778,0.26707730416005543,77.0,0.23407268978288623,0.85,0.21967129233904956,0.85
visibility_07,200,14.0,2263751.0,70334.0,5870.47,6379.05,6385.0,29.35235,22637.51,21979.0,3.8835101563732057,6.0,100.0,23.0,96.43478260869566,19.0,95.6842105263158,8.346560696107145,49.462736846941205,0.2703685166787337,76.0,0.24234069913166245,0.92,0.2260844942752096,0.92
visibility_07,200,15.0,2317035.0,70255.0,5930.42,6872.0,6881.0,29.6521,23170.35,22496.0,3.8834976597246054,6.0,100.0,17.0,97.41176470588235,14.0,96.85714285714286,8.441278200839799,49.783136637987774,0.2667383099521587,76.0,0.23985740396670746,0.86,0.22501084359968668,0.86
visibility_07,200,16.0,2238298.0,69242.0,5939.46,6062.049999999999,6067.0,29.6973,22382.98,21731.05,3.883531147327121,6.0,100.0,25.0,96.04,21.0,95.28571428571429,8.577828485601225,49.680825788165826,0.27652528841110524,76.0,0.24757203911186088,0.99,0.22995463517369,0.98
visibility_07,200,17.0,2295521.0,69826.0,6016.2,6210.15,6218.0,30.081,22955.21,22287.0,3.8834756902681353,6.0,100.0,20.0,94.9,17.0,94.0,8.61598831380861,50.229011627425756,0.2734978246768381,78.0,0.24491259282751063,0.97,0.22801011186567233,0.97
visibility_07,200,18.0,2195324.0,69625.0,5798.86,5907.0,5912.0,28.9943,21953.24,21314.0,3.8834814359976018,9.0,100.0,15.0,98.06666666666666,9.0,96.77777777777777,8.328703770197487,47.6729239055374,0.28496294852149384,74.0,0.24601243369999143,0.99,0.22797409402894517,0.99
visibility_07,200,19.0,2257239.0,69955.0,5812.13,5990.25,5997.0,29.06065,22572.39,21915.0,3.883461166495883,8.0,100.0,23.0,96.73913043478261,17.0,95.58823529411765,8.308383961117862,49.83688036579201,0.27521365703853246,77.0,0.23993781783851864,0.98,0.22268266674463802,0.97
visibility_07,200,20.0,2268249.0,70291.0,5948.84,6263.05,6267.0,29.7442,22682.49,22022.0,3.883480164655644,7.0,100.0,26.0,96.03846153846153,20.0,94.85,8.463160290791139,49.23603890049108,0.2765939718258445,76.0,0.24505642898993893,0.95,0.22830341818733305,0.95
visibility_07,200,21.0,2282356.0,69353.0,5929.3,6446.0,6453.0,29.6465,22823.56,22159.0,3.883487063367853,7.0,100.0,25.0,95.32,20.0,94.15,8.549449915648927,50.154103040892835,0.2740282409930791,76.0,0.24293931358648693,0.92,0.22681562385534948,0.92
visibility_07,200,22.0,2249442.0,70193.0,5837.68,5981.0,5985.0,29.1884,22494.42,21840.0,3.8834964404505654,5.0,100.0,24.0,95.41666666666667,21.0,94.76190476190476,8.316612767654894,49.50789884780314,0.26729962363999604,77.0,0.2419079931823092,0.98,0.22448144917717372,0.98
visibility_07,200,23.0,2182009.0,70552.0,5887.51,5900.049999999999,5906.0,29.43755,21820.09,21185.0,3.883485356843166,4.0,100.0,19.0,96.52631578947368,17.0,96.11764705882354,8.344922893752127,46.989396927327064,0.27403874136174505,75.0,0.2514888802016857,1.0,0.23315715013091146,1.0
visibility_07,200,24.0,2234461.0,70525.0,5793.39,6036.0,6037.0,28.96695,22344.61,21694.0,3.88348689012697,7.0,100.0,22.0,94.63636363636364,17.0,93.05882352941177,8.214661467564694,48.462190210525044,0.2735111510113625,76.0,0.24171869636570073,0.96,0.22453334383549323,0.96
visibility_07,200,25.0,2250030.0,70505.0,5738.65,6204.0,6209.0,28.69325,22500.3,21845.0,3.8834593316533557,9.0,100.0,23.0,96.3913043478261,18.0,95.38888888888889,8.139351819019927,49.702987960160534,0.2757585454416163,75.0,0.23786438403043514,0.93,0.22133127113860704,0.93
visibility_07,200,26.0,2251967.0,70829.0,5877.51,6243.0,6250.0,29.38755,22519.67,21864.0,3.8834938522633773,6.0,100.0,21.0,94.61904761904762,17.0,93.3529411764706,8.298168829151901,49.05208513268622,0.2720959054906222,76.0,0.2436629844043008,0.95,0.22688698369025834,0.94
visibility_07,200,27.0,2249619.0,68289.0,5650.8,6518.0,6529.0,28.254,22496.19,21841.0,3.8834575988200672,9.0,100.0,24.0,96.125,18.0,94.83333333333333,8.274831964152353,51.976378666787575,0.27110368466838164,73.0,0.23451215516938645,0.87,0.2190428690369347,0.87
visibility_07,200,28.0,2365873.0,70221.0,5978.35,6793.0,6795.0,29.891750000000002,23658.73,22970.0,3.88347134440437,7.0,100.0,28.0,96.10714285714286,23.0,95.26086956521739,8.513621281383061,52.268741390598734,0.2670198273533702,78.0,0.23676292007221014,0.88,0.22188469119010193,0.88
visibility_07,200,29.0,2230349.0,70177.0,5907.18,6116.099999999999,6129.0,29.5359,22303.49,21654.0,3.8834729452655163,8.0,100.0,18.0,94.33333333333333,12.0,91.5,8.417544209641335,49.12679719631322,0.2824302384963071,75.0,0.24717835639175753,0.97,0.22978197582530804,0.97
visibility_07,200,30.0,2250147.0,69355.0,5788.6,6093.0,6094.0,28.943,22501.47,21847.0,3.883524054206236,5.0,100.0,21.0,95.38095238095238,19.0,94.89473684210526,8.346334078292841,49.534117993180004,0.2650360176468471,77.0,0.23991099248182451,0.95,0.22302320692825847,0.95
visibility_07,200,31.0,2308889.0,69186.0,5754.07,6938.049999999999,6947.0,28.770349999999997,23088.89,22417.0,3.883512806375707,8.0,100.0,22.0,95.81818181818181,17.0,94.58823529411765,8.316812649958084,51.969402600124994,0.2658451748871427,74.0,0.23330311678040824,0.83,0.21892390669278602,0.83
visibility_07,200,32.0,2257589.0,69941.0,5862.71,6492.05,6505.0,29.31355,22575.89,21919.0,3.883523528861985,6.0,100.0,19.0,94.84210526315789,17.0,94.23529411764706,8.382365136329192,49.710149190131595,0.2704969770848458,75.0,0.24274436135186697,0.91,0.22662096599513906,0.91
visibility_07,200,33.0,2197569.0,69415.0,5725.72,5845.0,5852.0,28.628600000000002,21975.69,21336.0,3.8834730559085973,5.0,100.0,19.0,91.21052631578948,16.0,89.5625,8.248534178491681,47.47901704110315,0.2682864565344706,76.0,0.24243470853474908,0.99,0.2245635973204937,0.98
visibility_07,200,34.0,2263680.0,70152.0,5961.75,6174.05,6181.0,29.80875,22636.8,21978.0,3.8834994345490528,6.0,100.0,17.0,95.29411764705883,14.0,94.28571428571429,8.498332192952446,49.68337971798134,0.2744133446423523,77.0,0.24595216638394118,0.97,0.22881193454905288,0.97
visibility_07,200,35.0,2097603.0,68219.0,5511.93,5912.0,5920.0,27.55965,20976.03,20366.0,3.8835280079214227,7.0,100.0,19.0,94.89473684210526,15.0,93.53333333333333,8.079757838725282,47.3302479067774,0.2762643836798479,70.0,0.24425546683524002,0.94,0.22634073273159888,0.93
visibility_07,200,36.0,2214404.0,69727.0,5903.75,5919.0,5927.0,29.51875,22144.04,21500.0,3.8835280283091973,6.0,100.0,19.0,95.52631578947368,15.0,94.33333333333333,8.466949675161702,47.9205483732869,0.2776282015386533,76.0,0.2485431745968667,1.0,0.23047962341108488,1.0
visibility_07,200,37.0,2212572.0,70420.0,5813.85,5931.0,5935.0,29.06925,22125.72,21482.0,3.8834894412475616,5.0,100.0,20.0,95.05,18.0,94.5,8.25596421471173,47.75443872560983,0.27045040794152686,76.0,0.24477395537862723,0.99,0.22696029778917928,0.98
visibility_07,200,38.0,2210163.0,69599.0,5900.91,6099.05,6104.0,29.50455,22101.63,21458.0,3.8834692282876873,6.0,100.0,17.0,96.82352941176471,13.0,95.84615384615384,8.478440782195147,48.355638475533254,0.2780297199799291,75.0,0.24915492658233804,0.97,0.23159966029654827,0.97
visibility_07,200,39.0,2196816.0,68969.0,5683.99,6115.0,6118.0,28.41995,21968.16,21329.0,3.8834840969839988,7.0,100.0,20.0,94.35,16.0,92.9375,8.241369310849802,48.79886981886512,0.27289449821924094,74.0,0.2411444563404491,0.93,0.22421085789615516,0.93
visibility_07,200,40.0,2230566.0,69554.0,5780.08,6145.0,6148.0,28.9004,22305.66,21656.0,3.8834537960320383,7.0,99.85714285714286,20.0,93.65,17.0,92.52941176470588,8.310205020559565,48.88923573657986,0.2733539379691074,75.0,0.24163104790443324,0.95,0.2245950131042973,0.95
visibility_07,200,41.0,2259337.0,69146.0,5889.75,6327.0,6330.0,29.44875,22593.37,21936.0,3.8834844027252244,6.0,100.0,19.0,94.63157894736842,17.0,94.0,8.517846296242732,49.14717193583781,0.27175007535396445,76.0,0.24354578356393933,0.93,0.22708077635164653,0.93
visibility_07,200,42.0,2267508.0,69436.0,5793.12,6313.049999999999,6318.0,28.9656,22675.08,22015.0,3.8834703119018763,10.0,99.7,18.0,95.44444444444444,12.0,93.16666666666667,8.343107321850336,49.24683970243986,0.2792007790049693,75.0,0.23851514526078849,0.92,0.22228587506637243,0.92
visibility_07,200,43.0,2183321.0,68292.0,5528.79,5762.0,5765.0,27.64395,21833.21,21198.0,3.883487586113082,9.0,100.0,22.0,95.95454545454545,16.0,94.4375,8.095809172377438,48.996849295179224,0.27415986930002506,74.0,0.23525766481428978,0.96,0.2176697792033329,0.96
visibility_07,200,44.0,2363759.0,69354.0,5894.54,6746.049999999999,6754.0,29.4727,23637.59,22950.0,3.883517735945162,10.0,99.3,16.0,95.25,13.0,94.15384615384616,8.499206967154022,52.145493681885505,0.27283745931797615,77.0,0.23341677387584775,0.88,0.21852523882510866,0.88
visibility_07,200,45.0,2239026.0,69001.0,5698.35,5935.1,5941.0,28.491750000000003,22390.26,21739.0,3.8835189944198953,9.0,100.0,22.0,95.81818181818181,17.0,94.58823529411765,8.258358574513412,48.80622601077433,0.27571586931103076,76.0,0.23692578826686247,0.96,0.21977547379976828,0.96
visibility_07,200,46.0,2265319.0,69927.0,5835.92,6001.05,6005.0,29.1796,22653.19,21994.0,3.8835148603794876,6.0,100.0,22.0,94.18181818181819,20.0,93.6,8.345731977633818,49.518992247890914,0.26892459737458607,78.0,0.24013395022952616,0.98,0.22282954409511418,0.98
visibility_07,200,47.0,2277505.0,69508.0,5879.08,6348.049999999999,6354.0,29.3954,22775.05,22112.0,3.883504097685845,10.0,99.8,18.0,98.33333333333333,12.0,97.5,8.458134315474478,50.23174350879581,0.28178203780013655,75.0,0.24115863631473916,0.93,0.22482497294188158,0.93
visibility_07,200,48.0,2307689.0,70080.0,5893.26,6186.05,6195.0,29.4663,23076.89,22405.0,3.8834955663436452,8.0,100.0,14.0,97.57142857142857,10.0,96.6,8.409332191780821,50.41725119806005,0.27340165854237725,78.0,0.23837440833665194,0.96,0.2217343844859511,0.96
visibility_07,200,49.0,2245224.0,70407.0,5928.96,6005.0,6006.0,29.6448,22452.24,21799.0,3.8834877945363133,6.0,100.0,21.0,94.52380952380952,17.0,93.23529411764706,8.420980868379564,48.975669688191466,0.27520772983007485,77.0,0.24634067692132278,0.99,0.22870323851874022,0.99
visibility_07,200,50.0,2316787.0,69710.0,6009.83,6040.05,6044.0,30.04915,23167.87,22494.0,3.8835248989225164,6.0,100.0,25.0,94.36,21.0,93.28571428571429,8.621187777937168,50.21122183437666,0.2709739825024916,80.0,0.24213835799320352,1.0,0.22487306774425098,1.0
visibility_07,200,51.0,2269135.0,70208.0,5879.36,5981.15,5987.0,29.3968,22691.35,22031.0,3.8835062700103786,6.0,100.0,22.0,93.68181818181819,19.0,92.6842105263158,8.374202370100274,49.45230583460217,0.2703862925740425,78.0,0.24155900816831083,0.99,0.2241074241946821,0.99
visibility_07,200,52.0,2286243.0,69439.0,5771.62,5859.0,5865.0,28.8581,22862.43,22197.0,3.8834892004043313,7.0,100.0,28.0,94.82142857142857,23.0,93.69565217391305,8.311784443900402,49.929869222125554,0.2672812994944107,79.0,0.2350384451696517,0.99,0.21771745173194626,0.99
visibility_07,200,53.0,2304954.0,69523.0,5883.7,5945.0,5950.0,29.418499999999998,23049.54,22379.0,3.8835048335021,6.0,100.0,28.0,94.60714285714286,25.0,93.96,8.462954705636983,50.491532152051626,0.26689296185520406,80.0,0.23790930317915238,1.0,0.22055537767781916,1.0
visibility_07,200,54.0,2271996.0,69894.0,5986.23,5986.0,7046.0,29.93115,22719.96,22059.0,3.883501555460485,7.0,100.0,26.0,94.88461538461539,21.0,93.66666666666667,8.564726585973045,50.56631261674757,0.27809467974415447,78.0,0.2458732321711834,1.0,0.22826756737247778,1.0
visibility_07,200,55.0,2242305.0,69063.0,5872.82,5798.05,14318.0,29.364099999999997,22423.05,21770.0,3.8834592082700614,5.0,100.0,25.0,95.12,22.0,94.45454545454545,8.503569204928834,49.601483741061095,0.27056577941002674,78.01,0.24460900724923684,1.01,0.2265918329576039,1.01
visibility_07,200,56.0,2268967.0,69129.0,5929.2,5982.0,5988.0,29.646,22689.67,22029.0,3.8834853041053488,6.0,100.0,26.0,93.73076923076923,22.0,92.5909090909091,8.577008202057025,50.385708121801684,0.2726024662324309,78.0,0.2436879866476683,1.0,0.2260588188369421,1.0
visibility_07,200,57.0,2207831.0,68734.0,5737.28,5855.0,5858.0,28.6864,22078.31,21436.0,3.883494705890079,6.0,100.0,21.0,92.04761904761905,18.0,90.72222222222223,8.347077137952105,47.90941788569868,0.2709152104486258,76.0,0.24183100971043525,0.99,0.2239677765191267,0.98
visibility_07,200,58.0,2177240.0,69032.0,5789.84,5915.049999999999,5921.0,28.9492,21772.4,21139.0,3.8834946997115614,6.0,100.0,25.0,94.52,22.0,93.77272727272727,8.387182755823387,48.407063529973726,0.27658503426356307,74.0,0.24773199096103324,0.98,0.22972754496518527,0.98
visibility_07,200,59.0,2271799.0,69483.0,5796.12,6159.0,6162.0,28.9806,22717.99,22057.0,3.8834861710917203,9.0,99.77777777777777,26.0,96.03846153846153,20.0,94.85,8.341781442942878,49.34642193257414,0.27597599963729186,76.0,0.23794754729621767,0.95,0.2212207153889935,0.95
visibility_07,200,60.0,2209008.0,69654.0,5842.64,6092.0,6097.0,29.2132,22090.08,21447.0,3.8835078913249745,8.0,100.0,24.0,95.91666666666667,18.0,94.55555555555556,8.388089700519712,48.65472148584342,0.2818749411500547,74.0,0.2467315645755923,0.96,0.22934819611336854,0.96
visibility_07,200,61.0,2234502.0,69595.0,5745.85,6207.0,6211.0,28.72925,22345.02,21695.0,3.8835051389526614,9.0,99.77777777777777,18.0,95.61111111111111,14.0,94.35714285714286,8.256124721603564,49.229874934101645,0.2775289527599438,74.0,0.23975498791229544,0.94,0.22297138243778702,0.93
visibility_07,200,62.0,2235437.0,70174.0,5943.14,6242.0,6244.0,29.715700000000002,22354.37,21704.0,3.8834912368364667,9.0,100.0,21.0,96.33333333333333,15.0,94.86666666666666,8.46914811753641,49.310194829914685,0.2863037517943919,74.0,0.248308496280593,0.96,0.23113064693838387,0.96
visibility_07,200,63.0,2176061.0,69535.0,5726.89,5869.0,5871.0,28.63445,21760.61,21127.0,3.8834848839255884,7.0,100.0,18.0,96.05555555555556,14.0,94.92857142857143,8.235981879628964,47.5718134739789,0.27715123794783325,74.0,0.2449724525185645,0.98,0.22695825162989455,0.98
visibility_07,200,64.0,2172367.0,69319.0,5734.0,5981.0,5989.0,28.67,21723.67,21091.0,3.8834598389682777,5.0,100.0,22.0,93.0,21.0,92.66666666666667,8.271902364431108,48.18877841543349,0.2713210981385742,74.0,0.24589767751029176,0.96,0.22822110628636874,0.96
visibility_07,200,65.0,2229673.0,70061.0,5759.48,6017.05,6020.0,28.797399999999996,22296.73,21648.0,3.8834842597995314,6.0,100.0,14.0,95.0,12.0,94.16666666666667,8.220664849202837,48.327269065912354,0.26925831725100496,76.0,0.24071870628563022,0.96,0.2234964499278594,0.96
visibility_07,200,66.0,2233920.0,69385.0,5859.48,5880.0,5889.0,29.297399999999996,22339.2,21689.0,3.883487322733133,6.0,100.0,24.0,94.625,20.0,93.55,8.444880017294805,49.580045838705054,0.27348965047987395,77.0,0.24439013035381751,1.0,0.2264843861910901,1.0
visibility_07,200,67.0,2223503.0,69487.0,5731.35,6051.0,6056.0,28.656750000000002,22235.03,21588.0,3.883511738009798,8.0,99.875,17.0,92.17647058823529,14.0,90.5,8.248089570711068,48.03467726375903,0.2753587469861745,75.0,0.24011840775569002,0.96,0.22288479035108116,0.95
visibility_07,200,68.0,2231761.0,69700.0,5830.28,5895.049999999999,5899.0,29.1514,22317.61,21668.0,3.883480354751248,6.0,100.0,20.0,95.4,17.0,94.58823529411765,8.364820659971306,49.602235633654324,0.2724458398547156,77.0,0.24331816892579447,1.0,0.22557388537571899,0.99
visibility_07,200,69.0,2207893.0,69512.0,5794.14,5792.0,7188.0,28.9707,22078.93,21436.0,3.883476237299543,5.0,100.0,22.0,91.18181818181819,20.0,90.3,8.335452871446657,48.80469705733022,0.2703568515322074,77.0,0.2443116582189445,1.0,0.22619483824623748,1.0
visibility_07,200,70.0,2234818.0,69921.0,5866.56,5770.0,16472.0,29.332800000000002,22348.18,21698.0,3.883492973477035,3.0,100.0,21.0,91.71428571428571,20.0,91.3,8.39026901789162,48.22506396494032,0.26544667172002373,79.01,0.24607149217520174,1.01,0.2279939574497789,1.01
visibility_07,200,71.0,2196931.0,70075.0,5842.38,5725.0,18403.0,29.2119,21969.31,21330.0,3.8835084033135314,3.0,100.0,23.0,94.21739130434783,22.0,93.95454545454545,8.337324295397789,48.029884871213525,0.26997343111822814,77.01,0.25044619061772994,1.02,0.2318748290228505,1.02
visibility_07,200,72.0,2209325.0,69246.0,5755.05,5865.0,5873.0,28.77525,22093.25,21450.0,3.8834938273001933,6.0,100.0,23.0,94.73913043478261,21.0,94.23809523809524,8.311021575253445,48.126740067667725,0.27153632896925534,76.0,0.24247179568420218,0.99,0.22454776911500118,0.99
visibility_07,200,73.0,2198650.0,70045.0,5775.68,5629.049999999999,21268.0,28.878400000000003,21986.5,21347.0,3.88351943237896,3.0,100.0,18.0,94.11111111111111,17.0,93.76470588235294,8.245670640302663,46.83511109089669,0.26947581470447773,78.01,0.24973870329520387,1.03,0.23099993177631728,1.03
visibility_07,200,74.0,2209952.0,69836.0,5794.66,5663.049999999999,19913.0,28.9733,22099.52,21456.0,3.88347801219212,4.0,100.0,20.0,91.85,17.0,90.41176470588235,8.297525631479466,47.47792078741982,0.2713140375899567,78.01,0.24823887577648746,1.03,0.22964797425464445,1.02
visibility_07,200,75.0,2229287.0,69251.0,5901.4,5780.0,19009.0,29.506999999999998,22292.87,21644.0,3.883483822405998,4.0,100.0,22.0,93.68181818181819,20.0,93.05,8.521754198495328,48.20578911553335,0.27297965672432484,78.01,0.2501633930489883,1.02,0.23186157726663278,1.02
visibility_07,200,76.0,2237907.0,69567.0,5709.96,5570.0,20806.0,28.5498,22379.07,21728.0,3.8834947117999095,3.0,100.0,24.0,91.70833333333333,23.0,91.34782608695652,8.207857173659924,46.49937597943078,0.26169720189444867,80.01,0.24203820802204917,1.03,0.22362814898027486,1.03
visibility_07,200,77.0,2274702.0,69638.0,5851.42,5761.05,15888.0,29.2571,22747.02,22085.0,3.883497706512765,5.0,100.0,21.0,94.0,18.0,93.0,8.402625003589995,48.640835151153865,0.266879353867012,80.01,0.24085176871519873,1.01,0.22309120051769418,1.01
visibility_07,200,78.0,1944003.0,64680.0,5100.41,5239.0,5247.0,25.50205,19440.03,18874.0,3.883481661293733,5.0,100.0,14.0,94.85714285714286,12.0,94.0,7.885606060606061,46.25429950468183,0.268799996707824,67.0,0.24199088170131425,0.98,0.22182630376599213,0.98
visibility_07,200,79.0,2252176.0,69356.0,5949.83,5841.0,17835.0,29.74915,22521.76,21866.0,3.88348867939273,4.0,100.0,19.0,90.84210526315789,17.0,89.76470588235294,8.578681008131957,48.29402986267503,0.2716528370784521,79.01,0.2489201554407826,1.02,0.23080434211180653,1.02
visibility_07,200,80.0,2309205.0,68995.0,5916.37,6159.0,6161.0,29.58185,23092.05,22420.0,3.883501031740361,6.0,100.0,21.0,91.28571428571429,18.0,89.83333333333333,8.575070657294006,50.42855528201264,0.2675578824747045,79.0,0.2391381449459879,0.97,0.2224094439428288,0.96
visibility_07,200,81.0,2246094.0,69422.0,5885.78,5752.0,20165.0,29.4289,22460.94,21807.0,3.8834973068803,4.0,100.0,20.0,91.4,17.0,89.88235294117646,8.47826337472271,48.981301316863856,0.27160172281302564,79.01,0.24871977753379867,1.03,0.23037682305371013,1.03
visibility_07,200,82.0,1860522.0,63004.0,4939.55,4982.0,4985.0,24.69775,18605.22,18064.0,3.8834800125986146,9.0,100.0,28.0,93.82142857142857,21.0,91.76190476190476,7.840057774109581,45.46366342349083,0.28473460673939893,63.0,0.24399335240325026,1.0,0.22249400974565203,1.0
visibility_07,200,83.0,2350083.0,69921.0,6036.15,6177.0,6179.0,30.18075,23500.83,22817.0,3.8835224117616267,6.0,100.0,27.0,93.70370370370371,24.0,92.91666666666667,8.632814175998627,50.88957921911694,0.268510941953965,81.0,0.2399928002542889,0.98,0.22331253832311454,0.98
visibility_07,200,84.0,2274011.0,69645.0,5925.59,5766.05,22746.0,29.627950000000002,22740.11,22078.0,3.883490449254643,4.0,100.0,26.0,95.92307692307692,23.0,95.3913043478261,8.508277694019672,48.23605646586582,0.272303432129396,80.01,0.2494416253923134,1.04,0.231170825470941,1.03
visibility_07,200,85.0,2279354.0,69494.0,5904.94,5781.049999999999,19164.0,29.5247,22793.54,22130.0,3.8834687371948364,5.0,100.0,22.0,92.95454545454545,19.0,91.84210526315789,8.497050105045039,48.667071020999806,0.270774087745914,80.01,0.24471451121677457,1.02,0.22681470276227386,1.02
visibility_07,200,86.0,2344551.0,69525.0,6061.48,6127.0,6129.0,30.307399999999998,23445.51,22763.0,3.883472784341224,6.0,100.0,24.0,93.0,21.0,92.0,8.718417835311039,51.172439840293514,0.270224021571721,81.0,0.24147395386152828,1.0,0.22454576590571074,0.99
visibility_07,200,87.0,2292712.0,69592.0,6085.89,6073.150000000001,8542.0,30.429450000000003,22927.12,22260.0,3.8835230940475736,6.0,100.0,22.0,92.72727272727273,18.0,91.11111111111111,8.745100011495575,50.14650728046087,0.2768769038588362,79.01,0.2479984402750978,1.0,0.23055185300203426,1.0
visibility_07,200,88.0,2294505.0,69630.0,5934.89,6005.05,6013.0,29.67445,22945.05,22277.0,3.883495568761018,7.0,100.0,23.0,93.30434782608695,19.0,91.89473684210526,8.523466896452678,50.3935463204482,0.27343457521339026,79.0,0.24130782020522945,0.99,0.22404919579604315,0.99
visibility_07,200,89.0,2263840.0,68941.0,5867.61,5797.05,13628.0,29.33805,22638.4,21979.0,3.8835341720262915,5.0,100.0,22.0,93.81818181818181,19.0,92.84210526315789,8.511060181894663,49.38389550498268,0.26749063538059226,79.01,0.24156079934977737,1.01,0.22385018375856952,1.0
visibility_07,200,90.0,1897817.0,63945.0,4971.83,5153.0,5158.0,24.85915,18978.17,18426.0,3.883514585442116,8.0,100.0,24.0,95.625,19.0,94.47368421052632,7.77516615841739,45.697384415884144,0.2779946643959876,64.0,0.24120291893264736,0.97,0.2207583765979544,0.97
visibility_07,200,91.0,2228262.0,69127.0,5876.88,5900.0,5908.0,29.3844,22282.62,21634.0,3.883475103017509,5.0,100.0,25.0,93.68,23.0,93.1304347826087,8.501569574840511,50.2797826287932,0.2715986719694542,77.0,0.24579156311062164,1.0,0.22784035270538205,1.0
visibility_07,200,92.0,2274815.0,69331.0,5942.39,5877.1,13252.0,29.71195,22748.15,22086.0,3.8834806346889743,6.0,100.0,20.0,95.45,16.0,94.3125,8.571043256263431,49.02900455641448,0.2727478937847693,79.01,0.24364135105492096,1.0,0.22605750357721396,1.0
visibility_07,200,93.0,2316176.0,68960.0,6026.76,6131.049999999999,6134.0,30.1338,23161.76,22488.0,3.8835131699836283,5.0,100.0,20.0,92.7,19.0,92.3157894736842,8.739501160092807,50.077429349065014,0.2684087910417861,80.0,0.24301737000987836,0.99,0.22592022367902959,0.99
visibility_07,200,94.0,2318620.0,69475.0,5917.33,6254.049999999999,6259.0,29.58665,23186.2,22511.0,3.8834737904443157,7.0,100.0,21.0,94.76190476190476,17.0,93.52941176470588,8.517207628643398,50.445110453631905,0.2698350743114439,79.0,0.2383736877970517,0.95,0.22198462878781344,0.95
visibility_07,200,95.0,2296787.0,69999.0,5971.38,6176.0,6179.0,29.8569,22967.87,22299.0,3.8834685149297696,5.0,100.0,18.0,92.94444444444444,16.0,92.0625,8.530664723781769,49.8850515959904,0.2680466233917207,79.0,0.24282748030183035,0.97,0.22593431606849046,0.97
visibility_07,200,96.0,2315795.0,70168.0,5982.1,6021.15,6027.0,29.910500000000003,23157.95,22484.0,3.8835043689100286,7.0,100.0,22.0,94.4090909090909,18.0,93.16666666666667,8.525396191996352,50.07432177718667,0.27326123426296367,80.0,0.24104465205253486,1.0,0.22377196599871751,1.0
visibility_07,200,97.0,2251760.0,70015.0,5761.91,5608.0,22023.0,28.809549999999998,22517.6,21862.0,3.883495576793264,4.0,100.0,20.0,90.5,18.0,89.44444444444444,8.229536527886882,46.819718797740435,0.26709640459018724,80.01,0.24400691015028245,1.04,0.22569101502824457,1.03
visibility_07,200,98.0,1902928.0,63837.0,5006.87,4916.0,14924.0,25.03435,19029.28,18475.0,3.883541573827281,6.0,100.0,21.0,96.04761904761905,17.0,95.11764705882354,7.843210050597616,45.51729335003741,0.2743304003094179,66.01,0.24353522571531871,1.01,0.2223047850470433,1.01
visibility_07,200,99.0,2319066.0,69936.0,6115.21,6050.05,13457.0,30.57605,23190.66,22516.0,3.8835030999548956,7.0,100.0,21.0,92.66666666666667,16.0,90.375,8.744008808053078,49.93689140369442,0.2786427811886337,80.01,0.24644447376659395,1.0,0.22919615051921766,1.0
visibility_07,200,100.0,2260569.0,69270.0,5875.63,5735.0,20611.0,29.37815,22605.69,21948.0,3.8834912802927053,4.0,100.0,22.0,91.77272727272727,19.0,90.47368421052632,8.482214522881478,47.83766343783357,0.26982233234199,80.0,0.2469112864946834,1.03,0.22868578663159586,1.03
visibility_07,200,101.0,2383877.0,70429.0,6108.0,6271.0,6273.0,30.54,23838.77,23145.0,3.883505734566003,9.0,100.0,18.0,97.61111111111111,12.0,96.41666666666667,8.672563858637776,52.00223627309631,0.278034479127908,81.0,0.23960212712316953,0.98,0.22315832570220695,0.98
visibility_07,200,102.0,2288131.0,69503.0,5907.46,5769.0,20594.0,29.537300000000002,22881.31,22215.0,3.8834752031242963,6.0,100.0,22.0,94.95454545454545,17.0,93.47058823529412,8.499575557889587,48.655620242022856,0.27489903331583726,80.01,0.24544617419194967,1.03,0.2274402121207221,1.03
visibility_07,200,103.0,2287081.0,69434.0,6018.51,5942.1,14544.0,30.092550000000003,22870.81,22205.0,3.8835091542450835,7.0,100.0,22.0,93.86363636363636,17.0,92.05882352941177,8.667958060892358,49.39163326528444,0.2786919221488002,79.01,0.24629035875860977,1.01,0.228625920988369,1.01
visibility_07,200,104.0,2256624.0,70170.0,5941.34,5821.0,18807.0,29.7067,22566.24,21909.0,3.8834559944412534,5.0,100.0,18.0,93.44444444444444,16.0,92.625,8.467065697591563,48.531779773679624,0.27488097263877365,79.01,0.248780479158247,1.02,0.2307003736555137,1.02
visibility_07,200,105.0,2252098.0,69547.0,5878.3,5799.0,14729.0,29.3915,22520.98,21865.0,3.8835343755023093,5.0,100.0,16.0,93.125,13.0,91.53846153846153,8.452269688124577,48.18138908697579,0.2699402956709699,79.01,0.2438739344380218,1.01,0.22593510584352902,1.01
visibility_07,200,106.0,1952822.0,65533.0,5058.51,4937.05,17881.0,25.292550000000002,19528.22,18960.0,3.8835080719082433,4.0,100.0,22.0,92.45454545454545,20.0,91.7,7.719027055071491,44.79881218052644,0.2658045638568185,69.01,0.2416364625142486,1.02,0.22074362128243127,1.02
visibility_07,200,107.0,2266456.0,70199.0,6002.65,5896.0,17439.0,30.01325,22664.56,22005.0,3.8835079966255686,5.0,100.0,21.0,93.0952380952381,18.0,91.94444444444444,8.550905283551048,48.327893857193786,0.2750135012548225,79.01,0.2490275566787972,1.02,0.2311436886487097,1.01
visibility_07,200,108.0,2328873.0,70444.0,6169.71,6128.0,11428.0,30.84855,23288.73,22611.0,3.883509319743928,7.0,100.0,22.0,96.31818181818181,17.0,95.23529411764706,8.75831866447107,50.37097256913537,0.27978425616167135,80.01,0.2477468715554691,1.0,0.23057118185491438,1.0
visibility_07,200,109.0,2326160.0,70195.0,6085.63,6070.05,8629.0,30.428150000000002,23261.6,22585.0,3.8835247790349765,5.0,100.0,19.0,93.42105263157895,16.0,92.1875,8.669606097300377,50.13427193314303,0.2700042129518176,81.01,0.24442127798603708,1.0,0.22722555628159713,1.0
visibility_07,200,110.0,2013875.0,66079.0,5328.26,5436.05,5438.0,26.6413,20138.75,19553.0,3.883508162125256,6.0,100.0,17.0,92.94117647058823,14.0,91.42857142857143,8.063469483497027,45.4162959468686,0.27461138352678294,69.0,0.24481161939047855,0.99,0.22517832536776117,0.98
visibility_07,200,111.0,2286827.0,70926.0,6055.75,5944.0,18150.0,30.27875,22868.27,22203.0,3.883503212092563,4.0,100.0,19.0,92.94736842105263,17.0,92.11764705882354,8.538124242167893,47.72029760012454,0.27195629577576264,80.01,0.24939228022058513,1.02,0.23155096559556101,1.02
visibility_07,200,112.0,2341175.0,70674.0,6207.12,6079.0,19876.0,31.0356,23411.75,22730.0,3.883477313742031,4.0,100.0,17.0,94.76470588235294,15.0,94.06666666666666,8.782748960013583,49.74864672653689,0.27393210674127305,82.01,0.25150875094770786,1.02,0.2340816043226158,1.02
visibility_07,200,113.0,2329577.0,70940.0,6169.69,6185.049999999999,6191.0,30.84845,23295.77,22618.0,3.8834947288713786,6.0,100.0,21.0,95.33333333333333,18.0,94.55555555555556,8.697053848322525,49.44067485212981,0.2763484529594858,80.0,0.2476711437312439,1.0,0.23050064453761349,1.0
visibility_07,200,114.0,1784846.0,60672.0,4691.12,4946.0,4951.0,23.4556,17848.46,17329.0,3.8834722995709434,7.0,100.0,22.0,96.22727272727273,17.0,95.11764705882354,7.7319356540084385,44.52506770892278,0.2747643214036393,60.0,0.24096028452874926,0.95,0.2196699323078854,0.95
visibility_07,200,115.0,2325096.0,70037.0,6042.25,6063.0,6072.0,30.21125,23250.96,22574.0,3.88349556319395,7.0,100.0,21.0,94.9047619047619,16.0,93.3125,8.627225609320787,49.67094692004115,0.2747551068859092,80.0,0.2426673995396319,1.0,0.22546380880617403,1.0
visibility_07,200,116.0,2302181.0,70206.0,6083.33,5935.0,21656.0,30.41665,23021.81,22352.0,3.8834913501588275,4.0,100.0,19.0,91.73684210526316,16.0,90.1875,8.664971654844315,49.21767793236066,0.27507871883227253,81.01,0.25237285860668646,1.03,0.23447678527448537,1.03
visibility_07,200,117.0,2342392.0,69449.0,6067.6,5954.0,18169.0,30.338,23423.92,22742.0,3.883508823459097,6.0,100.0,18.0,95.0,13.0,93.07692307692308,8.736770867831071,50.467037114197794,0.27369799760245084,82.01,0.24449835894248273,1.02,0.2270802666675774,1.02
visibility_07,200,118.0,2302547.0,69608.0,6042.6,6166.0,6169.0,30.213,23025.47,22355.0,3.8834820744158534,6.0,100.0,17.0,95.0,13.0,93.46153846153847,8.68089874727043,49.160358073038246,0.27381286896640983,79.0,0.2451433130355211,0.99,0.2279684193199965,0.98
visibility_07,200,119.0,2221877.0,69930.0,5792.49,5625.05,23354.0,28.96245,22218.77,21572.0,3.8834732975767783,3.0,100.0,22.0,93.68181818181819,20.0,93.05,8.283268983268984,47.38901163295718,0.2701450170283954,79.01,0.2503891979619034,1.04,0.23166628935805178,1.04
visibility_07,200,120.0,2238652.0,69392.0,5948.19,5848.1,16828.0,29.740949999999998,22386.52,21735.0,3.883497747751772,5.0,100.0,18.0,92.16666666666667,15.0,90.6,8.571867074014296,48.72055370821369,0.27555645093565234,78.01,0.24950773947893642,1.01,0.23146116502252248,1.01
visibility_07,200,121.0,2231518.0,69659.0,5793.64,5638.0,22241.0,28.968200000000003,22315.18,21666.0,3.883499931436807,3.0,100.0,23.0,93.69565217391305,21.0,93.0952380952381,8.317144948965675,48.28883791212977,0.26778094552676696,79.01,0.2481118234314041,1.04,0.22954329743251006,1.03
visibility_07,200,122.0,2277501.0,69721.0,5940.59,5927.0,8154.0,29.70295,22775.01,22112.0,3.883467010552356,8.0,100.0,20.0,97.85,14.0,96.92857142857143,8.520517491143272,49.378106529920295,0.2787581651994884,78.01,0.24327497551043886,1.0,0.22571186576866487,1.0
visibility_07,200,123.0,2207415.0,69793.0,5851.0,5761.0,15751.0,29.255,22074.15,21432.0,3.883501742988971,5.0,100.0,18.0,95.94444444444444,14.0,94.78571428571429,8.383362228303698,47.57794116647753,0.2742012716231429,77.01,0.24806028771209762,1.01,0.22975833724061856,1.01
visibility_07,200,124.0,2249790.0,69985.0,5888.94,5747.099999999999,21027.0,29.444699999999997,22497.9,21843.0,3.883473568644184,4.0,100.0,24.0,95.875,21.0,95.28571428571429,8.414574551689649,48.36608038972526,0.2717560305628525,79.01,0.24891256517274946,1.03,0.23059974486507628,1.03
visibility_07,200,125.0,2198138.0,69612.0,5832.88,5704.0,19579.0,29.1644,21981.38,21342.0,3.883514137874874,4.0,100.0,16.0,94.375,14.0,93.57142857142857,8.379130035051428,47.24128648883737,0.2737653413934885,77.01,0.25080681922609044,1.02,0.23224565518634407,1.02
visibility_07,200,126.0,1704888.0,62436.0,4637.51,4542.05,14997.0,23.18755,17048.88,16553.0,3.8834809090098585,6.0,100.0,16.0,92.875,11.0,89.63636363636364,7.427621884810046,40.90834705857511,0.2820367085697125,59.01,0.25012610799067153,1.01,0.2264295367203007,1.01
visibility_07,200,127.0,2257757.0,69337.0,5915.98,5818.0,16673.0,29.5799,22577.57,21920.0,3.8834560140883188,5.0,100.0,17.0,93.47058823529412,14.0,92.07142857142857,8.532212238775834,48.30119317535058,0.27199339875814804,79.01,0.2459241627863406,1.01,0.228030297326063,1.01
visibility_07,200,128.0,2228178.0,69706.0,5832.81,5786.0,11422.0,29.164050000000003,22281.78,21633.0,3.8834868668481604,4.0,100.0,16.0,95.5,14.0,94.85714285714286,8.367730181046108,47.76027947497911,0.2664446018226551,78.01,0.24382298003121833,1.0,0.2258710928839617,1.0
visibility_07,200,129.0,2217058.0,69523.0,5957.12,5866.05,15840.0,29.7856,22170.58,21525.0,3.8834798187507946,4.0,100.0,22.0,95.27272727272727,20.0,94.8,8.568560044877234,49.055815409429975,0.27454897436151876,77.01,0.2519063551788,1.01,0.23368400826681124,1.01
visibility_07,200,130.0,2289614.0,70736.0,6154.77,6088.1,13616.0,30.773850000000003,22896.14,22230.0,3.883493025461934,5.0,100.0,23.0,95.69565217391305,19.0,94.78947368421052,8.701043315991857,50.043635302719146,0.27689470801628574,79.0,0.25134236600579835,1.0,0.23387217233996646,1.0
visibility_07,200,131.0,2175200.0,69308.0,5918.91,5786.0,20437.0,29.594549999999998,21752.0,21119.0,3.883504965060684,3.0,100.0,20.0,89.6,18.0,88.44444444444444,8.540009811277198,45.71407824567856,0.2781583302684811,76.0,0.25848473703567487,1.03,0.23954394998161088,1.03
visibility_07,200,132.0,2186951.0,70126.0,5855.33,5693.0,22975.0,29.27665,21869.51,21233.0,3.8834889304790097,2.0,100.0,20.0,94.4,19.0,94.10526315789474,8.349727633117531,46.33023282186021,0.27276102665308916,77.01,0.25639349029767927,1.04,0.23737157348289925,1.04
visibility_07,200,133.0,2163575.0,70768.0,5732.63,5586.0,21274.0,28.66315,21635.75,21006.0,3.883479888610286,4.0,100.0,17.0,95.58823529411765,14.0,94.64285714285714,8.100596314718517,44.78967449707082,0.27446240597159793,76.01,0.2512628404377015,1.03,0.23222028355846228,1.03
visibility_07,200,134.0,2236918.0,70139.0,5820.41,5655.05,23375.0,29.10205,22369.18,21718.0,3.8834682362071384,2.0,100.0,20.0,91.85,19.0,91.42105263157895,8.298393190664253,46.49937279775119,0.26587519077588,80.01,0.24960548397393198,1.04,0.23100846790092439,1.04
visibility_07,200,135.0,2255874.0,70119.0,5895.51,5806.0,15772.0,29.47755,22558.74,21902.0,3.8835059050283833,5.0,100.0,21.0,93.0,18.0,91.83333333333333,8.407863774440594,48.056035044510466,0.2706485379945866,79.01,0.24462713786319626,1.01,0.22671833621913282,1.01
visibility_07,200,136.0,2236680.0,70095.0,5827.95,5685.0,21044.0,29.13975,22366.8,21716.0,3.883523794194968,4.0,100.0,20.0,94.9,17.0,94.0,8.31435908410015,46.85779682386394,0.2705040506464939,79.01,0.24752713843732677,1.03,0.2291069799881968,1.03
visibility_07,200,137.0,2209178.0,70027.0,5740.08,5587.05,21718.0,28.7004,22091.78,21449.0,3.8834806430265014,4.0,100.0,18.0,92.94444444444444,15.0,91.53333333333333,8.196952603995602,46.533371688474176,0.2704023849594736,78.01,0.24731913861173704,1.03,0.22866966808469033,1.03
visibility_07,200,138.0,2217750.0,70349.0,5784.41,5605.1,24381.0,28.92205,22177.5,21532.0,3.883485514598129,3.0,100.0,20.0,93.7,18.0,93.0,8.222448080285433,46.692596550558,0.2716018487205501,79.01,0.25172088828767897,1.05,0.23283643332206064,1.04
visibility_07,200,139.0,2268033.0,69531.0,5869.28,5701.05,23414.0,29.3464,22680.33,22020.0,3.883497285974234,3.0,100.0,27.0,90.5925925925926,25.0,89.84,8.441242035926422,48.37313478243041,0.2685154933812691,81.01,0.2488477901335651,1.04,0.2305059053373562,1.04
visibility_07,200,140.0,2315030.0,69651.0,6003.38,6014.05,6017.0,30.0169,23150.3,22476.0,3.8835349865876467,7.0,100.0,17.0,94.3529411764706,13.0,92.61538461538461,8.619230161806723,49.30722539232753,0.2742707437916571,80.0,0.2420435156347866,1.0,0.22476512183427427,1.0
visibility_07,200,141.0,2284198.0,70022.0,5947.88,5949.0,7040.0,29.7394,22841.98,22177.0,3.883507471769085,4.0,100.0,23.0,93.1304347826087,21.0,92.47619047619048,8.494301790865729,49.00783207059983,0.26529749172357214,80.0,0.24288087109786455,1.0,0.22536925432909055,1.0
visibility_07,200,142.0,2171202.0,70018.0,5962.26,5842.0,18713.0,29.811300000000003,21712.02,21080.0,3.8834709990134497,5.0,100.0,18.0,93.88888888888889,14.0,92.14285714285714,8.51532463080922,45.95057023713132,0.2852668706089991,75.01,0.25906157050334333,1.02,0.24027013608130426,1.02
visibility_07,200,143.0,2229180.0,70422.0,6044.65,5937.0,17720.0,30.223249999999997,22291.8,21643.0,3.88349079033546,5.0,100.0,15.0,94.66666666666667,11.0,92.72727272727273,8.58346823435858,47.96473546326452,0.28130119595546343,77.01,0.25532841672722706,1.02,0.23702572246296844,1.02
visibility_07,200,144.0,2201234.0,70307.0,5896.58,5767.049999999999,19668.0,29.4829,22012.34,21372.0,3.8835035257496475,4.0,100.0,15.0,94.26666666666667,12.0,92.83333333333333,8.386903153313327,46.946896150068554,0.2762941150282069,77.01,0.25335970641921757,1.02,0.23482464835633104,1.02
visibility_07,200,145.0,2196179.0,70163.0,5918.07,5857.05,12736.0,29.590349999999997,21961.79,21323.0,3.8835176914085783,7.0,100.0,19.0,95.94736842105263,13.0,94.07692307692308,8.43474480851731,47.2682108334521,0.2836376269875998,75.01,0.2512577526695228,1.0,0.23304430103374998,1.0
visibility_07,200,146.0,2281272.0,70463.0,5920.41,6090.05,6096.0,29.60205,22812.72,22149.0,3.8834913153714243,9.0,100.0,20.0,95.25,14.0,93.21428571428571,8.402154322126506,49.98222614401089,0.2807385528775175,77.0,0.2421556920875722,0.98,0.22497229615758227,0.98
visibility_07,200,147.0,2248645.0,70634.0,5914.26,5797.05,18411.0,29.5713,22486.45,21832.0,3.883494282112116,4.0,100.0,24.0,93.70833333333333,21.0,92.80952380952381,8.373106435993996,47.95999146152461,0.2705633837266443,79.01,0.24779545014886742,1.02,0.22965118993882983,1.02
visibility_07,200,148.0,2175177.0,69491.0,5731.11,5576.0,22002.0,28.655549999999998,21751.77,21119.0,3.8835000553977905,3.0,100.0,18.0,93.88888888888889,16.0,93.125,8.247269430573743,46.75600698242028,0.27066946735828856,77.01,0.25085590735834373,1.03,0.2319149200271978,1.03
visibility_07,200,149.0,2187328.0,70100.0,5862.5,5715.0,21604.0,29.3125,21873.28,21237.0,3.883505354478158,2.0,100.0,24.0,92.25,23.0,91.91304347826087,8.363052781740372,47.24528602934722,0.27165838868244724,77.0,0.2553704794159815,1.03,0.23653471267226497,1.03
visibility_07,200,150.0,2219861.0,69712.0,5861.58,5979.049999999999,5984.0,29.3079,22198.61,21552.05,3.883531446338307,9.0,100.0,21.0,98.80952380952381,14.0,98.21428571428571,8.408279779664907,48.64923749730276,0.28504397347401483,75.0,0.24611856327941253,0.99,0.22827960849800957,0.99
visibility_07,200,151.0,2221490.0,69648.0,5766.93,5651.05,18184.0,28.83465,22214.9,21568.0,3.8834746048823083,5.0,100.0,21.0,94.33333333333333,17.0,93.0,8.280108545830462,47.45454222166204,0.2703518809447713,78.01,0.2440645692755763,1.02,0.22569851766156948,1.02
visibility_07,200,152.0,2256698.0,69930.0,5898.91,5765.05,20134.0,29.49455,22566.98,21910.0,3.8835059010997486,3.0,100.0,22.0,91.72727272727273,20.0,90.9,8.435449735449735,47.90801427572497,0.26738092558242177,80.01,0.2478860707103919,1.03,0.22963994296091014,1.02
visibility_07,200,153.0,2205924.0,69550.0,5786.87,5659.0,19577.0,28.93435,22059.24,21417.0,3.8834973462367692,3.0,100.0,16.0,92.4375,15.0,91.93333333333334,8.320445722501796,47.07055728121186,0.2674199111120782,78.0,0.24782902765462456,1.02,0.22933337685251168,1.02
visibility_07,200,154.0,2211635.0,69903.0,5889.08,5726.0,22990.0,29.4454,22116.35,21473.0,3.883506998216252,3.0,100.0,23.0,92.08695652173913,21.0,91.33333333333333,8.424645580304135,47.04190067529226,0.2747813269368589,78.01,0.255071474271297,1.04,0.23626186056921689,1.04
visibility_07,200,155.0,2235974.0,70396.0,6110.57,6185.099999999999,6190.0,30.55285,22359.74,21709.0,3.8834977508683015,5.0,100.0,16.0,95.5,15.0,95.2,8.680280129552816,48.6596561498479,0.2808901176847316,76.0,0.25548239827475633,0.99,0.23777199555987683,0.99
visibility_07,200,156.0,2195467.0,70115.0,5832.84,5709.05,19020.0,29.1642,21954.67,21316.0,3.8835017788926005,4.0,100.0,18.0,93.11111111111111,16.0,92.25,8.318961705769093,46.89691988082718,0.27329538544646764,77.01,0.25034036038801766,1.02,0.23175661487965887,1.02
visibility_07,200,157.0,2166238.0,70533.0,5947.29,5810.0,20358.0,29.73645,21662.38,21032.0,3.8835067984219647,4.0,100.0,17.0,92.58823529411765,15.0,91.6,8.431925481689422,46.067148669721426,0.28315125115522854,75.0,0.26016578049134026,1.03,0.24130312551067795,1.02
visibility_07,200,158.0,2212076.0,70654.0,6033.2,5885.049999999999,21634.0,30.166,22120.76,21477.0,3.883501290190753,3.0,100.0,14.0,95.64285714285714,13.0,95.3076923076923,8.539077759220993,47.00293706002868,0.2795830703827536,77.01,0.2601009187749426,1.03,0.24147588057553176,1.03
visibility_07,200,159.0,2178063.0,70014.0,5896.2,5778.25,18514.0,29.480999999999998,21780.63,21147.0,3.883496482884104,4.0,100.0,20.0,91.85,18.0,90.94444444444444,8.421458565429772,45.761646472117654,0.2778624860713395,76.0,0.2549081454485017,1.02,0.23617590492102386,1.02
visibility_07,200,160.0,2231899.0,70791.0,5969.89,5840.0,19798.0,29.84945,22318.99,21669.0,3.883464260703553,4.0,100.0,22.0,93.0909090909091,19.0,92.0,8.433120029382266,47.77113077249464,0.27601876249776536,78.01,0.2532072463852531,1.02,0.23492684928843105,1.02
visibility_07,200,161.0,2193243.0,70229.0,5849.6,5775.05,14117.0,29.248,21932.43,21294.0,3.88347301233835,6.0,100.0,17.0,95.6470588235294,13.0,94.3076923076923,8.329322644491592,45.94552906358302,0.2780845533303879,76.01,0.2486295408215141,1.01,0.23023440631065503,1.0
visibility_07,200,162.0,1820750.0,64693.0,4797.23,4672.05,18302.0,23.98615,18207.5,17678.0,3.8835095427708364,5.0,100.0,22.0,92.5,18.0,90.83333333333333,7.415377243287527,41.69778278182068,0.2733642729644377,64.01,0.2451346972401483,1.02,0.22272634903199232,1.02
visibility_07,200,163.0,2181928.0,70172.0,5919.42,5793.0,19527.0,29.5971,21819.28,21184.0,3.8834920309011114,4.0,100.0,19.0,93.73684210526316,16.0,92.5625,8.435586843755344,45.7796059265017,0.2794061032261376,76.01,0.2564887567325778,1.02,0.2377896979185381,1.02
visibility_07,200,164.0,2316738.0,70246.0,6038.05,6854.0,6860.0,30.190250000000002,23167.38,22493.0,3.8834775447202055,4.0,100.0,14.0,95.78571428571429,12.0,95.08333333333333,8.5955783959229,50.05140071945986,0.2651162971384766,77.0,0.24437679185130126,0.88,0.22918301508413985,0.88
visibility_07,200,165.0,2510038.0,70024.0,5957.05,7934.0,7941.0,29.78525,25100.38,24370.0,3.883487022905629,5.0,100.0,16.0,98.625,13.0,98.3076923076923,8.507154689820632,53.97888876582745,0.24562098263054186,80.0,0.22333526424699546,0.75,0.211383253958705,0.75
visibility_07,200,166.0,2521478.0,70897.0,6091.57,8141.0,8144.0,30.457849999999997,25214.78,24481.0,3.8835159378745323,5.0,100.0,17.0,98.70588235294117,15.0,98.53333333333333,8.592140711172545,54.135641080350496,0.24991374106773884,79.0,0.22765695358040006,0.75,0.21575916982024035,0.75
visibility_07,200,167.0,2495982.0,70608.0,6000.85,8101.0,8107.0,30.004250000000003,24959.82,24233.0,3.8834815315174547,7.0,100.0,19.0,98.0,14.0,97.28571428571429,8.49882449580784,54.008305348355876,0.2539593634889995,77.0,0.22640507824175013,0.74,0.21454601836070933,0.74
visibility_07,200,168.0,2505128.0,69669.0,5916.25,8085.049999999999,8091.0,29.58125,25051.28,24322.0,3.8834742176846855,8.0,100.0,14.0,96.85714285714286,9.0,95.11111111111111,8.491940461324262,53.48605739906304,0.25308447312871835,78.0,0.2222676845255013,0.73,0.210611593499414,0.73
visibility_07,200,169.0,2413563.0,70158.0,5869.34,7698.0,7700.0,29.346700000000002,24135.63,23433.0,3.8834702056668915,3.0,100.0,13.0,97.23076923076923,12.0,97.0,8.365888423273184,51.96352156542009,0.2443424928207799,77.0,0.22856747472512629,0.76,0.21597198830111333,0.76
visibility_07,200,170.0,2515054.0,70742.0,5965.12,7978.0,7981.0,29.825599999999998,25150.54,24418.0,3.883495145631068,6.0,100.0,18.0,96.0,14.0,94.85714285714286,8.43221848406887,54.31883848219561,0.24801137470606993,79.0,0.22320077421796908,0.75,0.21127260090638214,0.75
visibility_07,200,171.0,2476061.0,70047.0,5999.38,7855.0,7866.0,29.9969,24760.61,24040.0,3.883506908755479,4.0,100.0,11.0,99.36363636363636,9.0,99.22222222222223,8.56479221094408,52.47963034836379,0.24722492701108736,79.0,0.2280404238829334,0.76,0.21576285883102234,0.76
visibility_07,200,172.0,2499566.0,70398.0,6085.74,8004.0,8007.0,30.4287,24995.66,24268.0,3.883474171116106,4.0,100.0,16.0,97.0,14.0,96.57142857142857,8.64476263530214,53.93183056578622,0.2487079757045823,79.0,0.22935101533626237,0.76,0.2171889039937333,0.76
visibility_07,200,173.0,2082320.0,63535.0,4941.96,6501.05,6505.0,24.7098,20823.2,20217.0,3.88350493680126,4.0,100.0,18.0,93.22222222222223,17.0,92.82352941176471,7.778326906429527,49.535674151907486,0.240403012025049,67.0,0.22037919243920243,0.76,0.2057800914364747,0.76
visibility_07,200,174.0,2512021.0,70517.0,6121.45,7897.05,7904.0,30.60725,25120.21,24389.0,3.8834866428266324,2.0,100.0,22.0,94.45454545454545,22.0,94.45454545454545,8.680814555355447,54.797519606723036,0.24301150348663486,81.0,0.2295757081648601,0.77,0.21731466416881068,0.77
visibility_07,200,175.0,2473620.0,70351.0,5924.6,7827.0,7830.0,29.623,24736.2,24016.0,3.883498678050792,4.0,100.0,14.0,97.57142857142857,12.0,97.16666666666667,8.42148654603346,52.554718186301855,0.24419070026924103,79.0,0.22524235735480794,0.76,0.21295267664394693,0.76
visibility_07,200,176.0,2461677.0,70046.0,5937.71,7730.0,7732.0,29.68855,24616.77,23900.0,3.8834908072830023,3.0,100.0,14.0,97.71428571428571,13.0,97.53846153846153,8.476872341033035,53.71666794628215,0.2427544312271675,79.0,0.22679742305753353,0.77,0.21428562723704206,0.77
visibility_07,200,177.0,2229395.0,67565.0,5425.44,7330.0,7335.0,27.1272,22293.95,21645.0,3.8834751132033576,5.0,100.0,15.0,99.2,12.0,99.0,8.029956338340856,51.061665160278906,0.24986330372141322,70.0,0.2276913691831192,0.74,0.21441422448691236,0.74
visibility_07,200,178.0,2520367.0,70933.0,6165.16,8253.0,8257.0,30.8258,25203.67,24470.0,3.8834820484477066,6.0,100.0,14.0,98.0,11.0,97.45454545454545,8.691525806042321,54.40299646837147,0.25583972492894885,78.0,0.23066720045136282,0.75,0.21876417204319848,0.75
visibility_07,200,179.0,2534626.0,70752.0,6037.55,7961.0,7964.0,30.18775,25346.26,24608.0,3.883531534829991,5.0,100.0,19.0,97.42105263157895,16.0,96.9375,8.533398349163274,53.562471149589726,0.24637599393362178,81.0,0.22426780124562756,0.76,0.2122739212806939,0.76
visibility_07,200,180.0,2549170.0,70791.0,6046.07,8240.050000000001,8246.0,30.230349999999998,25491.7,24750.0,3.883499335077692,6.0,100.0,16.0,96.375,13.0,95.53846153846153,8.540732579000155,53.932443893502594,0.24869977286724698,80.0,0.22354138798118603,0.73,0.21208667919361987,0.73
visibility_07,200,181.0,2480168.0,69864.0,6064.7,8206.0,8209.0,30.3235,24801.68,24080.0,3.8834869250792687,6.0,100.0,14.0,99.57142857142857,11.0,99.45454545454545,8.680722546662086,53.63243417381403,0.2554972082536344,77.0,0.2304335835314382,0.74,0.21849890813848094,0.74
visibility_07,200,182.0,2459488.0,70362.0,5991.98,8142.05,8149.0,29.959899999999998,24594.88,23879.0,3.8834911981680738,6.0,100.0,17.0,97.58823529411765,13.0,96.84615384615384,8.51593189505699,52.92411144108042,0.2543387078936754,76.0,0.22949329291299653,0.73,0.2176209032123759,0.73
visibility_07,200,183.0,2494089.0,70356.0,6028.95,8249.0,8256.0,30.14475,24940.89,24215.0,3.883502152489346,7.0,100.0,16.0,97.625,12.0,96.83333333333333,8.569205185058843,53.7470507267383,0.25579881070803806,77.0,0.22778096531438935,0.73,0.21607328367191386,0.73
visibility_07,200,184.0,2480449.0,70128.0,6054.11,7934.05,7937.0,30.27055,24804.49,24082.0,3.8835307639866814,4.0,100.0,19.0,96.94736842105263,17.0,96.58823529411765,8.632942619210587,53.83634333945185,0.2490867580829116,79.0,0.22984346785602122,0.76,0.2175876222409733,0.76
visibility_07,200,185.0,2448465.0,70473.0,5939.54,7841.0,7849.0,29.6977,24484.65,23772.0,3.8834943525841696,4.0,100.0,19.0,97.89473684210526,17.0,97.6470588235294,8.428107218367318,53.70271251580072,0.2471846646776654,78.0,0.2281666268457993,0.76,0.21575068461260422,0.76
visibility_07,200,186.0,2499335.0,70336.0,5933.0,7942.0,7957.0,29.665,24993.35,24266.0,3.883513014461847,6.0,100.0,19.0,96.0,15.0,94.93333333333334,8.435225204731575,54.11441683487808,0.24832845536912818,79.0,0.22331940296118769,0.75,0.21131621011188975,0.75
visibility_07,200,187.0,2464616.0,70258.0,5931.77,8040.0,8053.0,29.65885,24646.16,23929.0,3.883485297506792,5.0,100.0,16.0,97.6875,14.0,97.35714285714286,8.44283924962282,53.69024261791695,0.24823542491000627,77.0,0.2265046563034566,0.74,0.2144946717865988,0.74
visibility_07,200,188.0,2393120.0,70517.0,6015.76,7163.05,7168.0,30.0788,23931.2,23235.0,3.883507722136792,6.0,100.0,21.0,98.71428571428571,17.0,98.41176470588235,8.53093580271424,52.334572440997526,0.2623253326201778,78.0,0.2359597512870228,0.84,0.2219195025740456,0.84
visibility_07,200,189.0,2237030.0,70451.0,6032.58,5918.0,18285.0,30.1629,22370.3,21719.0,3.883497315637251,4.0,100.0,12.0,95.91666666666667,10.0,95.1,8.562802515223346,47.08424205307931,0.2770923948270698,78.0,0.25438550220605,1.02,0.23614703423735936,1.02
visibility_07,200,190.0,2246752.0,70244.0,5989.68,5853.0,20725.0,29.948400000000003,22467.52,21814.0,3.88351718391705,3.0,100.0,26.0,93.42307692307692,24.0,92.875,8.526963156995615,48.77776185355571,0.2729393364287647,79.01,0.25349081696600245,1.03,0.23515323453589893,1.03
visibility_07,200,191.0,2316523.0,71181.0,6118.4,6040.05,14623.0,30.592,23165.23,22491.0,3.883492630981864,7.0,100.0,23.0,93.78260869565217,17.0,91.58823529411765,8.595552183869291,49.37596043725877,0.27960050472194753,80.01,0.24730943746295633,1.01,0.22986950701547104,1.01
visibility_07,200,192.0,2295159.0,70835.0,6075.29,6034.0,11312.0,30.37645,22951.59,22284.0,3.8835217952220304,6.0,100.0,23.0,93.65217391304348,19.0,92.3157894736842,8.576678195807158,50.32277197353212,0.2761198679481465,79.01,0.2472721933425963,1.0,0.2298442068719422,1.0
visibility_07,200,193.0,2246656.0,70499.0,5982.84,5840.05,21011.0,29.9142,22466.56,21813.0,3.8835050848906105,3.0,100.0,23.0,90.1304347826087,22.0,89.68181818181819,8.486418247067334,47.28830136878988,0.2727137576914312,79.01,0.2532652974020055,1.03,0.23492693140382861,1.03
visibility_07,200,194.0,2276801.0,70358.0,6030.56,6004.1,9656.0,30.152800000000003,22768.01,22105.0,3.883475103884793,5.0,100.0,19.0,91.57894736842105,17.0,90.58823529411765,8.571249893402314,48.90086134009955,0.2729979475588776,79.01,0.24730136713748807,1.0,0.22973285763665774,1.0
visibility_07,200,195.0,2212860.0,70518.0,5960.81,5836.049999999999,19328.0,29.804050000000004,22128.6,21485.0,3.8835262962862545,5.0,100.0,21.0,91.57142857142857,17.0,89.58823529411765,8.452891460336367,47.63510660412317,0.28079363357826526,77.01,0.2546302070623537,1.02,0.2361925291252045,1.02
visibility_07,200,196.0,2270691.0,70512.0,6017.0,5909.049999999999,17712.0,30.085,22706.91,22046.0,3.883487449415178,5.0,100.0,24.0,94.125,20.0,92.95,8.533299296573633,49.08067896512559,0.2753685992501842,79.01,0.249430239517398,1.02,0.2314621408196888,1.02
visibility_07,200,197.0,2256539.0,70097.0,5849.64,6159.05,6164.0,29.2482,22565.39,21909.0,3.8835136463407016,7.0,100.0,21.0,95.19047619047619,18.0,94.38888888888889,8.345064696064025,48.04775055959591,0.27363320554176107,76.0,0.24193200294787726,0.95,0.22509205469083407,0.95
visibility_07,200,198.0,1931071.0,68591.0,5206.35,5185.05,8088.0,26.031750000000002,19310.71,18749.0,3.8834926318089806,7.0,100.0,19.0,93.15789473684211,13.0,90.0,7.590427315537024,43.57716313900421,0.28245880135945284,66.01,0.24889556106430058,1.0,0.22818166706454604,1.0
visibility_07,200,199.0,1901866.0,69691.0,5262.81,5386.05,5391.0,26.31405,19018.66,18465.0,3.8835017819341635,6.0,100.0,17.0,93.6470588235294,14.0,92.28571428571429,7.5516350748303225,43.9775620364421,0.2860774628706754,64.0,0.255890267768602,0.98,0.2352789313232373,0.98
visibility_07,400,0.0,2356185.0,69866.0,4831.99,6811.0,6821.0,12.079975,23561.85,22876.0,3.8834811358191317,24.0,98.875,53.0,96.62264150943396,40.0,95.525,6.916082214524947,47.2024862224316,0.22536430713208003,38.0,0.17560335881944755,0.72,0.15115706109664565,0.72
visibility_07,400,1.0,2216146.0,69183.0,4643.35,6132.05,6135.0,11.608375,22161.46,21516.0,3.883453526978818,31.0,98.03225806451613,68.0,94.79411764705883,52.0,93.1923076923077,6.711692178714424,45.791137858245804,0.23946887975792208,36.0,0.17715484449129254,0.77,0.1493588418813562,0.77
visibility_07,400,2.0,2220905.0,69668.0,4624.19,5903.05,5908.0,11.560474999999999,22209.05,21563.0,3.883506948743868,24.0,98.625,77.0,93.45454545454545,65.0,92.24615384615385,6.637466268588161,46.196258282096714,0.22856943453231904,37.0,0.17546360605248762,0.8,0.14664652472753226,0.8
visibility_07,400,3.0,2249228.0,70103.0,4790.71,6085.0,6087.0,11.976775,22492.28,21838.0,3.883510253295798,28.0,98.89285714285714,70.0,95.78571428571429,53.0,94.43396226415095,6.833815956521119,46.59333913680605,0.23952885167710877,37.0,0.18061708283908967,0.8,0.15216287543992874,0.8
visibility_07,400,4.0,2087998.0,67188.0,4309.6,5216.0,5220.0,10.774000000000001,20879.98,20272.0,3.8834807313033823,23.0,99.1304347826087,68.0,93.63235294117646,54.0,91.98148148148148,6.414240638209204,43.99588074318079,0.22438718811033345,36.0,0.17131194570109742,0.82,0.1398942910864857,0.82
visibility_07,400,5.0,2209961.0,69013.0,4423.06,5536.0,5542.0,11.05765,22099.61,21456.0,3.8834621968441976,23.0,98.56521739130434,67.0,93.43283582089552,57.0,92.28070175438596,6.40902438670975,44.69326743775117,0.21899074237056673,38.0,0.1673690169193031,0.8,0.138593848488729,0.79
visibility_07,400,6.0,2259801.0,69281.0,4415.61,5548.0,5552.0,11.039024999999999,22598.01,21940.0,3.88348354567504,24.0,99.41666666666667,74.0,93.14864864864865,59.0,91.40677966101696,6.373479020221994,45.607421626948565,0.21678280521160934,39.0,0.16316436712790197,0.81,0.1345335275097232,0.8
visibility_07,400,7.0,2322414.0,69156.0,4606.45,6454.05,6458.0,11.516124999999999,23224.14,22548.0,3.883502252397721,23.0,99.65217391304348,73.0,94.98630136986301,57.0,93.57894736842105,6.660954942448956,47.7773605395076,0.21763949063345295,38.0,0.168611625661919,0.71,0.14415431529434458,0.71
visibility_07,400,8.0,2391711.0,68674.0,4568.08,6725.05,6731.0,11.4202,23917.11,23221.0,3.883495957496537,24.0,98.79166666666667,54.0,96.53703703703704,42.0,95.54761904761905,6.65183329935638,47.482485551138915,0.21194283088550414,39.0,0.16243308660619948,0.69,0.13935337505242062,0.69
visibility_07,400,9.0,2366019.0,69522.0,4545.29,6522.0,6527.0,11.363225,23660.19,22972.0,3.88352756254282,23.0,99.21739130434783,58.0,95.37931034482759,44.0,93.9090909090909,6.537916055349386,47.17946178792309,0.211851637708742,39.0,0.16308279857431407,0.7,0.13941434958890864,0.7
visibility_07,400,10.0,2369488.0,70253.0,4862.02,6954.1,6961.0,12.155050000000001,23694.88,23005.0,3.8834971943305896,21.0,99.47619047619048,57.0,96.3157894736842,44.0,95.22727272727273,6.920729363870582,47.79703294551397,0.22093169494844456,38.0,0.17623343101969707,0.7,0.15281486971024963,0.69
visibility_07,400,11.0,2307606.0,70218.0,4871.94,6144.05,6152.0,12.179849999999998,23076.06,22404.0,3.883461908142031,28.0,97.92857142857143,73.0,93.3013698630137,59.0,91.71186440677967,6.938306417157993,46.26661223796437,0.2377563587544841,38.0,0.1793841756348354,0.82,0.15116012005515672,0.81
visibility_07,400,12.0,2401851.0,70125.0,4664.23,6859.05,6871.0,11.660575,24018.51,23319.0,3.8834632123308235,32.0,98.125,65.0,98.46153846153847,45.0,97.77777777777777,6.651308377896613,47.948670421270926,0.22591034997591442,38.0,0.16566015127499584,0.69,0.14267787635452825,0.69
visibility_07,400,13.0,2360882.0,69802.0,4842.64,6743.0,6754.0,12.1066,23608.82,22922.0,3.8835062489357792,25.0,98.6,57.0,97.21052631578948,43.0,96.30232558139535,6.937680868743016,47.14695101237589,0.22680887905452285,38.0,0.17553778630189903,0.73,0.1508012683395443,0.73
visibility_07,400,14.0,2263751.0,70334.0,4614.45,5965.0,5971.0,11.536125,22637.51,21979.0,3.8835101563732057,25.0,99.24,68.0,94.01470588235294,53.0,92.32075471698113,6.560767196519464,45.120706738506136,0.22670691255354497,38.0,0.17218457330333592,0.77,0.14497309995666485,0.77
visibility_07,400,15.0,2317035.0,70255.0,4603.52,6252.05,6255.0,11.5088,23170.35,22496.0,3.8834976597246054,20.0,99.35,62.0,93.19354838709677,50.0,91.56,6.552587004483667,45.17086362527972,0.21400539914157532,39.0,0.1684243008845356,0.74,0.1430112190795564,0.72
visibility_07,400,16.0,2238298.0,69242.0,4547.86,5682.2,5688.0,11.36965,22382.98,21731.05,3.883531147327121,27.0,98.5925925925926,58.0,94.94827586206897,43.0,93.18604651162791,6.568065624909737,44.56538137459802,0.2293170971872378,38.0,0.17045898267344206,0.82,0.14143380372050549,0.81
visibility_07,400,17.0,2295521.0,69826.0,4855.86,5925.0,5933.0,12.13965,22955.21,22287.0,3.8834756902681353,23.0,99.21739130434783,66.0,94.1969696969697,54.0,92.9074074074074,6.954229083722396,45.77430875169515,0.23188722734403214,39.0,0.1793213828146203,0.84,0.15008009075064005,0.83
visibility_07,400,18.0,2195324.0,69625.0,4830.77,5626.0,5630.0,12.076925000000001,21953.24,21314.0,3.8834814359976018,18.0,98.77777777777777,62.0,91.14516129032258,57.0,90.36842105263158,6.938269299820467,44.283481618203055,0.23099779349198568,38.0,0.18570516242704949,0.88,0.1540064245642101,0.86
visibility_07,400,19.0,2257239.0,69955.0,4496.84,5502.1,5515.0,11.2421,22572.39,21915.0,3.883461166495883,25.0,99.0,72.0,93.04166666666667,58.0,91.36206896551724,6.428189550425273,44.838305115231485,0.22208547699202433,39.0,0.16644626466227103,0.84,0.13690796588221274,0.82
visibility_07,400,20.0,2268249.0,70291.0,4681.33,5997.099999999999,6002.0,11.703325,22682.49,22022.0,3.883480164655644,27.0,98.96296296296296,67.0,92.41791044776119,53.0,90.41509433962264,6.659928013543697,45.237221310358784,0.23233648510370775,38.0,0.1740880300178684,0.82,0.14570402103120073,0.78
visibility_07,400,21.0,2282356.0,69353.0,4574.54,6016.1,6027.0,11.43635,22823.56,22159.0,3.883487063367853,27.0,98.66666666666667,63.0,94.25396825396825,48.0,92.45833333333333,6.596023243406918,45.65798937589053,0.22609181039241907,38.0,0.16915371659811176,0.77,0.14239102050687974,0.75
visibility_07,400,22.0,2249442.0,70193.0,4567.19,5766.0,5777.0,11.417974999999998,22494.42,21840.0,3.8834964404505654,26.0,98.5,66.0,94.48484848484848,54.0,93.25925925925925,6.506617468978388,45.11180683920723,0.2273790566727215,38.0,0.1706889975380561,0.8,0.14223749712150835,0.8
visibility_07,400,23.0,2182009.0,70552.0,4647.74,5456.0,5462.0,11.619349999999999,21820.09,21185.0,3.883485356843166,21.0,99.42857142857143,59.0,92.38983050847457,49.0,90.83673469387755,6.587680009071323,42.632623880103154,0.2291232529288376,38.0,0.17895022431163207,0.85,0.1477862831913159,0.85
visibility_07,400,24.0,2234461.0,70525.0,4702.22,5771.05,5777.0,11.755550000000001,22344.61,21694.0,3.88348689012697,24.0,99.08333333333333,67.0,93.4776119402985,53.0,91.75471698113208,6.667451258419001,44.4295331178302,0.2308699950457851,38.0,0.17750589515771364,0.83,0.14778955640756317,0.83
visibility_07,400,25.0,2250030.0,70505.0,4746.73,6153.0,6159.0,11.866824999999999,22500.3,21845.0,3.8834593316533557,27.0,98.4074074074074,60.0,95.16666666666667,45.0,93.55555555555556,6.732472874264237,45.404610160753414,0.235696857375235,37.0,0.17890828122291702,0.79,0.15081976684755313,0.79
visibility_07,400,26.0,2251967.0,70829.0,4785.96,5933.0,5937.0,11.9649,22519.67,21864.0,3.8834938522633773,23.0,99.21739130434783,63.0,94.82539682539682,51.0,93.6078431372549,6.757062785017436,45.379044186704334,0.23225473552676393,38.0,0.180187809146404,0.81,0.15160657327571853,0.8
visibility_07,400,27.0,2249619.0,68289.0,4251.68,6059.05,6076.0,10.6292,22496.19,21841.0,3.8834575988200672,27.0,98.51851851851852,68.0,94.88235294117646,54.0,93.55555555555556,6.2260100455417415,46.79196966241839,0.21378197819275174,37.0,0.15776271448631968,0.74,0.1315293834200369,0.72
visibility_07,400,28.0,2365873.0,70221.0,4784.31,6641.05,6645.0,11.960775000000002,23658.73,22970.0,3.88347134440437,30.0,98.93333333333334,64.0,96.328125,46.0,94.8913043478261,6.813218268039475,47.560033442200826,0.23172122933056846,38.0,0.17264367106772002,0.73,0.1479593367860405,0.73
visibility_07,400,29.0,2230349.0,70177.0,4556.65,5423.05,5427.0,11.391625,22303.49,21654.0,3.8834729452655163,20.0,98.7,69.0,92.82608695652173,60.0,91.75,6.493081778930419,44.388349984688496,0.21913072797127267,39.0,0.1711570700370211,0.84,0.14102725627244883,0.84
visibility_07,400,30.0,2250147.0,69355.0,4746.9,5893.05,5897.0,11.867249999999999,22501.47,21847.0,3.883524054206236,24.0,99.25,74.0,93.71621621621621,59.0,92.11864406779661,6.844351524763896,45.54377825093205,0.23235104195414788,38.0,0.17858922105977965,0.81,0.14991153911277796,0.8
visibility_07,400,31.0,2308889.0,69186.0,4650.33,6711.0,6720.0,11.625824999999999,23088.89,22417.0,3.883512806375707,25.0,98.8,61.0,95.80327868852459,49.0,94.77551020408163,6.72148989679993,47.591773792503666,0.22259753500493093,37.0,0.17158035747928982,0.7,0.14741159059616984,0.69
visibility_07,400,32.0,2257589.0,69941.0,4606.26,6015.0,6024.0,11.51565,22575.89,21919.0,3.883523528861985,23.0,99.04347826086956,66.0,93.24242424242425,53.0,91.58490566037736,6.585922420325703,45.278628217979445,0.22365098341637915,38.0,0.1722820229900128,0.78,0.14472607724435227,0.77
visibility_07,400,33.0,2197569.0,69415.0,4788.76,5591.1,5595.0,11.9719,21975.69,21336.0,3.8834730559085973,21.0,99.47619047619048,73.0,92.6027397260274,60.0,91.0,6.898739465533386,44.40001838395063,0.23394714796213453,38.0,0.18392733060941432,0.86,0.152620008746028,0.86
visibility_07,400,34.0,2263680.0,70152.0,4553.52,5458.0,5463.0,11.3838,22636.8,21978.0,3.8834994345490528,20.0,99.3,67.0,92.64179104477611,57.0,91.35087719298245,6.49093397194663,43.754365899773816,0.21683983601922532,40.0,0.16850703279615492,0.84,0.13882085807181227,0.84
visibility_07,400,35.0,2097603.0,68219.0,4570.42,5691.1,5696.0,11.42605,20976.03,20366.0,3.8835280079214227,22.0,98.72727272727273,58.0,95.12068965517241,47.0,93.97872340425532,6.699629135578065,44.258827814414836,0.23402426483943817,35.0,0.1831862368617894,0.81,0.15253363005297,0.8
visibility_07,400,36.0,2214404.0,69727.0,4569.35,5310.05,5318.0,11.423375,22144.04,21500.0,3.8835280283091973,21.0,99.19047619047619,75.0,93.17333333333333,63.0,91.87301587301587,6.5532003384628625,44.129009430980076,0.22310337228437088,39.0,0.17262342372936465,0.86,0.14155411568981993,0.86
visibility_07,400,37.0,2212572.0,70420.0,4640.99,5598.05,5602.0,11.602475,22125.72,21482.0,3.8834894412475616,23.0,99.08695652173913,71.0,92.87323943661971,58.0,91.27586206896552,6.590443055950014,44.39243242705774,0.22877537996503616,38.0,0.1763630742863961,0.83,0.14635275145848362,0.83
visibility_07,400,38.0,2210163.0,69599.0,4497.45,5311.0,5321.0,11.243625,22101.63,21458.0,3.8834692282876873,19.0,99.36842105263158,70.0,91.6,59.0,90.03389830508475,6.4619462923317865,43.72118617495633,0.21701340579857684,39.0,0.16988430265098095,0.85,0.13911734111918442,0.85
visibility_07,400,39.0,2196816.0,68969.0,4713.52,5837.05,5845.0,11.783800000000001,21968.16,21329.0,3.8834840969839988,23.0,98.95652173913044,76.0,93.59210526315789,62.0,92.14516129032258,6.834258869927068,45.65022013677977,0.23365088382458976,37.0,0.18141665027931334,0.81,0.15191941427957553,0.81
visibility_07,400,40.0,2230566.0,69554.0,4527.32,5733.05,5740.0,11.318299999999999,22305.66,21656.0,3.8834537960320383,24.0,98.625,67.0,93.16417910447761,55.0,91.67272727272727,6.50907208787417,44.92109670818976,0.22325544278896028,38.0,0.17015098409999974,0.82,0.14141164170887568,0.78
visibility_07,400,41.0,2259337.0,69146.0,4763.43,5994.0,6002.0,11.908575,22593.37,21936.0,3.8834844027252244,23.0,98.95652173913044,64.0,93.921875,51.0,92.37254901960785,6.888945130593237,45.46878000050457,0.230401662080513,38.0,0.17860549355850855,0.81,0.15026709162909296,0.8
visibility_07,400,42.0,2267508.0,69436.0,4473.08,5747.049999999999,5755.0,11.1827,22675.08,22015.0,3.8834703119018763,22.0,98.31818181818181,64.0,94.15625,55.0,93.2,6.4420185494556135,45.100991925938075,0.21494168929062213,39.0,0.16550459799921324,0.79,0.13769653734407994,0.78
visibility_07,400,43.0,2183321.0,68292.0,4518.21,5623.0,5630.0,11.295525,21833.21,21198.0,3.883487586113082,25.0,98.32,66.0,93.48484848484848,55.0,92.18181818181819,6.61601651730803,45.349917854497804,0.22915045474302678,37.0,0.1733478494458671,0.82,0.14360737610273525,0.81
visibility_07,400,44.0,2363759.0,69354.0,4785.77,6479.0,6485.0,11.964425,23637.59,22950.0,3.883517735945162,23.0,97.73913043478261,59.0,96.11864406779661,50.0,95.42,6.900496005998212,47.54440913815664,0.22168122892393005,39.0,0.17231029051608054,0.77,0.14671927214238,0.75
visibility_07,400,45.0,2239026.0,69001.0,4556.63,5652.0,5657.0,11.391575,22390.26,21739.0,3.8835189944198953,26.0,98.5,65.0,93.92307692307692,51.0,92.25490196078431,6.603715888175533,45.219492314961954,0.22796519558057834,38.0,0.17080373340908056,0.82,0.14150527952779468,0.82
visibility_07,400,46.0,2265319.0,69927.0,4876.63,5922.0,5932.0,12.191575,22653.19,21994.0,3.8835148603794876,26.0,98.88461538461539,61.0,95.55737704918033,46.0,94.1086956521739,6.973887053641655,45.20891671327526,0.2395927460988938,38.0,0.18277778979472648,0.83,0.1534662447099062,0.83
visibility_07,400,47.0,2277505.0,69508.0,4839.24,6157.05,6166.0,12.098099999999999,22775.05,22112.0,3.883504097685845,22.0,98.0909090909091,64.0,94.734375,56.0,93.98214285714286,6.962133855095816,46.27458600529966,0.2299753458280004,38.0,0.18036228240991786,0.81,0.15220295893971691,0.79
visibility_07,400,48.0,2307689.0,70080.0,4727.51,5737.049999999999,5742.0,11.818775,23076.89,22405.0,3.8834955663436452,18.0,98.61111111111111,76.0,93.03947368421052,70.0,92.44285714285714,6.745876141552511,46.13458182623395,0.216768810701962,40.0,0.17285171442079067,0.84,0.14384000617067552,0.83
visibility_07,400,49.0,2245224.0,70407.0,4644.18,5510.05,5519.0,11.61045,22452.24,21799.0,3.8834877945363133,23.0,99.17391304347827,74.0,92.67567567567568,61.0,91.11475409836065,6.59619071967276,44.75425703626899,0.2266379657441752,39.0,0.17374302074091494,0.85,0.14357632022461903,0.83
visibility_07,400,50.0,2316787.0,69710.0,4603.82,5616.0,5622.0,11.509549999999999,23167.87,22494.0,3.8835248989225164,27.0,98.81481481481481,70.0,93.41428571428571,56.0,91.76785714285714,6.604246162673935,45.47079338756649,0.22522959598789186,40.0,0.16677493442426947,0.84,0.13809815058527175,0.83
visibility_07,400,51.0,2269135.0,70208.0,4649.31,5653.0,5658.0,11.623275000000001,22691.35,22031.0,3.8835062700103786,25.0,98.92,72.0,92.83333333333333,59.0,91.2542372881356,6.622194051959891,45.13198773982156,0.22760743631383765,39.0,0.17216824913458212,0.84,0.14267330943288964,0.83
visibility_07,400,52.0,2286243.0,69439.0,4453.13,5595.049999999999,5605.0,11.132825,22862.43,22197.0,3.8834892004043313,30.0,98.53333333333333,76.0,93.64473684210526,58.0,91.67241379310344,6.413009979982431,45.793351362912865,0.22514360896895036,39.0,0.162719798376638,0.82,0.13439341312362685,0.8
visibility_07,400,53.0,2304954.0,69523.0,4589.3,5716.0,5722.0,11.47325,23049.54,22379.0,3.8835048335021,31.0,98.54838709677419,70.0,95.01428571428572,50.0,93.02,6.601124807617623,45.92296245391448,0.23211743054308243,39.0,0.16713912728844046,0.83,0.13842141752069673,0.82
visibility_07,400,54.0,2271996.0,69894.0,4626.53,5574.0,5578.0,11.566324999999999,22719.96,22059.0,3.883501555460485,28.0,98.92857142857143,81.0,92.12345679012346,64.0,90.03125,6.61935216184508,45.622751096392776,0.23115577668270543,39.0,0.17078199081336412,0.85,0.1409425896876579,0.84
visibility_07,400,55.0,2242305.0,69063.0,4775.3,5683.0,5687.0,11.93825,22423.05,21770.0,3.8834592082700614,27.0,98.88888888888889,70.0,93.22857142857143,55.0,91.38181818181818,6.914411479373905,45.30875594533304,0.23918244841803413,38.0,0.1794622051861812,0.87,0.14866131057104184,0.86
visibility_07,400,56.0,2268967.0,69129.0,4484.69,5543.0,5548.0,11.211725,22689.67,22029.0,3.8834853041053488,28.0,98.78571428571429,64.0,93.859375,49.0,91.9795918367347,6.487422065992565,44.90125638671695,0.22514915377790862,39.0,0.16519720207477676,0.83,0.1362655340513987,0.82
visibility_07,400,57.0,2207831.0,68734.0,4687.74,5561.05,5569.0,11.719349999999999,22078.31,21436.0,3.883494705890079,24.0,99.20833333333333,76.0,91.69736842105263,61.0,89.65573770491804,6.820118136584514,44.581238781410356,0.2330468228772945,38.0,0.17854989806737925,0.85,0.14801631103105264,0.84
visibility_07,400,58.0,2177240.0,69032.0,4426.81,5520.05,5529.0,11.067025000000001,21772.4,21139.0,3.8834946997115614,28.0,98.71428571428571,59.0,93.05084745762711,43.0,90.46511627906976,6.412692664271642,43.43354476309456,0.22940328121842332,37.0,0.1696000440925208,0.82,0.13958543844500376,0.81
visibility_07,400,59.0,2271799.0,69483.0,4520.47,5956.05,5961.0,11.301175,22717.99,22057.0,3.8834861710917203,29.0,98.03448275862068,64.0,92.859375,50.0,90.86,6.50586474389419,45.10586587985997,0.22767771268496906,38.0,0.16705879349361452,0.8,0.13967961074021074,0.76
visibility_07,400,60.0,2209008.0,69654.0,4702.47,5837.05,5844.0,11.756175,22090.08,21447.0,3.8835078913249745,26.0,98.73076923076923,60.0,93.85,46.0,91.97826086956522,6.751184425876475,44.22687378225882,0.23660348898691178,37.0,0.17940949059487335,0.83,0.14963685056821885,0.82
visibility_07,400,61.0,2234502.0,69595.0,4444.5,5774.0,5786.0,11.11125,22345.02,21695.0,3.8835051389526614,23.0,97.95652173913044,56.0,92.75,47.0,91.36170212765957,6.38623464329334,44.016699917923546,0.2173195638222745,38.0,0.16649660640267944,0.8,0.13850692458543334,0.77
visibility_07,400,62.0,2235437.0,70174.0,4558.61,5752.049999999999,5760.0,11.396524999999999,22354.37,21704.0,3.8834912368364667,24.0,98.125,54.0,94.16666666666667,44.0,92.8409090909091,6.496152421124633,44.118578604541305,0.2239758937514231,38.0,0.1713535205868025,0.81,0.14236589982182454,0.81
visibility_07,400,63.0,2176061.0,69535.0,4451.1,5312.05,5320.0,11.12775,21760.61,21127.0,3.8834848839255884,21.0,99.0,65.0,92.44615384615385,55.0,91.07272727272728,6.401236787229453,43.25979510684673,0.2205774562385889,38.0,0.17040698767176105,0.85,0.13922541693454366,0.84
visibility_07,400,64.0,2172367.0,69319.0,4485.21,5582.05,5597.0,11.213025,21723.67,21091.0,3.8834598389682777,26.0,98.88461538461539,69.0,93.20289855072464,51.0,90.80392156862744,6.470390513423448,43.72611625936133,0.2294837842777026,37.0,0.17292474061703203,0.81,0.14309552667666192,0.81
visibility_07,400,65.0,2229673.0,70061.0,4600.28,5546.05,5553.0,11.5007,22296.73,21648.0,3.8834842597995314,18.0,98.94444444444444,66.0,90.21212121212122,60.0,89.23333333333333,6.566106678465908,43.959468496053006,0.21795034518514597,39.0,0.17322226173972596,0.83,0.14375919697641762,0.82
visibility_07,400,66.0,2233920.0,69385.0,4783.62,5695.1,5700.0,11.95905,22339.2,21689.0,3.883487322733133,26.0,99.03846153846153,67.0,91.95522388059702,52.0,89.63461538461539,6.894314333069107,44.325572088526,0.2377448610514253,38.0,0.18084667311273456,0.85,0.150406908036098,0.85
visibility_07,400,67.0,2223503.0,69487.0,4643.6,5679.05,5688.0,11.609000000000002,22235.03,21588.0,3.883511738009798,22.0,98.77272727272727,57.0,93.3157894736842,48.0,92.0625,6.682688848273778,44.4483142141027,0.22605096552601908,38.0,0.17546322177213164,0.84,0.1458136103256888,0.81
visibility_07,400,68.0,2231761.0,69700.0,4511.36,5351.05,5353.0,11.2784,22317.61,21668.0,3.883480354751248,23.0,99.08695652173913,69.0,94.04347826086956,55.0,92.52727272727273,6.472539454806313,44.452316354663424,0.22202063751450088,39.0,0.16884065990937203,0.85,0.13851841662256845,0.84
visibility_07,400,69.0,2207893.0,69512.0,4806.25,5477.05,5483.0,12.015625,22078.93,21436.0,3.883476237299543,25.0,99.52,82.0,92.67073170731707,62.0,90.30645161290323,6.914273794452757,44.79415170934461,0.24015158343271165,38.0,0.1833250071448209,0.89,0.15145027408484016,0.87
visibility_07,400,70.0,2234818.0,69921.0,4793.09,5412.0,5419.0,11.982725,22348.18,21698.0,3.883492973477035,23.0,99.65217391304348,78.0,91.1025641025641,61.0,88.62295081967213,6.855007794510948,44.53527132858246,0.23453677212193566,39.0,0.18053550669450488,0.89,0.14887834266593522,0.88
visibility_07,400,71.0,2196931.0,70075.0,4703.02,5425.05,5431.0,11.757550000000002,21969.31,21330.0,3.8835084033135314,25.0,99.36,71.0,92.56338028169014,55.0,90.4,6.711409204423831,43.91773068885641,0.23657638769720124,38.0,0.1797134275040955,0.88,0.1482272315334437,0.86
visibility_07,400,72.0,2209325.0,69246.0,4439.03,5485.05,5490.0,11.097574999999999,22093.25,21450.0,3.8834938273001933,27.0,98.88888888888889,62.0,91.66129032258064,46.0,88.76086956521739,6.410521907402594,43.51059758070904,0.2263428875335227,38.0,0.1673832505403234,0.82,0.13799463637083725,0.8
visibility_07,400,73.0,2198650.0,70045.0,4780.59,5178.05,5185.0,11.951475,21986.5,21347.0,3.88351943237896,20.0,99.85,77.0,91.33766233766234,63.0,89.41269841269842,6.8250267685059605,43.64734268755827,0.23285879971800877,39.0,0.18225820389784642,0.93,0.14874855024674233,0.92
visibility_07,400,74.0,2209952.0,69836.0,4851.61,5272.05,5279.0,12.129024999999999,22099.52,21456.0,3.88347801219212,21.0,99.80952380952381,79.0,91.78481012658227,63.0,89.6984126984127,6.9471476029554955,44.20165732106398,0.23653952665035258,39.0,0.18466419180145088,0.92,0.1513603010382126,0.92
visibility_07,400,75.0,2229287.0,69251.0,4694.99,5325.05,5328.0,11.737475,22292.87,21644.0,3.883483822405998,24.0,99.41666666666667,74.0,92.78378378378379,61.0,91.24590163934427,6.779671051681564,44.58758562715344,0.2322787510087306,39.0,0.17658067355167817,0.89,0.14489834642197258,0.88
visibility_07,400,76.0,2237907.0,69567.0,4735.12,5367.099999999999,5379.0,11.8378,22379.07,21728.0,3.8834947117999095,26.0,99.57692307692308,80.0,92.575,61.0,90.26229508196721,6.80656058188509,44.50666180498117,0.23653395784543327,39.0,0.17751541954156272,0.9,0.14559228779390743,0.89
visibility_07,400,77.0,2274702.0,69638.0,4722.68,5404.0,5414.0,11.806700000000001,22747.02,22085.0,3.883497706512765,23.0,99.52173913043478,72.0,91.55555555555556,59.0,89.69491525423729,6.781757086648095,44.82000499406076,0.22828660633348896,40.0,0.1742760150560381,0.89,0.14314182692941757,0.88
visibility_07,400,78.0,1944003.0,64680.0,4172.65,4820.0,4824.0,10.431624999999999,19440.03,18874.0,3.883481661293733,17.0,99.47058823529412,82.0,94.13414634146342,72.0,93.31944444444444,6.451221397649969,44.870418409848135,0.22191683860570174,34.0,0.17605579826780102,0.87,0.14035986569979572,0.86
visibility_07,400,79.0,2252176.0,69356.0,4721.99,5223.05,5228.0,11.804974999999999,22521.76,21866.0,3.88348867939273,21.0,99.80952380952381,72.0,91.97222222222223,60.0,90.36666666666666,6.808336697618087,44.23623198186998,0.22728063881330765,40.0,0.17549516556432534,0.91,0.1431708711930151,0.91
visibility_07,400,80.0,2309205.0,68995.0,4534.68,5632.05,5636.0,11.3367,23092.05,22420.0,3.883501031740361,24.0,99.08333333333333,75.0,91.42666666666666,62.0,89.62903225806451,6.572476266396116,45.3922276281231,0.21820193529807877,40.0,0.1645310832082903,0.82,0.13646601319501733,0.8
visibility_07,400,81.0,2246094.0,69422.0,4643.78,5090.0,5096.0,11.609449999999999,22460.94,21807.0,3.8834973068803,21.0,99.85714285714286,88.0,92.7840909090909,76.0,91.64473684210526,6.689205151104837,45.58161857874158,0.22443050023730085,40.0,0.1723142486467619,0.93,0.13943539317588668,0.91
visibility_07,400,82.0,1860522.0,63004.0,4005.13,4913.1,4918.0,10.012825,18605.22,18064.0,3.8834800125986146,30.0,98.46666666666667,72.0,95.02777777777777,55.0,93.49090909090908,6.356945590756142,44.36121153095744,0.24138601962245004,31.0,0.1753851875978892,0.84,0.13983011219431965,0.82
visibility_07,400,83.0,2350083.0,69921.0,4905.55,6079.05,6091.0,12.263875,23500.83,22817.0,3.8835224117616267,30.0,98.83333333333333,70.0,96.32857142857142,51.0,94.96078431372548,7.01584645528525,46.78672838363581,0.2396617481169814,39.0,0.17723203818758743,0.84,0.14868708892409332,0.83
visibility_07,400,84.0,2274011.0,69645.0,4865.4,5612.0,5616.0,12.163499999999999,22740.11,22078.0,3.883490449254643,27.0,98.96296296296296,76.0,93.0657894736842,62.0,91.5,6.986000430755976,45.44970362940197,0.23985899804354507,39.0,0.1805932337178668,0.89,0.1492829190360117,0.89
visibility_07,400,85.0,2279354.0,69494.0,4680.19,5327.05,5332.0,11.700474999999999,22793.54,22130.0,3.8834687371948364,24.0,99.33333333333333,83.0,91.48192771084338,69.0,89.7536231884058,6.734667741099951,45.266647918664674,0.22754078567874933,40.0,0.17205357307377442,0.89,0.14081665243748887,0.89
visibility_07,400,86.0,2344551.0,69525.0,4732.13,5744.2,5751.0,11.830325,23445.51,22763.0,3.883472784341224,27.0,98.88888888888889,80.0,95.2625,64.0,94.078125,6.806371808701906,47.222507422529944,0.2280675489677981,40.0,0.1702718345644859,0.84,0.14160963015946337,0.84
visibility_07,400,87.0,2292712.0,69592.0,4703.34,5475.0,5479.0,11.75835,22927.12,22260.0,3.8835230940475736,24.0,99.125,78.0,92.64102564102564,63.0,90.88888888888889,6.75844924703989,45.26642160027077,0.22714278984887767,40.0,0.1723910373391861,0.87,0.14203397548405555,0.87
visibility_07,400,88.0,2294505.0,69630.0,4522.78,5414.0,5416.0,11.306949999999999,22945.05,22277.0,3.883495568761018,26.0,99.03846153846153,86.0,92.80232558139535,71.0,91.28169014084507,6.495447364641677,45.569090501001305,0.22234381707601422,40.0,0.16470349814012172,0.85,0.1351973519342952,0.83
visibility_07,400,89.0,2263840.0,68941.0,4792.27,5633.05,5638.0,11.980675000000002,22638.4,21979.0,3.8835341720262915,24.0,99.16666666666667,74.0,92.20270270270271,62.0,90.69354838709677,6.9512626738805645,45.31143057813273,0.232933422856739,39.0,0.17851747473319668,0.87,0.14781963389638844,0.86
visibility_07,400,90.0,1897817.0,63945.0,3949.35,4941.05,4947.0,9.873375,18978.17,18426.0,3.883514585442116,27.0,98.48148148148148,64.0,94.09375,51.0,92.58823529411765,6.176167018531551,44.022035844341154,0.2304563611770787,32.0,0.16934404107456094,0.82,0.13513368254157276,0.79
visibility_07,400,91.0,2228262.0,69127.0,4582.5,5559.05,5563.0,11.45625,22282.62,21634.0,3.883475103017509,28.0,99.03571428571429,74.0,93.32432432432432,57.0,91.33333333333333,6.629102955429861,44.999093015094275,0.23252247715932867,38.0,0.17226744431310143,0.85,0.14211569375594074,0.83
visibility_07,400,92.0,2274815.0,69331.0,4652.7,5385.0,5392.0,11.63175,22748.15,22086.0,3.8834806346889743,22.0,99.0909090909091,75.0,92.01333333333334,63.0,90.4920634920635,6.7108508459419305,44.805155144484274,0.22337816481779837,40.0,0.17142624784872615,0.87,0.1410185004055275,0.86
visibility_07,400,93.0,2316176.0,68960.0,4749.42,5714.0,5723.0,11.87355,23161.76,22488.0,3.8835131699836283,24.0,99.08333333333333,81.0,92.76543209876543,66.0,91.12121212121212,6.887209976798144,45.81194434274425,0.22681609687692128,40.0,0.17312155898342785,0.84,0.1441518261133869,0.83
visibility_07,400,94.0,2318620.0,69475.0,4900.06,6024.05,6033.0,12.250150000000001,23186.2,22511.0,3.8834737904443157,24.0,99.04166666666667,78.0,93.42307692307692,63.0,91.85714285714286,7.052983087441525,46.65427150632704,0.23304034296262433,39.0,0.17959864057068428,0.83,0.15147717176596423,0.81
visibility_07,400,95.0,2296787.0,69999.0,4713.59,5617.0,5622.0,11.783975,22967.87,22299.0,3.8834685149297696,21.0,99.38095238095238,79.0,92.10126582278481,66.0,90.54545454545455,6.73379619708853,45.20691992770771,0.2223549680488439,40.0,0.17303999021241412,0.84,0.1439345485671941,0.83
visibility_07,400,96.0,2315795.0,70168.0,4782.28,5666.05,5672.0,11.9557,23157.95,22484.0,3.8835043689100286,25.0,99.0,79.0,92.24050632911393,64.0,90.421875,6.8154714399726375,45.623872579394984,0.22984936058675315,40.0,0.17456035616278642,0.84,0.14554224359237325,0.84
visibility_07,400,97.0,2251760.0,70015.0,4754.97,5199.05,5203.0,11.887425,22517.6,21862.0,3.883495576793264,22.0,99.72727272727273,90.0,91.66666666666667,75.0,90.0,6.791358994501178,44.55091661633567,0.23044107720183324,40.0,0.17681680108004405,0.93,0.1438266067431698,0.91
visibility_07,400,98.0,1902928.0,63837.0,4082.66,4730.1,4736.0,10.20665,19029.28,18475.0,3.883541573827281,23.0,98.95652173913044,78.0,91.17948717948718,69.0,90.02898550724638,6.395444648088099,43.824460515584406,0.2306214423246702,33.0,0.17469762387226423,0.89,0.13734728796885642,0.88
visibility_07,400,99.0,2319066.0,69936.0,4689.6,5369.05,5377.0,11.724,23190.66,22516.0,3.8835030999548956,23.0,99.3913043478261,87.0,91.51724137931035,73.0,89.89041095890411,6.705559368565545,45.66449294672942,0.22342960484953855,41.0,0.169644158467245,0.88,0.13963121360064784,0.87
visibility_07,400,100.0,2260569.0,69270.0,4799.92,5243.0,5247.0,11.9998,22605.69,21948.0,3.8834912802927053,23.0,99.82608695652173,80.0,91.6625,64.0,89.578125,6.92929117944276,44.36242158500802,0.23324658526238307,40.0,0.1781122363440355,0.93,0.14548593739009957,0.92
visibility_07,400,101.0,2383877.0,70429.0,4943.8,5918.0,5926.0,12.3595,23838.77,23145.0,3.883505734566003,21.0,98.66666666666667,66.0,95.86363636363636,58.0,95.29310344827586,7.019551605162646,46.800078191953695,0.22451787571254725,41.0,0.1761022066155259,0.85,0.1477630767023634,0.84
visibility_07,400,102.0,2288131.0,69503.0,4545.54,5087.049999999999,5090.0,11.36385,22881.31,22215.0,3.8834752031242963,23.0,99.47826086956522,78.0,91.71794871794872,67.0,90.35820895522389,6.5400630188624955,44.79291045836099,0.2201727086429929,41.0,0.16518241306988105,0.91,0.13368989799972117,0.89
visibility_07,400,103.0,2287081.0,69434.0,4690.69,5399.05,5406.0,11.726724999999998,22870.81,22205.0,3.8835091542450835,24.0,98.95833333333333,78.0,92.83333333333333,64.0,91.265625,6.755609643690411,45.17589495081285,0.22708159439914896,40.0,0.17193531842553894,0.89,0.14132905655724481,0.87
visibility_07,400,104.0,2256624.0,70170.0,4792.79,5285.0,5288.0,11.981975,22566.24,21909.0,3.8834559944412534,21.0,99.57142857142857,81.0,90.64197530864197,68.0,88.8529411764706,6.830255094769845,44.61320317429931,0.22988632576804996,40.0,0.1784519707314998,0.91,0.14619139032466197,0.91
visibility_07,400,105.0,2252098.0,69547.0,4849.57,5308.099999999999,5315.0,12.123925,22520.98,21865.0,3.8835343755023093,18.0,99.83333333333333,81.0,94.24691358024691,70.0,93.34285714285714,6.973082951097819,45.29636587750622,0.22790704489769095,40.0,0.18117151207451895,0.92,0.14879503467433478,0.91
visibility_07,400,106.0,1952822.0,65533.0,4131.51,4730.05,4736.0,10.328775,19528.22,18960.0,3.8835080719082433,24.0,99.29166666666667,80.0,93.9625,67.0,92.7910447761194,6.304472555811576,43.91184142743169,0.23015000855172668,34.0,0.17272644408963028,0.89,0.1362663878223412,0.89
visibility_07,400,107.0,2266456.0,70199.0,4689.08,5316.05,5321.0,11.7227,22664.56,22005.0,3.8835079966255686,23.0,99.3913043478261,78.0,90.97435897435898,65.0,89.16923076923077,6.679696291969971,43.995018654674965,0.2275848284722933,40.0,0.17359525179399027,0.88,0.14253354135266688,0.88
visibility_07,400,108.0,2328873.0,70444.0,4971.1,5775.0,5780.0,12.427750000000001,23288.73,22611.0,3.883509319743928,24.0,99.25,80.0,92.775,66.0,91.24242424242425,7.056811083981603,46.249271214016396,0.2351613849273876,40.0,0.18088749365036222,0.89,0.15099363511878922,0.86
visibility_07,400,109.0,2326160.0,70195.0,4849.37,5544.0,5556.0,12.123425,23261.6,22585.0,3.8835247790349765,21.0,99.52380952380952,70.0,93.01428571428572,58.0,91.56896551724138,6.908426526105848,45.04511469546377,0.22633008907383842,41.0,0.1760390514839908,0.88,0.14610044021047564,0.87
visibility_07,400,110.0,2013875.0,66079.0,4369.1,5085.0,5092.0,10.92275,20138.75,19553.0,3.883508162125256,20.0,99.3,70.0,91.72857142857143,60.0,90.35,6.61193419997276,43.69482862640432,0.22964732170566693,35.0,0.1796854323133263,0.87,0.14525976041214078,0.86
visibility_07,400,111.0,2286827.0,70926.0,4900.66,5504.0,5509.0,12.25165,22868.27,22203.0,3.883503212092563,21.0,99.52380952380952,82.0,92.8048780487805,69.0,91.44927536231884,6.909539520063165,45.25025548500171,0.23155096559556101,40.0,0.18097827251471144,0.9,0.14949359964702183,0.9
visibility_07,400,112.0,2341175.0,70674.0,4875.76,5319.0,5321.0,12.189400000000001,23411.75,22730.0,3.883477313742031,19.0,99.73684210526316,75.0,93.68,63.0,92.47619047619048,6.898944449160936,45.17115978087926,0.22356423590718336,42.0,0.17539440665477804,0.92,0.14395720097814133,0.92
visibility_07,400,113.0,2329577.0,70940.0,4969.4,5869.05,5877.0,12.423499999999999,23295.77,22618.0,3.8834947288713786,24.0,98.91666666666667,69.0,94.02898550724638,56.0,92.64285714285714,7.0050747110234,45.45664642121724,0.23488813634406588,40.0,0.18124749686316444,0.86,0.1517142382501201,0.86
visibility_07,400,114.0,1784846.0,60672.0,3839.25,4804.0,4808.0,9.598125,17848.46,17329.0,3.8834722995709434,24.0,98.91666666666667,66.0,94.78787878787878,56.0,93.85714285714286,6.327877768987341,44.11641956785067,0.23126420990942637,30.0,0.174297950635517,0.81,0.13823769669764227,0.8
visibility_07,400,115.0,2325096.0,70037.0,4931.78,5818.0,5822.0,12.32945,23250.96,22574.0,3.88349556319395,23.0,98.82608695652173,61.0,93.8688524590164,50.0,92.52,7.041677970215743,45.22073669216239,0.2320717080068952,40.0,0.17998525652274142,0.86,0.1505288383791465,0.85
visibility_07,400,116.0,2302181.0,70206.0,4972.49,5340.0,5345.0,12.431225,23021.81,22352.0,3.8834913501588275,20.0,99.9,89.0,90.76404494382022,75.0,89.04,7.082713728171381,44.90845767556939,0.23247390192169948,41.0,0.18223197915368078,0.94,0.14977579955702874,0.93
visibility_07,400,117.0,2342392.0,69449.0,4835.53,5346.0,5350.0,12.088825,23423.92,22742.0,3.883508823459097,19.0,99.52631578947368,74.0,94.58108108108108,63.0,93.63492063492063,6.962706446457112,45.777711843278155,0.22166272767325024,42.0,0.17375016649647027,0.91,0.14267082537850198,0.91
visibility_07,400,118.0,2302547.0,69608.0,4627.6,5415.0,5418.0,11.569,23025.47,22355.0,3.8834820744158534,19.0,99.42105263157895,75.0,90.46666666666667,65.0,89.0,6.648086426847489,44.63195061816328,0.2156151427093562,41.0,0.16855464839588508,0.86,0.13867469371960703,0.86
visibility_07,400,119.0,2221877.0,69930.0,4530.98,4935.0,4942.0,11.327449999999999,22218.77,21572.0,3.8834732975767783,23.0,99.73913043478261,81.0,92.33333333333333,64.0,90.296875,6.479307879307879,43.4139743109092,0.2251699801564173,40.0,0.16911062133502439,0.93,0.1359445189810237,0.92
visibility_07,400,120.0,2238652.0,69392.0,4636.94,5134.05,5137.0,11.59235,22386.52,21735.0,3.883497747751772,20.0,99.65,77.0,91.94805194805195,66.0,90.60606060606061,6.682240027668896,44.14853581530314,0.22310613708606786,40.0,0.17292593935993625,0.91,0.14040636954738833,0.91
visibility_07,400,121.0,2231518.0,69659.0,4766.82,5366.1,5377.0,11.91705,22315.18,21666.0,3.883499931436807,24.0,99.58333333333333,69.0,92.81159420289855,56.0,91.14285714285714,6.843078424898434,44.446107537559634,0.23533083757334694,39.0,0.17943615063826507,0.9,0.14738352995584172,0.89
visibility_07,400,122.0,2277501.0,69721.0,4555.3,5407.0,5414.0,11.388250000000001,22775.01,22112.0,3.883467010552356,22.0,98.95454545454545,67.0,92.71641791044776,60.0,91.86666666666666,6.533612541415069,44.88202332293158,0.21878760975297046,40.0,0.16691847775258936,0.86,0.13719159728140623,0.84
visibility_07,400,123.0,2207415.0,69793.0,4807.05,5324.0,5329.0,12.017625,22074.15,21432.0,3.883501742988971,19.0,99.6842105263158,75.0,90.92,63.0,89.19047619047619,6.887581849182583,43.43160529397508,0.23140687183877975,39.0,0.18308292731543457,0.91,0.1501031749806901,0.91
visibility_07,400,124.0,2249790.0,69985.0,4824.49,5529.0,5532.0,12.061225,22497.9,21843.0,3.883473568644184,25.0,99.16,66.0,91.3030303030303,50.0,88.52,6.8936057726655715,43.598476302232655,0.23744793958547242,39.0,0.180725756626174,0.89,0.14907835842456407,0.89
visibility_07,400,125.0,2198138.0,69612.0,4854.41,5289.0,5296.0,12.136025,21981.38,21342.0,3.883514137874874,18.0,99.77777777777777,77.0,90.63636363636364,68.0,89.3970588235294,6.973524679652933,43.756915625861524,0.23288710717889413,39.0,0.18568624899801559,0.92,0.15220336484788488,0.92
visibility_07,400,126.0,1704888.0,62436.0,3634.88,3908.05,3915.0,9.087200000000001,17048.88,16553.0,3.8834809090098585,17.0,99.88235294117646,75.0,91.12,66.0,89.9090909090909,5.821769491959767,40.397980395193116,0.21863840909197554,31.0,0.16785325487656666,0.93,0.12421402461627978,0.93
visibility_07,400,127.0,2257757.0,69337.0,4880.95,5381.0,5389.0,12.202375,22577.57,21920.0,3.8834560140883188,19.0,99.78947368421052,81.0,92.06172839506173,70.0,90.81428571428572,7.039459451663614,44.91076231853118,0.23039237615031202,40.0,0.18220915714135755,0.91,0.1499647659159068,0.91
visibility_07,400,128.0,2228178.0,69706.0,4536.03,5167.05,5171.0,11.340074999999999,22281.78,21633.0,3.8834868668481604,18.0,99.61111111111111,69.0,90.6231884057971,62.0,89.56451612903226,6.507373827217169,42.98494240585806,0.21621567038180972,40.0,0.1697324001942394,0.88,0.13813707881506773,0.88
visibility_07,400,129.0,2217058.0,69523.0,4502.18,5231.0,5238.0,11.255450000000002,22170.58,21525.0,3.8834798187507946,24.0,99.54166666666667,71.0,92.95774647887323,55.0,90.9090909090909,6.475813759475281,43.7587442457527,0.2249138272431303,39.0,0.16902625010261346,0.88,0.13727245746390035,0.88
visibility_07,400,130.0,2289614.0,70736.0,4703.8,5500.0,5512.0,11.759500000000001,22896.14,22230.0,3.883493025461934,24.0,99.29166666666667,73.0,92.12328767123287,60.0,90.41666666666667,6.6497964261479305,44.726446466522304,0.22753704336189418,40.0,0.1728068574004177,0.86,0.14275812429518686,0.86
visibility_07,400,131.0,2175200.0,69308.0,4567.52,4972.05,4978.0,11.418800000000001,21752.0,21119.0,3.883504965060684,21.0,99.9047619047619,76.0,91.13157894736842,63.0,89.3015873015873,6.590177180123507,42.64285399043766,0.22729266274365575,39.0,0.17459819786686281,0.92,0.14076222876057373,0.92
visibility_07,400,132.0,2186951.0,70126.0,4643.84,5118.0,5121.0,11.6096,21869.51,21233.0,3.8834889304790097,21.0,99.71428571428571,69.0,92.15942028985508,58.0,90.67241379310344,6.622137295724838,42.704773449428,0.22949393927893216,39.0,0.17732496064155073,0.91,0.14403660621568568,0.91
visibility_07,400,133.0,2163575.0,70768.0,4608.26,4976.05,4980.0,11.52065,21635.75,21006.0,3.883479888610286,18.0,99.88888888888889,75.0,89.6,66.0,88.18181818181819,6.511784987565001,42.057866263013764,0.2252646661197324,39.0,0.17725385068694174,0.93,0.14286632078850975,0.93
visibility_07,400,134.0,2236918.0,70139.0,4719.12,5055.05,5062.0,11.7978,22369.18,21718.0,3.8834682362071384,21.0,99.95238095238095,89.0,91.43820224719101,74.0,89.70270270270271,6.728239638432256,44.13766172921851,0.22875268561476103,40.0,0.1762187974704482,0.94,0.14260513796214255,0.93
visibility_07,400,135.0,2255874.0,70119.0,4903.75,5572.0,5580.0,12.259375,22558.74,21902.0,3.8835059050283833,23.0,99.43478260869566,78.0,92.58974358974359,63.0,90.82539682539682,6.993468246837519,44.69344121169888,0.23717104767376193,39.0,0.18375804677034266,0.89,0.15219600030852787,0.89
visibility_07,400,136.0,2236680.0,70095.0,4654.64,5116.0,5121.0,11.636600000000001,22366.8,21716.0,3.883523794194968,21.0,99.76190476190476,81.0,90.91358024691358,68.0,89.17647058823529,6.640473642913189,44.04068843106747,0.22582711876531286,40.0,0.17369538780692811,0.92,0.14100094783339592,0.91
visibility_07,400,137.0,2209178.0,70027.0,4889.71,5282.0,5286.0,12.224275,22091.78,21449.0,3.8834806430265014,19.0,99.84210526315789,76.0,92.48684210526316,66.0,91.34848484848484,6.982606708840875,44.10928046540388,0.23501275134914434,39.0,0.18615973905226288,0.94,0.15227247419628478,0.93
visibility_07,400,138.0,2217750.0,70349.0,4569.4,4880.099999999999,4886.0,11.423499999999999,22177.5,21532.0,3.883485514598129,21.0,99.9047619047619,91.0,91.08791208791209,75.0,89.18666666666667,6.495330424028771,44.18076293540751,0.22396122195919288,40.0,0.17082042610754142,0.95,0.13716379213166496,0.93
visibility_07,400,139.0,2268033.0,69531.0,4548.01,5050.05,5057.0,11.370025,22680.33,22020.0,3.883497285974234,28.0,99.75,89.0,93.95505617977528,68.0,92.08823529411765,6.540981720383714,45.07472245774202,0.22970124332406097,40.0,0.166528882075349,0.92,0.13453375678396215,0.89
visibility_07,400,140.0,2315030.0,69651.0,4707.39,5418.05,5424.0,11.768475,23150.3,22476.0,3.8835349865876467,20.0,99.35,79.0,91.69620253164557,69.0,90.4927536231884,6.75853900159366,45.260070063886864,0.21954963866558966,41.0,0.170758910251703,0.88,0.14034893716280133,0.88
visibility_07,400,141.0,2284198.0,70022.0,4563.13,5392.0,5398.0,11.407825,22841.98,22177.0,3.883507471769085,25.0,99.52,71.0,92.0,54.0,89.48148148148148,6.516709034303505,43.96880130356475,0.22366537401748884,40.0,0.16704987921362333,0.86,0.13696623497612728,0.84
visibility_07,400,142.0,2171202.0,70018.0,4610.54,4986.0,4989.0,11.52635,21712.02,21080.0,3.8834709990134497,19.0,99.89473684210526,76.0,90.72368421052632,63.0,88.80952380952381,6.584792481933217,42.09123425641649,0.2262829529449586,39.0,0.17673298016490405,0.93,0.14281167758688507,0.92
visibility_07,400,143.0,2229180.0,70422.0,4796.45,5199.05,5205.0,11.991125,22291.8,21643.0,3.88349079033546,16.0,99.875,70.0,91.72857142857143,62.0,90.66129032258064,6.811010763681804,42.86649799477835,0.22447357324217873,40.0,0.18052512583102306,0.92,0.14750850088373302,0.92
visibility_07,400,144.0,2201234.0,70307.0,4591.26,4924.05,4930.0,11.478150000000001,22012.34,21372.0,3.8835035257496475,16.0,99.875,70.0,93.37142857142857,61.0,92.39344262295081,6.530302814797958,42.955480425979246,0.21800181171106753,40.0,0.17345543454262471,0.93,0.13965621101618456,0.93
visibility_07,400,145.0,2196179.0,70163.0,4569.25,5209.0,5216.0,11.423125,21961.79,21323.0,3.8835176914085783,20.0,99.45,58.0,91.70689655172414,49.0,90.18367346938776,6.512335561478272,42.25657061651168,0.2233643068256276,39.0,0.1734640027065189,0.89,0.14133137599439755,0.88
visibility_07,400,146.0,2281272.0,70463.0,4833.85,5858.0,5861.0,12.084625,22812.72,22149.0,3.8834913153714243,23.0,98.52173913043478,67.0,91.4776119402985,57.0,89.98245614035088,6.860125172076125,45.03198171897082,0.23112763405678938,39.0,0.1794174478098184,0.84,0.14996019764412136,0.84
visibility_07,400,147.0,2248645.0,70634.0,4810.53,5466.15,5472.0,12.026325,22486.45,21832.0,3.883494282112116,25.0,99.56,73.0,93.16438356164383,56.0,91.08928571428571,6.810502024520769,44.1382356930507,0.23711257223794774,39.0,0.18019251593737562,0.89,0.1487558062744453,0.88
visibility_07,400,148.0,2175177.0,69491.0,4660.61,5022.0,5027.0,11.651525,21751.77,21119.0,3.8835000553977905,19.0,99.89473684210526,73.0,92.53424657534246,60.0,90.91666666666667,6.7067821732310655,42.70159761711346,0.22817131663308318,39.0,0.1787118933309795,0.93,0.1445077802863859,0.93
visibility_07,400,149.0,2187328.0,70100.0,4737.39,5322.05,5324.0,11.843475000000002,21873.28,21237.0,3.883505354478158,25.0,99.56,69.0,92.92753623188406,53.0,90.79245283018868,6.758045649072753,43.56937459768265,0.23927778549901982,38.0,0.18190001682418,0.89,0.1493488859466893,0.89
visibility_07,400,150.0,2219861.0,69712.0,4760.97,5705.2,5716.0,11.902425000000001,22198.61,21552.05,3.883531446338307,23.0,98.78260869565217,67.0,92.02985074626865,54.0,90.11111111111111,6.829484163415194,44.572549362324935,0.23331415795853885,38.0,0.18065365353956847,0.87,0.14989271850805072,0.84
visibility_07,400,151.0,2221490.0,69648.0,4731.51,5353.049999999999,5356.0,11.828775,22214.9,21568.0,3.8834746048823083,22.0,99.5,76.0,92.26315789473684,63.0,90.66666666666667,6.793461405926947,44.01696519003011,0.23145546457557764,39.0,0.17868277597468366,0.9,0.14643955183232876,0.89
visibility_07,400,152.0,2256698.0,69930.0,4730.99,5189.1,5195.0,11.827475,22566.98,21910.0,3.8835059010997486,23.0,99.8695652173913,81.0,92.27160493827161,63.0,90.06349206349206,6.765322465322465,44.32981063483018,0.23060994426369855,40.0,0.17569696964325754,0.91,0.14343744710191617,0.91
visibility_07,400,153.0,2205924.0,69550.0,4549.28,4918.0,4922.0,11.373199999999999,22059.24,21417.0,3.8834973462367692,18.0,99.94444444444444,78.0,92.2051282051282,67.0,90.92537313432835,6.541020848310568,43.4531071786698,0.2190986634172347,40.0,0.17117679484877993,0.93,0.13745759146733977,0.92
visibility_07,400,154.0,2211635.0,69903.0,4661.09,5137.0,5144.0,11.652725,22116.35,21473.0,3.883506998216252,24.0,99.75,78.0,92.2051282051282,61.0,90.0327868852459,6.66793985951962,43.537106258492024,0.23273189292084814,39.0,0.17589340013157687,0.91,0.14297657615293663,0.91
visibility_07,400,155.0,2235974.0,70396.0,4764.94,5563.0,5568.0,11.912349999999998,22359.74,21709.0,3.8834977508683015,20.0,99.15,75.0,93.28,64.0,92.125,6.76876527075402,43.94345059468491,0.22804290210887962,39.0,0.1795418909164418,0.87,0.1485728367145593,0.86
visibility_07,400,156.0,2195467.0,70115.0,4742.4,5200.0,5204.0,11.856,21954.67,21316.0,3.8835017788926005,20.0,99.8,72.0,90.48611111111111,58.0,88.1896551724138,6.763745275618627,42.463131078718106,0.23144050901243335,39.0,0.18095648898389272,0.92,0.14743286963548075,0.92
visibility_07,400,157.0,2166238.0,70533.0,4900.99,5325.0,5328.0,12.252474999999999,21662.38,21032.0,3.8835067984219647,19.0,99.73684210526316,81.0,90.54320987654322,70.0,89.05714285714286,6.948506372903464,43.14564604627931,0.23928349516535116,38.0,0.1905473913762015,0.93,0.1565557431824204,0.92
visibility_07,400,158.0,2212076.0,70654.0,4781.93,5116.05,5119.0,11.954825000000001,22120.76,21477.0,3.883501290190753,16.0,99.875,78.0,89.7948717948718,71.0,88.78873239436619,6.768095224615733,42.94969567049233,0.2255523770431034,40.0,0.18105119353946247,0.94,0.14705597818519797,0.94
visibility_07,400,159.0,2178063.0,70014.0,4873.67,5400.0,5404.0,12.184175,21780.63,21147.0,3.883496482884104,22.0,99.68181818181819,74.0,91.14864864864865,57.0,88.50877192982456,6.960993515582598,42.734382338802874,0.24165784001656518,38.0,0.18859693222831478,0.91,0.15517273834595235,0.91
visibility_07,400,160.0,2231899.0,70791.0,4900.8,5456.05,5460.0,12.252,22318.99,21669.0,3.883464260703553,23.0,99.69565217391305,80.0,89.9625,65.0,87.64615384615385,6.922913929736831,43.74693075269087,0.23968468107203775,39.0,0.1852014808913844,0.9,0.15294195660287496,0.9
visibility_07,400,161.0,2193243.0,70229.0,4647.01,5193.0,5204.0,11.617525,21932.43,21294.0,3.88347301233835,19.0,99.63157894736842,72.0,91.69444444444444,60.0,90.03333333333333,6.616938871406399,42.58112028626103,0.22558877424890902,39.0,0.17714316197521204,0.9,0.14446506839415424,0.89
visibility_07,400,162.0,1820750.0,64693.0,3961.42,4398.049999999999,4404.0,9.903550000000001,18207.5,17678.0,3.8835095427708364,23.0,99.6086956521739,72.0,93.36111111111111,57.0,91.6140350877193,6.123413661447143,41.12718495125635,0.23336701908554167,32.0,0.17554359467252506,0.9,0.13620540985857477,0.89
visibility_07,400,163.0,2181928.0,70172.0,4631.17,5060.1,5071.0,11.577925,21819.28,21184.0,3.8834920309011114,20.0,99.8,68.0,92.82352941176471,54.0,90.96296296296296,6.5997406372912275,42.21402126926278,0.22777882679905112,39.0,0.17698155026197016,0.92,0.1432499147542907,0.92
visibility_07,400,164.0,2316738.0,70246.0,4673.13,6044.1,6052.0,11.682825000000001,23167.38,22493.0,3.8834775447202055,16.0,99.9375,68.0,92.0,58.0,90.62068965517241,6.652521139993737,45.11246459461536,0.21069020320813142,40.0,0.17103271928029842,0.76,0.14478892304611052,0.76
visibility_07,400,165.0,2510038.0,70024.0,4942.91,7520.150000000001,7531.0,12.357275,25100.38,24370.0,3.883487022905629,18.0,99.77777777777777,62.0,96.24193548387096,51.0,95.43137254901961,7.058879812635667,49.80374958466764,0.20889524381702587,40.0,0.1703818826647246,0.65,0.14973040248793046,0.64
visibility_07,400,166.0,2521478.0,70897.0,4773.79,7605.0,7610.0,11.934474999999999,25214.78,24481.0,3.8835159378745323,20.0,99.55,50.0,97.0,39.0,96.15384615384616,6.73341608248586,49.075034959654616,0.20425639248091793,40.0,0.1632308511119272,0.62,0.14355984862846316,0.62
visibility_07,400,167.0,2495982.0,70608.0,4841.52,7820.049999999999,7825.0,12.103800000000001,24959.82,24233.0,3.8834815315174547,21.0,99.23809523809524,41.0,96.58536585365853,32.0,95.625,6.856900067980965,48.788885897414325,0.2096745889994399,39.0,0.16754567941595733,0.63,0.14735322610499596,0.63
visibility_07,400,168.0,2505128.0,69669.0,4907.08,7640.0,7643.0,12.2677,25051.28,24322.0,3.8834742176846855,17.0,99.41176470588235,60.0,96.01666666666667,53.0,95.49056603773585,7.043419598386657,49.42595947193117,0.2062241929354508,40.0,0.16960770068435624,0.63,0.14948896822836996,0.63
visibility_07,400,169.0,2413563.0,70158.0,4845.91,7289.05,7294.0,12.114775,24135.63,23433.0,3.8834702056668915,15.0,99.86666666666666,51.0,95.29411764705883,43.0,94.4186046511628,6.9071381738361985,48.048340565379895,0.20779030835325202,39.0,0.173056597238191,0.66,0.1511802260806948,0.66
visibility_07,400,170.0,2515054.0,70742.0,4798.55,7635.0,7644.0,11.996375,25150.54,24418.0,3.883495145631068,20.0,99.65,54.0,94.4074074074074,46.0,93.43478260869566,6.7831698283904895,49.4076433348946,0.2057935932985932,40.0,0.16468871046108752,0.62,0.1450863480466026,0.61
visibility_07,400,171.0,2476061.0,70047.0,4749.13,7121.0,7131.0,11.872825,24760.61,24040.0,3.883506908755479,13.0,99.92307692307692,52.0,95.32692307692308,47.0,94.82978723404256,6.7799191971105115,48.55066656273816,0.1966320700499705,41.0,0.1649632218269259,0.65,0.14396212371181485,0.65
visibility_07,400,172.0,2499566.0,70398.0,4891.77,7537.0,7551.0,12.229425,24995.66,24268.0,3.883474171116106,18.0,99.77777777777777,52.0,96.36538461538461,43.0,95.6046511627907,6.948734339043723,49.55474510375001,0.20772446096642377,40.0,0.16904974703608547,0.65,0.14856059011844455,0.64
visibility_07,400,173.0,2082320.0,63535.0,4128.87,6323.049999999999,6328.0,10.322175,20823.2,20217.0,3.88350493680126,21.0,99.71428571428571,68.0,96.20588235294117,55.0,95.30909090909091,6.49857558825844,48.29794315955281,0.21125235314456953,33.0,0.1664187060586269,0.64,0.14183074647508548,0.64
visibility_07,400,174.0,2512021.0,70517.0,4775.18,7432.0,7442.0,11.93795,25120.21,24389.0,3.8834866428266324,24.0,99.79166666666667,62.0,95.53225806451613,44.0,93.70454545454545,6.771672079073132,49.36424934345692,0.21135293056865367,40.0,0.1636367689601321,0.64,0.1432547737459201,0.64
visibility_07,400,175.0,2473620.0,70351.0,4864.08,7372.049999999999,7381.0,12.1602,24736.2,24016.0,3.883498678050792,16.0,99.875,51.0,95.0,42.0,93.92857142857143,6.914016858324686,48.991759041404904,0.20566214697487892,40.0,0.1697310015281248,0.65,0.14871120058861104,0.64
visibility_07,400,176.0,2461677.0,70046.0,4789.77,7258.0,7261.0,11.974425000000002,24616.77,23900.0,3.8834908072830023,16.0,99.8125,55.0,95.67272727272727,46.0,94.82608695652173,6.83803500556777,49.14835577535152,0.20362541470712853,40.0,0.16753619585347712,0.65,0.14644975762457868,0.64
visibility_07,400,177.0,2229395.0,67565.0,4253.87,6664.1,6672.0,10.634675,22293.95,21645.0,3.8834751132033576,17.0,99.76470588235294,65.0,94.16923076923077,54.0,92.98148148148148,6.295966846740176,47.627863613222424,0.19949223892580722,36.0,0.16145411647554606,0.62,0.139205928065686,0.62
visibility_07,400,178.0,2520367.0,70933.0,4909.55,7634.05,7642.0,12.273875,25203.67,24470.0,3.8834820484477066,17.0,99.47058823529412,54.0,96.42592592592592,47.0,95.8936170212766,6.921390608038571,49.48167469261421,0.20509076654312647,40.0,0.16852783741415436,0.64,0.14850734039923552,0.63
visibility_07,400,179.0,2534626.0,70752.0,4698.72,7411.0,7420.0,11.7468,25346.26,24608.0,3.883531534829991,21.0,99.61904761904762,58.0,95.84482758620689,45.0,94.64444444444445,6.641112618724559,48.670586114085474,0.20261450801814548,41.0,0.1592045532555888,0.64,0.1390978392867429,0.63
visibility_07,400,180.0,2549170.0,70791.0,4714.78,7501.150000000001,7509.0,11.78695,25491.7,24750.0,3.883499335077692,19.0,99.42105263157895,59.0,96.66101694915254,47.0,95.80851063829788,6.660140413329378,49.37006241247151,0.1989031724051358,41.0,0.15925458090280364,0.62,0.14007382795184314,0.61
visibility_07,400,181.0,2480168.0,69864.0,4604.73,7249.049999999999,7255.0,11.511824999999998,24801.68,24080.0,3.8834869250792687,17.0,99.58823529411765,48.0,96.75,38.0,95.89473684210526,6.5909910683613875,48.04687061521639,0.19615606684708456,40.0,0.15912389805851862,0.62,0.13912525280545512,0.62
visibility_07,400,182.0,2459488.0,70362.0,4680.06,7494.05,7497.0,11.70015,24594.88,23879.0,3.8834911981680738,19.0,99.52631578947368,51.0,97.07843137254902,41.0,96.36585365853658,6.65140274580029,48.556153557163114,0.20323904812708987,39.0,0.16364910095109225,0.62,0.1434823020075723,0.62
visibility_07,400,183.0,2494089.0,70356.0,4920.62,7698.05,7702.0,12.301549999999999,24940.89,24215.0,3.883502152489346,19.0,99.42105263157895,62.0,97.70967741935483,51.0,97.2156862745098,6.993888225595542,49.68339301444335,0.2100342048740041,39.0,0.17087200977992364,0.63,0.15066423050660982,0.63
visibility_07,400,184.0,2480449.0,70128.0,4628.5,7223.0,7228.0,11.57125,24804.49,24082.0,3.8835307639866814,21.0,99.71428571428571,57.0,95.36842105263158,42.0,93.71428571428571,6.600074150125485,48.433406209924094,0.2033970462605762,40.0,0.1600028865741646,0.63,0.13968398463342727,0.63
visibility_07,400,185.0,2448465.0,70473.0,4653.19,7243.05,7249.0,11.632974999999998,24484.65,23772.0,3.8834943525841696,21.0,99.71428571428571,61.0,97.49180327868852,45.0,96.6,6.602798234784953,48.86993973775406,0.20620715427829273,39.0,0.16310137167572336,0.63,0.14251704639437363,0.63
visibility_07,400,186.0,2499335.0,70336.0,4640.99,7348.0,7358.0,11.602475,24993.35,24266.0,3.883513014461847,21.0,99.61904761904762,60.0,95.43333333333334,47.0,94.17021276595744,6.598313808007279,49.39804588020414,0.20232861941276378,40.0,0.15929437230303262,0.63,0.1391290083162121,0.63
visibility_07,400,187.0,2464616.0,70258.0,4716.89,7502.1,7509.0,11.792225,24646.16,23929.0,3.883485297506792,19.0,99.42105263157895,61.0,95.9672131147541,50.0,95.08,6.713669617694782,49.33908974055188,0.20427969306374705,39.0,0.16480376659081983,0.62,0.14467892767067972,0.62
visibility_07,400,188.0,2393120.0,70517.0,4774.95,6786.0,6790.0,11.937375,23931.2,23235.0,3.883507722136792,23.0,99.21739130434783,62.0,95.0,49.0,93.6734693877551,6.77134591658749,47.15423213211206,0.21904919101424083,39.0,0.170675101958949,0.71,0.14694039580129706,0.71
visibility_07,400,189.0,2237030.0,70451.0,4651.32,4978.05,4995.0,11.6283,22370.3,21719.0,3.883497315637251,14.0,100.0,75.0,90.13333333333334,68.0,89.11764705882354,6.602205788420321,43.16444392788653,0.21445935012047224,41.0,0.1732256608091979,0.93,0.13996727804276204,0.93
visibility_07,400,190.0,2246752.0,70244.0,4742.63,5377.099999999999,5382.0,11.856575,22467.52,21814.0,3.88351718391705,27.0,99.5925925925926,82.0,93.10975609756098,62.0,90.88709677419355,6.751651386595296,44.473775921864096,0.2375842994687442,39.0,0.1771463873182265,0.9,0.14540679167082082,0.88
visibility_07,400,191.0,2316523.0,71181.0,4919.65,5646.0,5651.0,12.299124999999998,23165.23,22491.0,3.883492630981864,24.0,99.375,85.0,92.97647058823529,71.0,91.59154929577464,6.911465138168893,46.06908414032583,0.23424287175219066,40.0,0.17946724465934505,0.9,0.1487224603425047,0.88
visibility_07,400,192.0,2295159.0,70835.0,4964.59,5816.049999999999,5818.0,12.411475000000001,22951.59,22284.0,3.8835217952220304,25.0,99.16,76.0,94.23684210526316,63.0,93.04761904761905,7.008668031340439,45.722533820097,0.23885883287388804,39.0,0.1834208436103991,0.88,0.15317762298821128,0.86
visibility_07,400,193.0,2246656.0,70499.0,4883.88,5464.1,5481.0,12.2097,22466.56,21813.0,3.8835050848906105,25.0,99.72,76.0,93.9342105263158,58.0,92.05172413793103,6.927587625356388,44.35954814622265,0.24065232950660892,39.0,0.18328128560847767,0.91,0.15092920322470374,0.9
visibility_07,400,194.0,2276801.0,70358.0,4749.96,5401.0,5404.0,11.8749,22768.01,22105.0,3.883475103884793,22.0,99.54545454545455,78.0,92.55128205128206,64.0,90.921875,6.751129935472868,44.64538446706585,0.22762112279465793,40.0,0.17542288500400344,0.88,0.14462484863631034,0.87
visibility_07,400,195.0,2212860.0,70518.0,4820.45,5276.0,5283.0,12.051124999999999,22128.6,21485.0,3.8835262962862545,22.0,99.72727272727273,77.0,90.18181818181819,62.0,87.80645161290323,6.835772426898097,43.3033544824345,0.23646005621684155,39.0,0.18305496054879206,0.92,0.1497948356425621,0.92
visibility_07,400,196.0,2270691.0,70512.0,4944.76,5696.0,5702.0,12.3619,22706.91,22046.0,3.883487449415178,25.0,99.4,73.0,92.31506849315069,57.0,90.15789473684211,7.01265032902201,44.45358042992199,0.24065625838125929,39.0,0.1841910678291322,0.9,0.1529375859595163,0.88
visibility_07,400,197.0,2256539.0,70097.0,4683.92,5928.0,5932.0,11.7098,22565.39,21909.0,3.8835136463407016,25.0,98.48,62.0,91.61290322580645,51.0,89.80392156862744,6.6820548668273965,44.60656252783577,0.2302136147436406,38.0,0.17538850425363797,0.8,0.14709384592954078,0.79
visibility_07,400,198.0,1931071.0,68591.0,4133.55,4701.0,4705.0,10.333875,19310.71,18749.0,3.8834926318089806,20.0,99.4,69.0,91.28985507246377,59.0,89.8135593220339,6.026373722500036,41.943829097946164,0.22630084548936832,34.0,0.17499460144137632,0.88,0.13853814800180833,0.88
visibility_07,400,199.0,1901866.0,69691.0,4150.93,4823.0,4829.0,10.377325,19018.66,18465.0,3.8835017819341635,20.0,99.5,66.0,92.16666666666667,54.0,90.42592592592592,5.956192334734758,41.47785332930921,0.2296775903244498,33.0,0.17886643959143284,0.86,0.1426914409322213,0.86
visibility_07,600,0.0,2356185.0,69866.0,4316.24,6844.05,6848.0,7.193733333333333,23561.85,22876.0,3.8834811358191317,41.0,98.29268292682927,108.0,96.48148148148148,91.0,95.82417582417582,6.1778833767497785,49.24176539618069,0.1987691968160395,25.0,0.14043888743880467,0.65,0.10834378455002472,0.62
visibility_07,600,1.0,2216146.0,69183.0,3955.43,5984.05,5990.0,6.592383333333333,22161.46,21516.0,3.883453526978818,48.0,97.58333333333333,98.0,96.36734693877551,81.0,95.60493827160494,5.717343856149632,47.701849065900895,0.20001119059845335,24.0,0.13168040372791323,0.68,0.09618274247274322,0.65
visibility_07,600,2.0,2220905.0,69668.0,3897.98,5926.1,5932.0,6.4966333333333335,22209.05,21563.0,3.883506948743868,53.0,98.28301886792453,117.0,96.88034188034187,88.0,95.85227272727273,5.595079520009186,48.31045362138408,0.20242648830094037,24.0,0.1286655665145515,0.69,0.09338355310110068,0.62
visibility_07,600,3.0,2249228.0,70103.0,4246.56,6248.0,6251.0,7.0776,22492.28,21838.0,3.883510253295798,52.0,98.63461538461539,114.0,96.42105263157895,90.0,95.46666666666667,6.057600958589504,49.16483922483626,0.2145673982361948,24.0,0.14160636449484001,0.74,0.1044487264074607,0.66
visibility_07,600,4.0,2087998.0,67188.0,3974.5,5588.0,5595.0,6.6241666666666665,20879.98,20272.0,3.8834807313033823,50.0,98.56,114.0,95.6842105263158,87.0,94.34482758620689,5.915490861463357,47.25388003245214,0.21352750337883467,23.0,0.13951641716131913,0.74,0.09820315919842836,0.68
visibility_07,600,5.0,2209961.0,69013.0,4138.72,5949.049999999999,5963.0,6.897866666666667,22099.61,21456.0,3.8834621968441976,51.0,97.88235294117646,113.0,96.52212389380531,85.0,95.37647058823529,5.99701505513454,47.69896799083785,0.21207976068355958,24.0,0.13989794390036747,0.71,0.10256380089965389,0.68
visibility_07,600,6.0,2259801.0,69281.0,3996.11,5837.05,5850.0,6.660183333333333,22598.01,21940.0,3.88348354567504,49.0,98.81632653061224,126.0,94.76984126984127,101.0,93.47524752475248,5.7679739033789925,48.34070300880476,0.20170758398637756,25.0,0.1299981724054463,0.73,0.0933418473573558,0.65
visibility_07,600,7.0,2322414.0,69156.0,4325.67,6836.05,6845.0,7.20945,23224.14,22548.0,3.883502252397721,48.0,99.5,108.0,97.83333333333333,83.0,97.18072289156626,6.254945340968246,51.13268478402214,0.2077213623410813,24.0,0.14178350629991035,0.69,0.10767632299839736,0.63
visibility_07,600,8.0,2391711.0,68674.0,4295.57,7047.0,7058.0,7.159283333333333,23917.11,23221.0,3.883495957496537,45.0,98.68888888888888,104.0,96.60576923076923,83.0,95.74698795180723,6.255016454553397,50.173941584079344,0.19907965469072142,25.0,0.13728414511619505,0.65,0.10636402140559624,0.6
visibility_07,600,9.0,2366019.0,69522.0,4381.29,6912.05,6920.0,7.30215,23660.19,22972.0,3.88352756254282,40.0,98.675,112.0,96.5,95.0,95.87368421052632,6.302019504617244,50.28124372627608,0.19985342467664038,25.0,0.14229048879151013,0.67,0.10988204236736898,0.61
visibility_07,600,10.0,2369488.0,70253.0,4189.29,6942.25,6953.0,6.98215,23694.88,23005.0,3.8834971943305896,43.0,98.93023255813954,103.0,96.85436893203884,81.0,96.0,5.963147481246352,49.46266830640206,0.19456734957087776,25.0,0.13440456334870657,0.65,0.10406087728656993,0.57
visibility_07,600,11.0,2307606.0,70218.0,4125.51,6181.05,6187.0,6.875850000000001,23076.06,22404.0,3.883461908142031,52.0,97.63461538461539,108.0,95.75925925925925,84.0,94.54761904761905,5.875288387592925,47.896954679438345,0.2055805887140179,25.0,0.13279779997105226,0.74,0.09749801309235633,0.65
visibility_07,600,12.0,2401851.0,70125.0,4429.44,7353.1,7360.0,7.3824,24018.51,23319.0,3.8834632123308235,57.0,98.75438596491227,104.0,97.5,79.0,96.70886075949367,6.316491978609625,50.95022005944582,0.213340044823763,24.0,0.14114031220088175,0.69,0.10738426322032465,0.66
visibility_07,600,13.0,2360882.0,69802.0,4166.34,6758.05,6772.0,6.9439,23608.82,22922.0,3.8835062489357792,47.0,98.25531914893617,100.0,96.89,78.0,96.01282051282051,5.9687974556602965,48.659603063600805,0.19800481345531035,25.0,0.13325104770166404,0.67,0.1006594145747225,0.58
visibility_07,600,14.0,2263751.0,70334.0,3948.45,5966.1,5971.0,6.58075,22637.51,21979.0,3.8835101563732057,48.0,98.47916666666667,105.0,95.20952380952382,82.0,93.86585365853658,5.613856740694401,46.78321820730284,0.19803105553570158,25.0,0.1284567074735693,0.68,0.09429084735909558,0.64
visibility_07,600,15.0,2317035.0,70255.0,4358.38,6603.15,6608.0,7.263966666666667,23170.35,22496.0,3.8834976597246054,42.0,98.97619047619048,107.0,95.66355140186916,85.0,94.54117647058824,6.2036581026261475,48.23443150405583,0.20526491831154903,25.0,0.1438040426665976,0.67,0.11004883396237002,0.63
visibility_07,600,16.0,2238298.0,69242.0,3995.89,5806.0,5809.0,6.659816666666666,22382.98,21731.05,3.883531147327121,48.0,98.08333333333333,100.0,95.4,79.0,94.17721518987342,5.7709049420871725,46.913058493551794,0.20219068238456184,25.0,0.13154772063416043,0.7,0.09444676267413901,0.67
visibility_07,600,17.0,2295521.0,69826.0,4473.86,6217.0,6227.0,7.456433333333333,22955.21,22287.0,3.8834756902681353,47.0,98.42553191489361,113.0,95.47787610619469,89.0,94.25842696629213,6.407154927963796,48.39257231800537,0.21712282309767586,25.0,0.14789888657084818,0.77,0.1098944422638695,0.7
visibility_07,600,18.0,2195324.0,69625.0,4122.97,5566.0,5570.0,6.871616666666667,21953.24,21314.0,3.8834814359976018,43.0,97.51162790697674,130.0,93.4076923076923,105.0,91.83809523809524,5.921680430879713,46.298550464532795,0.20443542729911393,25.0,0.13922682938828163,0.76,0.09848022433135155,0.73
visibility_07,600,19.0,2257239.0,69955.0,4062.32,5841.049999999999,5848.0,6.770533333333334,22572.39,21915.0,3.883461166495883,52.0,98.38461538461539,114.0,95.65789473684211,87.0,94.3103448275862,5.8070473876063184,47.5320442363436,0.20777551690361543,25.0,0.1330470543881264,0.72,0.09583743679778703,0.66
visibility_07,600,20.0,2268249.0,70291.0,4186.78,6056.0,6063.0,6.977966666666666,22682.49,22022.0,3.883480164655644,44.0,97.8409090909091,113.0,94.75221238938053,96.0,93.82291666666667,5.956352875901609,47.556300035842625,0.20366458885245844,25.0,0.13867216518115957,0.7,0.10252357655618938,0.67
visibility_07,600,21.0,2282356.0,69353.0,4041.94,6162.0,6172.0,6.736566666666667,22823.56,22159.0,3.883487063367853,46.0,97.8913043478261,106.0,95.34905660377359,87.0,94.33333333333333,5.828067999942324,47.618841232480825,0.1981487550583695,25.0,0.1318948490069034,0.69,0.097360359207766,0.63
visibility_07,600,22.0,2249442.0,70193.0,4383.97,6316.0,6327.0,7.306616666666667,22494.42,21840.0,3.8834964404505654,51.0,97.70588235294117,102.0,96.05882352941177,77.0,94.77922077922078,6.2455942900289205,47.95358848994551,0.21916813147438344,24.0,0.1476984069827095,0.75,0.1096667529102773,0.68
visibility_07,600,23.0,2182009.0,70552.0,4141.26,5512.05,5520.0,6.902100000000001,21820.09,21185.0,3.883485356843166,41.0,98.0,107.0,93.40186915887851,87.0,91.88505747126437,5.869798163057036,44.789569153931076,0.20467559941320132,25.0,0.1407258173545572,0.77,0.09914303744851648,0.75
visibility_07,600,24.0,2234461.0,70525.0,4049.36,5760.0,5771.0,6.7489333333333335,22344.61,21694.0,3.88348689012697,47.0,98.48936170212765,108.0,95.18518518518519,85.0,93.88235294117646,5.7417369727047145,46.48738196817935,0.20408814474721196,25.0,0.13393028564830622,0.71,0.09722568440442685,0.68
visibility_07,600,25.0,2250030.0,70505.0,4376.59,6456.049999999999,6462.0,7.294316666666667,22500.3,21845.0,3.8834593316533557,48.0,98.33333333333333,105.0,96.65714285714286,84.0,95.82142857142857,6.207488830579392,48.08485086865508,0.21609445207397235,24.0,0.14720114842913207,0.75,0.11013364266254227,0.66
visibility_07,600,26.0,2251967.0,70829.0,4116.56,5919.049999999999,5927.0,6.860933333333334,22519.67,21864.0,3.8834938522633773,46.0,98.23913043478261,124.0,94.68548387096774,101.0,93.47524752475248,5.8119696734388455,47.27639037339357,0.20431560498000192,25.0,0.1361898287141863,0.73,0.09840641536931935,0.68
visibility_07,600,27.0,2249619.0,68289.0,3741.82,6210.15,6226.0,6.236366666666667,22496.19,21841.0,3.8834575988200672,50.0,97.96,102.0,96.6078431372549,79.0,95.62025316455696,5.479389067053259,49.1187303272243,0.18973701769055115,24.0,0.1212094136829392,0.64,0.08925066866878346,0.57
visibility_07,600,28.0,2365873.0,70221.0,4179.87,6697.0,6710.0,6.96645,23658.73,22970.0,3.88347134440437,49.0,98.16326530612245,113.0,95.8141592920354,94.0,94.96808510638297,5.9524501217584485,49.40834567197817,0.200106683663916,25.0,0.1332100243757801,0.69,0.10012625360701947,0.6
visibility_07,600,29.0,2230349.0,70177.0,4063.38,5663.0,5669.0,6.7723,22303.49,21654.0,3.8834729452655163,48.0,98.0625,128.0,94.4765625,100.0,92.93,5.790187668324379,46.93178780540624,0.2059345869189082,25.0,0.13445563900537538,0.75,0.09540121299402021,0.71
visibility_07,600,30.0,2250147.0,69355.0,3901.44,5763.05,5769.0,6.5024,22501.47,21847.0,3.883524054206236,52.0,98.73076923076923,114.0,95.3859649122807,86.0,93.88372093023256,5.625319010886021,47.18724643323303,0.20146950399240582,25.0,0.12636774397406036,0.72,0.08975813580179429,0.65
visibility_07,600,31.0,2308889.0,69186.0,4242.21,6872.0,6877.0,7.07035,23088.89,22417.0,3.883512806375707,45.0,98.37777777777778,108.0,96.06481481481481,88.0,95.17045454545455,6.131601769144046,50.11841929170263,0.2018468622787843,24.0,0.14010591241068757,0.65,0.10709089956251687,0.62
visibility_07,600,32.0,2257589.0,69941.0,3996.77,5982.1,5999.0,6.6612833333333334,22575.89,21919.0,3.883523528861985,44.0,98.3409090909091,112.0,94.9375,91.0,93.76923076923077,5.714487925537239,47.160502642420745,0.19645958586793255,25.0,0.13150046354761652,0.68,0.09653395724376758,0.64
visibility_07,600,33.0,2197569.0,69415.0,4060.72,5488.05,5494.0,6.7678666666666665,21975.69,21336.0,3.8834730559085973,46.0,98.65217391304348,125.0,94.192,100.0,92.74,5.849917164877908,46.51528302410527,0.20500471202496942,25.0,0.13613907003602618,0.76,0.09595603141471326,0.71
visibility_07,600,34.0,2263680.0,70152.0,4035.62,5520.099999999999,5533.0,6.7260333333333335,22636.8,21978.0,3.8834994345490528,43.0,98.51162790697674,122.0,93.70491803278688,99.0,92.24242424242425,5.752679895084959,46.5499823296579,0.19671154933559515,26.0,0.13099863938365847,0.76,0.09260761238337574,0.7
visibility_07,600,35.0,2097603.0,68219.0,3923.37,5755.15,5767.0,6.53895,20976.03,20366.0,3.8835280079214227,48.0,98.125,103.0,95.0873786407767,77.0,93.42857142857143,5.7511397118104925,45.997018024859806,0.20783580115016997,23.0,0.1372004139963568,0.72,0.09777970378570205,0.67
visibility_07,600,36.0,2214404.0,69727.0,4025.01,5455.05,5462.0,6.70835,22144.04,21500.0,3.8835280283091973,50.0,98.64,123.0,95.21951219512195,94.0,93.74468085106383,5.772527141566394,46.56517013155684,0.208123269286002,25.0,0.1330249584086734,0.76,0.09298483926148977,0.71
visibility_07,600,37.0,2212572.0,70420.0,3933.85,5526.0,5530.0,6.556416666666666,22125.72,21482.0,3.8834894412475616,47.0,98.1063829787234,115.0,94.4695652173913,91.0,93.01098901098901,5.586268105651803,46.28252911091707,0.20067911914278946,25.0,0.13011689563096704,0.73,0.09176334148674031,0.7
visibility_07,600,38.0,2210163.0,69599.0,4140.66,5596.1,5600.0,6.9011,22101.63,21458.0,3.8834692282876873,44.0,98.63636363636364,123.0,93.95934959349593,98.0,92.41836734693878,5.949309616517478,46.816644745206574,0.20730959662251155,25.0,0.13947794800654975,0.74,0.09951483216396256,0.73
visibility_07,600,39.0,2196816.0,68969.0,4091.08,5868.05,5879.0,6.818466666666667,21968.16,21329.0,3.8834840969839988,49.0,98.73469387755102,118.0,95.9322033898305,92.0,94.78260869565217,5.931766445794487,48.14949909323312,0.20956101922054465,24.0,0.13783448408970073,0.75,0.09879707722449217,0.67
visibility_07,600,40.0,2230566.0,69554.0,3881.34,5684.05,5693.0,6.4689000000000005,22305.66,21656.0,3.8834537960320383,46.0,97.78260869565217,110.0,95.04545454545455,88.0,93.80681818181819,5.580326077580009,46.869807483840425,0.19549701734895986,25.0,0.12770570339546106,0.7,0.09153820151477249,0.67
visibility_07,600,41.0,2259337.0,69146.0,4081.35,5998.049999999999,6002.0,6.80225,22593.37,21936.0,3.8834844027252244,47.0,98.42553191489361,113.0,94.31858407079646,89.0,92.78651685393258,5.902510629682122,47.66984031156043,0.2032180236945617,25.0,0.13457310706636505,0.7,0.09920565192355102,0.65
visibility_07,600,42.0,2267508.0,69436.0,4084.61,6002.05,6015.0,6.807683333333333,22675.08,22015.0,3.8834703119018763,47.0,97.68085106382979,114.0,94.60526315789474,89.0,93.08988764044943,5.882553718532174,47.56049680971357,0.20226830511733587,25.0,0.1343651268264544,0.7,0.09810020515914387,0.67
visibility_07,600,43.0,2183321.0,68292.0,4147.04,5855.049999999999,5871.0,6.911733333333333,21833.21,21198.0,3.883487586113082,44.0,97.27272727272727,126.0,94.43650793650794,107.0,93.44859813084112,6.072512153692966,48.22409210555846,0.20753796624500015,24.0,0.1417917933276875,0.73,0.10287676434202758,0.68
visibility_07,600,44.0,2363759.0,69354.0,4307.02,6718.05,6734.0,7.178366666666667,23637.59,22950.0,3.883517735945162,49.0,97.42857142857143,121.0,95.79338842975207,95.0,94.6421052631579,6.210196960521383,49.83013073667831,0.20529927120319796,25.0,0.13873326341644812,0.68,0.10495824658943657,0.65
visibility_07,600,45.0,2239026.0,69001.0,4382.59,6269.0,6278.0,7.304316666666667,22390.26,21739.0,3.8835189944198953,52.0,98.36538461538461,114.0,96.26315789473684,88.0,95.1590909090909,6.351487659599136,48.837498090687646,0.22147532007220996,24.0,0.1475387065625857,0.77,0.10898176260570444,0.69
visibility_07,600,46.0,2265319.0,69927.0,4195.81,5996.05,6006.0,6.9930166666666675,22653.19,21994.0,3.8835148603794876,50.0,98.26,107.0,94.94392523364486,83.0,93.48192771084338,6.0002717119281535,47.38111012179741,0.21078399995762187,25.0,0.13823395292230367,0.72,0.10113189356554199,0.67
visibility_07,600,47.0,2277505.0,69508.0,4015.42,6035.0,6046.0,6.692366666666667,22775.05,22112.0,3.883504097685845,48.0,97.27083333333333,117.0,95.6923076923077,91.0,94.46153846153847,5.776917764861599,47.817599083207284,0.19915565498209664,25.0,0.13115097442157098,0.69,0.0964349145226904,0.63
visibility_07,600,48.0,2307689.0,70080.0,4271.37,6127.0,6140.0,7.11895,23076.89,22405.0,3.8834955663436452,53.0,98.24528301886792,119.0,96.90756302521008,84.0,95.61904761904762,6.094991438356164,48.803257284668774,0.21324580565232143,25.0,0.13883456566287744,0.75,0.10155224555821864,0.68
visibility_07,600,49.0,2245224.0,70407.0,4217.89,5749.05,5756.0,7.029816666666667,22452.24,21799.0,3.8834877945363133,48.0,98.22916666666667,125.0,95.064,100.0,93.83,5.990725354013096,47.50821521594282,0.21153568641703455,25.0,0.14001409213512772,0.76,0.10116763405343966,0.7
visibility_07,600,50.0,2316787.0,69710.0,4054.85,5752.0,5756.0,6.758083333333333,23167.87,22494.0,3.8835248989225164,50.0,97.96,121.0,94.9504132231405,98.0,93.76530612244898,5.816740783244872,48.01493102300729,0.20196936533224677,26.0,0.12925530055201448,0.73,0.0926200811727621,0.68
visibility_07,600,51.0,2269135.0,70208.0,4323.03,5977.0,5980.0,7.20505,22691.35,22031.0,3.8835062700103786,47.0,97.97872340425532,121.0,95.70247933884298,99.0,94.74747474747475,6.157460688240656,48.35608767217464,0.21277491202594823,25.0,0.1433369984597655,0.76,0.1045640739753254,0.69
visibility_07,600,52.0,2286243.0,69439.0,4107.42,5990.1,5996.0,6.8457,22862.43,22197.0,3.8834892004043313,53.0,98.05660377358491,118.0,95.62711864406779,95.0,94.56842105263158,5.915148547646136,48.8104973968209,0.20796783194087418,25.0,0.13276978868825404,0.73,0.09507956940710152,0.69
visibility_07,600,53.0,2304954.0,69523.0,4388.61,6203.05,6215.0,7.314349999999999,23049.54,22379.0,3.8835048335021,50.0,98.4,118.0,94.88983050847457,99.0,93.9090909090909,6.312457747795693,49.19626986048311,0.21558911804747513,25.0,0.1432800828129325,0.78,0.10476261131458589,0.68
visibility_07,600,54.0,2271996.0,69894.0,4261.22,5906.0,5914.0,7.102033333333334,22719.96,22059.0,3.883501555460485,51.0,98.3529411764706,129.0,94.94573643410853,106.0,93.84905660377359,6.096689272326666,48.77054801152819,0.21412801783101731,25.0,0.13984707719555844,0.78,0.10068107514273793,0.69
visibility_07,600,55.0,2242305.0,69063.0,4077.75,5735.05,5741.0,6.79625,22423.05,21770.0,3.8834592082700614,51.0,98.19607843137256,115.0,94.1304347826087,91.0,92.58241758241758,5.904391642413448,47.37662539217457,0.20869685435299837,25.0,0.13433453522156888,0.74,0.09657473002111666,0.69
visibility_07,600,56.0,2268967.0,69129.0,4281.17,6012.05,6021.0,7.135283333333334,22689.67,22029.0,3.8834853041053488,48.0,97.85416666666667,113.0,94.96460176991151,93.0,93.88172043010752,6.193015955677067,48.03831170748627,0.21191846333595862,25.0,0.14158822054265222,0.76,0.10419014467817293,0.69
visibility_07,600,57.0,2207831.0,68734.0,4050.28,5511.049999999999,5522.0,6.750466666666667,22078.31,21436.0,3.883494705890079,46.0,98.32608695652173,118.0,94.92372881355932,96.0,93.76041666666667,5.892687752786103,46.61478256261462,0.20544144909642087,25.0,0.1350895969845518,0.76,0.0949692254524916,0.72
visibility_07,600,58.0,2177240.0,69032.0,4307.57,5965.1,5970.0,7.179283333333333,21772.4,21139.0,3.8834946997115614,42.0,97.9047619047619,103.0,94.58252427184466,89.0,93.73033707865169,6.239961177424962,46.64406588157484,0.21371461115908214,24.0,0.14901572633242086,0.74,0.10934394003417171,0.71
visibility_07,600,59.0,2271799.0,69483.0,4071.7,6057.2,6066.0,6.7861666666666665,22717.99,22057.0,3.8834861710917203,45.0,96.8,108.0,94.92592592592592,92.0,94.04347826086956,5.859994531036369,47.31294537941076,0.19883537231947016,25.0,0.13342201488776076,0.69,0.09810947183267534,0.65
visibility_07,600,60.0,2209008.0,69654.0,4355.3,6142.0,6151.0,7.2588333333333335,22090.08,21447.0,3.8835078913249745,47.0,98.06382978723404,105.0,94.99047619047619,84.0,93.73809523809524,6.2527636603784424,46.98054556615458,0.21798789320817308,24.0,0.14888583472762434,0.74,0.11033595170320795,0.69
visibility_07,600,61.0,2234502.0,69595.0,3965.3,5871.150000000001,5880.0,6.608833333333334,22345.02,21695.0,3.8835051389526614,41.0,96.85365853658537,106.0,94.52830188679245,88.0,93.4090909090909,5.697679430993606,46.21638378484334,0.1932520087249866,25.0,0.13145792664316255,0.69,0.09535010485557856,0.66
visibility_07,600,62.0,2235437.0,70174.0,3981.46,5836.15,5852.0,6.635766666666667,22354.37,21704.0,3.8834912368364667,46.0,97.3695652173913,112.0,93.83035714285714,90.0,92.32222222222222,5.673696810784621,46.33980335835901,0.19935073097564368,25.0,0.13108175269533429,0.72,0.0943721518432414,0.67
visibility_07,600,63.0,2176061.0,69535.0,4370.28,5892.05,5898.0,7.283799999999999,21760.61,21127.0,3.8834848839255884,44.0,98.27272727272727,119.0,94.24369747899159,96.0,92.86458333333333,6.2850075501545986,46.421371459715516,0.2189644499855473,24.0,0.15099990303580643,0.79,0.10968672293653532,0.73
visibility_07,600,64.0,2172367.0,69319.0,4231.83,5831.049999999999,5839.0,7.05305,21723.67,21091.0,3.8834598389682777,42.0,98.64285714285714,119.0,94.24369747899159,103.0,93.3495145631068,6.104863024567579,46.954730485226484,0.21104721255662603,24.0,0.1454694349527497,0.74,0.10589002686930891,0.7
visibility_07,600,65.0,2229673.0,70061.0,4286.45,5828.05,5832.0,7.144083333333333,22296.73,21648.0,3.8834842597995314,41.0,98.04878048780488,126.0,94.53968253968254,103.0,93.32038834951456,6.118168453205064,47.16364731509957,0.20860099216342487,25.0,0.14484545491648326,0.74,0.10555314613398467,0.71
visibility_07,600,66.0,2233920.0,69385.0,4270.64,5815.0,5829.0,7.117733333333334,22339.2,21689.0,3.883487322733133,45.0,98.06666666666666,106.0,95.30188679245283,87.0,94.27586206896552,6.154990271672552,47.124715746311416,0.2117246812777539,25.0,0.14301004512247528,0.77,0.10303860478441484,0.73
visibility_07,600,67.0,2223503.0,69487.0,4000.97,5740.05,5759.0,6.668283333333333,22235.03,21588.0,3.883511738009798,46.0,97.5,118.0,93.03389830508475,94.0,91.25531914893617,5.757868378257804,46.361672550025794,0.20136559294050874,25.0,0.1329726112355144,0.72,0.09525105205614744,0.68
visibility_07,600,68.0,2231761.0,69700.0,4149.64,5710.05,5714.0,6.9160666666666675,22317.61,21668.0,3.883480354751248,48.0,98.75,129.0,94.48062015503876,104.0,93.15384615384616,5.953572453371592,47.49684083555542,0.2100242812738461,25.0,0.13762450369909682,0.77,0.0985876175809148,0.7
visibility_07,600,69.0,2207893.0,69512.0,4155.1,5489.05,5494.0,6.925166666666668,22078.93,21436.0,3.883476237299543,47.0,99.06382978723404,135.0,93.92592592592592,113.0,92.7433628318584,5.977529059730694,47.49287397532399,0.21162212118069126,25.0,0.13847183717689218,0.81,0.09655449788554064,0.7
visibility_07,600,70.0,2234818.0,69921.0,4011.2,5263.05,5278.0,6.685333333333333,22348.18,21698.0,3.883492973477035,43.0,98.65116279069767,138.0,93.05797101449275,118.0,91.88135593220339,5.736760057779494,46.991694178228386,0.1982161410906839,26.0,0.13137714122581795,0.76,0.09125978043849656,0.74
visibility_07,600,71.0,2196931.0,70075.0,4083.32,5460.05,5470.0,6.805533333333334,21969.31,21330.0,3.8835084033135314,47.0,98.1063829787234,124.0,93.18548387096774,102.0,91.7156862745098,5.827070995362112,46.31776282459486,0.20684809855202552,25.0,0.13697289537086052,0.76,0.09618281138551917,0.74
visibility_07,600,72.0,2209325.0,69246.0,4143.8,5686.0,5694.0,6.906333333333333,22093.25,21450.0,3.8834938273001933,40.0,97.9,116.0,93.56896551724138,103.0,92.75728155339806,5.9841723709672765,46.72605479049031,0.20294026456044267,25.0,0.14003009969108213,0.72,0.10146040080114967,0.71
visibility_07,600,73.0,2198650.0,70045.0,4354.82,5507.1,5519.0,7.258033333333333,21986.5,21347.0,3.88351943237896,47.0,98.70212765957447,137.0,94.16788321167883,110.0,92.73636363636363,6.2171746734242275,46.89016350942624,0.21932640483933322,25.0,0.14813681122506994,0.8,0.10545471084529143,0.77
visibility_07,600,74.0,2209952.0,69836.0,4370.87,5498.05,5503.0,7.284783333333333,22099.52,21456.0,3.88347801219212,49.0,99.06122448979592,133.0,94.25563909774436,105.0,92.72380952380952,6.258763388510224,47.202778159887636,0.22334557492651425,25.0,0.1473466392030234,0.83,0.10400814135329636,0.76
visibility_07,600,75.0,2229287.0,69251.0,4325.59,5638.0,5652.0,7.209316666666667,22292.87,21644.0,3.883483822405998,48.0,98.375,132.0,93.74242424242425,108.0,92.35185185185185,6.2462491516368,47.4629946704933,0.2179562344372887,25.0,0.1453469203382068,0.79,0.10346491950116786,0.76
visibility_07,600,76.0,2237907.0,69567.0,4367.87,5683.049999999999,5694.0,7.2797833333333335,22379.07,21728.0,3.8834947117999095,50.0,98.86,122.0,95.56557377049181,98.0,94.4795918367347,6.27865223453649,47.69514104026664,0.22137604467031025,25.0,0.14588631252326392,0.81,0.1042670673982431,0.74
visibility_07,600,77.0,2274702.0,69638.0,4274.75,5603.0,5607.0,7.124583333333334,22747.02,22085.0,3.883497706512765,44.0,98.11363636363636,135.0,93.11111111111111,114.0,91.84210526315789,6.138530687268445,47.51133686962073,0.20710712875796478,26.0,0.14057709537337199,0.78,0.10028566379244402,0.75
visibility_07,600,78.0,1944003.0,64680.0,3872.34,5227.05,5232.0,6.4539,19440.03,18874.0,3.883481661293733,53.0,99.11320754716981,142.0,96.24647887323944,106.0,94.97169811320755,5.986920222634509,48.78871226021771,0.22237311362173823,21.0,0.14300132252882325,0.78,0.09656518019776718,0.7
visibility_07,600,79.0,2252176.0,69356.0,4139.64,5382.05,5390.0,6.899400000000001,22521.76,21866.0,3.88348867939273,46.0,98.82608695652173,142.0,93.09154929577464,117.0,91.61538461538461,5.9686833150700735,47.29139907360704,0.20563712605053958,26.0,0.13512709486292368,0.8,0.09433632185051258,0.75
visibility_07,600,80.0,2309205.0,68995.0,3957.17,5731.0,5742.0,6.595283333333334,23092.05,22420.0,3.883501031740361,48.0,98.27083333333333,118.0,95.17796610169492,94.0,93.94680851063829,5.735444597434597,47.85498125978421,0.19644942740033908,26.0,0.12588574855848658,0.73,0.09006692779549672,0.67
visibility_07,600,81.0,2246094.0,69422.0,3946.38,5435.0,5440.0,6.5773,22460.94,21807.0,3.8834973068803,64.0,98.984375,141.0,95.23404255319149,98.0,93.1938775510204,5.684624470628907,48.225095209728536,0.2166774854480712,25.0,0.12631929028793987,0.82,0.08434063756904207,0.74
visibility_07,600,82.0,1860522.0,63004.0,3643.29,5137.0,5143.0,6.07215,18605.22,18064.0,3.8834800125986146,54.0,98.0,116.0,95.67241379310344,92.0,94.54347826086956,5.782632848708019,47.89091394780605,0.2176147339295101,20.0,0.13786077240688366,0.76,0.0920806096353604,0.68
visibility_07,600,83.0,2350083.0,69921.0,4393.0,6436.0,6448.0,7.321666666666666,23500.83,22817.0,3.8835224117616267,57.0,98.64912280701755,117.0,96.66666666666667,90.0,95.66666666666667,6.282804879792909,49.46611289899123,0.21882290965893544,25.0,0.1406426921942757,0.78,0.10276275348572796,0.69
visibility_07,600,84.0,2274011.0,69645.0,4468.64,5958.0,5975.0,7.447733333333334,22740.11,22078.0,3.883490449254643,51.0,98.09803921568627,131.0,95.58778625954199,107.0,94.59813084112149,6.416311292985857,48.42511183982839,0.2229224045090371,25.0,0.14810394496772444,0.82,0.10779587257933229,0.74
visibility_07,600,85.0,2279354.0,69494.0,4518.61,5973.0,5985.0,7.531016666666666,22793.54,22130.0,3.8834687371948364,51.0,98.56862745098039,130.0,96.03846153846153,103.0,95.0,6.502158459723142,48.37485357693452,0.22483694941636972,25.0,0.149961787418716,0.82,0.10839825669904718,0.74
visibility_07,600,86.0,2344551.0,69525.0,4289.69,6211.0,6217.0,7.1494833333333325,23445.51,22763.0,3.883472784341224,60.0,98.75,126.0,97.5952380952381,93.0,96.74193548387096,6.169996404171162,50.1695036704256,0.21799781706603952,25.0,0.13702495701735642,0.77,0.09882574531328173,0.7
visibility_07,600,87.0,2292712.0,69592.0,4509.54,6105.0,6111.0,7.5159,22927.12,22260.0,3.8835230940475736,53.0,98.73584905660377,131.0,95.40458015267176,102.0,94.09803921568627,6.479968961949649,48.82778342853354,0.22529083460984198,25.0,0.14894195171482505,0.8,0.10848985829881817,0.75
visibility_07,600,88.0,2294505.0,69630.0,4326.56,5993.15,6000.0,7.210933333333334,22945.05,22277.0,3.883495568761018,53.0,98.41509433962264,128.0,95.265625,101.0,94.0,6.213643544449232,48.725059217565445,0.21696531495899987,25.0,0.14108794707355182,0.79,0.10112464344161377,0.72
visibility_07,600,89.0,2263840.0,68941.0,4408.22,5941.1,5950.0,7.347033333333334,22638.4,21979.0,3.8835341720262915,48.0,98.16666666666667,126.0,95.05555555555556,102.0,93.8921568627451,6.394192135304101,48.36765319103824,0.21817354583362783,25.0,0.14673165948123543,0.79,0.10685781680684148,0.73
visibility_07,600,90.0,1897817.0,63945.0,3519.28,5074.05,5078.0,5.865466666666667,18978.17,18426.0,3.883514585442116,47.0,97.1063829787234,124.0,93.95161290322581,104.0,92.78846153846153,5.503604660254907,47.14966353447145,0.20189775937300594,21.0,0.13087826697726915,0.69,0.0877091943006096,0.67
visibility_07,600,91.0,2228262.0,69127.0,3922.37,5558.05,5561.0,6.537283333333333,22282.62,21634.0,3.883475103017509,50.0,98.34,116.0,95.49137931034483,94.0,94.43617021276596,5.6741504766589035,47.37313969362669,0.2020525413977351,25.0,0.128182861799914,0.74,0.09082594416635027,0.67
visibility_07,600,92.0,2274815.0,69331.0,4028.76,5500.0,5506.0,6.714600000000001,22748.15,22086.0,3.8834806346889743,47.0,98.25531914893617,120.0,94.80833333333334,95.0,93.4421052631579,5.810907097835023,47.11513287893741,0.1994685282099863,26.0,0.13013893437488322,0.74,0.09167558680596004,0.72
visibility_07,600,93.0,2316176.0,68960.0,4088.11,5731.0,5734.0,6.813516666666667,23161.76,22488.0,3.8835131699836283,49.0,98.40816326530613,120.0,95.76666666666667,95.0,94.65263157894736,5.928233758700696,47.86762189056445,0.20264479037862407,26.0,0.13027464234151465,0.76,0.0935507491658665,0.69
visibility_07,600,94.0,2318620.0,69475.0,4397.05,6307.1,6316.0,7.328416666666667,23186.2,22511.0,3.8834737904443157,51.0,98.70588235294117,121.0,96.01652892561984,94.0,94.87234042553192,6.32896725440806,49.17353727648342,0.2158702159042879,25.0,0.14350044422975736,0.76,0.10581811594827958,0.66
visibility_07,600,95.0,2296787.0,69999.0,4515.52,6146.0,6152.0,7.525866666666667,22967.87,22299.0,3.8834685149297696,49.0,98.9795918367347,129.0,95.93798449612403,101.0,94.81188118811882,6.450835011928742,48.714390581277236,0.22115764326426438,25.0,0.14965558408333032,0.77,0.10983778643818518,0.73
visibility_07,600,96.0,2315795.0,70168.0,4215.85,5758.05,5773.0,7.026416666666667,23157.95,22484.0,3.8835043689100286,47.0,98.40425531914893,125.0,95.264,103.0,94.25242718446601,6.008223121650895,48.04739365962877,0.2060674627935547,26.0,0.1352079955263743,0.78,0.09703233662737851,0.71
visibility_07,600,97.0,2251760.0,70015.0,3989.64,5182.0,5194.0,6.6494,22517.6,21862.0,3.883495576793264,50.0,98.86,131.0,94.9618320610687,103.0,93.59223300970874,5.698264657573377,46.76173615305361,0.20324634952215156,26.0,0.1280602728532348,0.82,0.08732946672824812,0.72
visibility_07,600,98.0,1902928.0,63837.0,3847.03,5062.0,5067.0,6.411716666666667,19029.28,18475.0,3.883541573827281,46.0,97.58695652173913,126.0,96.34126984126983,103.0,95.52427184466019,6.026332691072575,47.69856873197514,0.21781118360757737,21.0,0.1451489494084905,0.78,0.09707881748547502,0.74
visibility_07,600,99.0,2319066.0,69936.0,4086.1,5616.1,5627.0,6.8101666666666665,23190.66,22516.0,3.8835030999548956,57.0,98.73684210526316,134.0,95.42537313432835,100.0,93.87,5.842627545184168,48.32098957080135,0.2109944262043426,26.0,0.12897261224993165,0.78,0.09053946718204657,0.7
visibility_07,600,100.0,2260569.0,69270.0,4134.89,5364.05,5373.0,6.891483333333334,22605.69,21948.0,3.8834912802927053,50.0,99.0,131.0,93.7175572519084,104.0,92.08653846153847,5.9692363216399595,46.762266933679086,0.20894916279927753,26.0,0.13401891293740648,0.8,0.09276558247060807,0.74
visibility_07,600,101.0,2383877.0,70429.0,4295.44,6164.0,6175.0,7.159066666666666,23838.77,23145.0,3.883505734566003,55.0,97.98181818181818,127.0,96.4015748031496,93.0,95.08602150537635,6.098964915020801,48.815188031932855,0.2115331453762086,26.0,0.13536352756455136,0.76,0.09880836972712938,0.67
visibility_07,600,102.0,2288131.0,69503.0,3989.13,5442.049999999999,5445.0,6.64855,22881.31,22215.0,3.8834752031242963,57.0,98.42105263157895,132.0,94.4469696969697,98.0,92.5204081632653,5.739507647151921,47.553011169377974,0.2069929562599344,26.0,0.1261981940719303,0.81,0.0861594025866526,0.68
visibility_07,600,103.0,2287081.0,69434.0,4470.39,6021.0,6026.0,7.45065,22870.81,22205.0,3.8835091542450835,53.0,98.58490566037736,128.0,95.9609375,99.0,94.77777777777777,6.438329924820693,48.55286585827087,0.22405808976595057,25.0,0.14685356574603173,0.84,0.10606008269930099,0.72
visibility_07,600,104.0,2256624.0,70170.0,4260.82,5417.0,5423.0,7.101366666666666,22566.24,21909.0,3.8834559944412534,43.0,98.76744186046511,136.0,94.5220588235294,114.0,93.46491228070175,6.072139090779536,47.50975971185275,0.2074195789817001,26.0,0.14024622622111615,0.79,0.09877055282581414,0.77
visibility_07,600,105.0,2252098.0,69547.0,4191.25,5605.0,5615.0,6.985416666666667,22520.98,21865.0,3.8835343755023093,60.0,99.18333333333334,140.0,95.13571428571429,98.0,93.08163265306122,6.026500064704445,47.719712463667214,0.22287040794849958,25.0,0.13696029213648783,0.82,0.09489507117363453,0.75
visibility_07,600,106.0,1952822.0,65533.0,3987.11,5294.049999999999,5299.0,6.645183333333334,19528.22,18960.0,3.8835080719082433,56.0,98.75,126.0,97.17460317460318,94.0,96.2127659574468,6.084125555063861,48.18145125362168,0.23007985366817868,21.0,0.14749372958723325,0.83,0.09981810938221712,0.73
visibility_07,600,107.0,2266456.0,70199.0,4129.59,5440.05,5453.0,6.88265,22664.56,22005.0,3.8835079966255686,46.0,98.58695652173913,122.0,94.77868852459017,99.0,93.56565656565657,5.882690636618755,46.61140917802949,0.20378202797671785,26.0,0.13417688232200403,0.77,0.09424846544561201,0.74
visibility_07,600,108.0,2328873.0,70444.0,4278.88,5833.05,5839.0,7.131466666666667,23288.73,22611.0,3.883509319743928,49.0,98.55102040816327,127.0,96.34645669291339,102.0,95.45098039215686,6.074158196581682,48.34892800079695,0.2097997615155485,26.0,0.13695680271101085,0.8,0.09828659613469691,0.7
visibility_07,600,109.0,2326160.0,70195.0,4509.83,5917.05,5925.0,7.516383333333334,23261.6,22585.0,3.8835247790349765,48.0,98.8125,134.0,95.11940298507463,107.0,93.88785046728972,6.424716860175226,48.2407173195309,0.21905543900677513,26.0,0.1470487842624755,0.79,0.10782749251986105,0.74
visibility_07,600,110.0,2013875.0,66079.0,3743.59,5041.05,5047.0,6.239316666666667,20138.75,19553.0,3.883508162125256,44.0,98.38636363636364,142.0,93.12676056338029,118.0,91.72881355932203,5.665324838450945,46.72572577741916,0.20126373285333002,23.0,0.13310855936937496,0.75,0.0893774439823723,0.73
visibility_07,600,111.0,2286827.0,70926.0,4622.03,6059.05,6066.0,7.703383333333333,22868.27,22203.0,3.883503212092563,51.0,98.98039215686275,134.0,96.08955223880596,104.0,94.96153846153847,6.516693455150438,48.39131031774594,0.2288524667585261,25.0,0.15409298560844348,0.81,0.11278028464767995,0.76
visibility_07,600,112.0,2341175.0,70674.0,4582.3,5912.05,5919.0,7.637166666666667,23411.75,22730.0,3.883477313742031,54.0,99.0925925925926,140.0,96.12857142857143,105.0,94.83809523809524,6.483713954212298,48.56782085918395,0.22723845932064027,26.0,0.1480167010155157,0.84,0.10658878554571956,0.75
visibility_07,600,113.0,2329577.0,70940.0,4363.99,5923.1,5935.0,7.273316666666666,23295.77,22618.0,3.8834947288713786,48.0,98.10416666666667,124.0,95.13709677419355,100.0,93.97,6.151663377502114,47.77288537790337,0.21209944981427958,26.0,0.14083415143607617,0.78,0.10234433118115435,0.72
visibility_07,600,114.0,1784846.0,60672.0,3182.78,4608.0,4614.0,5.304633333333333,17848.46,17329.0,3.8834722995709434,45.0,97.44444444444444,126.0,94.43650793650794,105.0,93.32380952380953,5.245879483122363,46.70897377140661,0.19137449393393044,20.0,0.11988149117626955,0.71,0.074891615299023,0.65
visibility_07,600,115.0,2325096.0,70037.0,4437.67,6006.0,6018.0,7.396116666666667,23250.96,22574.0,3.88349556319395,45.0,97.93333333333334,123.0,94.9430894308943,101.0,93.84158415841584,6.336179448006054,47.82829483169727,0.21243940035164138,26.0,0.14453123655969474,0.78,0.10598401098277233,0.72
visibility_07,600,116.0,2302181.0,70206.0,4527.44,5663.0,5673.0,7.545733333333333,23021.81,22352.0,3.8834913501588275,49.0,99.34693877551021,144.0,95.16666666666667,115.0,93.94782608695652,6.448793550408797,48.12623377571094,0.2234594065366711,26.0,0.1472759961097759,0.88,0.10500911961309732,0.76
visibility_07,600,117.0,2342392.0,69449.0,4535.66,5883.0,5892.0,7.559433333333333,23423.92,22742.0,3.883508823459097,53.0,98.73584905660377,152.0,95.14473684210526,118.0,93.7457627118644,6.530921971518668,49.189680463389564,0.2238698731894576,26.0,0.14685885197695348,0.8,0.10703204245916141,0.75
visibility_07,600,118.0,2302547.0,69608.0,4430.68,5814.0,5821.0,7.384466666666667,23025.47,22355.0,3.8834820744158534,42.0,98.69047619047619,129.0,95.0077519379845,106.0,93.9245283018868,6.365187909435697,47.74376288518758,0.2113715811229912,26.0,0.14567216217519122,0.75,0.10658501216261818,0.75
visibility_07,600,119.0,2221877.0,69930.0,4355.32,5494.0,5502.0,7.258866666666666,22218.77,21572.0,3.8834732975767783,52.0,99.07692307692308,128.0,94.7421875,99.0,93.20202020202021,6.228113828113828,47.001146778151984,0.22466590184785207,25.0,0.145819052989882,0.83,0.10282252347902246,0.77
visibility_07,600,120.0,2238652.0,69392.0,4380.21,5673.049999999999,5684.0,7.30035,22386.52,21735.0,3.883497747751772,51.0,98.7843137254902,132.0,95.51515151515152,101.0,94.13861386138613,6.312269425870418,47.55845973380409,0.2228693874706743,25.0,0.1464430380425363,0.81,0.10429579943644658,0.75
visibility_07,600,121.0,2231518.0,69659.0,4368.04,5685.05,5688.0,7.2800666666666665,22315.18,21666.0,3.883499931436807,50.0,98.54,125.0,94.928,99.0,93.5959595959596,6.2706039420606094,47.38199915931666,0.22184539851347826,25.0,0.14640168710268078,0.82,0.10469554805293975,0.76
visibility_07,600,122.0,2277501.0,69721.0,4334.5,6021.15,6027.0,7.224166666666667,22775.01,22112.0,3.883467010552356,53.0,97.58490566037736,124.0,95.43548387096774,93.0,93.91397849462365,6.216921730898869,47.70403481710875,0.2184732300885927,25.0,0.1435836910719249,0.73,0.10572860341224878,0.71
visibility_07,600,123.0,2207415.0,69793.0,4432.09,5592.05,5596.0,7.386816666666667,22074.15,21432.0,3.883501742988971,44.0,98.68181818181819,127.0,93.92125984251969,102.0,92.43137254901961,6.350335993581018,46.30790902480956,0.22080804923405883,25.0,0.15107308775196326,0.8,0.108158185026377,0.78
visibility_07,600,124.0,2249790.0,69985.0,4200.13,5496.0,5504.0,7.000216666666667,22497.9,21843.0,3.883473568644184,42.0,97.83333333333333,121.0,93.46280991735537,104.0,92.39423076923077,6.001471743945131,46.07596975717733,0.20387280590632903,26.0,0.13887251699047468,0.77,0.09783490903595447,0.76
visibility_07,600,125.0,2198138.0,69612.0,4425.19,5498.0,5503.0,7.375316666666666,21981.38,21342.0,3.883514137874874,43.0,98.86046511627907,125.0,94.928,100.0,93.66,6.356935585818537,46.58463890802124,0.21852586143363156,25.0,0.15114747117787874,0.81,0.10767158385870224,0.79
visibility_07,600,126.0,1704888.0,62436.0,3693.86,4550.05,4554.0,6.156433333333333,17048.88,16553.0,3.8834809090098585,49.0,99.16326530612245,152.0,93.23026315789474,120.0,91.425,5.916234223845217,46.01473762499355,0.23277071573030017,19.0,0.15094715899226224,0.82,0.09508894425909503,0.77
visibility_07,600,127.0,2257757.0,69337.0,4047.78,5288.0,5294.0,6.746300000000001,22577.57,21920.0,3.8834560140883188,49.0,98.79591836734694,132.0,94.31818181818181,102.0,92.6470588235294,5.837835499084183,47.0368959104102,0.2041933653621714,26.0,0.13109293869978036,0.79,0.090454818654089,0.73
visibility_07,600,128.0,2228178.0,69706.0,3991.7,5236.0,5251.0,6.652833333333333,22281.78,21633.0,3.8834868668481604,42.0,98.30952380952381,121.0,93.34710743801652,97.0,91.70103092783505,5.726479786532006,45.20143588169347,0.19672126733142506,26.0,0.13107211362826487,0.77,0.0899739607876929,0.75
visibility_07,600,129.0,2217058.0,69523.0,4208.99,5594.099999999999,5602.0,7.014983333333333,22170.58,21525.0,3.8834798187507946,47.0,98.68085106382979,114.0,94.43859649122807,91.0,93.03296703296704,6.054097205241431,46.7032423148154,0.21298991726874084,25.0,0.14073560547356,0.76,0.10035551618406013,0.74
visibility_07,600,130.0,2289614.0,70736.0,4179.36,5666.0,5682.0,6.965599999999999,22896.14,22230.0,3.883493025461934,47.0,98.23404255319149,133.0,93.36842105263158,110.0,91.98181818181818,5.908391766568649,47.309678399939905,0.20474673896997486,26.0,0.13552371709816588,0.75,0.09723254662139558,0.72
visibility_07,600,131.0,2175200.0,69308.0,4261.91,5308.0,5313.0,7.103183333333333,21752.0,21119.0,3.883504965060684,44.0,99.04545454545455,116.0,94.17241379310344,93.0,92.73118279569893,6.149232411842789,45.63306822361162,0.21445568223611622,25.0,0.144941614564178,0.82,0.10092221404928282,0.79
visibility_07,600,132.0,2186951.0,70126.0,4329.76,5408.049999999999,5428.0,7.216266666666667,21869.51,21233.0,3.8834889304790097,44.0,98.31818181818181,122.0,93.25409836065573,99.0,91.68686868686869,6.174257764595157,45.69218834806998,0.216061082301341,25.0,0.14772576065947524,0.81,0.10335165259761192,0.79
visibility_07,600,133.0,2163575.0,70768.0,4362.58,5305.1,5310.0,7.270966666666666,21635.75,21006.0,3.883479888610286,39.0,98.6923076923077,127.0,93.98425196850394,106.0,92.79245283018868,6.164622428216143,45.377959164808246,0.21483979062431394,25.0,0.15034607073940123,0.84,0.10420022416602151,0.82
visibility_07,600,134.0,2236918.0,70139.0,4414.97,5588.05,5598.0,7.3582833333333335,22369.18,21718.0,3.8834682362071384,52.0,99.23076923076923,133.0,95.67669172932331,102.0,94.36274509803921,6.2946007214246,47.754572586031315,0.22590769979051534,25.0,0.14718286499549826,0.85,0.10339985640957781,0.78
visibility_07,600,135.0,2255874.0,70119.0,4427.88,5860.0,5863.0,7.3798,22558.74,21902.0,3.8835059050283833,50.0,99.0,124.0,95.15322580645162,97.0,93.80412371134021,6.314807684079922,47.376039175946886,0.22234752472877475,25.0,0.14702727191323628,0.83,0.1059877457694889,0.72
visibility_07,600,136.0,2236680.0,70095.0,3988.71,5148.0,5152.0,6.64785,22366.8,21716.0,3.883523794194968,47.0,98.59574468085107,127.0,95.92125984251969,101.0,94.87128712871286,5.69043441044297,46.349109841372034,0.20125900888817355,26.0,0.12947895988697533,0.79,0.08859291449827422,0.75
visibility_07,600,137.0,2209178.0,70027.0,4195.48,5402.0,5405.0,6.992466666666666,22091.78,21449.0,3.8834806430265014,53.0,98.88679245283019,124.0,95.46774193548387,90.0,93.75555555555556,5.9912319533894065,46.340701383048355,0.21968080435347445,25.0,0.13963655260010738,0.83,0.09631274618885395,0.73
visibility_07,600,138.0,2217750.0,70349.0,4204.23,5390.0,5395.0,7.00705,22177.5,21532.0,3.883485514598129,55.0,99.05454545454545,132.0,95.86363636363636,98.0,94.42857142857143,5.976246997114387,47.16106188704769,0.22146409649419457,25.0,0.13930289708037424,0.82,0.09733558787058956,0.74
visibility_07,600,139.0,2268033.0,69531.0,4143.16,5644.049999999999,5651.0,6.905266666666666,22680.33,22020.0,3.883497285974234,63.0,98.92063492063492,127.0,95.06299212598425,92.0,93.18478260869566,5.95872344709554,47.861297873531825,0.22216784323684885,25.0,0.13357345329631448,0.81,0.09230509432622894,0.74
visibility_07,600,140.0,2315030.0,69651.0,4181.77,5743.05,5753.0,6.969616666666667,23150.3,22476.0,3.8835349865876467,53.0,98.47169811320755,125.0,95.76,92.0,94.23913043478261,6.003890827123803,47.82234873846127,0.21106767514891817,26.0,0.13394124482188136,0.78,0.095918843384319,0.71
visibility_07,600,141.0,2284198.0,70022.0,4191.68,5693.2,5698.0,6.986133333333334,22841.98,22177.0,3.883507471769085,44.0,98.86363636363636,110.0,93.47272727272727,91.0,92.10989010989012,5.986232898231984,46.80010971027906,0.20296270288302504,26.0,0.1359527501556345,0.78,0.09783302498294806,0.71
visibility_07,600,142.0,2171202.0,70018.0,4352.48,5361.05,5367.0,7.254133333333333,21712.02,21080.0,3.8834709990134497,41.0,99.04878048780488,124.0,93.96774193548387,102.0,92.66666666666667,6.216230112256849,45.36796023585092,0.21587443268751594,25.0,0.14935275483349775,0.81,0.10547751890427515,0.79
visibility_07,600,143.0,2229180.0,70422.0,4105.38,5259.05,5268.0,6.8423,22291.8,21643.0,3.88349079033546,45.0,99.04444444444445,125.0,93.24,96.0,91.19791666666667,5.829683905597682,45.39674454283638,0.205262473196422,26.0,0.134832539319391,0.8,0.09311271409217739,0.75
visibility_07,600,144.0,2201234.0,70307.0,4196.7,5441.0,5447.0,6.9944999999999995,22012.34,21372.0,3.8835035257496475,53.0,99.0377358490566,130.0,94.28461538461538,93.0,92.02150537634408,5.969106916807715,45.86726263541268,0.21827120605987368,25.0,0.14074241993354636,0.8,0.09796368764065974,0.76
visibility_07,600,145.0,2196179.0,70163.0,4403.3,5663.049999999999,5675.0,7.3388333333333335,21961.79,21323.0,3.8835176914085783,41.0,97.95121951219512,120.0,93.71666666666667,99.0,92.38383838383838,6.275814888188932,45.6258419737189,0.21526432954690852,25.0,0.1510701085840453,0.79,0.1084506317563368,0.77
visibility_07,600,146.0,2281272.0,70463.0,3993.88,5659.049999999999,5666.0,6.656466666666667,22812.72,22149.0,3.8834913153714243,45.0,97.53333333333333,121.0,93.85950413223141,99.0,92.4949494949495,5.668052736897379,46.47270294817979,0.19497280464582917,26.0,0.12862429381502952,0.73,0.09148185749003188,0.68
visibility_07,600,147.0,2248645.0,70634.0,4450.87,5850.099999999999,5856.0,7.418116666666666,22486.45,21832.0,3.883494282112116,50.0,98.86,123.0,94.88617886178862,98.0,93.58163265306122,6.301313814876688,47.40847265797847,0.22400957020783627,25.0,0.14907333082812094,0.8,0.10764527081864857,0.74
visibility_07,600,148.0,2175177.0,69491.0,4202.26,5289.0,5292.0,7.003766666666667,21751.77,21119.0,3.8835000553977905,47.0,99.23404255319149,120.0,95.25833333333334,92.0,93.81521739130434,6.047200356880747,45.817829537550274,0.2149517027809691,25.0,0.14228451293848732,0.82,0.09852025835138933,0.78
visibility_07,600,149.0,2187328.0,70100.0,4081.96,5405.0,5410.0,6.803266666666667,21873.28,21237.0,3.883505354478158,50.0,98.9,125.0,93.624,100.0,92.03,5.823052781740371,46.23835794174445,0.21121523612370893,25.0,0.1365346212365041,0.79,0.09434341808818797,0.75
visibility_07,600,150.0,2219861.0,69712.0,4178.54,5704.0,5713.0,6.9642333333333335,22198.61,21552.05,3.883531446338307,44.0,97.52272727272727,120.0,94.06666666666666,99.0,92.8080808080808,5.994003901767271,46.59122755884265,0.20759498004604793,25.0,0.14054889022330677,0.74,0.10153608716942186,0.7
visibility_07,600,151.0,2221490.0,69648.0,4350.55,5611.05,5620.0,7.250916666666667,22214.9,21568.0,3.8834746048823083,46.0,98.47826086956522,129.0,94.62790697674419,105.0,93.4,6.246482311049851,46.97530576324899,0.21775880152510252,25.0,0.1466466200613102,0.79,0.10523207396837257,0.76
visibility_07,600,152.0,2256698.0,69930.0,4044.91,5287.15,5293.0,6.741516666666667,22566.98,21910.0,3.8835059010997486,50.0,99.14,130.0,94.86923076923077,103.0,93.52427184466019,5.784227084227084,47.02915675912328,0.20538193413562647,26.0,0.13031739293427833,0.82,0.08902653345729025,0.73
visibility_07,600,153.0,2205924.0,69550.0,4104.12,5370.1,5384.0,6.840199999999999,22059.24,21417.0,3.8834973462367692,56.0,99.23214285714286,131.0,95.18320610687023,93.0,93.21505376344086,5.900963335729691,46.392777811021595,0.2168229730489355,25.0,0.13581700910820138,0.82,0.09313874820710051,0.73
visibility_07,600,154.0,2211635.0,69903.0,4262.51,5492.05,5496.0,7.104183333333333,22116.35,21473.0,3.883506998216252,50.0,98.86,124.0,94.26612903225806,98.0,92.74489795918367,6.0977497389239375,46.43193745803444,0.21924187309388754,25.0,0.1426985013349852,0.81,0.10051116029543754,0.75
visibility_07,600,155.0,2235974.0,70396.0,4209.46,5675.2,5684.0,7.015766666666667,22359.74,21709.0,3.8834977508683015,49.0,98.65306122448979,120.0,94.49166666666666,91.0,92.73626373626374,5.979686345815103,46.311032686426586,0.21330614756701108,25.0,0.14054546251432262,0.75,0.10170332928737096,0.72
visibility_07,600,156.0,2195467.0,70115.0,4519.89,5601.0,5604.0,7.533150000000001,21954.67,21316.0,3.8835017788926005,41.0,98.90243902439025,119.0,94.90756302521008,98.0,93.81632653061224,6.44639520787278,46.07558847388733,0.22104089927108903,25.0,0.15555505958413404,0.83,0.11163684081792165,0.79
visibility_07,600,157.0,2166238.0,70533.0,4059.67,5181.049999999999,5187.0,6.766116666666667,21662.38,21032.0,3.8835067984219647,47.0,98.80851063829788,127.0,93.91338582677166,99.0,92.1919191919192,5.755703004267506,45.33814797819999,0.20904028089249657,25.0,0.13671951096786225,0.8,0.09320628665917595,0.78
visibility_07,600,158.0,2212076.0,70654.0,4103.73,5048.099999999999,5054.0,6.839549999999999,22120.76,21477.0,3.883501290190753,43.0,98.65116279069767,134.0,93.69402985074628,107.0,92.10280373831776,5.808206187901605,45.38068899983545,0.2044418907849459,26.0,0.13568973217918373,0.82,0.0912206452219544,0.81
visibility_07,600,159.0,2178063.0,70014.0,4483.28,5487.0,5500.0,7.472133333333333,21780.63,21147.0,3.883496482884104,36.0,99.0,129.0,92.62790697674419,115.0,91.7304347826087,6.403405033279059,45.88949814582958,0.2159487581396865,25.0,0.1546791805379367,0.82,0.11013960569551937,0.8
visibility_07,600,160.0,2231899.0,70791.0,4215.35,5302.1,5312.0,7.0255833333333335,22318.99,21669.0,3.883464260703553,40.0,98.425,127.0,94.5275590551181,110.0,93.68181818181819,5.954641126696896,46.05814644838319,0.20434033977343957,26.0,0.14011386715975946,0.8,0.09737492601591739,0.79
visibility_07,600,161.0,2193243.0,70229.0,4290.14,5509.0,5515.0,7.150233333333333,21932.43,21294.0,3.88347301233835,44.0,98.72727272727273,111.0,95.11711711711712,86.0,93.69767441860465,6.1087869683464096,45.625632453859424,0.2138331229143328,25.0,0.14587029344217672,0.77,0.10407693082800219,0.75
visibility_07,600,162.0,1820750.0,64693.0,3453.36,4462.049999999999,4468.0,5.7556,18207.5,17678.0,3.8835095427708364,46.0,98.6304347826087,113.0,93.71681415929204,90.0,92.11111111111111,5.338073671030869,44.249775641905806,0.20408952354798846,21.0,0.12941590004119183,0.79,0.07976932582726898,0.73
visibility_07,600,163.0,2181928.0,70172.0,4192.94,5380.05,5386.0,6.988233333333333,21819.28,21184.0,3.8834920309011114,49.0,99.0,117.0,93.06837606837607,88.0,90.7840909090909,5.975232286382033,44.85712360811173,0.21583296974052307,25.0,0.14199185307672846,0.8,0.09928054454592453,0.76
visibility_07,600,164.0,2316738.0,70246.0,4172.03,6072.0,6073.0,6.953383333333333,23167.38,22493.0,3.8834775447202055,38.0,99.36842105263158,116.0,94.79310344827586,94.0,93.57446808510639,5.939170913646328,47.66348805950435,0.19493054458467035,26.0,0.13550906490073544,0.69,0.10107185188830158,0.66
visibility_07,600,165.0,2510038.0,70024.0,4316.97,7506.0,7513.0,7.19495,25100.38,24370.0,3.883487022905629,41.0,99.21951219512195,105.0,97.20952380952382,82.0,96.42682926829268,6.164986290414715,51.431600637121825,0.18859236394030687,26.0,0.1335465837568993,0.58,0.10609560492709671,0.56
visibility_07,600,166.0,2521478.0,70897.0,4259.55,7750.0,7756.0,7.0992500000000005,25214.78,24481.0,3.8835159378745323,43.0,99.0,108.0,96.26851851851852,85.0,95.25882352941177,6.008082147340508,51.18714143054193,0.18734250308747488,26.0,0.13063449294421764,0.58,0.10411631590678165,0.52
visibility_07,600,167.0,2495982.0,70608.0,4258.05,7612.099999999999,7624.0,7.09675,24959.82,24233.0,3.8834815315174547,34.0,98.3529411764706,99.0,97.16161616161617,86.0,96.73255813953489,6.0305489462950375,50.48232839820159,0.1800513785756468,26.0,0.13234510505284092,0.56,0.10623193596748695,0.54
visibility_07,600,168.0,2505128.0,69669.0,4334.26,7414.25,7424.0,7.223766666666667,25051.28,24322.0,3.8834742176846855,36.0,98.88888888888889,112.0,97.5,93.0,96.98924731182795,6.2212174711851755,51.31146751782743,0.18459176537087127,26.0,0.1345855381441587,0.58,0.10683845296527762,0.57
visibility_07,600,169.0,2413563.0,70158.0,4099.37,6964.05,6985.0,6.832283333333333,24135.63,23433.0,3.8834702056668915,33.0,99.3030303030303,106.0,96.31132075471699,88.0,95.55681818181819,5.843054248980872,49.56662577276831,0.17893131440944363,26.0,0.13000447885553432,0.58,0.10162030160389432,0.57
visibility_07,600,170.0,2515054.0,70742.0,4391.44,7639.05,7650.0,7.319066666666666,25150.54,24418.0,3.883495145631068,37.0,98.67567567567568,114.0,96.48245614035088,97.0,95.8659793814433,6.207684261117865,51.32229208597509,0.18702182935237177,26.0,0.13676247110400017,0.56,0.1100433628860454,0.56
visibility_07,600,171.0,2476061.0,70047.0,4064.81,6849.05,6865.0,6.774683333333333,24760.61,24040.0,3.883506908755479,32.0,99.28125,116.0,96.5,97.0,95.81443298969072,5.8029751452596114,50.17879325267027,0.17329258043319612,27.0,0.12549892753046069,0.57,0.09787440616366075,0.57
visibility_07,600,172.0,2499566.0,70398.0,4424.94,7534.0,7546.0,7.374899999999999,24995.66,24268.0,3.883474171116106,37.0,98.94594594594595,118.0,96.48305084745763,99.0,95.8080808080808,6.28560470467911,51.54640765636915,0.18963372041386384,26.0,0.13872088194510568,0.57,0.11149375531592284,0.56
visibility_07,600,173.0,2082320.0,63535.0,3397.82,5990.0,5996.0,5.663033333333334,20823.2,20217.0,3.88350493680126,40.0,98.925,118.0,96.11016949152543,99.0,95.36363636363636,5.347949948847092,50.33072630527489,0.1742666833147643,22.0,0.11713137269968113,0.57,0.08498117484344385,0.54
visibility_07,600,174.0,2512021.0,70517.0,4421.01,7560.0,7565.0,7.36835,25120.21,24389.0,3.8834866428266324,40.0,99.4,106.0,97.15094339622641,90.0,96.64444444444445,6.26942439411773,51.863314836938066,0.19167873198512272,26.0,0.1368527572022686,0.61,0.10814400038853178,0.57
visibility_07,600,175.0,2473620.0,70351.0,4466.89,7444.0,7450.0,7.444816666666667,24736.2,24016.0,3.883498678050792,34.0,99.29411764705883,110.0,96.78181818181818,92.0,96.15217391304348,6.349433554604768,51.273110663723614,0.19044517751311843,26.0,0.1412828162773587,0.59,0.11287303627881405,0.58
visibility_07,600,176.0,2461677.0,70046.0,4249.84,7216.0,7229.0,7.083066666666667,24616.77,23900.0,3.8834908072830023,37.0,99.13513513513513,123.0,96.21138211382114,102.0,95.43137254901961,6.067212974331154,50.993294002421926,0.18551743384692632,26.0,0.13351142331020682,0.58,0.10566983401965409,0.57
visibility_07,600,177.0,2229395.0,67565.0,4088.29,6883.0,6891.0,6.813816666666667,22293.95,21645.0,3.8834751132033576,35.0,99.4,114.0,96.7719298245614,96.0,96.16666666666667,6.050899134167098,50.97859374404267,0.19079929756727723,23.0,0.13972176307922105,0.59,0.10832355863362034,0.57
visibility_07,600,178.0,2520367.0,70933.0,4207.83,7595.05,7602.0,7.01305,25203.67,24470.0,3.8834820484477066,43.0,98.79069767441861,109.0,97.10091743119266,83.0,96.19277108433735,5.932119041912791,50.975399614421235,0.18528373050432734,26.0,0.12922324407516841,0.55,0.10309966762777008,0.54
visibility_07,600,179.0,2534626.0,70752.0,4113.67,7222.1,7240.0,6.856116666666667,25346.26,24608.0,3.883531534829991,37.0,99.10810810810811,106.0,97.12264150943396,90.0,96.61111111111111,5.814210199004975,50.60575564205528,0.17624256990972237,27.0,0.12410036036874868,0.58,0.09728378072346769,0.54
visibility_07,600,180.0,2549170.0,70791.0,4411.78,7804.05,7811.0,7.352966666666666,25491.7,24750.0,3.883499335077692,43.0,99.11627906976744,117.0,97.42735042735043,93.0,96.76344086021506,6.232119902247461,52.11017036917899,0.1913281577925364,26.0,0.13476700259300087,0.59,0.10735337384325094,0.56
visibility_07,600,181.0,2480168.0,69864.0,4160.19,7475.0,7480.0,6.933649999999999,24801.68,24080.0,3.8834869250792687,38.0,99.23684210526316,99.0,96.01010101010101,78.0,94.93589743589743,5.954697698385434,50.28751681337716,0.1815578622093342,26.0,0.12876143874124657,0.58,0.10159150509159057,0.55
visibility_07,600,182.0,2459488.0,70362.0,4403.67,7733.0,7752.0,7.33945,24594.88,23879.0,3.8834911981680738,39.0,99.12820512820512,94.0,97.63829787234043,74.0,97.0,6.258591285068645,50.93713325700308,0.19237784449446388,25.0,0.13983357511807334,0.58,0.11188792138851664,0.57
visibility_07,600,183.0,2494089.0,70356.0,4398.53,7803.05,7811.0,7.3308833333333325,24940.89,24215.0,3.883502152489346,45.0,99.15555555555555,99.0,97.44444444444444,73.0,96.53424657534246,6.2518193188924895,51.36440840723807,0.19523802077632355,25.0,0.13738322890642635,0.59,0.1094335446730249,0.58
visibility_07,600,184.0,2480449.0,70128.0,4313.24,7370.0,7376.0,7.1887333333333325,24804.49,24082.0,3.8835307639866814,36.0,99.33333333333333,104.0,96.24038461538461,89.0,95.6067415730337,6.1505247547342,51.11301300691931,0.18574217812984664,26.0,0.13438857239153074,0.61,0.10569417069248349,0.58
visibility_07,600,185.0,2448465.0,70473.0,4244.18,7497.0,7503.0,7.073633333333333,24484.65,23772.0,3.8834943525841696,45.0,99.4,105.0,97.12380952380953,81.0,96.27160493827161,6.022419933875385,51.224393650715854,0.1926799035313962,25.0,0.13318140140863766,0.61,0.10419834467717529,0.56
visibility_07,600,186.0,2499335.0,70336.0,4192.12,7407.1,7417.0,6.986866666666667,24993.35,24266.0,3.883513014461847,39.0,98.94871794871794,113.0,96.76106194690266,95.0,96.14736842105263,5.9601342129208374,51.355624196036146,0.18232329799726726,26.0,0.1289358969485883,0.59,0.10130214637093467,0.54
visibility_07,600,187.0,2464616.0,70258.0,4329.17,7649.25,7657.0,7.215283333333334,24646.16,23929.0,3.883485297506792,41.0,99.07317073170732,107.0,97.97196261682242,85.0,97.44705882352942,6.161817871274446,51.46640287979953,0.19086340427880044,25.0,0.13631251278089568,0.58,0.10873580306222146,0.54
visibility_07,600,188.0,2393120.0,70517.0,4461.31,7046.0,7051.0,7.435516666666667,23931.2,23235.0,3.883507722136792,44.0,99.11363636363636,105.0,96.97142857142858,84.0,96.21428571428571,6.3265737339932215,49.82792254462793,0.20508582937754896,25.0,0.1437629538008959,0.67,0.11089163936618306,0.61
visibility_07,600,189.0,2237030.0,70451.0,4286.52,5289.049999999999,5295.0,7.1442000000000005,22370.3,21719.0,3.883497315637251,42.0,98.83333333333333,146.0,93.43835616438356,118.0,91.88135593220339,6.084399085889483,46.45233590966594,0.20935570823815505,26.0,0.14286308185406543,0.8,0.09994903957479337,0.8
visibility_07,600,190.0,2246752.0,70244.0,4387.67,5736.05,5748.0,7.312783333333334,22467.52,21814.0,3.88351718391705,50.0,99.18,119.0,94.87394957983193,96.0,93.64583333333333,6.246327088434599,47.29230685006623,0.2215567183204911,25.0,0.14602679779521727,0.81,0.10458119098147015,0.73
visibility_07,600,191.0,2316523.0,71181.0,4447.42,6097.0,6104.0,7.412366666666667,23165.23,22491.0,3.883492630981864,60.0,98.86666666666666,130.0,96.83076923076923,94.0,95.61702127659575,6.248043719531897,48.739449597521805,0.22754360738054402,25.0,0.14407066107265068,0.81,0.10436978178071186,0.74
visibility_07,600,192.0,2295159.0,70835.0,4293.57,6031.05,6044.0,7.15595,22951.59,22284.0,3.8835217952220304,57.0,98.3859649122807,126.0,95.31746031746032,94.0,93.72340425531915,6.061367967812522,47.80031623081451,0.2195704088474916,25.0,0.1395807436434687,0.79,0.09992161763084824,0.72
visibility_07,600,193.0,2246656.0,70499.0,4414.81,5765.0,5769.0,7.358016666666668,22466.56,21813.0,3.8835050848906105,53.0,99.09433962264151,132.0,94.0909090909091,104.0,92.5,6.262230669938581,47.27627059950433,0.22590418826914313,25.0,0.1469775524156791,0.81,0.10497112152461258,0.75
visibility_07,600,194.0,2276801.0,70358.0,4487.12,6003.0,6008.0,7.478533333333333,22768.01,22105.0,3.883475103884793,54.0,99.0,126.0,95.61111111111111,94.0,94.11702127659575,6.377554791210666,47.76162870624179,0.22708001270203237,25.0,0.14835332556512404,0.82,0.1072922051597834,0.75
visibility_07,600,195.0,2212860.0,70518.0,4573.21,5636.0,5639.0,7.622016666666667,22128.6,21485.0,3.8835262962862545,43.0,99.13953488372093,134.0,94.26865671641791,113.0,93.20353982300885,6.485166907739868,46.767366213858985,0.2257860867836194,25.0,0.1558336270708495,0.85,0.11215079128367814,0.79
visibility_07,600,196.0,2270691.0,70512.0,4244.24,5592.1,5597.0,7.073733333333333,22706.91,22046.0,3.883487449415178,42.0,97.85714285714286,116.0,94.34482758620689,99.0,93.37373737373737,6.019174041297935,46.19855145416087,0.2039414433756068,26.0,0.1399446247860233,0.76,0.09998982688529615,0.75
visibility_07,600,197.0,2256539.0,70097.0,4218.53,6041.15,6050.0,7.030883333333333,22565.39,21909.0,3.8835136463407016,42.0,96.97619047619048,111.0,95.18018018018019,94.0,94.30851063829788,6.018132017062071,46.987990014797,0.20366632262947815,25.0,0.14103678243540219,0.7,0.10383024623106447,0.69
visibility_07,600,198.0,1931071.0,68591.0,3766.87,4914.0,4919.0,6.278116666666667,19310.71,18749.0,3.8834926318089806,43.0,98.51162790697674,132.0,93.79545454545455,109.0,92.4862385321101,5.491784636468341,45.38660981393227,0.20789965775468638,22.0,0.13858527211065777,0.79,0.09131254107176795,0.74
visibility_07,600,199.0,1901866.0,69691.0,4044.6,5251.05,5260.0,6.741,19018.66,18465.0,3.8835017819341635,41.0,98.82926829268293,115.0,95.78260869565217,94.0,94.84042553191489,5.803618831699932,45.69523457488593,0.22372764432404807,21.0,0.15515288669128108,0.81,0.10648279111146632,0.73
visibility_07,800,0.0,2356185.0,69866.0,4180.85,7034.0,7038.0,5.2260625,23561.85,22876.0,3.8834811358191317,64.0,98.578125,157.0,97.62420382165605,130.0,97.13076923076923,5.984098130707354,53.176193719932854,0.18900807873745057,18.0,0.11998760708518219,0.66,0.07818316473451788,0.58
visibility_07,800,1.0,2216146.0,69183.0,3910.08,6637.15,6650.0,4.8876,22161.46,21516.0,3.883453526978818,83.0,98.24096385542168,187.0,95.72727272727273,144.0,94.45138888888889,5.6517930705520145,51.94062124065833,0.1991998722105854,17.0,0.114524945558641,0.64,0.06918226506737372,0.55
visibility_07,800,2.0,2220905.0,69668.0,3788.03,6461.049999999999,6475.0,4.735037500000001,22209.05,21563.0,3.883506948743868,89.0,98.56179775280899,178.0,96.07865168539325,135.0,94.82962962962964,5.437259573979445,52.08444170281935,0.1977342569808254,17.0,0.10779254403047406,0.7,0.0610219707731758,0.59
visibility_07,800,3.0,2249228.0,70103.0,4244.66,6787.0,6794.0,5.305825,22492.28,21838.0,3.883510253295798,81.0,98.88888888888889,188.0,95.98936170212765,152.0,95.03947368421052,6.054890660884698,53.50345140643812,0.21012231752405713,17.0,0.12560442960873686,0.73,0.07705577202489032,0.61
visibility_07,800,4.0,2087998.0,67188.0,3541.51,5626.05,5634.0,4.4268875,20879.98,20272.0,3.8834807313033823,77.0,98.63636363636364,210.0,93.31428571428572,173.0,91.88439306358381,5.271045424778234,50.79528284988779,0.18949682901995116,17.0,0.10227021290250278,0.73,0.05347802057281664,0.54
visibility_07,800,5.0,2209961.0,69013.0,4181.01,6576.0,6579.0,5.226262500000001,22099.61,21456.0,3.8834621968441976,80.0,98.4375,192.0,94.69791666666667,157.0,93.51592356687898,6.058293365018185,52.21362096435186,0.21000415844442505,17.0,0.12527234643507285,0.73,0.07483254229373279,0.66
visibility_07,800,6.0,2259801.0,69281.0,3690.89,6104.05,6120.0,4.6136124999999995,22598.01,21940.0,3.88348354567504,83.0,98.97590361445783,201.0,94.16417910447761,161.0,92.71428571428571,5.327420216220897,52.073467973507405,0.18972644051400986,18.0,0.10103101998804319,0.7,0.05634522685847117,0.55
visibility_07,800,7.0,2322414.0,69156.0,4260.01,7387.0,7395.0,5.325012500000001,23224.14,22548.0,3.883502252397721,80.0,99.4375,181.0,97.25966850828729,140.0,96.45714285714286,6.160000578402452,55.189852024660546,0.20378838570556326,17.0,0.12363514859968981,0.68,0.0789041058140366,0.57
visibility_07,800,8.0,2391711.0,68674.0,4241.38,7402.0,7405.0,5.301725,23917.11,23221.0,3.883495957496537,66.0,98.95454545454545,165.0,97.01818181818182,135.0,96.35555555555555,6.176107406005184,54.27039512717047,0.19030936430028544,18.0,0.12095315863831374,0.64,0.0809453985034145,0.57
visibility_07,800,9.0,2366019.0,69522.0,4154.84,7103.1,7113.0,5.19355,23660.19,22972.0,3.88352756254282,67.0,99.04477611940298,171.0,96.86549707602339,139.0,96.14388489208633,5.976295273438624,54.00278949577328,0.1894672020807948,18.0,0.11817064867188302,0.66,0.07675001764567402,0.53
visibility_07,800,10.0,2369488.0,70253.0,4129.68,7248.0,7255.0,5.162100000000001,23694.88,23005.0,3.8834971943305896,65.0,99.12307692307692,159.0,96.23899371069183,129.0,95.36434108527132,5.878297012227236,53.32832746990067,0.18674878285941943,18.0,0.11750682003875942,0.64,0.07785901426806129,0.56
visibility_07,800,11.0,2307606.0,70218.0,3857.08,6581.05,6588.0,4.82135,23076.06,22404.0,3.883461908142031,87.0,98.19540229885058,180.0,94.41666666666667,142.0,92.9225352112676,5.493007490956734,51.510119145122694,0.1954090082969103,18.0,0.10672185806415826,0.67,0.06246343613251135,0.57
visibility_07,800,12.0,2401851.0,70125.0,3871.11,7260.150000000001,7275.0,4.8388875,24018.51,23319.0,3.8834632123308235,77.0,98.62337662337663,146.0,97.43835616438356,112.0,96.66071428571429,5.520299465240642,53.220323408904214,0.18161368044895373,18.0,0.10426791670257647,0.67,0.0655203008013403,0.51
visibility_07,800,13.0,2360882.0,69802.0,4129.69,7103.2,7124.0,5.162112499999999,23608.82,22922.0,3.8835062489357792,68.0,98.6470588235294,160.0,97.01875,132.0,96.38636363636364,5.916291796796654,52.684101534934825,0.18933813718771206,18.0,0.116517894583465,0.69,0.07542816625312065,0.53
visibility_07,800,14.0,2263751.0,70334.0,3805.33,6363.049999999999,6370.0,4.7566625,22637.51,21979.0,3.8835101563732057,78.0,98.87179487179488,186.0,93.93548387096774,145.0,92.22068965517241,5.4103705178149974,50.73579205486823,0.19067335585936793,18.0,0.10784357466876879,0.65,0.06406623343291731,0.53
visibility_07,800,15.0,2317035.0,70255.0,4212.55,6950.0,6959.0,5.2656875,23170.35,22496.0,3.8834976597246054,70.0,99.2,192.0,94.23958333333333,156.0,92.91025641025641,5.996085687851399,52.31481527037788,0.19822877082132984,18.0,0.12253159749421136,0.67,0.08037297667061567,0.58
visibility_07,800,16.0,2238298.0,69242.0,4002.74,6239.099999999999,6246.0,5.003425,22382.98,21731.05,3.883531147327121,70.0,98.32857142857142,199.0,93.47738693467336,170.0,92.36470588235294,5.780797781693192,51.202341689980514,0.19535959912397724,18.0,0.11653005989372282,0.69,0.07022657394145015,0.58
visibility_07,800,17.0,2295521.0,69826.0,4269.03,6632.05,6637.0,5.3362875,22955.21,22287.0,3.8834756902681353,77.0,98.71428571428571,213.0,93.94366197183099,175.0,92.62857142857143,6.113811474235958,52.572466119891736,0.20740694596128723,18.0,0.12357891737866916,0.75,0.07484270455378103,0.63
visibility_07,800,18.0,2195324.0,69625.0,3880.68,5837.0,5847.0,4.850849999999999,21953.24,21314.0,3.8834814359976018,75.0,98.12,221.0,93.89592760180996,179.0,92.46368715083798,5.573687612208259,50.237057035772395,0.19730937210179453,18.0,0.1124767915806505,0.73,0.06288092327146244,0.62
visibility_07,800,19.0,2257239.0,69955.0,3862.11,6190.0,6200.0,4.8276375,22572.39,21915.0,3.883461166495883,83.0,98.59036144578313,195.0,94.22564102564102,154.0,92.68831168831169,5.5208491172896865,51.36514653521404,0.1972817233797573,18.0,0.10859195681095356,0.72,0.06247278201377878,0.59
visibility_07,800,20.0,2268249.0,70291.0,3862.57,6310.05,6321.0,4.8282125,22682.49,22022.0,3.883480164655644,80.0,98.25,197.0,94.23857868020305,153.0,92.58169934640523,5.495113172383378,51.14392114798684,0.19392800349520709,18.0,0.10948709775690411,0.68,0.06502284361196677,0.54
visibility_07,800,21.0,2282356.0,69353.0,3880.36,6515.049999999999,6521.0,4.85045,22823.56,22159.0,3.883487063367853,75.0,98.50666666666666,194.0,94.45360824742268,161.0,93.3167701863354,5.595086009256989,51.65986988883417,0.18998876599443731,18.0,0.10961261082845972,0.67,0.06593143225684336,0.55
visibility_07,800,22.0,2249442.0,70193.0,3733.54,6246.05,6255.0,4.666925,22494.42,21840.0,3.8834964404505654,80.0,98.225,197.0,92.83248730964468,163.0,91.33742331288343,5.3189634294017925,50.943516658798046,0.1897937355130739,18.0,0.10433565301972667,0.69,0.05915022481130876,0.6
visibility_07,800,23.0,2182009.0,70552.0,4031.66,5923.05,5931.0,5.039575,21820.09,21185.0,3.883485356843166,70.0,98.48571428571428,205.0,92.14146341463415,168.0,90.41071428571429,5.7144517518993085,49.00582811528275,0.20181126658964285,18.0,0.12017411477221221,0.73,0.06978660491317863,0.64
visibility_07,800,24.0,2234461.0,70525.0,3888.67,6205.0,6213.0,4.8608375,22344.61,21694.0,3.88348689012697,77.0,98.76623376623377,192.0,93.44270833333333,155.0,91.87741935483871,5.513888691953208,50.51226582160083,0.1960884526514448,18.0,0.11149668756805332,0.7,0.06567803152527611,0.6
visibility_07,800,25.0,2250030.0,70505.0,3754.69,6240.05,6256.0,4.6933625,22500.3,21845.0,3.8834593316533557,72.0,98.19444444444444,177.0,94.35593220338983,144.0,93.0625,5.3254237288135595,50.621544157189014,0.18472998137802607,18.0,0.10589681026475202,0.66,0.06337426612089617,0.53
visibility_07,800,26.0,2251967.0,70829.0,3914.74,6178.05,6194.0,4.893425,22519.67,21864.0,3.8834938522633773,74.0,98.70270270270271,200.0,93.865,164.0,92.51829268292683,5.52702988888732,51.08954749336913,0.1934495487722511,18.0,0.11153449406674254,0.73,0.06498496647597411,0.59
visibility_07,800,27.0,2249619.0,68289.0,3768.08,6798.05,6806.0,4.7101,22496.19,21841.0,3.8834575988200672,81.0,98.55555555555556,188.0,95.27127659574468,150.0,94.07333333333334,5.517843283691371,53.46692484371798,0.1887146223427167,17.0,0.10658249241315974,0.65,0.06397616663088283,0.53
visibility_07,800,28.0,2365873.0,70221.0,3988.05,6953.049999999999,6960.0,4.985062500000001,23658.73,22970.0,3.88347134440437,76.0,98.64473684210526,160.0,96.95,127.0,96.15748031496064,5.67928397487931,53.16054581120795,0.1886212827146681,18.0,0.11023457303075862,0.68,0.06844577033509407,0.56
visibility_07,800,29.0,2230349.0,70177.0,3814.71,6019.0,6024.0,4.7683875,22303.49,21654.0,3.8834729452655163,80.0,98.6,208.0,94.02884615384616,164.0,92.42682926829268,5.435840802542144,50.989479673360535,0.19529096119037873,18.0,0.10759526872251832,0.73,0.058623560707315316,0.6
visibility_07,800,30.0,2250147.0,69355.0,3722.36,6120.05,6125.0,4.652950000000001,22501.47,21847.0,3.883524054206236,83.0,98.95180722891567,192.0,94.078125,146.0,92.21232876712328,5.367111239276188,50.993370210924,0.19192390541595727,18.0,0.10306837731046016,0.71,0.058338410779384633,0.58
visibility_07,800,31.0,2308889.0,69186.0,4250.72,7426.0,7443.0,5.313400000000001,23088.89,22417.0,3.883512806375707,74.0,98.8108108108108,193.0,96.53886010362694,154.0,95.66233766233766,6.1439019454803,54.568480338379196,0.2001239557206951,17.0,0.12540966672715753,0.65,0.08168907210350952,0.6
visibility_07,800,32.0,2257589.0,69941.0,3773.68,6299.099999999999,6320.0,4.717099999999999,22575.89,21919.0,3.883523528861985,76.0,98.82894736842105,191.0,94.3455497382199,150.0,92.8,5.395519080367738,51.020054137400564,0.1882782915756588,18.0,0.10632759107171412,0.68,0.0626216729440124,0.54
visibility_07,800,33.0,2197569.0,69415.0,3772.52,5777.099999999999,5789.0,4.71565,21975.69,21336.0,3.8834730559085973,81.0,98.93827160493827,213.0,93.50704225352112,163.0,91.52760736196319,5.434733126845782,50.42103797423426,0.19725888015347867,18.0,0.1066696881872651,0.72,0.05825027564549737,0.6
visibility_07,800,34.0,2263680.0,70152.0,4302.2,6386.0,6392.0,5.37775,22636.8,21978.0,3.8834994345490528,77.0,98.92207792207792,231.0,92.87012987012987,186.0,91.14516129032258,6.13268331622762,51.61638747526152,0.2119155534351145,18.0,0.12647944939214023,0.76,0.07625857011591744,0.65
visibility_07,800,35.0,2097603.0,68219.0,3656.06,5907.05,5913.0,4.570075,20976.03,20366.0,3.8835280079214227,69.0,98.34782608695652,168.0,93.75595238095238,139.0,92.45323741007195,5.359298729093068,49.52223180458838,0.18792021178459414,17.0,0.10828026085012274,0.68,0.06068164471542041,0.54
visibility_07,800,36.0,2214404.0,69727.0,3750.09,5833.0,5847.0,4.6876125,22144.04,21500.0,3.8835280283091973,84.0,98.76190476190476,201.0,93.41791044776119,156.0,91.51923076923077,5.378246590273495,50.36729837915755,0.1969058039996315,18.0,0.10499981033271255,0.74,0.055378332047810605,0.63
visibility_07,800,37.0,2212572.0,70420.0,3691.91,5928.05,5938.0,4.6148875,22125.72,21482.0,3.8834894412475616,81.0,98.48148148148148,212.0,92.73584905660377,169.0,90.88757396449704,5.2427009372337405,50.32223719725279,0.1919937520677293,18.0,0.10339731317218151,0.71,0.056356584102121875,0.58
visibility_07,800,38.0,2210163.0,69599.0,3888.5,5980.0,5987.0,4.860625,22101.63,21458.0,3.8834692282876873,78.0,98.66666666666667,221.0,93.58371040723982,176.0,91.94318181818181,5.587005560424719,50.90719734245845,0.19893329134547996,18.0,0.11208494577096802,0.74,0.06334193450890274,0.59
visibility_07,800,39.0,2196816.0,68969.0,3998.19,6414.1,6421.0,4.9977375,21968.16,21329.0,3.8834840969839988,85.0,98.97647058823529,205.0,95.77073170731707,158.0,94.5126582278481,5.7970827473212605,52.55358664539953,0.2068571059205687,17.0,0.11727063167784649,0.72,0.06815454730846826,0.6
visibility_07,800,40.0,2230566.0,69554.0,3652.89,6094.05,6101.0,4.5661125,22305.66,21656.0,3.8834537960320383,79.0,98.31645569620254,207.0,93.53140096618357,165.0,91.88484848484849,5.251876240043707,50.84292013775876,0.18709466565885072,18.0,0.10183334633451778,0.68,0.05709358073242397,0.54
visibility_07,800,41.0,2259337.0,69146.0,3977.13,6370.05,6381.0,4.9714125000000005,22593.37,21936.0,3.8834844027252244,74.0,98.55405405405405,206.0,93.95145631067962,173.0,92.79768786127168,5.751786075839528,51.898276352753044,0.19549717461361452,18.0,0.11411799125141579,0.69,0.06934556465016065,0.58
visibility_07,800,42.0,2267508.0,69436.0,3917.07,6399.05,6412.0,4.8963375000000005,22675.08,22015.0,3.8834703119018763,77.0,98.33766233766234,199.0,93.91457286432161,161.0,92.47826086956522,5.64126677804021,51.730802272803444,0.19422952421777565,18.0,0.11143863660017958,0.7,0.06587540154213348,0.59
visibility_07,800,43.0,2183321.0,68292.0,4002.12,6306.1,6310.0,5.00265,21833.21,21198.0,3.883487586113082,80.0,98.1625,197.0,95.87817258883248,155.0,94.76129032258065,5.860305745914602,52.471297624123984,0.20421138256811527,17.0,0.11854280703570387,0.73,0.06953123246650401,0.59
visibility_07,800,44.0,2363759.0,69354.0,4160.56,6986.05,6994.0,5.2007,23637.59,22950.0,3.883517735945162,73.0,98.08219178082192,179.0,96.98882681564245,143.0,96.23076923076923,5.99901952302679,53.71586062707746,0.19366441333486198,18.0,0.1178487316177326,0.69,0.07379474811095378,0.6
visibility_07,800,45.0,2239026.0,69001.0,3738.72,6043.0,6050.0,4.6734,22390.26,21739.0,3.8835189944198953,77.0,98.32467532467533,200.0,93.32,166.0,91.95180722891567,5.418356255706439,51.54942863548704,0.1887186660628327,18.0,0.10465130820276317,0.7,0.05934321441555391,0.54
visibility_07,800,46.0,2265319.0,69927.0,4191.14,6454.05,6465.0,5.238925,22653.19,21994.0,3.8835148603794876,72.0,98.61111111111111,203.0,93.54679802955665,171.0,92.3391812865497,5.993593318746693,51.814672017495106,0.20297980107878846,18.0,0.12243397066814872,0.74,0.07422795641585136,0.6
visibility_07,800,47.0,2277505.0,69508.0,3804.55,6346.05,6359.0,4.7556875000000005,22775.05,22112.0,3.883504097685845,78.0,97.6923076923077,214.0,93.73831775700934,175.0,92.34285714285714,5.47354261379985,51.680509153657184,0.18879607289555897,18.0,0.10702940278945601,0.66,0.06279415412918962,0.59
visibility_07,800,48.0,2307689.0,70080.0,3971.46,6513.0,6531.0,4.964325,23076.89,22405.0,3.8834955663436452,88.0,98.68181818181819,213.0,93.81220657276995,167.0,92.10778443113773,5.667037671232877,52.75883492099672,0.201402355343376,18.0,0.11067695863697405,0.74,0.062243222548618984,0.66
visibility_07,800,49.0,2245224.0,70407.0,3876.89,6026.0,6034.0,4.8461125,22452.24,21799.0,3.8834877945363133,84.0,98.72619047619048,215.0,93.11162790697675,170.0,91.28823529411764,5.506398511511639,51.346401071786154,0.19983128632154298,18.0,0.1090381182456628,0.75,0.060903945441523874,0.6
visibility_07,800,50.0,2316787.0,69710.0,4279.54,6618.15,6636.0,5.349425,23167.87,22494.0,3.8835248989225164,83.0,98.55421686746988,209.0,94.87081339712918,170.0,93.69411764705882,6.139061827571367,52.964276819578146,0.21021095163258427,18.0,0.12292109719193003,0.75,0.07358294051201081,0.64
visibility_07,800,51.0,2269135.0,70208.0,3945.92,6225.049999999999,6236.0,4.9324,22691.35,22031.0,3.8835062700103786,84.0,98.52380952380952,214.0,93.59345794392523,171.0,91.98245614035088,5.6203281677301735,52.02930896575127,0.20064209489519133,18.0,0.1110740436333669,0.75,0.0632148373719501,0.59
visibility_07,800,52.0,2286243.0,69439.0,3789.65,6284.0,6290.0,4.7370625,22862.43,22197.0,3.8834892004043313,88.0,98.55681818181819,206.0,94.04854368932038,164.0,92.52439024390245,5.457523869871398,52.538590604760735,0.19525745950889734,18.0,0.10374050352477843,0.73,0.05769990329111997,0.55
visibility_07,800,53.0,2304954.0,69523.0,4127.39,6570.05,6584.0,5.159237500000001,23049.54,22379.0,3.8835048335021,81.0,98.75308641975309,212.0,94.33962264150944,176.0,93.18181818181819,5.936725975576428,53.080622433245956,0.20335416672089768,18.0,0.11675981386179507,0.75,0.06975106661564613,0.57
visibility_07,800,54.0,2271996.0,69894.0,3801.33,6117.1,6128.0,4.7516625,22719.96,22059.0,3.883501555460485,92.0,98.66304347826087,231.0,93.66666666666667,180.0,91.87222222222222,5.438707185166109,52.55026065186735,0.2000188380613346,18.0,0.10403143315393161,0.73,0.05811806006700716,0.57
visibility_07,800,55.0,2242305.0,69063.0,3897.32,6119.0,6128.0,4.87165,22423.05,21770.0,3.8834592082700614,82.0,98.35365853658537,205.0,93.40975609756097,166.0,91.86144578313252,5.64313742524941,51.43934299749588,0.19926637990817483,18.0,0.11057193379134417,0.73,0.06365369563908567,0.57
visibility_07,800,56.0,2268967.0,69129.0,4097.96,6374.150000000001,6379.0,5.12245,22689.67,22029.0,3.8834853041053488,77.0,98.46753246753246,216.0,93.36574074074075,181.0,92.0828729281768,5.927989700415166,52.2952484544729,0.2021505821812305,18.0,0.11798849432362833,0.73,0.07026942216435937,0.6
visibility_07,800,57.0,2207831.0,68734.0,3680.61,5818.0,5824.0,4.6007625,22078.31,21436.0,3.883494705890079,85.0,98.84705882352941,209.0,93.22488038277513,161.0,91.20496894409938,5.354860767596823,50.49885657009074,0.19516665904229083,18.0,0.10211922923448398,0.73,0.05538422098430541,0.57
visibility_07,800,58.0,2177240.0,69032.0,3631.78,5788.0,5793.0,4.539725000000001,21772.4,21139.0,3.8834946997115614,71.0,97.7605633802817,195.0,92.52307692307693,165.0,91.16363636363636,5.261009386950979,49.300420716136024,0.18425851077510977,18.0,0.10287014752622586,0.7,0.058629273759438556,0.53
visibility_07,800,59.0,2271799.0,69483.0,3796.99,6343.049999999999,6358.0,4.746237499999999,22717.99,22057.0,3.8834861710917203,79.0,98.0,197.0,93.6497461928934,157.0,92.03184713375796,5.464631636515406,51.18521709006827,0.18985526448422593,18.0,0.10643591268417672,0.67,0.0639510801791884,0.53
visibility_07,800,60.0,2209008.0,69654.0,3765.7,6054.200000000001,6069.0,4.707125,22090.08,21447.0,3.8835078913249745,72.0,97.90277777777777,188.0,92.72340425531915,158.0,91.34177215189874,5.406293967324203,49.68451811854008,0.18849773291902971,18.0,0.10777462100635217,0.69,0.06284540390980929,0.54
visibility_07,800,61.0,2234502.0,69595.0,3812.92,6255.1,6262.0,4.76615,22345.02,21695.0,3.8835051389526614,70.0,97.95714285714286,195.0,92.9948717948718,163.0,91.61963190184049,5.478726920037359,50.26020160196769,0.18700318907747676,18.0,0.10895671608259916,0.69,0.06437407529731456,0.57
visibility_07,800,62.0,2235437.0,70174.0,3971.12,6296.1,6304.0,4.9639,22354.37,21704.0,3.8834912368364667,68.0,98.08823529411765,208.0,93.22115384615384,178.0,92.07865168539325,5.658962008721179,50.71940162035432,0.19258069003957615,18.0,0.1148052931037645,0.69,0.06908000538597152,0.57
visibility_07,800,63.0,2176061.0,69535.0,3636.24,5725.05,5732.0,4.5453,21760.61,21127.0,3.8834848839255884,76.0,98.60526315789474,193.0,93.44559585492227,153.0,91.73202614379085,5.229366506076077,49.15998264754526,0.18887567949611705,18.0,0.10274666013498703,0.7,0.05638169150589069,0.54
visibility_07,800,64.0,2172367.0,69319.0,4126.62,6319.0,6324.0,5.158275,21723.67,21091.0,3.8834598389682777,77.0,99.06493506493507,192.0,95.578125,151.0,94.37748344370861,5.953086455372985,51.192739532500724,0.20931546096953232,17.0,0.12394084424961344,0.75,0.07445473071539017,0.59
visibility_07,800,65.0,2229673.0,70061.0,3926.79,6086.05,6098.0,4.9084875,22296.73,21648.0,3.8834842597995314,78.0,98.58974358974359,225.0,93.32888888888888,179.0,91.6145251396648,5.6048158033713475,51.004859905465956,0.1988672778474691,18.0,0.11255506973444088,0.73,0.0647032098428783,0.62
visibility_07,800,66.0,2233920.0,69385.0,4049.66,6213.05,6219.0,5.062075,22339.2,21689.0,3.883487322733133,78.0,98.64102564102564,211.0,92.44549763033176,172.0,90.73255813953489,5.8365064495207895,51.196329770090244,0.20401581077209568,18.0,0.11702701976794155,0.75,0.06839770448359833,0.58
visibility_07,800,67.0,2223503.0,69487.0,3959.62,6180.0,6186.0,4.9495249999999995,22235.03,21588.0,3.883511738009798,70.0,98.18571428571428,213.0,92.97183098591549,183.0,91.81967213114754,5.698360844474506,50.872734599413626,0.1946424178424765,18.0,0.11496588940963876,0.73,0.06695246194855595,0.56
visibility_07,800,68.0,2231761.0,69700.0,3906.71,6032.0,6037.0,4.8833875,22317.61,21668.0,3.883480354751248,78.0,98.93589743589743,218.0,93.35321100917432,182.0,92.03846153846153,5.605035868005739,51.54810214893082,0.19798222121454762,18.0,0.11117722731063048,0.73,0.06365108091771475,0.61
visibility_07,800,69.0,2207893.0,69512.0,3714.34,5721.15,5733.0,4.642925,22078.93,21436.0,3.883476237299543,87.0,99.20689655172414,214.0,93.59345794392523,169.0,91.88757396449704,5.343451490390149,51.12973998287055,0.19845209890153193,18.0,0.10238630223475503,0.78,0.05497549020717942,0.53
visibility_07,800,70.0,2234818.0,69921.0,4050.35,5980.05,5987.0,5.0629375,22348.18,21698.0,3.883492973477035,84.0,99.0952380952381,230.0,94.31304347826087,184.0,92.8913043478261,5.792751819911042,51.901791555285484,0.20876107137136,18.0,0.11650702652296518,0.77,0.06621881513393932,0.62
visibility_07,800,71.0,2196931.0,70075.0,3845.85,5808.05,5818.0,4.8073125,21969.31,21330.0,3.8835084033135314,80.0,98.5375,216.0,93.32407407407408,174.0,91.71264367816092,5.488191223688904,50.383901906796346,0.19964031642322858,18.0,0.11014000894884728,0.75,0.06078616033002402,0.59
visibility_07,800,72.0,2209325.0,69246.0,3872.38,5987.05,5991.0,4.8404750000000005,22093.25,21450.0,3.8834938273001933,73.0,98.15068493150685,203.0,93.86206896551724,166.0,92.49397590361446,5.592207492129509,50.428808346440654,0.19419098593461803,18.0,0.11207404976633134,0.69,0.06741335023140552,0.57
visibility_07,800,73.0,2198650.0,70045.0,3997.38,5725.05,5733.0,4.9967250000000005,21986.5,21347.0,3.88351943237896,83.0,98.91566265060241,224.0,94.17857142857143,177.0,92.63276836158192,5.706874152330645,50.80412980692698,0.2088895458576854,18.0,0.11533804834784982,0.8,0.06348850430946262,0.63
visibility_07,800,74.0,2209952.0,69836.0,4053.73,5843.0,5852.0,5.0671625,22099.52,21456.0,3.88347801219212,84.0,99.20238095238095,227.0,93.30396475770925,179.0,91.50837988826815,5.804642304828455,51.19161049651757,0.2113321918304108,18.0,0.1163283184431155,0.8,0.06425116925616484,0.64
visibility_07,800,75.0,2229287.0,69251.0,3970.15,5996.0,6005.0,4.9626875,22292.87,21644.0,3.883483822405998,85.0,98.56470588235294,222.0,93.47297297297297,178.0,91.85955056179775,5.73298580525913,51.4497563570774,0.20609055720506153,18.0,0.11311823017852793,0.78,0.061915760509974715,0.61
visibility_07,800,76.0,2237907.0,69567.0,3996.66,5934.0,5941.0,4.995825,22379.07,21728.0,3.8834947117999095,87.0,98.94252873563218,212.0,93.60377358490567,166.0,91.83132530120481,5.745051533054466,51.47484412891152,0.20822893891479852,18.0,0.11342339069496632,0.78,0.06357011260968395,0.62
visibility_07,800,77.0,2274702.0,69638.0,4389.28,6338.049999999999,6342.0,5.486599999999999,22747.02,22085.0,3.883497706512765,82.0,98.82926829268293,245.0,94.0204081632653,199.0,92.63819095477388,6.302995490967575,52.955223145713155,0.2183547559196765,18.0,0.129019977122278,0.79,0.07729583919124351,0.65
visibility_07,800,78.0,1944003.0,64680.0,3643.69,5601.0,5613.0,4.5546125,19440.03,18874.0,3.883481661293733,89.0,99.10112359550561,205.0,97.34634146341463,157.0,96.54777070063695,5.633410636982066,52.899076287433715,0.20979854454957117,15.0,0.11267678084858923,0.79,0.05356524655568947,0.6
visibility_07,800,79.0,2252176.0,69356.0,4295.28,6094.1,6102.0,5.3690999999999995,22521.76,21866.0,3.88348867939273,81.0,99.11111111111111,231.0,94.01731601731602,190.0,92.72631578947369,6.193090720341427,52.42874668764786,0.2157930818905805,18.0,0.12490498078302939,0.83,0.07137719254623084,0.66
visibility_07,800,80.0,2309205.0,68995.0,4120.74,6589.0,6595.0,5.150925,23092.05,22420.0,3.883501031740361,86.0,98.87209302325581,214.0,94.26168224299066,167.0,92.64670658682634,5.972519747807812,52.83479682401519,0.20640220335570034,18.0,0.1163759822103278,0.75,0.06838803830755606,0.6
visibility_07,800,81.0,2246094.0,69422.0,3671.62,5762.099999999999,5772.0,4.589525,22460.94,21807.0,3.8834973068803,97.0,99.04123711340206,200.0,94.625,154.0,93.01948051948052,5.288842153784103,52.155890180909616,0.20055438463394676,18.0,0.09778308476849143,0.82,0.04559693405529777,0.6
visibility_07,800,82.0,1860522.0,63004.0,3773.84,5827.05,5833.0,4.7173,18605.22,18064.0,3.8834800125986146,85.0,98.58823529411765,193.0,97.92227979274611,154.0,97.3961038961039,5.989841914799061,53.128231754314115,0.21839247265014872,14.0,0.12441132112385664,0.78,0.06583636205323022,0.6
visibility_07,800,83.0,2350083.0,69921.0,4256.09,6827.0,6837.0,5.3201125000000005,23500.83,22817.0,3.8835224117616267,81.0,98.81481481481481,165.0,96.31515151515151,133.0,95.42857142857143,6.086998183664421,53.00236119320041,0.20495786744553277,18.0,0.11967024143402595,0.77,0.07128854597901436,0.63
visibility_07,800,84.0,2274011.0,69645.0,4029.29,6146.099999999999,6148.0,5.0366125,22740.11,22078.0,3.883490449254643,89.0,98.53932584269663,211.0,94.59241706161137,163.0,93.0,5.785469165051332,51.650426932851246,0.2075711155311034,18.0,0.11310587327853736,0.77,0.06390558357017623,0.63
visibility_07,800,85.0,2279354.0,69494.0,4015.95,6154.0,6161.0,5.0199375,22793.54,22130.0,3.8834687371948364,93.0,98.81720430107526,210.0,94.19047619047619,161.0,92.4223602484472,5.778844216766915,51.88479718376347,0.2096317640875441,18.0,0.11185186680085674,0.8,0.06136212277689205,0.63
visibility_07,800,86.0,2344551.0,69525.0,3992.03,6547.0,6554.0,4.990037500000001,23445.51,22763.0,3.883472784341224,91.0,98.64835164835165,183.0,96.6775956284153,135.0,95.51851851851852,5.741862639338367,53.43304880124169,0.20123469269809016,18.0,0.1086822167655982,0.77,0.06073188427123146,0.62
visibility_07,800,87.0,2292712.0,69592.0,4183.04,6370.0,6374.0,5.2288,22927.12,22260.0,3.8835230940475736,87.0,98.9080459770115,212.0,94.46698113207547,170.0,93.1,6.010805839751695,52.59129842736462,0.2113606070016644,18.0,0.11875717490901605,0.78,0.06839323909849994,0.65
visibility_07,800,88.0,2294505.0,69630.0,3833.64,6281.05,6298.0,4.79205,22945.05,22277.0,3.883495568761018,97.0,98.8659793814433,208.0,94.46634615384616,155.0,92.58709677419355,5.505730288668677,52.34733591776875,0.20326562809843518,18.0,0.10382849459905295,0.77,0.055992468963894176,0.59
visibility_07,800,89.0,2263840.0,68941.0,4020.13,6179.2,6194.0,5.0251625,22638.4,21979.0,3.8835341720262915,86.0,98.69767441860465,220.0,94.21818181818182,176.0,92.77272727272727,5.8312615134680374,52.13859283341579,0.20597877941904022,18.0,0.11389453318255707,0.75,0.06461322354936745,0.64
visibility_07,800,90.0,1897817.0,63945.0,3434.68,5428.0,5440.0,4.29335,18978.17,18426.0,3.883514585442116,78.0,97.87179487179488,214.0,96.53738317757009,177.0,95.8135593220339,5.371303463914301,51.84486491584805,0.19514210274225596,15.0,0.10793927970926596,0.69,0.05564709347634677,0.51
visibility_07,800,91.0,2228262.0,69127.0,3615.28,5896.0,5903.0,4.5191,22282.62,21634.0,3.883475103017509,85.0,98.48235294117647,195.0,93.71282051282051,154.0,92.03896103896103,5.229910165347838,50.84313469421459,0.1902051913105371,18.0,0.09899688636255521,0.7,0.05400846040546399,0.54
visibility_07,800,92.0,2274815.0,69331.0,4199.83,6337.349999999999,6349.0,5.2497875,22748.15,22086.0,3.8834806346889743,85.0,98.84705882352941,222.0,93.8963963963964,181.0,92.51381215469613,6.057650978638704,52.06909133270178,0.21224451219110124,18.0,0.12078872347861255,0.77,0.07014900112756423,0.65
visibility_07,800,93.0,2316176.0,68960.0,4176.52,6596.0,6606.0,5.220650000000001,23161.76,22488.0,3.8835131699836283,90.0,98.93333333333334,220.0,93.68636363636364,170.0,91.82941176470588,6.056438515081206,52.63621244672253,0.2111286016261286,18.0,0.11785028426164505,0.76,0.0693060458272601,0.62
visibility_07,800,94.0,2318620.0,69475.0,4050.21,6623.0,6633.0,5.0627625,23186.2,22511.0,3.8834737904443157,87.0,98.91954022988506,202.0,94.81188118811882,157.0,93.32484076433121,5.829737315581144,52.690584485599196,0.2032773805108211,18.0,0.11279424830286981,0.75,0.06687124237693111,0.6
visibility_07,800,95.0,2296787.0,69999.0,4100.74,6404.05,6409.0,5.125925,22967.87,22299.0,3.8834685149297696,87.0,99.0,214.0,94.33644859813084,167.0,92.74251497005989,5.8582836897669965,52.0670819714671,0.20746155390116716,18.0,0.11605777984636799,0.77,0.06668837815609371,0.63
visibility_07,800,96.0,2315795.0,70168.0,4245.31,6559.049999999999,6563.0,5.306637500000001,23157.95,22484.0,3.8835043689100286,89.0,98.91011235955057,211.0,94.61611374407583,164.0,93.07317073170732,6.0502080720556375,52.60560757752737,0.2133962634861894,18.0,0.12044762165908468,0.77,0.0714061477807837,0.62
visibility_07,800,97.0,2251760.0,70015.0,3956.55,5933.0,5942.0,4.9456875,22517.6,21862.0,3.883495576793264,97.0,99.16494845360825,210.0,93.94285714285714,154.0,91.75974025974025,5.651003356423623,51.247759974420006,0.21280154190499875,18.0,0.10922256368351867,0.83,0.0579013749245035,0.61
visibility_07,800,98.0,1902928.0,63837.0,3482.28,5322.05,5339.0,4.35285,19029.28,18475.0,3.883541573827281,92.0,98.33695652173913,209.0,96.85645933014354,159.0,95.86792452830188,5.4549555900183275,51.79204257859467,0.20750811381197817,15.0,0.10705712459956446,0.78,0.04949004901919568,0.56
visibility_07,800,99.0,2319066.0,69936.0,4196.37,6465.05,6475.0,5.2454624999999995,23190.66,22516.0,3.8835030999548956,96.0,99.02083333333333,207.0,95.94685990338164,152.0,94.51315789473684,6.000300274536719,52.98733628107178,0.21613830740479142,18.0,0.11681211315245017,0.82,0.06596750588383427,0.66
visibility_07,800,100.0,2260569.0,69270.0,4309.84,6170.0,6177.0,5.3873,22605.69,21948.0,3.8834912802927053,87.0,99.3103448275862,214.0,94.57943925233644,169.0,93.13609467455622,6.221798758481305,51.91619897468292,0.22023835591835506,18.0,0.12451909231702284,0.82,0.07065079632605774,0.68
visibility_07,800,101.0,2383877.0,70429.0,3943.65,6326.0,6334.0,4.9295625,23838.77,23145.0,3.883505734566003,79.0,98.20253164556962,164.0,96.85975609756098,127.0,95.94488188976378,5.599468968748669,52.10722868671496,0.19044984284004585,19.0,0.10586494185731898,0.73,0.060063082113716436,0.58
visibility_07,800,102.0,2288131.0,69503.0,4256.66,6319.05,6330.0,5.320825,22881.31,22215.0,3.8834752031242963,90.0,98.78888888888889,226.0,94.36283185840708,180.0,92.92222222222222,6.124426283757535,52.64671515748006,0.21712611734205778,18.0,0.1213872807107635,0.83,0.0672378460848614,0.68
visibility_07,800,103.0,2287081.0,69434.0,4110.35,6297.05,6302.0,5.1379375000000005,22870.81,22205.0,3.8835091542450835,88.0,98.89772727272727,190.0,95.08421052631579,150.0,93.77333333333333,5.9197943370682955,52.011878459923366,0.2094311482627856,18.0,0.11527707151605038,0.8,0.06452241962571505,0.62
visibility_07,800,104.0,2256624.0,70170.0,4193.32,6062.049999999999,6073.0,5.24165,22566.24,21909.0,3.8834559944412534,89.0,99.14606741573034,234.0,94.88461538461539,180.0,93.35555555555555,5.975944135670514,52.139040885854264,0.2168460496742036,18.0,0.1205575230964485,0.79,0.06831000645211609,0.64
visibility_07,800,105.0,2252098.0,69547.0,4012.51,5992.05,5997.0,5.0156375,22520.98,21865.0,3.8835343755023093,88.0,99.1590909090909,204.0,94.15686274509804,163.0,92.68711656441718,5.769494011244195,51.71843676429711,0.20851357267756554,18.0,0.11260700022823163,0.82,0.05936997413078827,0.69
visibility_07,800,106.0,1952822.0,65533.0,3810.35,5756.0,5760.0,4.7629375,19528.22,18960.0,3.8835080719082433,91.0,98.86813186813187,198.0,96.9090909090909,155.0,96.0516129032258,5.8143988524865335,52.416725129069626,0.21865433715924953,15.0,0.11961919724378361,0.8,0.05951694522081378,0.67
visibility_07,800,107.0,2266456.0,70199.0,4203.88,6211.05,6222.0,5.25485,22664.56,22005.0,3.8835079966255686,88.0,99.02272727272727,209.0,93.9090909090909,160.0,92.04375,5.988518354962322,51.234139555323374,0.2155462095888912,18.0,0.12058650156896936,0.78,0.06964044305294256,0.65
visibility_07,800,108.0,2328873.0,70444.0,4302.14,6600.1,6611.0,5.377675,23288.73,22611.0,3.883509319743928,90.0,99.0111111111111,196.0,95.51530612244898,150.0,94.14,6.1071773323491,52.85256731474838,0.21542651746145025,18.0,0.12165498075678666,0.81,0.07111508442066183,0.66
visibility_07,800,109.0,2326160.0,70195.0,3994.27,5985.05,5992.0,4.9928375,23261.6,22585.0,3.8835247790349765,79.0,98.9113924050633,214.0,94.07476635514018,169.0,92.49704142011835,5.690248593204644,51.44867163049833,0.19778476115142551,19.0,0.10976072153248272,0.74,0.062299239949100665,0.62
visibility_07,800,110.0,2013875.0,66079.0,3834.42,5622.05,5632.0,4.793025,20138.75,19553.0,3.883508162125256,80.0,98.8875,227.0,95.27753303964758,184.0,94.17391304347827,5.802781519090785,51.96951846564459,0.2095994041338216,16.0,0.118750667245981,0.78,0.06282018496679287,0.66
visibility_07,800,111.0,2286827.0,70926.0,4164.72,6254.0,6268.0,5.205900000000001,22868.27,22203.0,3.883503212092563,90.0,98.81111111111112,225.0,94.10222222222222,177.0,92.50282485875707,5.8719228491667375,51.779024386191,0.21324306561012268,18.0,0.1182892278252793,0.79,0.06588823728248792,0.68
visibility_07,800,112.0,2341175.0,70674.0,4099.88,6005.0,6007.0,5.12485,23411.75,22730.0,3.883477313742031,82.0,99.13414634146342,200.0,95.115,155.0,93.70967741935483,5.801114978634293,51.69768684528068,0.2034491227695495,19.0,0.11198180400867086,0.8,0.06122993795850374,0.67
visibility_07,800,113.0,2329577.0,70940.0,3862.64,6046.05,6052.0,4.8283,23295.77,22618.0,3.8834947288713786,80.0,98.6,211.0,94.07109004739337,165.0,92.42424242424242,5.444939385396109,51.21915266162054,0.19241604806366133,19.0,0.1043352505626558,0.73,0.058975513580362446,0.6
visibility_07,800,114.0,1784846.0,60672.0,3242.01,5155.0,5160.0,4.052512500000001,17848.46,17329.0,3.8834722995709434,80.0,98.3125,206.0,96.19902912621359,165.0,95.25454545454545,5.343502768987341,51.61866401919269,0.19409685765606668,14.0,0.10333832722823146,0.71,0.04754471814375022,0.52
visibility_07,800,115.0,2325096.0,70037.0,4018.6,6130.05,6144.0,5.02325,23250.96,22574.0,3.88349556319395,73.0,98.35616438356165,204.0,93.56372549019608,171.0,92.32163742690058,5.737824292873767,51.22889334461889,0.19401349449657132,19.0,0.11109304734084098,0.75,0.06521881247053885,0.59
visibility_07,800,116.0,2302181.0,70206.0,4423.75,6339.05,6348.0,5.5296875,23021.81,22352.0,3.8834913501588275,95.0,99.38947368421053,220.0,95.03636363636363,166.0,93.42771084337349,6.3010996211150045,52.70773192898386,0.22712766719906036,18.0,0.12622639140884231,0.87,0.0720091078850881,0.72
visibility_07,800,117.0,2342392.0,69449.0,4002.12,5937.05,5956.0,5.00265,23423.92,22742.0,3.883508823459097,82.0,98.54878048780488,205.0,95.91219512195121,159.0,94.74842767295597,5.7626747685351845,52.251674783725356,0.19879507785204184,19.0,0.1087623250079406,0.78,0.05929067380694606,0.67
visibility_07,800,118.0,2302547.0,69608.0,3723.89,5815.099999999999,5823.0,4.6548625,23025.47,22355.0,3.8834820744158534,84.0,98.5952380952381,220.0,92.99090909090908,168.0,90.83333333333333,5.349801746925641,50.44056038812671,0.19171682489000225,19.0,0.10097166311914589,0.72,0.05419954511243419,0.6
visibility_07,800,119.0,2221877.0,69930.0,4053.79,5918.05,5924.0,5.0672375,22218.77,21572.0,3.8834732975767783,87.0,99.0,229.0,93.78602620087337,177.0,91.99435028248588,5.796925496925497,50.897675703920605,0.212334886224575,18.0,0.1161441429926139,0.8,0.06268888871886248,0.68
visibility_07,800,120.0,2238652.0,69392.0,4041.12,5937.05,5951.0,5.0514,22386.52,21735.0,3.883497747751772,86.0,98.95348837209302,216.0,93.88888888888889,172.0,92.32558139534883,5.823610790869265,51.378401823954775,0.2094036947234318,18.0,0.11512642429462015,0.79,0.062417025960265375,0.67
visibility_07,800,121.0,2231518.0,69659.0,4141.0,6051.1,6059.0,5.17625,22315.18,21666.0,3.883499931436807,80.0,98.7125,210.0,94.41428571428571,172.0,93.18023255813954,5.9446733372572105,51.371283135515824,0.20987910471705806,18.0,0.11974270429366915,0.8,0.06816122478062019,0.67
visibility_07,800,122.0,2277501.0,69721.0,4145.45,6359.0,6369.0,5.1818124999999995,22775.01,22112.0,3.883467010552356,82.0,98.14634146341463,211.0,94.1611374407583,169.0,92.71005917159763,5.945769567275283,51.74205324168903,0.20696236796383405,18.0,0.12006932159415078,0.73,0.07025551251130076,0.65
visibility_07,800,123.0,2207415.0,69793.0,4081.63,5927.05,5936.0,5.1020375,22074.15,21432.0,3.883501742988971,82.0,98.86585365853658,211.0,93.91943127962085,162.0,92.08024691358025,5.8481939449514995,50.21642192338097,0.21109623700119823,18.0,0.11930470708951421,0.78,0.06657107974712503,0.65
visibility_07,800,124.0,2249790.0,69985.0,4438.28,6253.05,6260.0,5.5478499999999995,22497.9,21843.0,3.883473568644184,75.0,98.82666666666667,210.0,94.28095238095239,171.0,92.9766081871345,6.341758948346074,51.325669062445826,0.21772343196476115,18.0,0.13237591064054868,0.79,0.08105689864387343,0.66
visibility_07,800,125.0,2198138.0,69612.0,3973.49,5774.05,5785.0,4.9668624999999995,21981.38,21342.0,3.883514137874874,86.0,98.8953488372093,230.0,92.9,179.0,90.88268156424581,5.708053209216802,50.35193786741324,0.21014786150824016,18.0,0.11468388244960052,0.79,0.06095704637288469,0.69
visibility_07,800,126.0,1704888.0,62436.0,3263.97,4595.049999999999,4598.0,4.0799625,17048.88,16553.0,3.8834809090098585,83.0,98.98795180722891,213.0,95.96713615023474,163.0,94.74846625766871,5.227705170094176,49.681831299182114,0.2071655146848356,14.0,0.10565796697495672,0.79,0.04182444829220453,0.53
visibility_07,800,127.0,2257757.0,69337.0,4168.6,6110.05,6121.0,5.210750000000001,22577.57,21920.0,3.8834560140883188,89.0,99.07865168539325,224.0,93.88839285714286,173.0,92.09826589595376,6.012085899303402,51.99530684657383,0.21559716125340328,18.0,0.11956822634145305,0.81,0.06671621436673654,0.67
visibility_07,800,128.0,2228178.0,69706.0,4206.3,6162.0,6168.0,5.257875,22281.78,21633.0,3.8834868668481604,80.0,98.7375,200.0,94.625,155.0,93.06451612903226,6.0343442458324965,50.28495613905173,0.21313961451912727,18.0,0.12425264049820077,0.76,0.07145255002068955,0.69
visibility_07,800,129.0,2217058.0,69523.0,4000.96,6038.0,6051.0,5.0012,22170.58,21525.0,3.8834798187507946,79.0,98.74683544303798,221.0,93.09954751131222,177.0,91.38418079096046,5.754872488241301,50.721250413836714,0.20419312440179735,18.0,0.11581338873407912,0.74,0.06631806655486686,0.6
visibility_07,800,130.0,2289614.0,70736.0,4329.64,6440.1,6448.0,5.412050000000001,22896.14,22230.0,3.883493025461934,84.0,98.88095238095238,220.0,94.5409090909091,174.0,93.09770114942529,6.120843700520244,52.26101517548373,0.21582284175411226,18.0,0.12562728914131377,0.78,0.0758437885163176,0.65
visibility_07,800,131.0,2175200.0,69308.0,3920.17,5675.05,5688.0,4.9002125,21752.0,21119.0,3.883504965060684,84.0,99.10714285714286,216.0,92.89351851851852,165.0,90.7090909090909,5.656158019276274,49.62291007723428,0.2085003677822729,18.0,0.11286824200073556,0.79,0.06025101140125046,0.66
visibility_07,800,132.0,2186951.0,70126.0,4070.22,5813.0,5826.0,5.087775,21869.51,21233.0,3.8834889304790097,79.0,98.68354430379746,216.0,93.68518518518519,168.0,91.89285714285714,5.804152525454183,49.76891937679445,0.2101336518285046,18.0,0.11954131574049899,0.78,0.06563338639045868,0.69
visibility_07,800,133.0,2163575.0,70768.0,3870.28,5525.0,5532.0,4.83785,21635.75,21006.0,3.883479888610286,84.0,98.94047619047619,211.0,93.45023696682465,159.0,91.31446540880503,5.468969025548271,48.81025386224189,0.20721028852709059,18.0,0.11115491720878638,0.79,0.057566758721098184,0.64
visibility_07,800,134.0,2236918.0,70139.0,3927.82,5807.0,5819.0,4.909775,22369.18,21718.0,3.8834682362071384,95.0,99.2421052631579,215.0,94.53023255813953,164.0,92.82926829268293,5.600051326651363,51.181854676836615,0.2114726601511544,18.0,0.10930127970716852,0.81,0.056238091874623926,0.63
visibility_07,800,135.0,2255874.0,70119.0,4101.96,6164.0,6168.0,5.12745,22558.74,21902.0,3.8835059050283833,86.0,99.09302325581395,200.0,94.215,158.0,92.67721518987342,5.849997860779532,51.14124503407548,0.21059243557042637,18.0,0.11677513903702068,0.77,0.06643057192024023,0.64
visibility_07,800,136.0,2236680.0,70095.0,4022.36,5853.0,5856.0,5.027950000000001,22366.8,21716.0,3.883523794194968,89.0,99.06741573033707,205.0,93.73170731707317,156.0,91.76282051282051,5.738440687638206,50.89268916429708,0.21108294436396802,18.0,0.11410036303807429,0.78,0.062233757175814156,0.66
visibility_07,800,137.0,2209178.0,70027.0,3973.83,5843.2,5849.0,4.9672875,22091.78,21449.0,3.8834806430265014,85.0,99.0,210.0,93.45714285714286,165.0,91.67272727272727,5.67471118282948,50.38071490844106,0.20842050753719257,18.0,0.11280575852194798,0.82,0.059427081022896296,0.6
visibility_07,800,138.0,2217750.0,70349.0,3775.42,5713.15,5720.0,4.719275,22177.5,21532.0,3.883485514598129,96.0,98.92708333333333,207.0,94.06763285024155,152.0,91.95394736842105,5.366700308462097,50.64764558674332,0.20695389471311013,18.0,0.1042687408409424,0.78,0.05350332544245294,0.61
visibility_07,800,139.0,2268033.0,69531.0,3902.09,6068.05,6076.0,4.877612500000001,22680.33,22020.0,3.883497285974234,96.0,98.96875,193.0,93.89637305699482,151.0,92.19867549668874,5.61201478477226,51.73989090987653,0.20798506900031877,18.0,0.10712366178093528,0.8,0.056438332246488476,0.61
visibility_07,800,140.0,2315030.0,69651.0,4381.67,6619.2,6634.0,5.4770875,23150.3,22476.0,3.8835349865876467,89.0,98.92134831460675,230.0,94.18695652173913,179.0,92.53631284916202,6.290893167362995,53.064535664764605,0.21935698457471395,18.0,0.12605495393148253,0.8,0.07503833643624488,0.67
visibility_07,800,141.0,2284198.0,70022.0,3724.25,5866.0,5874.0,4.6553125,22841.98,22177.0,3.883507471769085,79.0,98.82278481012658,210.0,91.73333333333333,169.0,89.72781065088758,5.318685555968124,50.34797333681231,0.18954179979143665,19.0,0.10176700969005315,0.68,0.05809084851663472,0.55
visibility_07,800,142.0,2171202.0,70018.0,3942.93,5615.05,5623.0,4.9286625,21712.02,21080.0,3.8834709990134497,82.0,99.1219512195122,198.0,93.73737373737374,150.0,91.73333333333333,5.631309091947785,49.12449739821537,0.2083937837198013,18.0,0.11453379280232792,0.77,0.06220379310630701,0.63
visibility_07,800,143.0,2229180.0,70422.0,4435.78,6221.05,6224.0,5.544725,22291.8,21643.0,3.88349079033546,78.0,99.21794871794872,210.0,93.37619047619047,171.0,91.86549707602339,6.298855471301582,50.65855920114123,0.22211799854655076,18.0,0.1323796194116222,0.82,0.07665105554508833,0.72
visibility_07,800,144.0,2201234.0,70307.0,4142.06,5882.0,5885.0,5.177575000000001,22012.34,21372.0,3.8835035257496475,77.0,99.07792207792208,197.0,93.751269035533,163.0,92.4478527607362,5.891390615443697,50.16932684121724,0.21074043014054844,18.0,0.12166266739474313,0.8,0.06617969738791968,0.69
visibility_07,800,145.0,2196179.0,70163.0,4251.49,5996.0,6003.0,5.3143625,21961.79,21323.0,3.8835176914085783,69.0,98.59420289855072,226.0,92.57964601769912,190.0,91.17368421052632,6.0594472870316265,49.75268819162737,0.20981896284410334,18.0,0.12786526052748887,0.77,0.07582032247826793,0.66
visibility_07,800,146.0,2281272.0,70463.0,4216.26,6450.05,6463.0,5.270325000000001,22812.72,22149.0,3.8834913153714243,80.0,98.5,208.0,93.92307692307692,165.0,92.33939393939394,5.983650994138768,51.584168832125236,0.20846703067411515,18.0,0.12180835954677917,0.75,0.07307458295196714,0.64
visibility_07,800,147.0,2248645.0,70634.0,4214.26,6146.0,6159.0,5.267825,22486.45,21832.0,3.883494282112116,81.0,98.98765432098766,200.0,94.37,163.0,93.0920245398773,5.966333493784862,51.211860475975534,0.21245327741817852,18.0,0.1224550785028317,0.8,0.07096540360972942,0.64
visibility_07,800,148.0,2175177.0,69491.0,3973.88,5643.05,5645.0,4.96735,21751.77,21119.0,3.8835000553977905,79.0,98.87341772151899,212.0,92.80188679245283,170.0,91.02352941176471,5.718553481745838,49.579619037898986,0.20695327322787985,18.0,0.11538969012636673,0.78,0.061840944438084806,0.64
visibility_07,800,149.0,2187328.0,70100.0,3929.2,5736.1,5744.0,4.9115,21873.28,21237.0,3.883505354478158,78.0,99.02564102564102,209.0,93.46411483253588,174.0,92.14942528735632,5.605135520684736,50.41254032317055,0.20308431108640312,18.0,0.11331176668519764,0.79,0.06214522924773971,0.64
visibility_07,800,150.0,2219861.0,69712.0,3920.65,6027.0,6033.0,4.9008125,22198.61,21552.05,3.883531446338307,77.0,98.01298701298701,216.0,93.32407407407408,175.0,91.76,5.6240675923800785,50.55374998704874,0.1983714295624816,18.0,0.11394362079427496,0.68,0.06746503497291047,0.62
visibility_07,800,151.0,2221490.0,69648.0,3944.5,5924.0,5940.0,4.930625,22214.9,21568.0,3.8834746048823083,85.0,98.6470588235294,217.0,93.52073732718894,169.0,91.68047337278107,5.663479209740409,50.518372803838865,0.20571373267491638,18.0,0.11272164178096683,0.75,0.06209796127824118,0.64
visibility_07,800,152.0,2256698.0,69930.0,4217.91,6096.099999999999,6100.0,5.2723875,22566.98,21910.0,3.8835059010997486,86.0,99.37209302325581,214.0,94.26168224299066,170.0,92.7764705882353,6.031617331617332,51.884045627726884,0.2158343739392688,18.0,0.1209461788861425,0.83,0.06725711637091006,0.63
visibility_07,800,153.0,2205924.0,69550.0,3933.34,5771.05,5779.0,4.916675000000001,22059.24,21417.0,3.8834973462367692,85.0,99.24705882352941,204.0,93.25,157.0,91.24203821656052,5.655413371675054,50.46613663934025,0.2070542774819078,18.0,0.11113936835539212,0.82,0.057490194585126234,0.67
visibility_07,800,154.0,2211635.0,69903.0,3978.36,5887.1,5895.0,4.97295,22116.35,21473.0,3.883506998216252,85.0,98.88235294117646,211.0,93.87677725118483,167.0,92.26347305389221,5.691257885927643,50.3016112514045,0.20830697651285135,18.0,0.11403916107314271,0.78,0.06311891428739372,0.61
visibility_07,800,155.0,2235974.0,70396.0,3956.06,6147.05,6155.0,4.945075,22359.74,21709.0,3.8834977508683015,84.0,98.55952380952381,195.0,94.08205128205128,150.0,92.30666666666667,5.6197227115177,49.97431410204233,0.20408600457787077,18.0,0.11351607845171724,0.74,0.06387641358978235,0.65
visibility_07,800,156.0,2195467.0,70115.0,4174.13,5861.1,5869.0,5.2176625,21954.67,21316.0,3.8835017788926005,78.0,99.0,216.0,92.93055555555556,169.0,90.96449704142012,5.953262497325822,49.94760795766914,0.21347941007539625,18.0,0.12319155787811888,0.8,0.07037591546582117,0.66
visibility_07,800,157.0,2166238.0,70533.0,4403.6,6213.05,6219.0,5.5045,21662.38,21032.0,3.8835067984219647,89.0,99.13483146067416,212.0,95.61792452830188,158.0,94.13291139240506,6.243318730239746,51.04318962182364,0.23152026693281164,17.0,0.13474973664020298,0.82,0.07763643699353441,0.72
visibility_07,800,158.0,2212076.0,70654.0,4148.64,5871.1,5882.0,5.1858,22120.76,21477.0,3.883501290190753,87.0,99.02298850574712,233.0,93.8969957081545,176.0,91.96022727272727,5.871769468112209,50.39758534516897,0.21758700876461748,18.0,0.12087333346593879,0.8,0.0649362860950528,0.74
visibility_07,800,159.0,2178063.0,70014.0,4009.35,5709.0,5713.0,5.0116875,21780.63,21147.0,3.883496482884104,79.0,99.0253164556962,227.0,93.30396475770925,178.0,91.46067415730337,5.726497557631331,49.485339496607764,0.2084048992154956,18.0,0.11799061826953582,0.75,0.06775286114313497,0.63
visibility_07,800,160.0,2231899.0,70791.0,4121.45,5966.05,5976.0,5.1518125,22318.99,21669.0,3.883464260703553,88.0,99.0,219.0,94.10502283105023,163.0,92.09815950920246,5.8219971465299265,50.36257465055542,0.2151746113959458,18.0,0.11929930521049564,0.79,0.06758280728653043,0.65
visibility_07,800,161.0,2193243.0,70229.0,4038.28,5878.15,5887.0,5.04785,21932.43,21294.0,3.88347301233835,79.0,98.9367088607595,215.0,92.31162790697674,170.0,90.2764705882353,5.750160190234803,49.677480789862315,0.2082277248804624,18.0,0.11889243462762676,0.74,0.0682464277784085,0.65
visibility_07,800,162.0,1820750.0,64693.0,3400.3,4964.049999999999,4974.0,4.250375,18207.5,17678.0,3.8835095427708364,80.0,98.9125,197.0,94.49238578680203,157.0,93.08917197452229,5.256055523781553,48.92309048469038,0.20365618563778662,15.0,0.10704270218316628,0.74,0.050094741178085954,0.54
visibility_07,800,163.0,2181928.0,70172.0,4179.39,5875.049999999999,5883.0,5.2242375,21819.28,21184.0,3.8834920309011114,74.0,99.0,204.0,92.31372549019608,168.0,90.66666666666667,5.95592259020692,49.227515298396646,0.21194329052104377,18.0,0.12481071786053435,0.79,0.07132499330867013,0.69
visibility_07,800,164.0,2316738.0,70246.0,4380.99,6894.0,6900.0,5.4762375,23167.38,22493.0,3.8834775447202055,74.0,99.43243243243244,209.0,94.26794258373205,164.0,92.6951219512195,6.23663980867238,52.50598557109177,0.2085626428193434,18.0,0.12847158375267295,0.71,0.08292046834816885,0.62
visibility_07,800,165.0,2510038.0,70024.0,3905.28,7562.05,7578.0,4.881600000000001,25100.38,24370.0,3.883487022905629,69.0,99.28985507246377,153.0,98.16339869281046,115.0,97.55652173913043,5.577059293956358,54.38658060156858,0.17284439518445538,19.0,0.10380241255311673,0.59,0.06869019512851997,0.5
visibility_07,800,166.0,2521478.0,70897.0,4075.75,7754.05,7764.0,5.0946875,25214.78,24481.0,3.8835159378745323,59.0,99.11864406779661,158.0,97.94303797468355,131.0,97.51908396946565,5.748832813800302,54.62568422171441,0.17166082749879238,19.0,0.11003110080674906,0.59,0.075834094130506,0.48
visibility_07,800,167.0,2495982.0,70608.0,3983.16,7525.05,7535.0,4.97895,24959.82,24233.0,3.8834815315174547,53.0,98.62264150943396,143.0,97.5034965034965,120.0,97.025,5.641230455472468,53.58403906758943,0.16522635179260106,19.0,0.10876921388054882,0.53,0.07564076984529536,0.48
visibility_07,800,168.0,2505128.0,69669.0,3739.08,7362.0,7371.0,4.67385,25051.28,24322.0,3.8834742176846855,70.0,99.15714285714286,159.0,97.74213836477988,116.0,96.90517241379311,5.366920725143177,53.94055912512255,0.1671902593400417,19.0,0.09812153311128213,0.56,0.06412486707266056,0.51
visibility_07,800,169.0,2413563.0,70158.0,3741.58,6949.0,6957.0,4.676975,24135.63,23433.0,3.8834702056668915,58.0,99.3103448275862,172.0,96.11627906976744,138.0,95.15942028985508,5.33307676957724,52.75718139530644,0.1648343134196207,19.0,0.1019873937411205,0.56,0.06729594379761374,0.49
visibility_07,800,170.0,2515054.0,70742.0,3897.19,7524.0,7532.0,4.8714875,25150.54,24418.0,3.883495145631068,66.0,98.74242424242425,161.0,97.67701863354037,123.0,96.95934959349593,5.509018687625456,54.13687777677934,0.16978283567668925,19.0,0.10479536423472419,0.54,0.07130860808555203,0.51
visibility_07,800,171.0,2476061.0,70047.0,4101.28,7300.0,7306.0,5.1266,24760.61,24040.0,3.883506908755479,60.0,99.31666666666666,174.0,96.97126436781609,139.0,96.20863309352518,5.855040187302811,54.20992455355502,0.1766475058570851,19.0,0.11346731764685926,0.58,0.07722951898196369,0.54
visibility_07,800,172.0,2499566.0,70398.0,4007.4,7430.0,7440.0,5.00925,24995.66,24268.0,3.883474171116106,61.0,99.04918032786885,184.0,96.7663043478261,151.0,96.05960264900662,5.692491263956362,54.71124067138055,0.17182822938062048,19.0,0.10875327956933324,0.58,0.07375680418120585,0.51
visibility_07,800,173.0,2082320.0,63535.0,3691.5,6820.049999999999,6831.0,4.614375,20823.2,20217.0,3.88350493680126,76.0,99.19736842105263,189.0,98.34920634920636,148.0,97.89189189189189,5.810183363500433,55.45175909562411,0.18954627530830997,15.0,0.11403002420377271,0.61,0.06869165161934765,0.55
visibility_07,800,174.0,2512021.0,70517.0,3961.84,7520.0,7534.0,4.9523,25120.21,24389.0,3.8834866428266324,68.0,99.38235294117646,168.0,97.32738095238095,135.0,96.67407407407407,5.618276443978048,55.015676222451965,0.17429312891890633,19.0,0.10540278126655789,0.61,0.06987003691450032,0.51
visibility_07,800,175.0,2473620.0,70351.0,4092.25,7387.049999999999,7396.0,5.1153125,24736.2,24016.0,3.883498678050792,58.0,99.34482758620689,179.0,97.01117318435755,146.0,96.33561643835617,5.8169038108911035,54.56300401840218,0.17502203248680073,19.0,0.11328255754723845,0.57,0.07733322013890573,0.52
visibility_07,800,176.0,2461677.0,70046.0,3816.1,7111.25,7123.0,4.770125,24616.77,23900.0,3.8834908072830023,62.0,99.2741935483871,176.0,97.38068181818181,141.0,96.73049645390071,5.447991319989721,54.26493321422754,0.16752807131073655,19.0,0.10255569678719019,0.58,0.06690764060435224,0.52
visibility_07,800,177.0,2229395.0,67565.0,4124.82,7468.0,7472.0,5.156025,22293.95,21645.0,3.8834751132033576,71.0,99.49295774647888,200.0,97.65,159.0,97.04402515723271,6.10496558869237,55.80271912334961,0.19666411739507803,16.0,0.12550131313652357,0.62,0.08346748781620125,0.52
visibility_07,800,178.0,2520367.0,70933.0,3922.27,7607.099999999999,7630.0,4.9028375,25203.67,24470.0,3.8834820484477066,64.0,98.859375,170.0,97.2235294117647,135.0,96.5037037037037,5.529541962133281,54.064841350485864,0.16906783813627144,19.0,0.10501803903955258,0.56,0.07041315808372352,0.51
visibility_07,800,179.0,2534626.0,70752.0,4143.86,7718.05,7726.0,5.179824999999999,25346.26,24608.0,3.883531534829991,66.0,99.3030303030303,160.0,97.93125,124.0,97.33064516129032,5.856880370872908,54.55249216255179,0.17847130109136417,19.0,0.111564388592242,0.61,0.07517045907364636,0.49
visibility_07,800,180.0,2549170.0,70791.0,4015.32,7710.05,7721.0,5.01915,25491.7,24750.0,3.883499335077692,66.0,99.22727272727273,165.0,97.9939393939394,130.0,97.45384615384616,5.672076958935458,55.155683614666735,0.17237532216368465,19.0,0.10631852720689479,0.59,0.07088385631401593,0.54
visibility_07,800,181.0,2480168.0,69864.0,4011.65,7587.05,7606.0,5.0145625,24801.68,24080.0,3.8834869250792687,55.0,99.25454545454545,159.0,96.0377358490566,135.0,95.33333333333333,5.742084621550441,53.88259505001274,0.1691119311272462,19.0,0.10956959367268669,0.59,0.07475300060318495,0.47
visibility_07,800,182.0,2459488.0,70362.0,4363.32,8086.049999999999,8095.0,5.454149999999999,24594.88,23879.0,3.8834911981680738,60.0,99.13333333333334,153.0,98.12418300653594,122.0,97.64754098360656,6.201244990193571,54.879283818420745,0.18599318232087328,18.0,0.12444459985167644,0.59,0.08681725627447665,0.55
visibility_07,800,183.0,2494089.0,70356.0,4292.45,8248.0,8254.0,5.365562499999999,24940.89,24215.0,3.883502152489346,70.0,99.24285714285715,158.0,97.98101265822785,120.0,97.34166666666667,6.101043265677412,55.205682315266216,0.18738064279181696,18.0,0.11952941534965272,0.59,0.08236474319881928,0.54
visibility_07,800,184.0,2480449.0,70128.0,3911.88,7390.05,7415.0,4.88985,24804.49,24082.0,3.8835307639866814,63.0,99.44444444444444,160.0,97.10625,129.0,96.4108527131783,5.578199863107461,54.27652130723107,0.17091986168633178,19.0,0.10477659488262005,0.59,0.06950112661054511,0.46
visibility_07,800,185.0,2448465.0,70473.0,4182.29,7825.049999999999,7836.0,5.2278625,24484.65,23772.0,3.8834943525841696,66.0,99.4090909090909,150.0,98.08,120.0,97.6,5.934599066309083,54.95667203737852,0.18369304850181645,18.0,0.1165734449951296,0.63,0.07868031603474013,0.51
visibility_07,800,186.0,2499335.0,70336.0,4418.57,8072.05,8081.0,5.5232125,24993.35,24266.0,3.883513014461847,68.0,99.19117647058823,164.0,98.03048780487805,129.0,97.49612403100775,6.282088830755232,55.91437882476739,0.19065951543110468,18.0,0.12392416382757813,0.62,0.08534270115850816,0.57
visibility_07,800,187.0,2464616.0,70258.0,4086.98,7854.049999999999,7869.0,5.108725,24646.16,23929.0,3.883485297506792,69.0,99.2463768115942,156.0,98.34615384615384,119.0,97.83193277310924,5.817102678698511,54.9483830341116,0.1806017651431298,18.0,0.11303221272603926,0.59,0.07668375114013705,0.53
visibility_07,800,188.0,2393120.0,70517.0,4264.68,7364.1,7372.0,5.330850000000001,23931.2,23235.0,3.883507722136792,72.0,99.05555555555556,152.0,97.84210526315789,114.0,97.12280701754386,6.04773317072479,53.1987351240222,0.195431069064652,18.0,0.12114436384301665,0.67,0.08042597111720265,0.55
visibility_07,800,189.0,2237030.0,70451.0,4343.4,5999.0,6008.0,5.42925,22370.3,21719.0,3.883497315637251,82.0,99.1219512195122,234.0,93.93162393162393,184.0,92.28804347826087,6.165136052007778,51.341301636544884,0.22016512965852045,18.0,0.12838942705283343,0.81,0.07275986464195831,0.74
visibility_07,800,190.0,2246752.0,70244.0,4017.72,6058.1,6069.0,5.02215,22467.52,21814.0,3.88351718391705,89.0,98.84269662921348,203.0,93.41379310344827,160.0,91.64375,5.719662889357098,50.80677618179487,0.20977259617438862,18.0,0.11389107476036518,0.77,0.06349254390337697,0.63
visibility_07,800,191.0,2316523.0,71181.0,4108.14,6452.05,6459.0,5.135175,23165.23,22491.0,3.883492630981864,95.0,99.0421052631579,191.0,95.3979057591623,146.0,93.97945205479452,5.771399671260589,52.37284801402792,0.2118550085624015,18.0,0.11418492283478299,0.77,0.0640183585485661,0.62
visibility_07,800,192.0,2295159.0,70835.0,4070.52,6403.05,6411.0,5.08815,22951.59,22284.0,3.8835217952220304,88.0,98.73863636363636,206.0,94.25728155339806,162.0,92.69753086419753,5.746481259264488,51.66594427662746,0.20685494991850237,18.0,0.11377904537332707,0.8,0.06343743505351916,0.59
visibility_07,800,193.0,2246656.0,70499.0,4194.77,6098.0,6101.0,5.243462500000001,22466.56,21813.0,3.8835050848906105,83.0,99.1566265060241,223.0,93.49775784753363,183.0,92.07650273224044,5.950112767556987,51.34645446387876,0.2133740100843209,18.0,0.12132119915109389,0.8,0.06895225615314494,0.64
visibility_07,800,194.0,2276801.0,70358.0,4240.17,6328.15,6347.0,5.3002125,22768.01,22105.0,3.883475103884793,86.0,99.15116279069767,215.0,93.89767441860465,168.0,92.19047619047619,6.026564143380995,51.62138676151319,0.2147644875419503,18.0,0.12150776462238026,0.82,0.06915580237359348,0.64
visibility_07,800,195.0,2212860.0,70518.0,4099.24,5860.049999999999,5868.0,5.1240499999999995,22128.6,21485.0,3.8835262962862545,84.0,99.30952380952381,221.0,93.66968325791855,171.0,91.81871345029239,5.813040642105562,50.34129452382889,0.2131793244940936,18.0,0.11890991748235315,0.8,0.06687499435120162,0.63
visibility_07,800,196.0,2270691.0,70512.0,4360.84,6379.25,6393.0,5.45105,22706.91,22046.0,3.883487449415178,82.0,98.7560975609756,209.0,94.22966507177034,167.0,92.77844311377245,6.184535965509417,51.14591813681386,0.217444821862596,18.0,0.12866876206405892,0.76,0.07837614188808605,0.64
visibility_07,800,197.0,2256539.0,70097.0,3925.08,6270.150000000001,6284.0,4.90635,22565.39,21909.0,3.8835136463407016,76.0,98.03947368421052,199.0,93.8894472361809,160.0,92.4,5.599497838709217,50.696356234038056,0.19462327041544594,18.0,0.11268717270120304,0.68,0.06748343370090214,0.56
visibility_07,800,198.0,1931071.0,68591.0,4098.77,5773.0,5783.0,5.1234625000000005,19310.71,18749.0,3.8834926318089806,79.0,98.9873417721519,204.0,97.0,159.0,96.15094339622641,5.975667361607208,51.19527505720919,0.2275198581512539,15.0,0.13585518088149012,0.82,0.07366948185747701,0.65
visibility_07,800,199.0,1901866.0,69691.0,3930.91,5622.05,5626.0,4.9136375,19018.66,18465.0,3.8835017819341635,74.0,99.02702702702703,190.0,96.22105263157894,152.0,95.27631578947368,5.640484424100673,50.05267668700108,0.2185658716229219,15.0,0.1299444860994413,0.79,0.06994236186986885,0.6
