window,method,method_type,N_global,threshold,hh_precision,hh_recall,hh_f1,aae,are,topk_overlap,q_current,q_next,q_head_current,q_tail_current,q_head_next,q_tail_next,head_overlap_count,head_added_count,head_removed_count,head_full_update_bytes,head_delta_update_bytes,head_delta_ratio,head_delta_selected,head_update_apply_ms,margin_alpha,service_violation,q_up,q_baseline,probe_issued,probe_failed,q_req_unclipped,q_req,q_eff_replay,q_eff_pred,q_eff_pred_tilde,miss_req,miss_eff,over_req,over_eff,calib_bias,candidate_count,candidate_hh_recall,cert_pos_count,cert_pos_precision,cert_pos_mass,ambiguous_count,ambiguous_mass,cert_neg_count,cert_neg_mass,interval_width_avg,interval_width_amb_avg,interval_width_max,completeness_certified,unseen_mass_ub,unseen_ub_over_threshold,mem_worker_algo_kib,mem_worker_key_kib,mem_worker_total_kib,report_volume_kib,control_volume_kib,head_update_volume_kib,total_communication_kib,key_request_volume_kib,key_reply_volume_kib,key_resolution_count,mem_coord_ingress_kib,mem_coord_work_kib,mem_coord_control_peak_kib,mem_coord_resolution_peak_kib,mem_coord_peak_kib,update_events,update_ms,update_mops,report_prepare_ms,reduce_ms,control_ms,aggregation_ms
0,hl,hl,2173255,3623,1,0.7692307692,0.8695652174,1120.948718,0.1535816798,0.96875,48,,,,,,0,0,0,0,0,,,,,,,,,,0,,,,,,,,,,288,1,0,1,0,30,0.1651711373,258,0.1523861673,0.00110262953,0.005505704577,0.06788158776,,,,5.857421875,19.61634766,25.47376953,566.6689453,0.53125,0,567.2001953,0.53125,1.043945312,30,5.078125,18.69335938,0,1.704101562,23.77148438,2173255,300.38031,7.235011509,0.002783,0.914553,0,0.917336
0,hl#1,hl,2173255,3623,1,0.9487179487,0.9736842105,186.5897436,0.03131206345,0.8385416667,96,,,,,,0,0,0,0,0,,,,,,,,,,0,,,,,,,,,,576,1,0,1,0,37,0.1901447368,539,0.2662177241,0.0007922959391,0.005139046941,0.06775873057,,,,11.48828125,39.20921875,50.6975,1129.366211,0.609375,0,1129.975586,0.609375,1.241210938,37,5.078125,26.35546875,0,2.163085938,31.43359375,2173255,310.995717,6.988054437,0.008622,1.713683,0,1.722305
0,hl#2,hl,2173255,3623,1,1,1,33.23076923,0.005726166074,0.945,192,,,,,,0,0,0,0,0,,,,,,,,,,0,,,,,,,,,,1152,1,0,1,0,39,0.1956383397,1113,0.3868556612,0.0005056371536,0.005016367685,0.06782315007,,,,22.75,78.95189453,101.7018945,2254.428711,0.640625,0,2255.069336,0.640625,1.303710938,39,5.078125,37.2265625,0,2.272460938,42.3046875,2173255,307.450863,7.068625467,0.011762,3.556312,0,3.568074
0,hl#3,hl,2173255,3623,1,1,1,19.64102564,0.003590935126,0.9733333333,384,,,,,,0,0,0,0,0,,,,,,,,,,0,,,,,,,,,,2304,1,0,1,0,39,0.1956291369,2265,0.4914342772,0.0002982046068,0.005016131716,0.06778449837,,,,45.2734375,180.4341016,225.7075391,4504.428711,0.640625,0,4505.069336,0.640625,1.303710938,39,5.078125,59.75,0,2.272460938,64.828125,2173255,300.015274,7.243814527,0.019986,7.618491,0,7.638477
0,ss[policy=difficulty],ss,2173255,3623,0.4756097561,1,0.6446280992,976.4871795,0.1760638647,1,600,2877,,,,,0,0,0,0,0,,,,0.001198662835,1,2877,2877,0,0,2877,2877,2877,2877,2877,1,1,0.2085505735,0.2085505735,1.567573708,82,1,39,1,0.2131609038,43,0.08441761321,0,0,0.0006892213102,0.0009068061181,0.001288389996,,,,24.2421875,42.89355469,67.13574219,1413.529297,6.265625,0,1419.794922,2.75,4.154296875,82,5.46875,23.7734375,19.03125,2.171875,29.2421875,2173255,305.167782,7.121508653,0.009613,13.620872,0.007954,13.638439
0,hybrid[head=topn-frontier reducer=streaming],hybrid,2173255,3623,0.4756097561,1,0.6446280992,976.4871795,0.1760638647,1,600,1679,,600,600,1079,0,600,0,9640,9640,1,0,17.038918,0.001198662835,1,1079,1079,0,0,1079,1079,1079,1079,1079,1,1,0.5560704356,0.5560704356,0.58686031,82,1,39,1,0.2131609038,43,0.08441761321,0,0,0.0006892213102,0.0009068061181,0.001288389996,,,,24.3984375,42.89355469,67.29199219,1431.892578,953.6875,941.40625,2385.580078,12.28125,22.51757812,600,5.46875,51.8984375,107.2714844,2.622070312,107.2714844,2173255,249.535645,8.709196636,0.074809,8.499551,0.482895,9.057255
1,hl,hl,2004657,3342,1,0.6304347826,0.7733333333,1214.173913,0.2053052781,0.9652777778,48,,,,,,0,0,0,0,0,,,,,,,,,,0,,,,,,,,,,288,1,0,1,0,29,0.1105241445,259,0.1656876962,0.0009590688914,0.003811177398,0.01927811092,,,,5.857421875,19.70025391,25.55767578,566.6435547,0.515625,0,567.1591797,0.515625,1.018554688,29,5.078125,19.94335938,0,1.588867188,25.02148438,2004657,271.636579,7.379922864,0.002862,0.976556,0,0.979418
1,hl#1,hl,2004657,3342,1,0.8695652174,0.9302325581,296.8913043,0.06417171654,0.8194444444,96,,,,,,0,0,0,0,0,,,,,,,,,,0,,,,,,,,,,576,1,0,1,0,40,0.1446362146,536,0.266761845,0.0007142327424,0.003615905364,0.02325485108,,,,11.48828125,39.22853516,50.71681641,1129.500977,0.6875,0,1130.188477,0.6875,1.375976562,40,5.078125,25.33984375,0,2.23828125,30.41796875,2004657,280.590548,7.144420987,0.011142,1.814891,0,1.826033
1,hl#2,hl,2004657,3342,0.9787234043,1,0.9892473118,25.91304348,0.00503680084,0.9333333333,192,,,,,,0,0,0,0,0,,,,,,,,,,0,,,,,,,,,,1152,1,0,1,0,47,0.1606868407,1105,0.3845670357,0.0004733106566,0.003418868951,0.02325834295,,,,22.75,79.03820312,101.7882031,2254.701172,0.765625,0,2255.466797,0.765625,1.576171875,47,5.078125,36.9140625,0,2.732421875,41.9921875,2004657,271.542863,7.382469853,0.008992,3.591655,0,3.600647
1,hl#3,hl,2004657,3342,1,1,1,14.60869565,0.002680578824,0.9783333333,384,,,,,,0,0,0,0,0,,,,,,,,,,0,,,,,,,,,,2304,1,0,1,0,46,0.158981312,2258,0.4995298448,0.000285812134,0.003456115479,0.02328976977,,,,45.2734375,164.6200586,209.8934961,4504.668945,0.75,0,4505.418945,0.75,1.543945312,46,5.078125,59.671875,0,2.676757812,64.75,2004657,244.545201,8.197490655,0.021449,7.642536,0,7.663985
1,ss[policy=difficulty],ss,2004657,3342,0.92,1,0.9583333333,65.2173913,0.01077539269,1,2877,2877,,,,,0,0,0,0,0,,,,0.0001496515364,0,,2877,0,0,0,2877,2877,2877,2877,0,0,1,1,0,50,1,46,1,0.160377062,4,0.006957299927,0,0,3.990707637e-05,0.0001247096137,0.0001496515364,,,,106.6626172,170.7140039,277.3766211,6748.826172,5.390625,0,6754.216797,1.875,2.732421875,50,5.46875,14.3984375,9.65625,1.358398438,19.8671875,2004657,276.200407,7.257979891,0.032908,77.177599,0.023146,77.233653
1,hybrid[head=topn-frontier reducer=streaming],hybrid,2004657,3342,0.9019607843,1,0.9484536082,39.04347826,0.0056644607,1,1679,1679,600,1079,600,1079,124,476,476,9640,9560,0.9917012448,0,17.037718,0.0004988384547,0,,1079,0,0,0,1079,1079,1079,1079,0,0,1,1,0,51,1,46,1,0.1597764605,5,0.008623420366,0,0,4.006357471e-05,0.0002294656891,0.0004988384547,,,,56.27929688,77.44560547,133.7249023,2896.09082,951.8125,941.40625,3847.90332,10.40625,18.22363281,476,5.46875,77.0234375,134.3916016,1.733398438,134.3916016,2004657,351.768868,5.698790264,0.219584,17.216027,0.486057,17.921668
2,hl,hl,1995731,3327,1,0.6976744186,0.8219178082,1158.930233,0.1769671373,0.9652777778,48,,,,,,0,0,0,0,0,,,,,,,,,,0,,,,,,,,,,288,1,0,1,0,30,0.1138705567,258,0.1588285195,0.0009468717923,0.003795685223,0.02074828722,,,,5.857421875,19.61007813,25.4675,566.671875,0.53125,0,567.203125,0.53125,1.046875,30,5.078125,19.24023438,0,1.673828125,24.31835938,1995731,261.18121,7.641173728,0.003499,0.973005,0,0.976504
2,hl#1,hl,1995731,3327,1,0.9069767442,0.9512195122,204.2093023,0.04136104179,0.8229166667,96,,,,,,0,0,0,0,0,,,,,,,,,,0,,,,,,,,,,576,1,0,1,0,39,0.1458022148,537,0.2676297557,0.0007177638377,0.003738518329,0.02175944554,,,,11.48828125,39.23939453,50.72767578,1129.463867,0.671875,0,1130.135742,0.671875,1.338867188,39,5.078125,24.87109375,0,2.243164062,29.94921875,1995731,270.727512,7.371733243,0.004856,1.816222,0,1.821078
2,hl#2,hl,1995731,3327,0.9772727273,1,0.9885057471,30.27906977,0.006192734737,0.9316666667,192,,,,,,0,0,0,0,0,,,,,,,,,,0,,,,,,,,,,1152,1,0,1,0,44,0.1570417055,1108,0.3916309362,0.0004762783349,0.003569129671,0.02176595944,,,,22.75,79.32472656,102.0747266,2254.598633,0.71875,0,2255.317383,0.71875,1.473632812,44,5.078125,36.8359375,0,2.559570312,41.9140625,1995731,260.037408,7.674784237,0.015136,3.56506,0,3.580196
2,hl#3,hl,1995731,3327,1,1,1,19.6744186,0.003987200125,0.9716666667,384,,,,,,0,0,0,0,0,,,,,,,,,,0,,,,,,,,,,2304,1,0,1,0,43,0.1554893921,2261,0.5045439491,0.0002864728043,0.003616032375,0.02176345409,,,,45.2734375,159.1953125,204.46875,4504.56543,0.703125,0,4505.268555,0.703125,1.440429688,43,5.078125,61.15625,0,2.502929688,66.234375,1995731,232.339705,8.589711345,0.025081,7.96252,0,7.987601
2,ss[policy=difficulty],ss,1995731,3327,1,1,1,69.76744186,0.01377786714,1,2877,2577,,,,,0,0,0,0,0,,,,0.0001503208599,0,,2577,1,0,0,2577,2577,2577,2577,0,0,1.116414435,1.116414435,-0.1101221529,43,1,43,1,0.1570968232,0,0,0,0,3.495833951e-05,0,0.0001503208599,,,,106.1821484,170.7249023,276.9070508,6748.56543,5.25,0,6753.81543,1.734375,2.471679688,43,5.46875,14.3984375,9.65625,1.224609375,19.8671875,1995731,252.964105,7.889384148,0.062516,76.533064,0.017124,76.612704
2,hybrid[head=topn-frontier reducer=streaming],hybrid,1995731,3327,0.9555555556,1,0.9772727273,41.97674419,0.00858971396,1,1679,1486,600,1079,600,886,210,390,390,9640,7840,0.8132780083,0,17.664047,0.0003006417198,0,,886,1,0,0,886,886,886,886,0,0,1.217832957,1.217832957,-0.1970730147,45,1,43,1,0.1564980451,2,0.003490450366,0,0,2.900635852e-05,0.0002004278132,0.0003006417198,,,,56.2465625,75.58074219,131.8273047,2956.092773,950.34375,941.40625,3906.436523,8.9375,15.42089844,390,5.46875,77.0234375,133.7353516,1.525390625,133.7353516,1995731,333.525403,5.983745112,0.232733,17.633856,0.503539,18.370128
3,hl,hl,2023810,3374,1,0.7111111111,0.8311688312,921.5777778,0.1468093417,0.9652777778,48,,,,,,0,0,0,0,0,,,,,,,,,,0,,,,,,,,,,288,1,0,1,0,32,0.1211240186,256,0.1580143393,0.0009692304092,0.00378512558,0.01930270134,,,,5.857421875,19.63191406,25.48933594,566.7441406,0.5625,0,567.3066406,0.5625,1.119140625,32,5.078125,19.86523438,0,1.861328125,24.94335938,2023810,261.532933,7.738260634,0.002791,0.930116,0,0.932907
3,hl#1,hl,2023810,3374,1,0.9555555556,0.9772727273,224.1777778,0.041919695,0.8211805556,96,,,,,,0,0,0,0,0,,,,,,,,,,0,,,,,,,,,,576,1,0,1,0,43,0.1515735173,533,0.2632584086,0.0007201943158,0.003524965518,0.01989465414,,,,11.48828125,39.21503906,50.70332031,1129.600586,0.734375,0,1130.334961,0.734375,1.475585938,43,5.078125,25.10546875,0,2.473632812,30.18359375,2023810,269.313119,7.514710043,0.00732,1.715289,0,1.722609
3,hl#2,hl,2023810,3374,1,0.9555555556,0.9772727273,56.82222222,0.01295737739,0.955,192,,,,,,0,0,0,0,0,,,,,,,,,,0,,,,,,,,,,1152,1,0,1,0,43,0.154611846,1109,0.3929687075,0.0004753303416,0.003595624325,0.01994801884,,,,22.75,79.05841797,101.808418,2254.570312,0.703125,0,2255.273438,0.703125,1.4453125,43,5.078125,37.1484375,0,2.5078125,42.2265625,2023810,261.733738,7.732323756,0.011741,3.549733,0,3.561474
3,hl#3,hl,2023810,3374,1,1,1,14.33333333,0.002835004257,0.9783333333,384,,,,,,0,0,0,0,0,,,,,,,,,,0,,,,,,,,,,2304,1,0,1,0,45,0.1582816569,2259,0.5038170579,0.0002873692339,0.003517370153,0.01994653648,,,,45.2734375,161.5558594,206.8292969,4504.634766,0.734375,0,4505.369141,0.734375,1.509765625,45,5.078125,60.296875,0,2.619140625,65.375,2023810,234.408548,8.633686857,0.020332,7.459094,0,7.479426
3,ss[policy=difficulty],ss,2023810,3374,0.9574468085,1,0.9782608696,84.8,0.01643567924,1,2577,2577,,,,,0,0,0,0,0,,,,0.0001482352592,0,,2577,0,0,0,2577,2577,2577,2577,0,0,1,1,0,47,1,45,1,0.1602092094,2,0.003443010955,0,0,4.399748652e-05,9.116468443e-05,0.0001482352592,,,,98.7825,161.7672461,260.5497461,6045.699219,5.4375,0,6051.136719,1.921875,2.73046875,47,5.46875,14.3984375,9.65625,1.286132812,19.8671875,2023810,235.182316,8.60528136,0.029818,69.60506,0.016507,69.651385
3,hybrid[head=topn-frontier reducer=streaming],hybrid,2023810,3374,0.9183673469,1,0.9574468085,35.55555556,0.008312553836,1,1486,1486,600,886,600,886,223,377,377,9640,7580,0.7863070539,1,3.078454,0.0004941175308,0,,886,0,0,0,886,886,886,886,0,0,1,1,0,49,1,45,1,0.1591142449,4,0.007166680667,0,0,4.537814058e-05,0.0003582352098,0.0004941175308,,,,51.02953125,70.466875,121.4964063,2502.769531,749.09375,740.234375,3251.863281,8.859375,15.05859375,377,5.46875,77.0234375,133.9599609,1.7421875,133.9599609,2023810,323.608072,6.253892208,0.162582,14.305665,0.44948,14.917727
4,hl,hl,2024834,3375,1,0.7317073171,0.8450704225,752.6829268,0.1253099315,0.9826388889,48,,,,,,0,0,0,0,0,,,,,,,,,,0,,,,,,,,,,288,1,0,1,0,30,0.1147249602,258,0.1671579004,0.0009787599324,0.003824165339,0.0188543851,,,,5.857421875,19.64322266,25.50064453,566.703125,0.5625,0,567.265625,0.5625,1.078125,30,5.078125,18.77148438,0,1.673828125,23.84960938,2024834,270.158624,7.494981911,0.003673,0.926256,0,0.929929
4,hl#1,hl,2024834,3375,1,0.9512195122,0.975,199.6585366,0.03153634736,0.8333333333,96,,,,,,0,0,0,0,0,,,,,,,,,,0,,,,,,,,,,576,1,0,1,0,39,0.1375130011,537,0.2752521935,0.0007166062406,0.003525974386,0.01893933034,,,,11.48828125,39.24033203,50.72861328,1129.436523,0.640625,0,1130.077148,0.640625,1.311523438,39,5.078125,24.55859375,0,2.280273438,29.63671875,2024834,279.793216,7.23689455,0.008903,1.755631,0,1.764534
4,hl#2,hl,2024834,3375,1,1,1,25.90243902,0.005184962109,0.94,192,,,,,,0,0,0,0,0,,,,,,,,,,0,,,,,,,,,,1152,1,0,1,0,41,0.1442602208,1111,0.4006995141,0.0004730553255,0.003518541972,0.01892797138,,,,22.75,78.94017578,101.6901758,2254.500977,0.671875,0,2255.172852,0.671875,1.375976562,41,5.078125,36.9140625,0,2.391601562,41.9921875,2024834,270.799631,7.477240617,0.012224,3.608488,0,3.620712
4,hl#3,hl,2024834,3375,1,0.9756097561,0.987654321,16.19512195,0.00336713048,0.9766666667,384,,,,,,0,0,0,0,0,,,,,,,,,,0,,,,,,,,,,2304,1,0,1,0,40,0.1423904379,2264,0.5163662799,0.0002859187143,0.003559760948,0.01894624448,,,,45.2734375,169.9093945,215.182832,4504.467773,0.65625,0,4505.124023,0.65625,1.342773438,40,5.078125,60.0625,0,2.334960938,65.140625,2024834,241.91626,8.369978934,0.020686,7.539576,0,7.560262
4,ss[policy=difficulty],ss,2024834,3375,0.9761904762,1,0.9879518072,96.31707317,0.0189555337,1,2577,2577,,,,,0,0,0,0,0,,,,0.0001481602936,0,,2577,0,0,0,2577,2577,2577,2577,0,0,1,1,0,42,1,41,1,0.1460988901,1,0.001671248112,0,0,4.748184648e-05,4.395422044e-05,0.0001975470582,,,,98.43015625,161.6139063,260.0440625,6045.47168,5.296875,0,6050.768555,1.78125,2.502929688,42,5.46875,14.3984375,9.65625,1.137695312,19.8671875,2024834,243.603269,8.312014893,0.031339,65.918286,0.0182,65.967825
4,hybrid[head=topn-frontier reducer=streaming],hybrid,2024834,3375,0.8913043478,1,0.9425287356,43.90243902,0.01029201371,1,1486,1486,600,886,600,886,209,391,391,9640,7860,0.8153526971,0,20.407952,0.0003950941164,0,,886,0,0,0,886,886,886,886,0,0,1,1,0,46,1,41,1,0.1450375685,5,0.008726147427,0,0,4.620883361e-05,0.0002473289168,0.0003950941164,,,,51.00085937,70.58128906,121.5821484,2496.432617,950.265625,941.40625,3446.698242,8.859375,15.33886719,391,5.46875,77.0234375,133.9160156,1.682617188,133.9160156,2024834,334.242142,6.057985351,0.116763,14.298366,0.447143,14.862272
5,hl,hl,2061699,3437,1,0.68,0.8095238095,1203.3,0.1783672969,0.96875,48,,,,,,0,0,0,0,0,,,,,,,,,,0,,,,,,,,,,288,0.98,0,1,0,34,0.1187510883,254,0.1638643662,0.0009813036616,0.003492679068,0.01681089238,,,,5.857421875,19.63183594,25.48925781,566.8652344,0.65625,0,567.5214844,0.65625,1.240234375,34,5.078125,18.84960938,0,1.8671875,23.92773438,2061699,263.617377,7.820800827,0.003622,0.900129,0,0.903751
5,hl#1,hl,2061699,3437,1,0.96,0.9795918367,186.94,0.0307586353,0.8246527778,96,,,,,,0,0,0,0,0,,,,,,,,,,0,,,,,,,,,,576,1,0,1,0,48,0.1610249605,528,0.2640705554,0.0007380130484,0.003354686677,0.01673425655,,,,11.48828125,39.21074219,50.69902344,1129.759766,0.8125,0,1130.572266,0.8125,1.634765625,48,5.078125,25.18359375,0,2.750976562,30.26171875,2061699,270.660121,7.617298745,0.00462,1.712199,0,1.716819
5,hl#2,hl,2061699,3437,1,1,1,44.46,0.008578402723,0.9416666667,192,,,,,,0,0,0,0,0,,,,,,,,,,0,,,,,,,,,,1152,1,0,1,0,50,0.1673139484,1102,0.3883830763,0.0004823758894,0.003346278967,0.01677208943,,,,22.75,79.07539062,101.8253906,2254.794922,0.8125,0,2255.607422,0.8125,1.669921875,50,5.078125,36.8359375,0,2.896484375,41.9140625,2061699,260.724282,7.907583383,0.013766,3.542716,0,3.556482
5,hl#3,hl,2061699,3437,1,0.98,0.9898989899,15.08,0.002904770755,0.9766666667,384,,,,,,0,0,0,0,0,,,,,,,,,,0,,,,,,,,,,2304,1,0,1,0,49,0.166124638,2255,0.5038732618,0.0002907976996,0.003390298734,0.0167730595,,,,45.2734375,166.9380469,212.2114844,4504.762695,0.796875,0,4505.55957,0.796875,1.637695312,49,5.078125,60.609375,0,2.840820312,65.6875,2061699,232.632136,8.862485792,0.021229,7.372292,0,7.393521
5,ss[policy=difficulty],ss,2061699,3437,0.9615384615,1,0.9803921569,112.44,0.02278417538,1,2577,2577,,,,,0,0,0,0,0,,,,0.0001940147422,0,,2577,0,0,0,2577,2577,2577,2577,0,0,1,1,0,52,1,50,1,0.1705234372,2,0.003350149561,0,0,5.365253833e-05,3.152739561e-05,0.0001940147422,,,,98.76785156,162.4079688,261.1758203,6045.892578,5.546875,0,6051.439453,2.03125,2.923828125,52,5.46875,14.3984375,9.65625,1.431640625,19.8671875,2061699,233.698648,8.822040768,0.032228,66.381219,0.013495,66.426942
5,hybrid[head=topn-frontier reducer=streaming],hybrid,2061699,3437,0.9090909091,1,0.9523809524,63.5,0.01340035235,1,1486,1486,600,886,600,886,216,384,384,9640,7720,0.8008298755,0,17.157281,0.0005699183052,0,,886,0,0,0,886,886,886,886,0,0,1,1,0,55,1,50,1,0.169336552,5,0.008971726717,0,0,5.994173649e-05,0.0003513606981,0.0005699183052,,,,51.06074219,71.14158203,122.2023242,2504.425781,950.3125,941.40625,3454.738281,8.90625,15.19921875,384,5.46875,77.0234375,134.0332031,1.791015625,134.0332031,2061699,321.568821,6.411377178,0.202599,14.290088,0.537731,15.030418
6,hl,hl,1881306,3136,0.9696969697,0.7272727273,0.8311688312,979.4772727,0.153586002,0.9791666667,48,,,,,,0,0,0,0,0,,,,,,,,,,0,,,,,,,,,,288,1,0,1,0,33,0.1236539936,255,0.1582512361,0.000978837603,0.003747090714,0.01617599689,,,,5.857421875,19.63962891,25.49705078,566.8085938,0.609375,0,567.4179688,0.609375,1.18359375,33,5.078125,18.69335938,0,1.880859375,23.77148438,1881306,246.34456,7.636888755,0.003177,0.958894,0,0.962071
6,hl#1,hl,1881306,3136,1,0.8863636364,0.9397590361,138.0681818,0.02729516735,0.8420138889,96,,,,,,0,0,0,0,0,,,,,,,,,,0,,,,,,,,,,576,1,0,1,0,39,0.1478175268,537,0.275043507,0.0007341337392,0.003790192994,0.01775628207,,,,11.48828125,39.23398437,50.72226562,1129.438477,0.640625,0,1130.079102,0.640625,1.313476562,39,5.078125,25.73046875,0,2.282226562,30.80859375,1881306,253.615384,7.417949063,0.004857,1.741855,0,1.746712
6,hl#2,hl,1881306,3136,1,1,1,29.18181818,0.006352141408,0.9333333333,192,,,,,,0,0,0,0,0,,,,,,,,,,0,,,,,,,,,,1152,1,0,1,0,44,0.158383591,1108,0.3961009001,0.000481323343,0.003599627068,0.01776000289,,,,22.75,79.45789063,102.2078906,2254.605469,0.71875,0,2255.324219,0.71875,1.48046875,44,5.078125,37.0703125,0,2.56640625,42.1484375,1881306,241.764341,7.781569409,0.011754,3.677567,0,3.689321
6,hl#3,hl,1881306,3136,1,1,1,14.59090909,0.002795982589,0.9616666667,384,,,,,,0,0,0,0,0,,,,,,,,,,0,,,,,,,,,,2304,1,0,1,0,44,0.1584409979,2260,0.5068005949,0.0002887333302,0.003600931771,0.01774246189,,,,45.2734375,157.3663672,202.6398047,4504.605469,0.71875,0,4505.324219,0.71875,1.48046875,44,5.078125,60.453125,0,2.56640625,65.53125,1881306,214.978021,8.751155077,0.025856,7.591837,0,7.617693
6,ss[policy=difficulty],ss,1881306,3136,0.9166666667,1,0.9565217391,90.70454545,0.01927098798,1,2577,2277,,,,,0,0,0,0,0,,,,0.0001594636917,0,,2277,1,0,0,2277,2277,2277,2277,0,0,1.131752306,1.131752306,-0.1237671446,48,1,44,1,0.1606400022,4,0.006904777851,0,0,5.526967259e-05,0.0001328864098,0.0001594636917,,,,98.42972656,163.6732227,262.1029492,6045.668945,5.390625,0,6051.05957,1.875,2.700195312,48,5.46875,14.3984375,9.65625,1.401367188,19.8671875,1881306,216.902108,8.673525663,0.031335,65.776394,0.010551,65.81828
6,hybrid[head=topn-frontier reducer=streaming],hybrid,1881306,3136,0.8979591837,1,0.9462365591,22.72727273,0.004705240686,1,1486,1296,600,886,600,696,198,402,402,9640,8080,0.8381742739,0,17.062977,0.0003720819473,0,,696,1,0,0,696,696,696,696,0,0,1.272988506,1.272988506,-0.2413672903,49,1,44,1,0.1590501492,5,0.009064447783,0,0,3.579797161e-05,0.000244510994,0.0003720819473,,,,50.99609375,70.74222656,121.7383203,2497.927734,950.53125,941.40625,3448.458984,9.125,15.79492188,402,5.46875,76.5234375,133.4599609,1.677734375,133.4599609,1881306,299.805426,6.275089898,0.114896,14.304533,0.471059,14.890488
7,hl,hl,2025856,3377,1,0.7,0.8235294118,1066.05,0.15897744,0.9583333333,48,,,,,,0,0,0,0,0,,,,,,,,,,0,,,,,,,,,,288,1,0,1,0,28,0.105063736,260,0.1656662665,0.000940034731,0.003752276286,0.01392102894,,,,5.857421875,19.62363281,25.48105469,566.5810547,0.46875,0,567.0498047,0.46875,0.9560546875,28,5.078125,18.38085938,0,1.666992188,23.45898438,2025856,263.031005,7.701966542,0.004524,1.503363,0,1.507887
7,hl#1,hl,2025856,3377,1,0.975,0.9873417722,228.425,0.04190420231,0.84375,96,,,,,,0,0,0,0,0,,,,,,,,,,0,,,,,,,,,,576,1,0,1,0,39,0.1368922569,537,0.2723026711,0.0007104078611,0.003510057869,0.01811579895,,,,11.48828125,39.20294922,50.69123047,1129.472656,0.671875,0,1130.144531,0.671875,1.34765625,39,5.078125,24.71484375,0,2.251953125,29.79296875,2025856,272.202452,7.442460511,0.006074,2.681074,0,2.687148
7,hl#2,hl,2025856,3377,1,1,1,30.375,0.005940167859,0.94,192,,,,,,0,0,0,0,0,,,,,,,,,,0,,,,,,,,,,1152,1,0,1,0,40,0.1411215802,1112,0.4022452731,0.0004716726157,0.003528039505,0.01874269445,,,,22.75,78.63015625,101.3801562,2254.474609,0.65625,0,2255.130859,0.65625,1.349609375,40,5.078125,36.4453125,0,2.341796875,41.5234375,2025856,264.029995,7.672825203,0.018467,5.41967,0,5.438137
7,hl#3,hl,2025856,3377,1,0.975,0.9873417722,15.1,0.002917043822,0.9666666667,384,,,,,,0,0,0,0,0,,,,,,,,,,0,,,,,,,,,,2304,1,0,1,0,39,0.1395429882,2265,0.5163160659,0.0002846610478,0.00357802534,0.01873380931,,,,45.2734375,166.8710352,212.1444727,4504.44043,0.640625,0,4505.081055,0.640625,1.315429688,39,5.078125,61.15625,0,2.284179688,66.234375,2025856,239.803537,8.44798215,0.029332,11.441055,0,11.470387
7,ss[policy=difficulty],ss,2025856,3377,0.9302325581,1,0.9638554217,102.15,0.01770252504,1,2277,2277,,,,,0,0,0,0,0,,,,0.0001574643015,0,,2277,0,0,0,2277,2277,2277,2277,0,0,1,1,0,43,1,40,1,0.1433068293,3,0.00510401529,0,0,5.7374541e-05,0.000150060024,0.0002009027295,,,,90.81261719,154.0414453,244.8540625,5342.347656,5.28125,0,5347.628906,1.765625,2.50390625,43,5.46875,14.3984375,9.65625,1.194335938,19.8671875,2025856,228.212888,8.877044665,0.056159,82.435184,0.023689,82.515032
7,hybrid[head=topn-frontier reducer=streaming],hybrid,2025856,3377,0.9302325581,1,0.9638554217,99.775,0.02100168689,1,1296,1425,600,696,600,825,225,375,375,9640,7540,0.7821576763,1,4.308188,0.0007897896001,1,825,825,0,1,825,825,825,825,825,1,1,0.8436363636,0.8436363636,0.170033726,43,1,40,1,0.1432599356,3,0.005121291938,0,0,9.055029601e-05,0.0006412104315,0.0007897896001,,,,38.17859375,65.73648438,103.9150781,2055.595703,745.03125,736.328125,2800.626953,8.703125,14.91601562,375,5.46875,77.0234375,133.9599609,1.5703125,133.9599609,2025856,328.923132,6.159056031,0.148498,17.634731,0.625132,18.408361
8,hl,hl,2108648,3515,1,0.7358490566,0.847826087,1134.188679,0.1760151042,0.96875,48,,,,,,0,0,0,0,0,,,,,,,,,,0,,,,,,,,,,288,0.9622641509,0,1,0,39,0.1286781862,249,0.1565017016,0.0009902079437,0.003299440672,0.01475684894,,,,5.857421875,19.63015625,25.48757812,566.9707031,0.671875,0,567.6425781,0.671875,1.345703125,39,5.078125,18.22460938,0,2.1875,23.30273438,2108648,268.264009,7.860346261,0.003028,0.912697,0,0.915725
8,hl#1,hl,2108648,3515,1,0.9433962264,0.9708737864,225.0943396,0.03344818898,0.8368055556,96,,,,,,0,0,0,0,0,,,,,,,,,,0,,,,,,,,,,576,1,0,1,0,50,0.1636759668,526,0.261865897,0.000738787958,0.003273519336,0.01542836927,,,,11.48828125,39.19853516,50.68681641,1129.803711,0.8125,0,1130.616211,0.8125,1.678710938,50,5.078125,24.01171875,0,2.905273438,29.08984375,2108648,275.960031,7.641135538,0.008666,1.693852,0,1.702518
8,hl#2,hl,2108648,3515,1,1,1,26.26415094,0.004992414902,0.94,192,,,,,,0,0,0,0,0,,,,,,,,,,0,,,,,,,,,,1152,1,0,1,0,53,0.1724763925,1099,0.3837828789,0.0004828639508,0.003254271556,0.01546488556,,,,22.75,78.63328125,101.3832812,2254.900391,0.859375,0,2255.759766,0.859375,1.775390625,53,5.078125,38.7890625,0,3.072265625,43.8671875,2108648,266.602228,7.909341253,0.011884,3.521314,0,3.533198
8,hl#3,hl,2108648,3515,1,1,1,15.62264151,0.002710097534,0.9633333333,384,,,,,,0,0,0,0,0,,,,,,,,,,0,,,,,,,,,,2304,1,0,1,0,53,0.172495362,2251,0.4963673406,0.0002903049924,0.003254629471,0.01546535979,,,,45.2734375,168.042793,213.3162305,4504.900391,0.859375,0,4505.759766,0.859375,1.775390625,53,5.078125,59.984375,0,3.072265625,65.0625,2108648,241.99339,8.713659493,0.020882,7.366944,0,7.387826
8,ss[policy=difficulty],ss,2108648,3515,1,1,1,110.509434,0.01896852686,1,2277,2277,,,,,0,0,0,0,0,,,,0.0001650346573,0,,2277,0,0,0,2277,2277,2277,2277,0,0,1,1,0,53,1,53,1,0.1751401846,0,0,0,0,5.240772e-05,0,0.0001896950084,,,,91.26359375,154.0712305,245.3348242,5342.837891,5.59375,0,5348.431641,2.078125,2.994140625,53,5.46875,14.3984375,9.65625,1.430664062,19.8671875,2108648,229.220308,9.199219818,0.027388,57.82909,0.013356,57.869834
8,hybrid[head=topn-frontier reducer=streaming],hybrid,2108648,3515,0.9636363636,1,0.9814814815,18.86792453,0.00281526776,1,1425,1425,600,825,600,825,200,400,400,9640,8040,0.8340248963,0,17.160239,0.0004742375209,0,,825,0,0,0,825,825,825,825,0,0,1,1,0,55,1,53,1,0.172836813,2,0.003544451231,0,0,2.150451595e-05,0.0003542554281,0.0004742375209,,,,49.45421875,54.63607422,104.090293,2348.368164,950.4375,941.40625,3298.805664,9.03125,15.59472656,400,5.46875,76.2734375,133.4003906,1.735351562,133.4003906,2108648,544.071424,3.875682322,0.108092,13.481441,0.453746,14.043279
9,hl,hl,2081082,3469,1,0.7555555556,0.8607594937,1205.6,0.1682263002,0.9791666667,48,,,,,,0,0,0,0,0,,,,,,,,,,0,,,,,,,,,,288,1,0,1,0,34,0.1212849854,254,0.154243802,0.0009566971786,0.003567205453,0.01493982457,,,,5.857421875,19.69609375,25.55351562,566.8095703,0.59375,0,567.4033203,0.59375,1.184570312,34,5.078125,19.00585938,0,1.971679688,24.08398438,2081082,267.492713,7.779957729,0.004154,0.948753,0,0.952907
9,hl#1,hl,2081082,3469,1,0.9111111111,0.9534883721,239.7555556,0.04194433573,0.8368055556,96,,,,,,0,0,0,0,0,,,,,,,,,,0,,,,,,,,,,576,1,0,1,0,41,0.1502309856,535,0.270130634,0.0007297944784,0.003664170381,0.01570192813,,,,11.48828125,39.18277344,50.67105469,1129.540039,0.703125,0,1130.243164,0.703125,1.415039062,41,5.078125,24.63671875,0,2.366210938,29.71484375,2081082,274.764401,7.574059785,0.008149,1.740017,0,1.748166
9,hl#2,hl,2081082,3469,1,1,1,24.06666667,0.004137878859,0.955,192,,,,,,0,0,0,0,0,,,,,,,,,,0,,,,,,,,,,1152,1,0,1,0,45,0.1609412796,1107,0.3926846708,0.0004805780819,0.00357647288,0.01573027877,,,,22.75,78.62580078,101.3758008,2254.638672,0.734375,0,2255.373047,0.734375,1.513671875,45,5.078125,36.9140625,0,2.623046875,41.9921875,2081082,264.836465,7.857988891,0.0137,3.557587,0,3.571287
9,hl#3,hl,2081082,3469,1,1,1,13.11111111,0.002249196489,0.98,384,,,,,,0,0,0,0,0,,,,,,,,,,0,,,,,,,,,,2304,1,0,1,0,45,0.1609110069,2259,0.5025674145,0.0002879680648,0.003575800153,0.01572691513,,,,45.2734375,166.2181836,211.4916211,4504.638672,0.734375,0,4505.373047,0.734375,1.513671875,45,5.078125,60.6875,0,2.623046875,65.765625,2081082,238.43511,8.72808539,0.019826,7.544191,0,7.564017
9,ss[policy=difficulty],ss,2081082,3469,0.9375,1,0.9677419355,87.46666667,0.01384582353,1,2277,2277,,,,,0,0,0,0,0,,,,0.0001922077073,0,,2277,0,0,0,2277,2277,2277,2277,0,0,1,1,0,48,1,45,1,0.1627648502,3,0.005213153542,0,0,5.098509653e-05,0.0001853202645,0.0002195973056,,,,91.18070312,154.0079297,245.1886328,5342.481445,5.328125,0,5347.80957,1.8125,2.637695312,48,5.46875,14.3984375,9.65625,1.337890625,19.8671875,2081082,226.440015,9.190433943,0.026903,58.322958,0.012203,58.362064
9,hybrid[head=topn-frontier reducer=streaming],hybrid,2081082,3469,0.9375,1,0.9677419355,6.644444444,0.000708891971,1,1425,1425,600,825,600,825,216,384,384,9640,7720,0.8008298755,0,17.081963,0.0006246750488,0,,825,0,0,0,825,825,825,825,0,0,1,1,0,48,1,45,1,0.1610172016,3,0.005323672974,0,0,2.900134001e-05,0.0004161296864,0.0006246750488,,,,49.45296875,55.56511719,105.0180859,2365.470703,950.4375,941.40625,3315.908203,9.03125,15.33007812,384,5.46875,76.5234375,133.4257812,1.623046875,133.4257812,2081082,543.572056,3.828530141,0.107853,13.787968,0.455041,14.350862
10,hl,hl,1944192,3241,0.9655172414,0.6086956522,0.7466666667,1239.934783,0.2221637898,0.9895833333,48,,,,,,0,0,0,0,0,,,,,,,,,,0,,,,,,,,,,288,0.9782608696,0,1,0,29,0.1051495943,259,0.16611991,0.0009419080009,0.003625848079,0.01739231516,,,,5.857421875,19.60337891,25.46080078,566.6699219,0.546875,0,567.2167969,0.546875,1.044921875,29,5.078125,18.84960938,0,1.651367188,23.92773438,1944192,256.073142,7.592330788,0.003084,0.928324,0,0.931408
10,hl#1,hl,1944192,3241,1,0.9347826087,0.9662921348,313.3913043,0.04853178933,0.8229166667,96,,,,,,0,0,0,0,0,,,,,,,,,,0,,,,,,,,,,576,1,0,1,0,43,0.1424072314,533,0.2688685068,0.0007140203788,0.003311796079,0.0174514657,,,,11.48828125,39.19546875,50.68375,1129.59668,0.734375,0,1130.331055,0.734375,1.471679688,43,5.078125,24.79296875,0,2.47265625,29.87109375,1944192,263.646243,7.374245041,0.008788,1.740456,0,1.749244
10,hl#2,hl,1944192,3241,0.9787234043,1,0.9892473118,29.84782609,0.006392448325,0.9383333333,192,,,,,,0,0,0,0,0,,,,,,,,,,0,,,,,,,,,,1152,1,0,1,0,47,0.1554728134,1105,0.3926068002,0.0004757635534,0.0033079322,0.01747512591,,,,22.75,79.29707031,102.0470703,2254.697266,0.765625,0,2255.462891,0.765625,1.572265625,47,5.078125,38.1640625,0,2.728515625,43.2421875,1944192,251.876728,7.718823471,0.011717,3.537254,0,3.548971
10,hl#3,hl,1944192,3241,1,1,1,16.17391304,0.003394242488,0.9716666667,384,,,,,,0,0,0,0,0,,,,,,,,,,0,,,,,,,,,,2304,1,0,1,0,46,0.1538135122,2258,0.5077908972,0.0002871546916,0.003343772005,0.01748026944,,,,45.2734375,157.2264648,202.4999023,4504.664062,0.75,0,4505.414062,0.75,1.5390625,46,5.078125,60.453125,0,2.671875,65.53125,1944192,223.8785,8.684138941,0.01985,7.706456,0,7.726306
10,ss[policy=difficulty],ss,1944192,3241,0.9387755102,1,0.9684210526,97.56521739,0.02032138493,1,2277,2076,,,,,0,0,0,0,0,,,,0.0002057409968,0,,2076,1,0,0,2076,2076,2076,2076,0,0,1.096820809,1.096820809,-0.09241582178,49,1,46,1,0.1562073087,3,0.005351837679,0,0,5.970687702e-05,0.0002057409968,0.0002057409968,,,,90.81347656,154.0911523,244.9046289,5342.636719,5.46875,0,5348.105469,1.953125,2.79296875,49,5.46875,14.3984375,9.65625,1.333984375,19.8671875,1944192,216.574382,8.97701742,0.083167,61.394012,0.020261,61.49744
10,hybrid[head=topn-frontier reducer=streaming],hybrid,1944192,3241,0.9019607843,1,0.9484536082,45.65217391,0.0107346497,1,1425,1428,600,825,600,828,204,396,396,9640,7960,0.8257261411,0,17.113254,0.0006686582395,1,828,828,0,0,828,828,828,828,828,1,1,0.9963768116,0.9963768116,0.003629768051,51,1,46,1,0.154979035,5,0.008944075482,0,0,5.345231779e-05,0.0003291855948,0.0006686582395,,,,49.45171875,44.81234375,94.2640625,2352.863281,950.5,941.40625,3303.363281,9.09375,15.67578125,396,5.46875,77.0234375,134.0869141,1.799804688,134.0869141,1944192,521.934989,3.724969663,0.112497,13.354328,0.459394,13.926219
11,hl,hl,2095405,3493,1,0.6730769231,0.8045977011,1406.365385,0.2073367088,0.9826388889,48,,,,,,0,0,0,0,0,,,,,,,,,,0,,,,,,,,,,288,0.9615384615,0,1,0,35,0.1230110647,253,0.1568560732,0.0009717608953,0.003514601848,0.01805903871,,,,5.857421875,19.73742187,25.59484375,566.8691406,0.640625,0,567.5097656,0.640625,1.244140625,35,5.078125,18.69335938,0,1.923828125,23.77148438,2095405,286.757888,7.307227064,0.003892,0.910092,0,0.913984
11,hl#1,hl,2095405,3493,0.9787234043,0.8846153846,0.9292929293,359.8846154,0.06071220323,0.8350694444,96,,,,,,0,0,0,0,0,,,,,,,,,,0,,,,,,,,,,576,1,0,1,0,47,0.1627761698,529,0.2596242731,0.0007333341022,0.003463322761,0.01904452838,,,,11.48828125,39.1565625,50.64484375,1129.702148,0.765625,0,1130.467773,0.765625,1.577148438,47,5.078125,25.49609375,0,2.733398438,30.57421875,2095405,293.463248,7.140263778,0.004523,1.72347,0,1.727993
11,hl#2,hl,2095405,3493,0.9811320755,1,0.9904761905,33.36538462,0.006903539643,0.9316666667,192,,,,,,0,0,0,0,0,,,,,,,,,,0,,,,,,,,,,1152,1,0,1,0,53,0.1783636099,1099,0.3773499634,0.0004823902546,0.00336535113,0.01905168691,,,,22.75,78.55199219,101.3019922,2254.899414,0.859375,0,2255.758789,0.859375,1.774414062,53,5.078125,37.3046875,0,3.071289062,42.3828125,2095405,282.157865,7.426356873,0.01139,3.530398,0,3.541788
11,hl#3,hl,2095405,3493,1,1,1,11.5,0.002084243256,0.9716666667,384,,,,,,0,0,0,0,0,,,,,,,,,,0,,,,,,,,,,2304,1,0,1,0,52,0.1770416697,2252,0.489960652,0.0002894975355,0.003404647495,0.01904834626,,,,45.2734375,164.9526758,210.2261133,4504.866211,0.84375,0,4505.709961,0.84375,1.741210938,52,5.078125,59.59375,0,3.014648438,64.671875,2095405,255.562576,8.199185627,0.021701,7.575437,0,7.597138
11,ss[policy=difficulty],ss,2095405,3493,0.9454545455,1,0.9719626168,144.0769231,0.02548714961,1,2076,2076,,,,,0,0,0,0,0,,,,0.000218096263,0,,2076,0,0,0,2076,2076,2076,2076,0,0,1,1,0,55,1,52,1,0.1805083027,3,0.005417568441,0,0,7.590635006e-05,0.0001998022658,0.0002386173556,,,,86.43011719,148.7385938,235.1687109,4871.837891,5.65625,0,4877.494141,2.140625,3.087890625,55,5.46875,14.3984375,9.65625,1.47265625,19.8671875,2095405,237.824741,8.810710741,0.024348,51.928762,0.009389,51.962499
11,hybrid[head=topn-frontier reducer=streaming],hybrid,2095405,3493,0.8965517241,1,0.9454545455,62.61538462,0.01025872681,1,1428,1428,600,828,600,828,208,392,392,9640,7880,0.8174273859,0,17.041086,0.0005994067973,0,,828,0,0,0,828,828,828,828,0,0,1,1,0,58,1,52,1,0.1784867365,6,0.01092581148,0,0,6.217216341e-05,0.0003420182097,0.0005994067973,,,,49.52546875,49.49636719,99.02183594,2356.333008,950.375,941.40625,3306.708008,8.96875,15.35644531,392,5.46875,77.0234375,134.1503906,1.918945312,134.1503906,2095405,579.434798,3.616291267,0.229715,13.582105,0.455307,14.267127
12,hl,hl,2100274,3501,1,0.652173913,0.7894736842,1291.673913,0.2136559591,0.9895833333,48,,,,,,0,0,0,0,0,,,,,,,,,,0,,,,,,,,,,288,0.9565217391,0,1,0,30,0.1152782923,258,0.1650398948,0.0009733270384,0.003842609742,0.02026402269,,,,5.857421875,19.66740234,25.52482422,566.6738281,0.53125,0,567.2050781,0.53125,1.048828125,30,5.078125,18.61523438,0,1.677734375,23.69335938,2100274,276.5263,7.59520523,0.003442,0.907844,0,0.911286
12,hl#1,hl,2100274,3501,0.9772727273,0.9347826087,0.9555555556,326.2173913,0.05491136536,0.8211805556,96,,,,,,0,0,0,0,0,,,,,,,,,,0,,,,,,,,,,576,1,0,1,0,44,0.1508884079,532,0.2684045034,0.0007279390821,0.003429281998,0.02156623374,,,,11.48828125,39.18292969,50.67121094,1129.660156,0.78125,0,1130.441406,0.78125,1.53515625,44,5.078125,24.55859375,0,2.494140625,29.63671875,2100274,282.697315,7.429409084,0.005068,1.689039,0,1.694107
12,hl#2,hl,2100274,3501,1,1,1,33.45652174,0.006002482161,0.945,192,,,,,,0,0,0,0,0,,,,,,,,,,0,,,,,,,,,,1152,1,0,1,0,46,0.1599800788,1106,0.4001706444,0.0004862419472,0.0034778278,0.021585755,,,,22.75,78.54648438,101.2964844,2254.664062,0.75,0,2255.414062,0.75,1.5390625,46,5.078125,37.6953125,0,2.671875,42.7734375,2100274,272.262947,7.7141382,0.011808,3.631723,0,3.643531
12,hl#3,hl,2100274,3501,1,1,1,17.19565217,0.003779155854,0.975,384,,,,,,0,0,0,0,0,,,,,,,,,,0,,,,,,,,,,2304,1,0,1,0,46,0.1601048244,2258,0.5096387424,0.000290687312,0.003480539661,0.02160432401,,,,45.2734375,167.3684766,212.6419141,4504.664062,0.75,0,4505.414062,0.75,1.5390625,46,5.078125,59.828125,0,2.671875,64.90625,2100274,244.841452,8.578098124,0.023185,7.458999,0,7.482184
12,ss[policy=difficulty],ss,2100274,3501,0.92,1,0.9583333333,121.1086957,0.02338844926,1,2076,2076,,,,,0,0,0,0,0,,,,0.0002180667856,0,,2076,0,0,0,2076,2076,2076,2076,0,0,1,1,0,50,1,46,1,0.1626397318,4,0.006990516475,0,0,6.257278812e-05,0.0001190320882,0.0002380641764,,,,86.4371875,148.8233984,235.2605859,4871.671875,5.578125,0,4877.25,2.0625,2.921875,50,5.46875,14.3984375,9.65625,1.325195312,19.8671875,2100274,226.607706,9.268325588,0.025482,52.304103,0.016231,52.345816
12,hybrid[head=topn-frontier reducer=streaming],hybrid,2100274,3501,0.9019607843,1,0.9484536082,23.91304348,0.005367003598,1,1428,1340,600,828,600,740,210,390,390,9640,7840,0.8132780083,0,18.415574,0.0005237411881,0,,740,1,0,0,740,740,740,740,0,0,1.118918919,1.118918919,-0.1123629682,51,1,46,1,0.1605109619,5,0.008866462185,0,0,5.321434531e-05,0.0004380380846,0.0005237411881,,,,49.525,48.78447266,98.30947266,2360.147461,950.34375,941.40625,3310.491211,8.9375,15.39746094,390,5.46875,76.5234375,133.4550781,1.703125,133.4550781,2100274,566.373127,3.708286816,0.110716,13.637996,0.459846,14.208558
13,hl,hl,2024037,3374,0.9642857143,0.6428571429,0.7714285714,902.2619048,0.1531606588,0.9652777778,48,,,,,,0,0,0,0,0,,,,,,,,,,0,,,,,,,,,,288,1,0,1,0,28,0.09535991684,260,0.1664164242,0.0009089456286,0.003405711316,0.02214880459,,,,5.857421875,19.59507813,25.4525,566.6367188,0.53125,0,567.1679688,0.53125,1.01171875,28,5.078125,19.63085938,0,1.459960938,24.70898438,2024037,263.746769,7.674167944,0.003921,0.946306,0,0.950227
13,hl#1,hl,2024037,3374,1,0.9523809524,0.9756097561,285.547619,0.0499919794,0.8229166667,96,,,,,,0,0,0,0,0,,,,,,,,,,0,,,,,,,,,,576,1,0,1,0,40,0.1240535623,536,0.2744134618,0.0006917830279,0.003101339057,0.02253763148,,,,11.48828125,39.17572266,50.66400391,1129.500977,0.6875,0,1130.188477,0.6875,1.375976562,40,5.078125,25.18359375,0,2.3046875,30.26171875,2024037,272.531055,7.426812332,0.011261,1.768547,0,1.779808
13,hl#2,hl,2024037,3374,1,0.9761904762,0.9879518072,49.21428571,0.01044606125,0.9333333333,192,,,,,,0,0,0,0,0,,,,,,,,,,0,,,,,,,,,,1152,1,0,1,0,41,0.1295129486,1111,0.4101303484,0.000468440362,0.003158852406,0.02254108991,,,,22.75,78.70892578,101.4589258,2254.50293,0.671875,0,2255.174805,0.671875,1.377929688,41,5.078125,37.1484375,0,2.393554688,42.2265625,2024037,264.713475,7.646142683,0.014792,4.381973,0,4.396765
13,hl#3,hl,2024037,3374,1,1,1,18.0952381,0.003429145184,0.9733333333,384,,,,,,0,0,0,0,0,,,,,,,,,,0,,,,,,,,,,2304,1,0,1,0,42,0.1315119239,2262,0.5262789168,0.0002854994969,0.003131236284,0.0225489949,,,,45.2734375,171.5812109,216.8546484,4504.537109,0.6875,0,4505.224609,0.6875,1.412109375,42,5.078125,60.140625,0,2.451171875,65.21875,2024037,237.09038,8.536984925,0.024577,7.537858,0,7.562435
13,ss[policy=difficulty],ss,2024037,3374,0.8936170213,1,0.9438202247,175.3571429,0.03922506154,1,2076,2076,,,,,0,0,0,0,0,,,,0.0002470310572,0,,2076,0,0,0,2076,2076,2076,2076,0,0,1,1,0,47,1,42,1,0.1349876509,5,0.008840747476,0,0,9.634211232e-05,0.0001778623612,0.0002470310572,,,,85.70886719,148.8343164,234.5431836,4871.510742,5.46875,0,4876.979492,1.953125,2.760742188,47,5.46875,14.3984375,9.65625,1.284179688,19.8671875,2024037,221.015405,9.157900102,0.025469,52.754807,0.017072,52.797348
13,hybrid[head=topn-frontier reducer=streaming],hybrid,2024037,3374,0.875,1,0.9333333333,30.95238095,0.005325024689,1,1340,1368,600,740,600,768,212,388,388,9640,7800,0.8091286307,0,17.54115,0.0006916869603,1,768,768,0,1,768,768,768,768,768,1,1,0.9635416667,0.9635416667,0.03713954695,48,1,42,1,0.1319911642,6,0.01096768488,0,0,7.100084303e-05,0.0004609599528,0.0006916869603,,,,39.296875,53.1971875,92.4940625,2161.077148,950.40625,941.40625,3111.483398,9,15.40527344,388,5.46875,76.5234375,133.5429688,1.724609375,133.5429688,2024037,407.28991,4.969524042,0.130104,12.365062,0.449145,12.944311
14,hl,hl,1384089,2307,1,0.4545454545,0.625,1135.272727,0.3356085422,0.9722222222,48,,,,,,0,0,0,0,0,,,,,,,,,,0,,,,,,,,,,288,0.9090909091,0,1,0,20,0.08060103071,268,0.1630487635,0.0008460062298,0.004030051536,0.02069809095,,,,5.857421875,19.78427734,25.64169922,566.3808594,0.40625,0,566.7871094,0.40625,0.755859375,20,5.078125,20.09960938,0,1.1171875,25.17773438,1384089,175.62656,7.880863806,0.008957,1.010767,0,1.019724
14,hl#1,hl,1384089,2307,1,0.7954545455,0.8860759494,336.9545455,0.1068447815,0.8350694444,96,,,,,,0,0,0,0,0,,,,,,,,,,0,,,,,,,,,,576,1,0,1,0,35,0.1191520198,541,0.2757077038,0.0006855203535,0.003404343424,0.02126958599,,,,11.48828125,39.42005859,50.90833984,1129.34082,0.609375,0,1129.950195,0.609375,1.215820312,35,5.078125,26.04296875,0,1.93359375,31.12109375,1384089,188.36088,7.348070364,0.0056,1.885244,0,1.890844
14,hl#2,hl,1384089,2307,1,0.9772727273,0.9885057471,28.47727273,0.009430714131,0.935,192,,,,,,0,0,0,0,0,,,,,,,,,,0,,,,,,,,,,1152,1,0,1,0,43,0.1387410781,1109,0.399425904,0.0004671588386,0.003226536699,0.02164239438,,,,22.75,79.12244141,101.8724414,2254.574219,0.703125,0,2255.277344,0.703125,1.44921875,43,5.078125,39.2578125,0,2.51171875,44.3359375,1384089,182.288359,7.592854572,0.012837,3.817158,0,3.829995
14,hl#3,hl,1384089,2307,1,1,1,12.02272727,0.003120232043,0.9633333333,384,,,,,,0,0,0,0,0,,,,,,,,,,0,,,,,,,,,,2304,1,0,1,0,44,0.1406383549,2260,0.5153295778,0.0002847083041,0.003196326248,0.02158965211,,,,45.2734375,157.2661719,202.5396094,4504.605469,0.71875,0,4505.324219,0.71875,1.48046875,44,5.078125,60.453125,0,2.56640625,65.53125,1384089,157.419386,8.792366907,0.021187,7.797513,0,7.8187
14,ss[policy=difficulty],ss,1384089,2307,0.9361702128,1,0.967032967,60.72727273,0.01663835645,1,2076,1866,,,,,0,0,0,0,0,,,,0.000199409142,0,,1866,1,0,0,1866,1866,1866,1866,0,0,1.112540193,1.112540193,-0.1066458629,47,1,44,1,0.142601379,3,0.005065425706,0,0,4.940648956e-05,0.0001305311051,0.0002167490674,,,,85.70980469,150.4693945,236.1791992,4871.516602,5.46875,0,4876.985352,1.953125,2.766601562,47,5.46875,14.3984375,9.65625,1.254882812,19.8671875,1384089,153.140305,9.03804521,0.025207,51.950653,0.015903,51.991763
14,hybrid[head=topn-frontier reducer=streaming],hybrid,1384089,2307,0.9565217391,1,0.9777777778,54.5,0.02070196912,1,1368,1368,600,768,600,768,205,395,395,9640,7940,0.8236514523,0,17.874332,0.0006560271774,0,,768,0,0,0,768,768,768,768,0,0,1,1,0,46,1,44,1,0.1424034148,2,0.003590087054,0,0,6.444358143e-05,0.0006159286,0.0006560271774,,,,48.00453125,43.44052734,91.44505859,2185.626953,950.296875,941.40625,3135.923828,8.890625,15.40039062,395,5.46875,77.0234375,133.9599609,1.6796875,133.9599609,1384089,303.395876,4.561990157,0.098573,12.571238,0.716607,13.386418
15,hl,hl,2004283,3341,0.9615384615,0.6097560976,0.7462686567,1337.268293,0.2140918346,0.9722222222,48,,,,,,0,0,0,0,0,,,,,,,,,,0,,,,,,,,,,288,1,0,1,0,26,0.08136874882,262,0.1644388542,0.0008534986216,0.003129567262,0.01472097503,,,,5.857421875,19.57523438,25.43265625,566.5410156,0.46875,0,567.0097656,0.46875,0.916015625,26,5.078125,19.78710938,0,1.484375,24.86523438,2004283,325.725017,6.153297706,0.006709,0.915412,0,0.922121
15,hl#1,hl,2004283,3341,1,0.9512195122,0.975,315.8536585,0.05253213075,0.8229166667,96,,,,,,0,0,0,0,0,,,,,,,,,,0,,,,,,,,,,576,1,0,1,0,39,0.1190730052,537,0.2754446353,0.0006849264592,0.003053153978,0.01886859291,,,,11.48828125,39.15185547,50.64013672,1129.464844,0.671875,0,1130.136719,0.671875,1.33984375,39,5.078125,24.48046875,0,2.245117188,29.55859375,2004283,316.822004,6.326211484,0.004789,1.722388,0,1.727177
15,hl#2,hl,2004283,3341,1,1,1,35.80487805,0.006984855292,0.9416666667,192,,,,,,0,0,0,0,0,,,,,,,,,,0,,,,,,,,,,1152,1,0,1,0,41,0.1275698093,1111,0.4125739728,0.0004688748108,0.003111458762,0.01895291234,,,,22.75,78.65142578,101.4014258,2254.499023,0.671875,0,2255.170898,0.671875,1.374023438,41,5.078125,39.0234375,0,2.389648438,44.1015625,2004283,330.534018,6.063772232,0.013167,3.554488,0,3.567655
15,hl#3,hl,2004283,3341,1,0.9756097561,0.987654321,13.75609756,0.002876199029,0.97,384,,,,,,0,0,0,0,0,,,,,,,,,,0,,,,,,,,,,2304,1,0,1,0,40,0.1258584741,2264,0.5281315064,0.0002838498179,0.003146461852,0.01895141554,,,,45.2734375,161.3464063,206.6198438,4504.46582,0.65625,0,4505.12207,0.65625,1.340820312,40,5.078125,59.984375,0,2.333007812,65.0625,2004283,276.348043,7.252749027,0.020656,7.49187,0,7.512526
15,ss[policy=difficulty],ss,2004283,3341,0.9111111111,1,0.9534883721,176.5853659,0.03597110197,1,1866,1866,,,,,0,0,0,0,0,,,,0.0002494657691,0,,1866,0,0,0,1866,1866,1866,1866,0,0,1,1,0,45,1,41,1,0.1312419454,4,0.00704241866,0,0,9.843364879e-05,0.0002043124649,0.0002993589229,,,,80.37871094,143.7629102,224.1416211,4379.158203,5.34375,0,4384.501953,1.828125,2.595703125,45,5.46875,14.3984375,9.65625,1.268554688,19.8671875,2004283,273.666737,7.323809324,0.024945,47.01948,0.013757,47.058182
15,hybrid[head=topn-frontier reducer=streaming],hybrid,2004283,3341,0.9111111111,1,0.9534883721,92.65853659,0.02365684814,1,1368,1463,600,768,600,863,196,404,404,9640,8120,0.8423236515,0,17.077931,0.0007483973072,1,863,863,0,0,863,863,863,863,863,1,1,0.8899188876,0.8899188876,0.1166249579,45,1,41,1,0.129525122,4,0.007422105561,0,0,9.42315365e-05,0.0005862445573,0.0007483973072,,,,48.006875,43.29113281,91.29800781,2229.850586,950.6875,941.40625,3180.538086,9.28125,15.94433594,404,5.46875,77.0234375,133.8818359,1.584960938,133.8818359,2004283,485.427402,4.128903708,0.10865,12.497847,0.462794,13.069291
16,hl,hl,2118688,3532,1,0.6363636364,0.7777777778,1719.863636,0.2266177201,0.9479166667,48,,,,,,0,0,0,0,0,,,,,,,,,,0,,,,,,,,,,288,1,0,1,0,28,0.09725877524,260,0.1644560218,0.0009087319343,0.003473527687,0.01294716353,,,,5.857421875,20.15117187,26.00859375,566.6064453,0.5,0,567.1064453,0.5,0.9814453125,28,5.078125,18.53710938,0,1.596679688,23.61523438,2118688,280.489911,7.553526587,0.003938,0.899056,0,0.902994
16,hl#1,hl,2118688,3532,1,0.9090909091,0.9523809524,509.5227273,0.07088026758,0.8125,96,,,,,,0,0,0,0,0,,,,,,,,,,0,,,,,,,,,,576,1,0,1,0,40,0.1369507922,536,0.2704659676,0.0007073207636,0.003423769805,0.01756464378,,,,11.48828125,39.13322266,50.62150391,1129.493164,0.6875,0,1130.180664,0.6875,1.368164062,40,5.078125,25.65234375,0,2.295898438,30.73046875,2118688,286.587051,7.392825296,0.010808,1.710552,0,1.72136
16,hl#2,hl,2118688,3532,1,1,1,26.09090909,0.004302929071,0.9416666667,192,,,,,,0,0,0,0,0,,,,,,,,,,0,,,,,,,,,,1152,1,0,1,0,44,0.1520776065,1108,0.3984041067,0.0004778487094,0.003456309239,0.01760901086,,,,22.75,78.35640625,101.1064063,2254.594727,0.71875,0,2255.313477,0.71875,1.469726562,44,5.078125,37.3828125,0,2.555664062,42.4609375,2118688,278.635494,7.603797957,0.024216,3.487004,0,3.51122
16,hl#3,hl,2118688,3532,1,1,1,13.52272727,0.002373529917,0.9783333333,384,,,,,,0,0,0,0,0,,,,,,,,,,0,,,,,,,,,,2304,1,0,1,0,44,0.152056367,2260,0.5102341638,0.0002874524873,0.003455826522,0.01760145902,,,,45.2734375,158.845957,204.1193945,4504.594727,0.71875,0,4505.313477,0.71875,1.469726562,44,5.078125,59.4375,0,2.555664062,64.515625,2118688,253.945265,8.343089209,0.020612,7.324892,0,7.345504
16,ss[policy=difficulty],ss,2118688,3532,0.88,1,0.9361702128,179.4318182,0.02930248149,1,1866,2114,,,,,0,0,0,0,0,,,,0.0002831941277,1,2114,2114,0,1,2114,2114,2114,2114,2114,1,1,0.8826868496,0.8826868496,0.124784785,50,1,44,1,0.1558058572,6,0.01073211346,0,0,0.0001037151294,0.0002432322897,0.0002831941277,,,,80.76035156,143.8411328,224.6014844,4379.289062,5.390625,0,4384.679688,1.875,2.7265625,50,5.46875,14.3984375,9.65625,1.385742188,19.8671875,2118688,244.002885,8.683044875,0.022686,52.919851,0.019907,52.962444
16,hybrid[head=topn-frontier reducer=streaming],hybrid,2118688,3532,0.9777777778,1,0.9887640449,65.11363636,0.008749417113,1,1463,1463,600,863,600,863,206,394,394,9640,7920,0.8215767635,0,23.216825,0.0006442666405,0,,863,0,0,0,863,863,863,863,0,0,1,1,0,45,1,44,1,0.1534317464,1,0.001749195729,0,0,3.844098067e-05,0.0003775921702,0.0006442666405,,,,50.4221875,45.7734375,96.195625,2447.625,950.46875,941.40625,3398.09375,9.0625,15.6015625,394,5.46875,76.5234375,133.5283203,1.500976562,133.5283203,2118688,1577.523659,1.343046735,0.22145,21.247451,0.829785,22.298686
17,hl,hl,2086971,3479,1,0.7021276596,0.825,1078.765957,0.1838693639,0.9826388889,48,,,,,,0,0,0,0,0,,,,,,,,,,0,,,,,,,,,,288,0.9574468085,0,1,0,33,0.1170188757,255,0.1532100829,0.0009382949952,0.003546026536,0.01553974636,,,,5.857421875,19.77679687,25.63421875,566.8291016,0.640625,0,567.4697266,0.640625,1.204101562,33,5.078125,19.00585938,0,1.83984375,24.08398438,2086971,292.678962,7.130580844,0.003227,0.942486,0,0.945713
17,hl#1,hl,2086971,3479,1,0.8723404255,0.9318181818,326.787234,0.06575103743,0.8298611111,96,,,,,,0,0,0,0,0,,,,,,,,,,0,,,,,,,,,,576,1,0,1,0,41,0.1420575561,535,0.2630515709,0.0007033144567,0.003464818442,0.0162829287,,,,11.48828125,39.12558594,50.61386719,1129.529297,0.703125,0,1130.232422,0.703125,1.404296875,41,5.078125,24.40234375,0,2.356445312,29.48046875,2086971,298.074095,7.001517525,0.004723,1.724297,0,1.72902
17,hl#2,hl,2086971,3479,1,0.9787234043,0.9892473118,28.76595745,0.006116350733,0.9416666667,192,,,,,,0,0,0,0,0,,,,,,,,,,0,,,,,,,,,,1152,1,0,1,0,46,0.1548502591,1106,0.3894931937,0.0004725203583,0.00336630998,0.01629155364,,,,22.75,78.65578125,101.4057813,2254.658203,0.75,0,2255.408203,0.75,1.533203125,46,5.078125,36.4453125,0,2.666015625,41.5234375,2086971,288.749904,7.227607598,0.012194,4.677078,0,4.689272
17,hl#3,hl,2086971,3479,1,0.9787234043,0.9892473118,17.65957447,0.003283437621,0.9716666667,384,,,,,,0,0,0,0,0,,,,,,,,,,0,,,,,,,,,,2304,1,0,1,0,46,0.1548526549,2258,0.505199641,0.0002864810312,0.003366362063,0.01631407432,,,,45.2734375,173.8722266,219.1456641,4504.65918,0.75,0,4505.40918,0.75,1.534179688,46,5.078125,59.515625,0,2.666992188,64.59375,2086971,261.26852,7.987839484,0.110893,13.31426,0,13.425153
17,ss[policy=difficulty],ss,2086971,3479,0.94,1,0.9690721649,166.1489362,0.03208294902,1,2114,2114,,,,,0,0,0,0,0,,,,0.0002395816712,0,,2114,0,0,0,2114,2114,2114,2114,0,0,1,1,0,50,1,47,1,0.1602825339,3,0.005170172465,0,0,8.154401762e-05,0.0001118047799,0.0002395816712,,,,87.2884375,149.6648242,236.9532617,4960.572266,5.421875,0,4965.994141,1.90625,2.759765625,50,5.46875,14.3984375,9.65625,1.423828125,19.8671875,2086971,247.946355,8.417026336,0.053829,55.560308,0.011067,55.625204
17,hybrid[head=topn-frontier reducer=streaming],hybrid,2086971,3479,0.9591836735,1,0.9791666667,30.76595745,0.006121614864,1,1463,1265,600,863,600,665,205,395,395,9640,7940,0.8236514523,0,17.080499,0.0003574558535,0,,665,1,0,0,665,665,665,665,0,0,1.297744361,1.297744361,-0.2606276504,49,1,47,1,0.1572336175,2,0.003412122162,0,0,2.391905175e-05,0.0002395816712,0.0003574558535,,,,50.41898438,45.73103516,96.15001953,2447.086914,950.421875,941.40625,3397.508789,9.015625,15.58691406,395,5.46875,76.5234375,133.7382812,1.673828125,133.7382812,2086971,1619.166152,1.288917136,0.124496,14.056067,0.469553,14.650116
18,hl,hl,2141043,3569,1,0.6888888889,0.8157894737,1392.711111,0.1618669433,0.9722222222,48,,,,,,0,0,0,0,0,,,,,,,,,,0,,,,,,,,,,288,1,0,1,0,31,0.1264206277,257,0.1514658977,0.0009648837687,0.004078084765,0.01359430894,,,,5.857421875,19.85951172,25.71693359,566.7275391,0.578125,0,567.3056641,0.578125,1.102539062,31,5.078125,19.31835938,0,1.69140625,24.39648438,2141043,273.930943,7.815995435,0.009494,0.927192,0,0.936686
18,hl#1,hl,2141043,3569,1,0.9555555556,0.9772727273,337.9777778,0.03851345185,0.8315972222,96,,,,,,0,0,0,0,0,,,,,,,,,,0,,,,,,,,,,576,1,0,1,0,43,0.1638790066,533,0.2546399115,0.000726595344,0.003811139689,0.01926164024,,,,11.48828125,39.13328125,50.6215625,1129.556641,0.703125,0,1130.259766,0.703125,1.431640625,43,5.078125,24.71484375,0,2.494140625,29.79296875,2141043,280.599085,7.630256528,0.004913,1.731509,0,1.736422
18,hl#2,hl,2141043,3569,1,1,1,33.91111111,0.006075515056,0.935,192,,,,,,0,0,0,0,0,,,,,,,,,,0,,,,,,,,,,1152,1,0,1,0,45,0.1730735908,1107,0.3816649175,0.000481543844,0.003846079795,0.02212146136,,,,22.75,78.32585937,101.0758594,2254.621094,0.734375,0,2255.355469,0.734375,1.49609375,45,5.078125,36.9921875,0,2.60546875,42.0703125,2141043,271.295984,7.891908197,0.024676,3.545968,0,3.570644
18,hl#3,hl,2141043,3569,1,1,1,19.64444444,0.003885379553,0.9633333333,384,,,,,,0,0,0,0,0,,,,,,,,,,0,,,,,,,,,,2304,1,0,1,0,45,0.1731296382,2259,0.4892876976,0.0002875075242,0.003847325294,0.02213547322,,,,45.2734375,158.2567773,203.5302148,4504.621094,0.734375,0,4505.355469,0.734375,1.49609375,45,5.078125,60.21875,0,2.60546875,65.296875,2141043,246.066002,8.701092319,0.020801,7.471382,0,7.492183
18,ss[policy=difficulty],ss,2141043,3569,1,1,1,160.2222222,0.02934415433,1,2114,2114,,,,,0,0,0,0,0,,,,0.0002143814954,0,,2114,0,0,0,2114,2114,2114,2114,0,0,1,1,0,45,1,45,1,0.1765195748,0,0,0,0,7.48337246e-05,0,0.0002335310407,,,,86.893125,149.6626758,236.5558008,4960.277344,5.21875,0,4965.496094,1.703125,2.46484375,45,5.46875,14.3984375,9.65625,1.239257812,19.8671875,2141043,230.476023,9.289656131,0.024624,53.520765,0.011467,53.556856
18,hybrid[head=topn-frontier reducer=streaming],hybrid,2141043,3569,0.9375,1,0.9677419355,46.66666667,0.009904126971,1,1265,1393,600,665,600,793,226,374,374,9640,7520,0.7800829876,1,2.702915,0.0007940055384,1,793,793,0,1,793,793,793,793,793,1,1,0.8385876419,0.8385876419,0.176036181,48,1,45,1,0.1741328876,3,0.005363740943,0,0,5.484087273e-05,0.0005505105066,0.0007940055384,,,,37.39960937,40.73755859,78.13716797,1984.495117,743.09375,734.375,2727.588867,8.71875,15.01855469,374,5.46875,76.5234375,133.8652344,1.637695312,133.8652344,2141043,388.473209,5.511430262,0.083524,11.082495,0.45912,11.625139
19,hl,hl,2081259,3469,0.9696969697,0.7111111111,0.8205128205,1112.622222,0.1807542507,0.9826388889,48,,,,,,0,0,0,0,0,,,,,,,,,,0,,,,,,,,,,288,1,0,1,0,33,0.103561354,255,0.1643116018,0.0009301144297,0.003138222848,0.009638396759,,,,5.857421875,19.78,25.63742188,566.7626953,0.578125,0,567.3408203,0.578125,1.137695312,33,5.078125,19.24023438,0,1.903320312,24.31835938,2081259,269.606914,7.71960544,0.003101,0.912901,0,0.916002
19,hl#1,hl,2081259,3469,1,0.8888888889,0.9411764706,236,0.04204773022,0.8246527778,96,,,,,,0,0,0,0,0,,,,,,,,,,0,,,,,,,,,,576,1,0,1,0,40,0.1302812384,536,0.2761592863,0.0007056259109,0.003257030961,0.01174385312,,,,11.48828125,39.12642578,50.61470703,1129.455078,0.65625,0,1130.111328,0.65625,1.330078125,40,5.078125,25.10546875,0,2.322265625,30.18359375,2081259,278.197522,7.481227672,0.010268,1.728233,0,1.738501
19,hl#2,hl,2081259,3469,1,0.9777777778,0.9887640449,30,0.005923633355,0.945,192,,,,,,0,0,0,0,0,,,,,,,,,,0,,,,,,,,,,1152,1,0,1,0,44,0.1407052174,1108,0.4040794538,0.0004729033604,0.003197845849,0.01178229139,,,,22.75,78.44646484,101.1964648,2254.586914,0.71875,0,2255.305664,0.71875,1.461914062,44,5.078125,37.6953125,0,2.547851562,42.7734375,2081259,269.334051,7.727426192,0.014469,3.546794,0,3.561263
19,hl#3,hl,2081259,3469,1,0.9777777778,0.9887640449,14.46666667,0.002795654509,0.9766666667,384,,,,,,0,0,0,0,0,,,,,,,,,,0,,,,,,,,,,2304,1,0,1,0,44,0.140790262,2260,0.5158007725,0.0002849787476,0.003199778683,0.01180006909,,,,45.2734375,164.8960742,210.1695117,4504.586914,0.71875,0,4505.305664,0.71875,1.461914062,44,5.078125,60.21875,0,2.547851562,65.296875,2081259,243.606976,8.543511496,0.022864,7.447774,0,7.470638
19,ss[policy=difficulty],ss,2081259,3469,0.9,1,0.9473684211,149.5111111,0.02624981524,1,2114,2114,,,,,0,0,0,0,0,,,,0.0002272662845,0,,2114,0,0,0,2114,2114,2114,2114,0,0,1,1,0,50,1,45,1,0.1458314414,5,0.008723085402,0,0,8.252697045e-05,0.0001787379658,0.0002402392014,,,,87.24527344,149.6814648,236.9267383,4960.592773,5.453125,0,4966.045898,1.9375,2.780273438,50,5.46875,14.3984375,9.65625,1.359375,19.8671875,2081259,227.465586,9.149775298,0.028049,53.178547,0.014511,53.221107
19,hybrid[head=topn-frontier reducer=streaming],hybrid,2081259,3469,0.9183673469,1,0.9574468085,109.2,0.02351200548,1,1393,1458,600,793,600,858,212,388,388,9640,7800,0.8091286307,0,17.097522,0.0007207176041,1,858,858,0,0,858,858,858,858,858,1,1,0.9242424242,0.9242424242,0.07878087785,49,1,45,1,0.1449598536,4,0.00766459148,0,0,8.073998302e-05,0.0003987970743,0.0007207176041,,,,48.63636719,43.86964844,92.50601563,2264.939453,950.4375,941.40625,3215.376953,9.03125,15.41601562,388,5.46875,77.0234375,134.2529297,1.626953125,134.2529297,2081259,461.035733,4.514311692,0.14239,13.226834,0.443212,13.812436
20,hl,hl,2059256,3433,1,0.5,0.6666666667,1509.5,0.2497196838,0.96875,48,,,,,,0,0,0,0,0,,,,,,,,,,0,,,,,,,,,,288,0.9791666667,0,1,0,24,0.08447468406,264,0.1721228444,0.0008909636404,0.003519778503,0.01185768064,,,,5.857421875,19.64166016,25.49908203,566.4667969,0.4375,0,566.9042969,0.4375,0.841796875,24,5.078125,18.92773438,0,1.298828125,24.00585938,2059256,273.860951,7.519348752,0.003199,0.938143,0,0.941342
20,hl#1,hl,2059256,3433,1,0.8333333333,0.9090909091,449.9583333,0.09026684231,0.8211805556,96,,,,,,0,0,0,0,0,,,,,,,,,,0,,,,,,,,,,576,0.9791666667,0,1,0,40,0.1278019829,536,0.2743146068,0.0006981190793,0.003195049571,0.01490198402,,,,11.48828125,39.15150391,50.63978516,1129.486328,0.6875,0,1130.173828,0.6875,1.361328125,40,5.078125,25.41796875,0,2.223632812,30.49609375,2059256,281.54201,7.314205081,0.004977,1.754098,0,1.759075
20,hl#2,hl,2059256,3433,1,1,1,29.6875,0.005827632663,0.9483333333,192,,,,,,0,0,0,0,0,,,,,,,,,,0,,,,,,,,,,1152,1,0,1,0,48,0.1478509714,1104,0.397747536,0.0004736098155,0.003080228571,0.01485585085,,,,22.75,78.47101563,101.2210156,2254.71875,0.78125,0,2255.5,0.78125,1.59375,48,5.078125,37.7734375,0,2.7734375,42.8515625,2059256,273.081948,7.540798706,0.011123,3.526328,0,3.537451
20,hl#3,hl,2059256,3433,1,1,1,12.875,0.002662039045,0.9816666667,384,,,,,,0,0,0,0,0,,,,,,,,,,0,,,,,,,,,,2304,1,0,1,0,48,0.1476183631,2256,0.5102167967,0.0002855187326,0.003075382565,0.01486459187,,,,45.2734375,169.1367578,214.4101953,4504.71875,0.78125,0,4505.5,0.78125,1.59375,48,5.078125,59.828125,0,2.7734375,64.90625,2059256,248.409113,8.28977639,0.020458,7.447087,0,7.467545
20,ss[policy=difficulty],ss,2059256,3433,0.9230769231,1,0.96,126.7916667,0.02465568393,1,2114,1879,,,,,0,0,0,0,0,,,,0.0001942449118,0,,1879,1,0,0,1879,1879,1879,1879,0,0,1.125066525,1.125066525,-0.117842167,52,1,48,1,0.1506262456,4,0.007058374481,0,0,6.918107242e-05,0.0001604948583,0.0002389212415,,,,86.69664063,149.678457,236.3750977,4960.72168,5.546875,0,4966.268555,2.03125,2.909179688,52,5.46875,14.3984375,9.65625,1.4375,19.8671875,2059256,234.110454,8.796087337,0.024908,52.715122,0.013126,52.753156
20,hybrid[head=topn-frontier reducer=streaming],hybrid,2059256,3433,0.96,1,0.9795918367,31.25,0.007401859344,1,1458,1458,600,858,600,858,210,390,390,9640,7840,0.8132780083,0,17.257582,0.0004856122794,0,,858,0,0,0,858,858,858,858,0,0,1,1,0,50,1,48,1,0.1483992277,2,0.003536714231,0,0,3.107918588e-05,0.0004127704375,0.0004856122794,,,,50.4446875,45.72386719,96.16855469,2432.004883,950.34375,941.40625,3382.348633,8.9375,15.40332031,390,5.46875,77.0234375,134.0966797,1.60546875,134.0966797,2059256,1147.006816,1.795330221,0.124266,13.979304,0.445002,14.548572
21,hl,hl,2089295,3483,0.96875,0.6739130435,0.7948717949,1464.608696,0.1837718624,0.9722222222,48,,,,,,0,0,0,0,0,,,,,,,,,,0,,,,,,,,,,288,1,0,1,0,32,0.1043969377,256,0.1577632646,0.0009102784804,0.003262404304,0.0118666823,,,,5.857421875,19.62619141,25.48361328,566.7285156,0.5625,0,567.2910156,0.5625,1.103515625,32,5.078125,20.25585938,0,1.84375,25.33398438,2089295,277.756579,7.522036049,0.003112,0.920754,0,0.923866
21,hl#1,hl,2089295,3483,1,0.9130434783,0.9545454545,410.4782609,0.0453715709,0.8298611111,96,,,,,,0,0,0,0,0,,,,,,,,,,0,,,,,,,,,,576,1,0,1,0,42,0.1381667022,534,0.2697618096,0.0007082092218,0.003289683385,0.01449196978,,,,11.48828125,39.12658203,50.61486328,1129.526367,0.6875,0,1130.213867,0.6875,1.401367188,42,5.078125,24.48046875,0,2.440429688,29.55859375,2089295,285.900195,7.307777457,0.004895,1.73889,0,1.743785
21,hl#2,hl,2089295,3483,1,0.9565217391,0.9777777778,42.45652174,0.007868581272,0.945,192,,,,,,0,0,0,0,0,,,,,,,,,,0,,,,,,,,,,1152,1,0,1,0,44,0.1489976284,1108,0.3943167432,0.0004716270587,0.003386309736,0.01449053389,,,,22.75,78.45253906,101.2025391,2254.589844,0.71875,0,2255.308594,0.71875,1.46484375,44,5.078125,37.3828125,0,2.55078125,42.4609375,2089295,275.912303,7.572315469,0.011826,3.578957,0,3.590783
21,hl#3,hl,2089295,3483,1,1,1,14.2173913,0.002519464836,0.975,384,,,,,,0,0,0,0,0,,,,,,,,,,0,,,,,,,,,,2304,1,0,1,0,46,0.1525773048,2258,0.506208075,0.0002859311544,0.00331689793,0.01447617498,,,,45.2734375,163.7211523,208.9945898,4504.655273,0.75,0,4505.405273,0.75,1.530273438,46,5.078125,60.609375,0,2.663085938,65.6875,2089295,250.951984,8.325477116,0.020884,7.479007,0,7.499891
21,ss[policy=difficulty],ss,2089295,3483,0.8679245283,1,0.9292929293,180.6521739,0.0329769942,1,1879,2159,,,,,0,0,0,0,0,,,,0.0002871782108,1,2159,2159,0,1,2159,2159,2159,2159,2159,1,1,0.8703103289,0.8703103289,0.1389054311,53,1,46,1,0.1566054578,7,0.01234148361,0,0,9.942868243e-05,0.0001846145641,0.0002871782108,,,,81.20773438,144.1502148,225.3579492,4409.938477,5.53125,0,4415.469727,2.015625,2.907226562,53,5.46875,14.3984375,9.65625,1.427734375,19.8671875,2089295,242.636301,8.610809641,0.021958,46.744326,0.017392,46.783676
21,hybrid[head=topn-frontier reducer=streaming],hybrid,2089295,3483,0.9387755102,1,0.9684210526,34.73913043,0.006795072816,1,1458,1366,600,858,600,766,212,388,388,9640,7800,0.8091286307,0,17.237038,0.0005221857134,0,,766,1,0,0,766,766,766,766,0,0,1.120104439,1.120104439,-0.1134219297,49,1,46,1,0.1533928909,3,0.005673684185,0,0,3.896441779e-05,0.0003814683901,0.0005221857134,,,,50.40648437,45.83671875,96.24320313,2442.59082,950.28125,941.40625,3392.87207,8.875,15.32519531,388,5.46875,76.5234375,133.6796875,1.615234375,133.6796875,2089295,1146.899945,1.821688988,0.118478,14.137822,0.465557,14.721857
22,hl,hl,2050496,3418,1,0.75,0.8571428571,994.3541667,0.1744416086,0.96875,48,,,,,,0,0,0,0,0,,,,,,,,,,0,,,,,,,,,,288,0.9791666667,0,1,0,36,0.1172804044,252,0.1534223915,0.0009399402632,0.00325778901,0.0151899833,,,,5.857421875,19.81390625,25.67132812,566.8925781,0.65625,0,567.5488281,0.65625,1.267578125,36,5.078125,19.39648438,0,1.977539062,24.47460938,2050496,267.791464,7.657062587,0.00343,0.889327,0,0.892757
22,hl#1,hl,2050496,3418,1,0.9583333333,0.9787234043,206.0416667,0.04160328944,0.8333333333,96,,,,,,0,0,0,0,0,,,,,,,,,,0,,,,,,,,,,576,1,0,1,0,46,0.1465806322,530,0.2673738452,0.0007186709676,0.003186535483,0.01633214598,,,,11.48828125,39.08751953,50.57580078,1129.654297,0.75,0,1130.404297,0.75,1.529296875,46,5.078125,24.63671875,0,2.662109375,29.71484375,2050496,276.069385,7.427466106,0.004986,1.701758,0,1.706744
22,hl#2,hl,2050496,3418,1,1,1,29.60416667,0.00596113563,0.9533333333,192,,,,,,0,0,0,0,0,,,,,,,,,,0,,,,,,,,,,1152,1,0,1,0,48,0.1534477512,1104,0.3950122312,0.0004760937347,0.00319682815,0.01635165345,,,,22.75,78.46427734,101.2142773,2254.719727,0.78125,0,2255.500977,0.78125,1.594726562,48,5.078125,38.0078125,0,2.774414062,43.0859375,2050496,266.601665,7.691234787,0.013407,3.55624,0,3.569647
22,hl#3,hl,2050496,3418,1,1,1,20.375,0.003703852142,0.9783333333,384,,,,,,0,0,0,0,0,,,,,,,,,,0,,,,,,,,,,2304,1,0,1,0,48,0.1533175388,2256,0.5044691626,0.0002854977002,0.003194115391,0.0163277568,,,,45.2734375,164.2808008,209.5542383,4504.719727,0.78125,0,4505.500977,0.78125,1.594726562,48,5.078125,59.4375,0,2.774414062,64.515625,2050496,241.738568,8.482287361,0.022199,7.455127,0,7.477326
22,ss[policy=difficulty],ss,2050496,3418,0.9795918367,1,0.9896907216,142.8958333,0.02716271072,1,2159,2159,,,,,0,0,0,0,0,,,,0.0001950747526,0,,2159,0,0,0,2159,2159,2159,2159,0,0,1,1,0,49,1,48,1,0.1567445145,1,0.001718120884,0,0,7.025676933e-05,9.753737632e-05,0.0002423803802,,,,88.28242187,150.6932422,238.9756641,5066.125977,5.53125,0,5071.657227,2.015625,2.844726562,49,5.46875,14.3984375,9.65625,1.327148438,19.8671875,2050496,225.639554,9.087484724,0.02487,54.013203,0.01311,54.051183
22,hybrid[head=topn-frontier reducer=streaming],hybrid,2050496,3418,0.9795918367,1,0.9896907216,83.54166667,0.01787281093,1,1366,1366,600,766,600,766,216,384,384,9640,7720,0.8008298755,0,17.123044,0.0005852242579,0,,766,0,0,0,766,766,766,766,0,0,1,1,0,49,1,48,1,0.1553550946,1,0.001729337682,0,0,4.289653999e-05,0.0001463060645,0.0005852242579,,,,47.94945312,44.44662109,92.39607422,2217.255859,950.34375,941.40625,3167.599609,8.9375,15.28710938,384,5.46875,77.0234375,134.1796875,1.655273438,134.1796875,2050496,418.373162,4.901117438,0.098136,12.539192,0.443157,13.080485
23,hl,hl,2077277,3463,1,0.7826086957,0.8780487805,953.2826087,0.1474347876,0.9895833333,48,,,,,,0,0,0,0,0,,,,,,,,,,0,,,,,,,,,,288,0.9782608696,0,1,0,36,0.128966912,252,0.1522907152,0.0009765889832,0.003582414221,0.01360434838,,,,5.857421875,19.96414062,25.8215625,566.8925781,0.65625,0,567.5488281,0.65625,1.267578125,36,5.078125,18.53710938,0,1.94140625,23.61523438,2077277,278.926546,7.447397997,0.002965,0.917307,0,0.920272
23,hl#1,hl,2077277,3463,0.9534883721,0.8913043478,0.9213483146,197.3695652,0.03904713222,0.8385416667,96,,,,,,0,0,0,0,0,,,,,,,,,,0,,,,,,,,,,576,1,0,1,0,43,0.1533709756,533,0.2679166043,0.0007314020483,0.003566766874,0.01885689776,,,,11.48828125,39.10785156,50.59613281,1129.585938,0.734375,0,1130.320312,0.734375,1.4609375,43,5.078125,25.10546875,0,2.458984375,30.18359375,2077277,286.209912,7.257879315,0.008791,1.72679,0,1.735581
23,hl#2,hl,2077277,3463,0.9782608696,0.9782608696,0.9782608696,29.97826087,0.005342028889,0.945,192,,,,,,0,0,0,0,0,,,,,,,,,,0,,,,,,,,,,1152,1,0,1,0,46,0.1608432578,1106,0.3893231379,0.0004775749963,0.003496592561,0.01888241193,,,,22.75,78.70722656,101.4572266,2254.65625,0.75,0,2255.40625,0.75,1.53125,46,5.078125,37.2265625,0,2.6640625,42.3046875,2077277,276.984053,7.499626702,0.011835,3.547883,0,3.559718
23,hl#3,hl,2077277,3463,1,0.9782608696,0.989010989,21.2826087,0.0038096773,0.9783333333,384,,,,,,0,0,0,0,0,,,,,,,,,,0,,,,,,,,,,2304,1,0,1,0,45,0.1591785785,2259,0.5002106123,0.0002861932252,0.003537301744,0.01886171175,,,,45.2734375,175.7435938,221.0170313,4504.625,0.734375,0,4505.359375,0.734375,1.5,45,5.078125,60.609375,0,2.609375,65.6875,2077277,251.675577,8.253788567,0.01984,7.401354,0,7.421194
23,ss[policy=difficulty],ss,2077277,3463,0.92,1,0.9583333333,142.9782609,0.02650785972,1,2159,2159,,,,,0,0,0,0,0,,,,0.0002296275364,0,,2159,0,0,0,2159,2159,2159,2159,0,0,1,1,0,50,1,46,1,0.1639713914,4,0.00690856347,0,0,7.58878089e-05,0.0001570565697,0.0002406997237,,,,87.8171875,150.5936133,238.4108008,5066.223633,5.609375,0,5071.833008,2.09375,2.942382812,50,5.46875,14.3984375,9.65625,1.354492188,19.8671875,2077277,236.516824,8.782787477,0.026088,53.983368,0.013996,54.023452
23,hybrid[head=topn-frontier reducer=streaming],hybrid,2077277,3463,0.9787234043,1,0.9892473118,75.15217391,0.01314429464,1,1366,1375,600,766,600,775,217,383,383,9640,7700,0.7987551867,1,2.796533,0.0006739592264,1,775,775,0,1,775,775,775,775,775,1,1,0.9883870968,0.9883870968,0.01168085961,47,1,46,1,0.1624694251,1,0.00169019346,0,0,3.857341104e-05,0.0001487524293,0.0006739592264,,,,47.95429687,45.34082031,93.29511719,2216.202148,760.84375,751.953125,2977.045898,8.890625,15.31933594,383,5.46875,76.5234375,133.7578125,1.6953125,133.7578125,2077277,429.713457,4.834098086,0.104276,12.66356,0.453895,13.221731
24,hl,hl,2048965,3415,0.9393939394,0.756097561,0.8378378378,1340.414634,0.1678372647,0.9895833333,48,,,,,,0,0,0,0,0,,,,,,,,,,0,,,,,,,,,,288,0.9756097561,0,1,0,33,0.1175271418,255,0.1559636207,0.0009496207028,0.003561428538,0.01584019249,,,,5.857421875,19.63851563,25.4959375,566.7958984,0.609375,0,567.4052734,0.609375,1.170898438,33,5.078125,18.77148438,0,1.873046875,23.84960938,2048965,266.251947,7.695586917,0.003217,0.911894,0,0.915111
24,hl#1,hl,2048965,3415,0.9523809524,0.9756097561,0.9638554217,512.0487805,0.04873897417,0.8472222222,96,,,,,,0,0,0,0,0,,,,,,,,,,0,,,,,,,,,,576,1,0,1,0,42,0.1441879193,534,0.2708308829,0.0007205187538,0.003433045697,0.02142008282,,,,11.48828125,39.12695312,50.61523438,1129.556641,0.71875,0,1130.275391,0.71875,1.431640625,42,5.078125,25.96484375,0,2.40625,31.04296875,2048965,272.720748,7.513051409,0.004838,1.826729,0,1.831567
24,hl#2,hl,2048965,3415,1,1,1,30.65853659,0.005898926753,0.9516666667,192,,,,,,0,0,0,0,0,,,,,,,,,,0,,,,,,,,,,1152,1,0,1,0,41,0.1517248953,1111,0.4015807981,0.000480300081,0.003700607201,0.02140446518,,,,22.75,78.83955078,101.5895508,2254.494141,0.671875,0,2255.166016,0.671875,1.369140625,41,5.078125,38.5546875,0,2.384765625,43.6328125,2048965,263.818339,7.766575318,0.012367,3.557129,0,3.569496
24,hl#3,hl,2048965,3415,1,1,1,14.46341463,0.002828413264,0.9816666667,384,,,,,,0,0,0,0,0,,,,,,,,,,0,,,,,,,,,,2304,1,0,1,0,41,0.1518351948,2263,0.5093879105,0.000286989195,0.003703297435,0.02140007272,,,,45.2734375,165.6465625,210.92,4504.494141,0.671875,0,4505.166016,0.671875,1.369140625,41,5.078125,60.84375,0,2.384765625,65.921875,2048965,237.636113,8.622279561,0.02158,7.515245,0,7.536825
24,ss[policy=difficulty],ss,2048965,3415,0.8723404255,1,0.9318181818,136.5121951,0.0229557818,1,2159,2159,,,,,0,0,0,0,0,,,,0.0001952205138,0,,2159,0,0,0,2159,2159,2159,2159,0,0,1,1,0,47,1,41,1,0.1544950743,6,0.01052092154,0,0,7.369574395e-05,0.0001220128211,0.0002440256422,,,,87.9375,150.5956055,238.5331055,5065.907227,5.34375,0,5071.250977,1.828125,2.625976562,47,5.46875,14.3984375,9.65625,1.284179688,19.8671875,2048965,227.274018,9.0153948,0.035451,54.626496,0.011628,54.673575
24,hybrid[head=topn-frontier reducer=streaming],hybrid,2048965,3415,1,1,1,39.17073171,0.009958803954,1,1375,1375,600,775,600,775,214,386,386,9640,7760,0.8049792531,0,17.140888,0.0003416358991,0,,775,0,0,0,775,775,775,775,0,0,1,1,0,41,1,41,1,0.1525472617,0,0,0,0,1.911732592e-05,0,0.0003416358991,,,,48.18570313,43.52402344,91.70972656,2228.09375,950.3125,941.40625,3178.40625,8.90625,15.296875,386,5.46875,76.2734375,133.390625,1.486328125,133.390625,2048965,433.696328,4.724423214,0.099715,12.814205,0.50478,13.4187
25,hl,hl,2004866,3342,1,0.6388888889,0.7796610169,1714.166667,0.2382602758,0.9722222222,48,,,,,,0,0,0,0,0,,,,,,,,,,0,,,,,,,,,,288,0.9722222222,0,1,0,23,0.07971854478,265,0.1661422758,0.0008536834049,0.003466023686,0.01190004719,,,,5.857421875,19.63908203,25.49650391,566.4638672,0.453125,0,566.9169922,0.453125,0.8388671875,23,5.078125,19.24023438,0,1.209960938,24.31835938,2004866,263.356711,7.612739362,0.009288,0.924742,0,0.93403
25,hl#1,hl,2004866,3342,1,0.7777777778,0.875,301.9444444,0.06792241775,0.8524305556,96,,,,,,0,0,0,0,0,,,,,,,,,,0,,,,,,,,,,576,1,0,1,0,28,0.1081947621,548,0.2911142191,0.0006932447591,0.003864098648,0.0218588175,,,,11.48828125,39.13238281,50.62066406,1129.0625,0.46875,0,1129.53125,0.46875,0.9375,28,5.078125,25.96484375,0,1.6484375,31.04296875,2004866,273.085613,7.341529193,0.004904,1.726725,0,1.731629
25,hl#2,hl,2004866,3342,1,0.9166666667,0.9565217391,44.91666667,0.009962736331,0.945,192,,,,,,0,0,0,0,0,,,,,,,,,,0,,,,,,,,,,1152,1,0,1,0,33,0.1190693044,1119,0.4135752714,0.0004623650831,0.003608160739,0.02195957236,,,,22.75,78.83695312,101.5869531,2254.227539,0.546875,0,2254.774414,0.546875,1.102539062,33,5.078125,37.6171875,0,1.930664062,42.6953125,2004866,263.669485,7.603708863,0.01228,3.585431,0,3.597711
25,hl#3,hl,2004866,3342,1,0.9722222222,0.985915493,14.41666667,0.002848347553,0.9816666667,384,,,,,,0,0,0,0,0,,,,,,,,,,0,,,,,,,,,,2304,1,0,1,0,35,0.1224635462,2269,0.528542556,0.0002825547318,0.003498958463,0.02195657964,,,,45.2734375,167.3861328,212.6595703,4504.289062,0.578125,0,4504.867188,0.578125,1.1640625,35,5.078125,60.53125,0,2.0390625,65.609375,2004866,237.822449,8.43009568,0.021048,7.528053,0,7.549101
25,ss[policy=difficulty],ss,2004866,3342,0.972972973,1,0.9863013699,133.3333333,0.02369680995,1,2159,1942,,,,,0,0,0,0,0,,,,0.000199514581,0,,1942,1,0,0,1942,1942,1942,1942,0,0,1.111740474,1.111740474,-0.1059267817,37,1,36,1,0.1265102007,1,0.001676920054,0,0,7.009971766e-05,0.000199514581,0.0002493932263,,,,87.81660156,150.6012109,238.4178125,5065.323242,4.9375,0,5070.260742,1.421875,2.041992188,37,5.46875,14.3984375,9.65625,1.020507812,19.8671875,2004866,223.994731,8.95050518,0.024519,54.250343,0.013352,54.288214
25,hybrid[head=topn-frontier reducer=streaming],hybrid,2004866,3342,0.9230769231,1,0.96,50.13888889,0.01242787934,1,1375,1419,600,775,600,819,211,389,389,9640,7820,0.8112033195,0,17.064086,0.000704286471,1,819,819,0,0,819,819,819,819,819,1,1,0.9462759463,0.9462759463,0.0552210545,39,1,36,1,0.1250163353,3,0.005142488326,0,0,4.753818575e-05,0.0003178932324,0.000704286471,,,,48.19320312,43.45861328,91.65181641,2240.421875,950.453125,941.40625,3190.875,9.046875,15.53125,389,5.46875,76.5234375,133.5429688,1.422851562,133.5429688,2004866,422.194918,4.748673929,0.118766,16.284588,0.499888,16.903242
26,hl,hl,2041586,3403,1,0.6590909091,0.7945205479,1499.181818,0.2051800662,0.9722222222,48,,,,,,0,0,0,0,0,,,,,,,,,,0,,,,,,,,,,288,0.9772727273,0,1,0,29,0.1048865931,259,0.1589788527,0.0009161994645,0.003616779071,0.01712884003,,,,5.857421875,19.72570312,25.583125,566.6621094,0.546875,0,567.2089844,0.546875,1.037109375,29,5.078125,18.84960938,0,1.58203125,23.92773438,2041586,268.896412,7.592462781,0.004308,0.900628,0,0.904936
26,hl#1,hl,2041586,3403,1,0.8863636364,0.9397590361,244.8636364,0.04058084817,0.84375,96,,,,,,0,0,0,0,0,,,,,,,,,,0,,,,,,,,,,576,1,0,1,0,39,0.1421247991,537,0.274102585,0.0007226169861,0.003644225617,0.02002266865,,,,11.48828125,39.13646484,50.62474609,1129.422852,0.640625,0,1130.063477,0.640625,1.297851562,39,5.078125,24.63671875,0,2.266601562,29.71484375,2041586,275.060756,7.422309273,0.004644,1.739804,0,1.744448
26,hl#2,hl,2041586,3403,1,0.9772727273,0.9885057471,30.59090909,0.005320244206,0.9416666667,192,,,,,,0,0,0,0,0,,,,,,,,,,0,,,,,,,,,,1152,1,0,1,0,43,0.1522585872,1109,0.3973337396,0.0004770766725,0.003540897377,0.02004275108,,,,22.75,78.81068359,101.5606836,2254.554688,0.703125,0,2255.257812,0.703125,1.4296875,43,5.078125,37.0703125,0,2.4921875,42.1484375,2041586,264.42215,7.72093412,0.01346,3.552554,0,3.566014
26,hl#3,hl,2041586,3403,1,0.9772727273,0.9885057471,11.63636364,0.002050244785,0.9766666667,384,,,,,,0,0,0,0,0,,,,,,,,,,0,,,,,,,,,,2304,1,0,1,0,43,0.1519666573,2261,0.5092839586,0.0002870011354,0.003534108309,0.02002609736,,,,45.2734375,170.3812695,215.654707,4504.554688,0.703125,0,4505.257812,0.703125,1.4296875,43,5.078125,60.765625,0,2.4921875,65.84375,2041586,238.88271,8.546395007,0.020395,7.371316,0,7.391711
26,ss[policy=difficulty],ss,2041586,3403,0.9565217391,1,0.9777777778,155.7272727,0.02552942679,1,1942,1942,,,,,0,0,0,0,0,,,,0.0002449076355,0,,1942,0,0,0,1942,1942,1942,1942,0,0,1,1,0,46,1,44,1,0.1570205713,2,0.003455156922,0,0,8.147970553e-05,0.0001959261084,0.0002938891626,,,,82.30746094,145.6566797,227.9641406,4557.306641,5.359375,0,4562.666016,1.84375,2.619140625,46,5.46875,14.3984375,9.65625,1.26171875,19.8671875,2041586,231.746258,8.809574824,0.023325,57.459231,0.022149,57.504705
26,hybrid[head=topn-frontier reducer=streaming],hybrid,2041586,3403,0.9565217391,1,0.9777777778,45.45454545,0.01083529576,1,1419,1419,600,819,600,819,198,402,402,9640,8080,0.8381742739,0,31.283894,0.0003918522169,0,,819,0,0,0,819,819,819,819,0,0,1,1,0,46,1,44,1,0.1546439876,2,0.003414502255,0,0,3.413799476e-05,0.0002953586085,0.0003918522169,,,,49.30273438,55.19179688,104.4945312,2327.75,950.53125,941.40625,3278.28125,9.125,15.7890625,402,5.46875,76.5234375,133.6650391,1.732421875,133.6650391,2041586,528.557913,3.862558766,0.196244,20.202271,0.645225,21.04374
27,hl,hl,2052256,3421,1,0.6,0.75,1425.475,0.2043355124,0.9791666667,48,,,,,,0,0,0,0,0,,,,,,,,,,0,,,,,,,,,,288,0.975,0,1,0,24,0.09965423417,264,0.1677904706,0.0009286274471,0.004152259757,0.01525784308,,,,5.857421875,19.86568359,25.72310547,566.4414062,0.40625,0,566.8476562,0.40625,0.81640625,24,5.078125,19.00585938,0,1.43359375,24.08398438,2052256,268.905064,7.631897925,0.011257,0.939166,0,0.950423
27,hl#1,hl,2052256,3421,0.9743589744,0.95,0.9620253165,252.475,0.04699111621,0.8472222222,96,,,,,,0,0,0,0,0,,,,,,,,,,0,,,,,,,,,,576,1,0,1,0,39,0.1411198213,537,0.2743098327,0.0007212320382,0.003618456957,0.01801237273,,,,11.48828125,39.13115234,50.61943359,1129.458984,0.671875,0,1130.130859,0.671875,1.333984375,39,5.078125,24.79296875,0,2.240234375,29.87109375,2052256,276.580613,7.4201007,0.00495,1.716042,0,1.720992
27,hl#2,hl,2052256,3421,0.9523809524,1,0.9756097561,30.1,0.005800611859,0.94,192,,,,,,0,0,0,0,0,,,,,,,,,,0,,,,,,,,,,1152,1,0,1,0,42,0.1495807541,1110,0.3983966913,0.0004756748657,0.003561446525,0.01796169679,,,,22.75,78.50429687,101.2542969,2254.527344,0.6875,0,2255.214844,0.6875,1.40234375,42,5.078125,36.2109375,0,2.44140625,41.2890625,2052256,267.440913,7.673680055,0.012596,3.527353,0,3.539949
27,hl#3,hl,2052256,3421,1,1,1,18.55,0.003635435706,0.9766666667,384,,,,,,0,0,0,0,0,,,,,,,,,,0,,,,,,,,,,2304,1,0,1,0,40,0.1464271514,2264,0.5144504389,0.0002868392319,0.003660678785,0.01798459841,,,,45.2734375,163.1795312,208.4529687,4504.460938,0.65625,0,4505.117188,0.65625,1.3359375,40,5.078125,60.765625,0,2.328125,65.84375,2052256,243.384176,8.432166929,0.021714,7.359293,0,7.381007
27,ss[policy=difficulty],ss,2052256,3421,0.8888888889,1,0.9411764706,168.95,0.03184387235,1,1942,1942,,,,,0,0,0,0,0,,,,0.0002436343224,0,,1942,0,0,0,1942,1942,1942,1942,0,0,1,1,0,45,1,40,1,0.1495924485,5,0.008644633028,0,0,8.508793358e-05,0.0001071991019,0.0002436343224,,,,82.30859375,145.6159375,227.9245313,4557.279297,5.34375,0,4562.623047,1.828125,2.591796875,45,5.46875,14.3984375,9.65625,1.237304688,19.8671875,2052256,234.256708,8.760713909,0.023763,48.897691,0.016258,48.937712
27,hybrid[head=topn-frontier reducer=streaming],hybrid,2052256,3421,0.9756097561,1,0.987654321,77.3,0.01571599621,1,1419,1369,600,819,600,769,201,399,399,9640,8020,0.8319502075,0,17.219282,0.0005852096425,0,,769,1,0,0,769,769,769,769,0,0,1.065019506,1.065019506,-0.06299311435,41,1,40,1,0.1478061217,1,0.001885242387,0,0,5.10205925e-05,0.0005852096425,0.0005852096425,,,,49.29597656,51.40666016,100.7026367,2348.949219,950.484375,941.40625,3299.433594,9.078125,15.70703125,399,5.46875,76.5234375,133.5234375,1.3984375,133.5234375,2052256,530.631782,3.867570827,0.133591,13.342704,0.458903,13.935198
28,hl,hl,2012428,3355,1,0.5714285714,0.7272727273,1322.061224,0.2321961765,0.9652777778,48,,,,,,0,0,0,0,0,,,,,,,,,,0,,,,,,,,,,288,0.9387755102,0,1,0,28,0.09169520599,260,0.1663622251,0.000896032747,0.003274828785,0.01059516167,,,,5.857421875,19.76333984,25.62076172,566.5996094,0.5,0,567.0996094,0.5,0.974609375,28,5.078125,19.00585938,0,1.557617188,24.08398438,2012428,267.725144,7.516768765,0.010824,0.928048,0,0.938872
28,hl#1,hl,2012428,3355,1,0.7959183673,0.8863636364,307.4489796,0.06943523321,0.8524305556,96,,,,,,0,0,0,0,0,,,,,,,,,,0,,,,,,,,,,576,1,0,1,0,39,0.1246618513,537,0.2766568543,0.0006967338638,0.003196457725,0.01783964445,,,,11.48828125,39.13082031,50.61910156,1129.428711,0.640625,0,1130.069336,0.640625,1.303710938,39,5.078125,24.94921875,0,2.272460938,30.02734375,2012428,275.531945,7.303791943,0.005034,1.758569,0,1.763603
28,hl#2,hl,2012428,3355,1,0.9795918367,0.9896907216,25.87755102,0.005191882458,0.9483333333,192,,,,,,0,0,0,0,0,,,,,,,,,,0,,,,,,,,,,1152,1,0,1,0,48,0.1435981809,1104,0.3980206994,0.000470155278,0.002991628769,0.01786498697,,,,22.75,78.56378906,101.3137891,2254.723633,0.78125,0,2255.504883,0.78125,1.598632812,48,5.078125,37.1484375,0,2.778320312,42.2265625,2012428,266.708396,7.545424254,0.013724,3.551724,0,3.565448
28,hl#3,hl,2012428,3355,1,1,1,14.44897959,0.003218977851,0.9766666667,384,,,,,,0,0,0,0,0,,,,,,,,,,0,,,,,,,,,,2304,1,0,1,0,49,0.1453015959,2255,0.5070526747,0.0002831398744,0.002965338691,0.01783964445,,,,45.2734375,170.9711523,216.2445898,4504.755859,0.796875,0,4505.552734,0.796875,1.630859375,49,5.078125,60.84375,0,2.833984375,65.921875,2012428,240.808509,8.356963831,0.021676,7.52306,0,7.544736
28,ss[policy=difficulty],ss,2012428,3355,0.9245283019,1,0.9607843137,151.4285714,0.03098363401,1,1942,1942,,,,,0,0,0,0,0,,,,0.0002484560938,0,,1942,0,0,0,1942,1942,1942,1942,0,0,1,1,0,53,1,49,1,0.1491109247,4,0.006917514564,0,0,8.644396925e-05,0.0002236104844,0.0002981473126,,,,82.30683594,145.6552148,227.9620508,4557.603516,5.53125,0,4563.134766,2.015625,2.916015625,53,5.46875,14.3984375,9.65625,1.461914062,19.8671875,2012428,232.641691,8.650332584,0.023154,52.624658,0.009932,52.657744
28,hybrid[head=topn-frontier reducer=streaming],hybrid,2012428,3355,0.9245283019,1,0.9607843137,63.26530612,0.01631305988,1,1369,1403,600,769,600,803,210,390,390,9640,7840,0.8132780083,0,17.047506,0.0006956770627,1,803,803,0,1,803,803,803,803,803,1,1,0.9576587796,0.9576587796,0.04326374444,53,1,49,1,0.1469642641,4,0.007251439555,0,0,6.382977686e-05,0.000460637598,0.0006956770627,,,,48.03320312,43.38962891,91.42283203,2218.560547,950.34375,941.40625,3168.904297,8.9375,15.36523438,390,5.46875,77.0234375,134.2285156,1.73046875,134.2285156,2012428,422.755727,4.760261947,0.097556,12.635281,0.459431,13.192268
29,hl,hl,2068104,3447,1,0.652173913,0.7894736842,950.826087,0.1701483569,0.9618055556,48,,,,,,0,0,0,0,0,,,,,,,,,,0,,,,,,,,,,288,0.9782608696,0,1,0,30,0.1126466561,258,0.1648040911,0.0009633706499,0.003754888536,0.01586332215,,,,5.857421875,19.93746094,25.79488281,566.6962891,0.5625,0,567.2587891,0.5625,1.071289062,30,5.078125,18.69335938,0,1.666992188,23.77148438,2068104,268.774822,7.694560021,0.003477,0.913091,0,0.916568
29,hl#1,hl,2068104,3447,1,0.9130434783,0.9545454545,288.2391304,0.0555874985,0.8524305556,96,,,,,,0,0,0,0,0,,,,,,,,,,0,,,,,,,,,,576,1,0,1,0,42,0.1427287989,534,0.2680092491,0.0007130868889,0.003398304737,0.01637635245,,,,11.48828125,39.13517578,50.62345703,1129.518555,0.6875,0,1130.206055,0.6875,1.393554688,42,5.078125,24.32421875,0,2.432617188,29.40234375,2068104,275.318896,7.511667488,0.009238,1.751667,0,1.760905
29,hl#2,hl,2068104,3447,0.9787234043,1,0.9892473118,30.93478261,0.00578833659,0.9483333333,192,,,,,,0,0,0,0,0,,,,,,,,,,0,,,,,,,,,,1152,1,0,1,0,47,0.1546218179,1105,0.3930948347,0.0004754484831,0.003289825912,0.01637200063,,,,22.75,78.52291016,101.2729102,2254.681641,0.765625,0,2255.447266,0.765625,1.556640625,47,5.078125,37.9296875,0,2.712890625,43.0078125,2068104,266.299306,7.766088583,0.011889,3.564777,0,3.576666
29,hl#3,hl,2068104,3447,1,1,1,17.08695652,0.003149329201,0.975,384,,,,,,0,0,0,0,0,,,,,,,,,,0,,,,,,,,,,2304,1,0,1,0,46,0.1529250947,2258,0.5078124698,0.0002867784568,0.00332445858,0.01639424323,,,,45.2734375,164.9380664,210.2115039,4504.647461,0.75,0,4505.397461,0.75,1.522460938,46,5.078125,60.609375,0,2.655273438,65.6875,2068104,242.182011,8.53946167,0.020288,7.514568,0,7.534856
29,ss[policy=difficulty],ss,2068104,3447,0.9019607843,1,0.9484536082,153.9130435,0.02674706826,1,1942,1911,,,,,0,0,0,0,0,,,,0.0002417673386,0,,1911,1,0,0,1911,1911,1911,1911,0,0,1.016221873,1.016221873,-0.01609170461,51,1,46,1,0.156429754,5,0.009012119313,0,0,8.703624189e-05,0.0002030845644,0.0002901208063,,,,82.44121094,145.6205273,228.0617383,4557.62207,5.59375,0,4563.21582,2.078125,2.934570312,51,5.46875,14.3984375,9.65625,1.379882812,19.8671875,2068104,233.309352,8.864213896,0.02369,48.856084,0.011433,48.891207
29,hybrid[head=topn-frontier reducer=streaming],hybrid,2068104,3447,0.9019607843,1,0.9484536082,58.7173913,0.01134170564,1,1403,1416,600,803,600,816,217,383,383,9640,7700,0.7987551867,1,2.752272,0.000676948548,1,816,816,0,0,816,816,816,816,816,1,1,0.9840686275,0.9840686275,0.01605964102,51,1,46,1,0.1543123557,5,0.009784807727,0,0,7.101323004e-05,0.0004631295138,0.000676948548,,,,48.89140625,44.16460937,93.05601563,2307.919922,760.9375,751.953125,3068.857422,8.984375,15.31835938,383,5.46875,77.0234375,134.1015625,1.830078125,134.1015625,2068104,472.781742,4.374331359,0.10319,15.790168,0.446373,16.339731
30,hl,hl,2066116,3444,0.9677419355,0.6666666667,0.7894736842,1393.933333,0.2132590332,0.9722222222,48,,,,,,0,0,0,0,0,,,,,,,,,,0,,,,,,,,,,288,0.9555555556,0,1,0,31,0.1079131085,257,0.1563145535,0.0009174571596,0.003481068015,0.01014415454,,,,5.857421875,20.0853125,25.94273438,566.6992188,0.546875,0,567.2460938,0.546875,1.07421875,31,5.078125,18.61523438,0,1.760742188,23.69335938,2066116,271.393552,7.612988536,0.003831,0.967095,0,0.970926
30,hl#1,hl,2066116,3444,1,0.9111111111,0.9534883721,304.8222222,0.0615277927,0.8385416667,96,,,,,,0,0,0,0,0,,,,,,,,,,0,,,,,,,,,,576,1,0,1,0,41,0.1424615075,535,0.2628898861,0.0007037350584,0.003474670914,0.01357281005,,,,11.48828125,39.11025391,50.59853516,1129.524414,0.703125,0,1130.227539,0.703125,1.399414062,41,5.078125,26.43359375,0,2.3515625,31.51171875,2066116,280.748397,7.359315394,0.005526,2.007118,0,2.012644
30,hl#2,hl,2066116,3444,1,0.9777777778,0.9887640449,35.06666667,0.006101879926,0.9566666667,192,,,,,,0,0,0,0,0,,,,,,,,,,0,,,,,,,,,,1152,1,0,1,0,44,0.1513767862,1108,0.3857489125,0.0004662549467,0.003440381505,0.01352005405,,,,22.75,78.42878906,101.1787891,2254.59082,0.71875,0,2255.30957,0.71875,1.465820312,44,5.078125,38.1640625,0,2.551757812,43.2421875,2066116,273.263325,7.560897534,0.041636,4.044226,0,4.085862
30,hl#3,hl,2066116,3444,0.9782608696,1,0.989010989,19.28888889,0.003044573837,0.9766666667,384,,,,,,0,0,0,0,0,,,,,,,,,,0,,,,,,,,,,2304,1,0,1,0,46,0.1547575257,2258,0.4978060283,0.0002832307092,0.003364294037,0.01352199005,,,,45.2734375,160.051543,205.3249805,4504.654297,0.75,0,4505.404297,0.75,1.529296875,46,5.078125,60.140625,0,2.662109375,65.21875,2066116,250.42329,8.250494593,0.024593,7.679599,0,7.704192
30,ss[policy=difficulty],ss,2066116,3444,0.8823529412,1,0.9375,168.0222222,0.02785376311,1,1911,1947,,,,,0,0,0,0,0,,,,0.0002545839633,1,1947,1947,0,1,1947,1947,1947,1947,1947,1,1,0.9815100154,0.9815100154,0.01866306113,51,1,45,1,0.1566223774,6,0.0103866385,0,0,9.363026103e-05,0.0001859366399,0.0002903999582,,,,81.51921875,144.8840039,226.4032227,4484.87793,5.5,0,4490.37793,1.984375,2.846679688,51,5.46875,14.3984375,9.65625,1.376953125,19.8671875,2066116,238.979485,8.645578929,0.022852,47.252956,0.018714,47.294522
30,hybrid[head=topn-frontier reducer=streaming],hybrid,2066116,3444,1,1,1,91.11111111,0.01546647897,1,1416,1416,600,816,600,816,214,386,386,9640,7760,0.8049792531,0,17.047718,0.0005807999164,0,,816,0,0,0,816,816,816,816,0,0,1,1,0,45,1,45,1,0.1549472537,0,0,0,0,4.409777143e-05,0,0.0005807999164,,,,49.22523437,44.50650391,93.73173828,2328.291016,950.25,941.40625,3278.541016,8.84375,15.27539062,386,5.46875,76.5234375,133.5869141,1.903320312,133.5869141,2066116,523.639208,3.945686206,0.133972,13.386421,0.467017,13.98741
31,hl,hl,2100526,3501,1,0.6341463415,0.776119403,1922.658537,0.2588028263,0.9791666667,48,,,,,,0,0,0,0,0,,,,,,,,,,0,,,,,,,,,,288,0.9756097561,0,1,0,26,0.1085937522,262,0.1626821091,0.0009419300742,0.004176682778,0.01169230945,,,,5.857421875,20.07414062,25.9315625,566.5664062,0.5,0,567.0664062,0.5,0.94140625,26,5.078125,19.08398438,0,1.477539062,24.16210938,2100526,273.639465,7.676253862,0.003388,0.938365,0,0.941753
31,hl#1,hl,2100526,3501,1,0.8536585366,0.9210526316,364.5609756,0.06629424696,0.8368055556,96,,,,,,0,0,0,0,0,,,,,,,,,,0,,,,,,,,,,576,1,0,1,0,35,0.1462409892,541,0.2738785428,0.0007293741874,0.004178313976,0.0118156119,,,,11.48828125,39.12291016,50.61119141,1129.294922,0.578125,0,1129.873047,0.578125,1.169921875,35,5.078125,25.65234375,0,2.044921875,30.73046875,2100526,277.82043,7.560732665,0.004969,1.765039,0,1.770008
31,hl#2,hl,2100526,3501,0.9761904762,1,0.9879518072,30.36585366,0.005032163147,0.945,192,,,,,,0,0,0,0,0,,,,,,,,,,0,,,,,,,,,,1152,1,0,1,0,42,0.1621351033,1110,0.3891510983,0.00047854705,0.003860359602,0.0118156119,,,,22.75,78.493125,101.243125,2254.523438,0.6875,0,2255.210938,0.6875,1.3984375,42,5.078125,39.2578125,0,2.4375,44.3359375,2100526,268.55262,7.821655212,0.013788,3.726513,0,3.740301
31,hl#3,hl,2100526,3501,1,1,1,13.80487805,0.002341890012,0.9783333333,384,,,,,,0,0,0,0,0,,,,,,,,,,0,,,,,,,,,,2304,1,0,1,0,41,0.1604936097,2263,0.50263315,0.0002878154339,0.003914478285,0.01182037261,,,,45.2734375,165.459043,210.7324805,4504.492188,0.671875,0,4505.164062,0.671875,1.3671875,41,5.078125,60.53125,0,2.3828125,65.609375,2100526,245.846467,8.544056075,0.022888,7.691284,0,7.714172
31,ss[policy=difficulty],ss,2100526,3501,0.9318181818,1,0.9647058824,181.9512195,0.02861483379,1,1947,1947,,,,,0,0,0,0,0,,,,0.0002380356158,0,,1947,0,0,0,1947,1947,1947,1947,0,0,1,1,0,44,1,41,1,0.163924179,3,0.005490053444,0,0,9.802739452e-05,0.0002539046569,0.000285642739,,,,82.9515625,145.6939844,228.6455469,4568.929688,5.296875,0,4574.226562,1.78125,2.5234375,44,5.46875,14.3984375,9.65625,1.21484375,19.8671875,2100526,234.011861,8.976151854,0.022347,48.645659,0.01394,48.681946
31,hybrid[head=topn-frontier reducer=streaming],hybrid,2100526,3501,0.9534883721,1,0.9761904762,56.6097561,0.008005369043,1,1416,1429,600,816,600,829,221,379,379,9640,7620,0.7904564315,0,17.181446,0.0006764972202,1,829,829,0,0,829,829,829,829,829,1,1,0.984318456,0.984318456,0.01580580017,43,1,41,1,0.1614776489,2,0.003476748205,0,0,3.779784151e-05,0.0002601729281,0.0006764972202,,,,49.226875,45.59228516,94.81916016,2331.276367,950.234375,941.40625,3281.510742,8.828125,15.12011719,379,5.46875,76.5234375,133.5771484,1.41796875,133.5771484,2100526,517.464399,4.059266694,0.104939,13.56592,0.452628,14.123487
32,hl,hl,2015218,3359,1,0.65,0.7878787879,1445.525,0.2011959455,0.9618055556,48,,,,,,0,0,0,0,0,,,,,,,,,,0,,,,,,,,,,288,1,0,1,0,26,0.09088694126,262,0.1598214188,0.0008705151392,0.003495651587,0.01311570262,,,,5.857421875,19.84873047,25.70615234,566.5683594,0.5,0,567.0683594,0.5,0.943359375,26,5.078125,18.84960938,0,1.416992188,23.92773438,2015218,266.03956,7.574880969,0.009907,0.930961,0,0.940868
32,hl#1,hl,2015218,3359,1,0.875,0.9333333333,252.85,0.05302693915,0.8368055556,96,,,,,,0,0,0,0,0,,,,,,,,,,0,,,,,,,,,,576,1,0,1,0,35,0.1257243633,541,0.2712609752,0.0006892106572,0.003592124666,0.01546135455,,,,11.48828125,39.12486328,50.61314453,1129.295898,0.578125,0,1129.874023,0.578125,1.170898438,35,5.078125,24.63671875,0,2.045898438,29.71484375,2015218,274.209617,7.349187902,0.004734,1.758177,0,1.762911
32,hl#2,hl,2015218,3359,1,0.975,0.9873417722,28.025,0.005272944504,0.9483333333,192,,,,,,0,0,0,0,0,,,,,,,,,,0,,,,,,,,,,1152,1,0,1,0,39,0.1349432171,1113,0.3991870855,0.0004636547765,0.003460082489,0.01548666199,,,,22.75,78.52306641,101.2730664,2254.427734,0.640625,0,2255.068359,0.640625,1.302734375,39,5.078125,37.3046875,0,2.271484375,42.3828125,2015218,265.163634,7.599903386,0.012606,3.587236,0,3.599842
32,hl#3,hl,2015218,3359,1,1,1,18.175,0.003509617648,0.9783333333,384,,,,,,0,0,0,0,0,,,,,,,,,,0,,,,,,,,,,2304,1,0,1,0,40,0.1367177149,2264,0.5141741489,0.0002825051492,0.003417942873,0.01553578819,,,,45.2734375,169.0740625,214.3475,4504.460938,0.65625,0,4505.117188,0.65625,1.3359375,40,5.078125,60.609375,0,2.328125,65.6875,2015218,239.915342,8.399704592,0.021055,7.472456,0,7.493511
32,ss[policy=difficulty],ss,2015218,3359,0.9523809524,1,0.9756097561,144.4,0.02808502537,1,1947,1947,,,,,0,0,0,0,0,,,,0.0002481121149,0,,1947,0,0,0,1947,1947,1947,1947,0,0,1,1,0,42,1,40,1,0.1395873796,2,0.003407075562,0,0,7.296859151e-05,9.924484597e-05,0.0002977345379,,,,82.43527344,145.7351758,228.1704492,4568.742188,5.140625,0,4573.882812,1.625,2.3359375,42,5.46875,14.3984375,9.65625,1.16796875,19.8671875,2015218,231.79847,8.693836504,0.023813,48.937969,0.015039,48.976821
32,hybrid[head=topn-frontier reducer=streaming],hybrid,2015218,3359,0.9523809524,1,0.9756097561,37.5,0.009249420926,1,1429,1429,600,829,600,829,195,405,405,9640,8140,0.8443983402,0,17.203002,0.0004466018069,0,,829,0,0,0,829,829,829,829,0,0,1,1,0,42,1,40,1,0.1374655248,2,0.003942005282,0,0,3.898904663e-05,0.0004466018069,0.0004466018069,,,,49.55570313,56.67166016,106.2273633,2363.445312,950.609375,941.40625,3314.054688,9.203125,15.8515625,405,5.46875,76.5234375,133.4550781,1.672851562,133.4550781,2015218,576.708332,3.494345214,0.106873,13.426299,0.483796,14.016968
33,hl,hl,2074397,3458,0.9655172414,0.6829268293,0.8,1319.073171,0.1904636559,0.9756944444,48,,,,,,0,0,0,0,0,,,,,,,,,,0,,,,,,,,,,288,0.9756097561,0,1,0,29,0.1314189135,259,0.1507223545,0.0009796571807,0.004531686674,0.02900457338,,,,5.857421875,20.49412109,26.35154297,566.6337891,0.515625,0,567.1494141,0.515625,1.008789062,29,5.078125,19.39648438,0,1.616210938,24.47460938,2074397,280.065994,7.406814981,0.011187,0.94479,0,0.955977
33,hl#1,hl,2074397,3458,0.972972973,0.8780487805,0.9230769231,412.3414634,0.07151850818,0.8420138889,96,,,,,,0,0,0,0,0,,,,,,,,,,0,,,,,,,,,,576,1,0,1,0,37,0.1577407796,539,0.2527939445,0.0007127338959,0.004263264314,0.03119653567,,,,11.48828125,39.12398437,50.61226562,1129.387695,0.640625,0,1130.02832,0.640625,1.262695312,37,5.078125,25.10546875,0,2.088867188,30.18359375,2074397,285.880412,7.256170458,0.004649,1.782668,0,1.787317
33,hl#2,hl,2074397,3458,1,1,1,20.46341463,0.003427949611,0.9416666667,192,,,,,,0,0,0,0,0,,,,,,,,,,0,,,,,,,,,,1152,1,0,1,0,41,0.1699028682,1111,0.3758740492,0.0004737646852,0.004143972394,0.03135513597,,,,22.75,78.46972656,101.2197266,2254.491211,0.671875,0,2255.163086,0.671875,1.366210938,41,5.078125,37.6953125,0,2.381835938,42.7734375,2074397,280.12714,7.405198225,0.015002,3.606706,0,3.621708
33,hl#3,hl,2074397,3458,1,1,1,12.56097561,0.002452808078,0.98,384,,,,,,0,0,0,0,0,,,,,,,,,,0,,,,,,,,,,2304,1,0,1,0,41,0.1698295939,2263,0.4870268324,0.000285093935,0.004142185216,0.03135995665,,,,45.2734375,160.1173828,205.3908203,4504.491211,0.671875,0,4505.163086,0.671875,1.366210938,41,5.078125,60.375,0,2.381835938,65.453125,2074397,257.004147,8.071453415,0.020527,7.484824,0,7.505351
33,ss[policy=difficulty],ss,2074397,3458,0.9318181818,1,0.9647058824,147.6829268,0.02600456999,1,1947,1947,,,,,0,0,0,0,0,,,,0.0002410339005,0,,1947,0,0,0,1947,1947,1947,1947,0,0,1,1,0,44,1,41,1,0.1727123593,3,0.005185121267,0,0,7.839079808e-05,0.0001767581937,0.0002410339005,,,,82.4353125,145.649043,228.0843555,4568.961914,5.328125,0,4574.290039,1.8125,2.555664062,44,5.46875,14.3984375,9.65625,1.212890625,19.8671875,2074397,244.793346,8.474074291,0.026213,48.89441,0.010762,48.931385
33,hybrid[head=topn-frontier reducer=streaming],hybrid,2074397,3458,0.9111111111,1,0.9534883721,31.70731707,0.005845242099,1,1429,1405,600,829,600,805,191,409,409,9640,8220,0.8526970954,0,17.053467,0.0006266881412,0,,805,1,0,0,805,805,805,805,0,0,1.029813665,1.029813665,-0.02937787772,45,1,41,1,0.1704201269,4,0.007619563661,0,0,5.135628972e-05,0.0004210862241,0.0006266881412,,,,49.54984375,49.9759375,99.52578125,2367.042969,950.703125,941.40625,3317.746094,9.296875,16.14453125,409,5.46875,77.0234375,134.1308594,1.530273438,134.1308594,2074397,594.916842,3.486868842,0.107678,13.458983,0.463197,14.029858
34,hl,hl,2060023,3434,1,0.7804878049,0.8767123288,1259.609756,0.1691194498,0.9861111111,48,,,,,,0,0,0,0,0,,,,,,,,,,0,,,,,,,,,,288,0.9756097561,0,1,0,32,0.1051565929,256,0.1556006899,0.000905407232,0.003286143528,0.01176540262,,,,5.857421875,19.61849609,25.47591797,566.7265625,0.5625,0,567.2890625,0.5625,1.1015625,32,5.078125,18.84960938,0,1.713867188,23.92773438,2060023,266.97876,7.716055764,0.010254,0.91604,0,0.926294
34,hl#1,hl,2060023,3434,1,0.9512195122,0.975,432.9756098,0.06932815607,0.8229166667,96,,,,,,0,0,0,0,0,,,,,,,,,,0,,,,,,,,,,576,1,0,1,0,39,0.1306135902,537,0.2632727887,0.000683830519,0.003349066416,0.01634205055,,,,11.48828125,39.0803125,50.56859375,1129.456055,0.671875,0,1130.12793,0.671875,1.331054688,39,5.078125,25.18359375,0,2.203125,30.26171875,2060023,275.96557,7.464782654,0.008657,1.717426,0,1.726083
34,hl#2,hl,2060023,3434,0.9534883721,1,0.9761904762,30.43902439,0.006300125186,0.945,192,,,,,,0,0,0,0,0,,,,,,,,,,0,,,,,,,,,,1152,1,0,1,0,43,0.1437192692,1109,0.3901665176,0.0004634425232,0.003342308585,0.01635904065,,,,22.75,78.35650391,101.1065039,2254.553711,0.703125,0,2255.256836,0.703125,1.428710938,43,5.078125,36.9921875,0,2.491210938,42.0703125,2060023,268.641365,7.668301566,0.008847,3.60333,0,3.612177
34,hl#3,hl,2060023,3434,1,1,1,16.14634146,0.003340439505,0.9766666667,384,,,,,,0,0,0,0,0,,,,,,,,,,0,,,,,,,,,,2304,1,0,1,0,41,0.1402906667,2263,0.5109680814,0.0002826643872,0.003421723577,0.0163629241,,,,45.2734375,162.471582,207.7450195,4504.488281,0.671875,0,4505.160156,0.671875,1.36328125,41,5.078125,59.75,0,2.37890625,64.828125,2060023,244.516526,8.424882496,0.021528,7.436818,0,7.458346
34,ss[policy=difficulty],ss,2060023,3434,0.9318181818,1,0.9647058824,174.6341463,0.03488032954,1,1947,1919,,,,,0,0,0,0,0,,,,0.0002427157367,0,,1919,1,0,0,1919,1919,1919,1919,0,0,1.014590933,1.014590933,-0.01448550936,44,1,41,1,0.1437789772,3,0.0051067391,0,0,8.340595315e-05,6.472419645e-05,0.000291258884,,,,82.43472656,145.785625,228.2203516,4568.869141,5.234375,0,4574.103516,1.71875,2.462890625,44,5.46875,14.3984375,9.65625,1.248046875,19.8671875,2060023,233.793269,8.811301578,0.022969,48.535137,0.016622,48.574728
34,hybrid[head=topn-frontier reducer=streaming],hybrid,2060023,3434,0.9318181818,1,0.9647058824,141.4634146,0.03290410317,1,1405,1480,600,805,600,880,202,398,398,9640,8000,0.8298755187,0,17.228198,0.00072814721,1,880,880,0,1,880,880,880,880,880,1,1,0.9147727273,0.9147727273,0.08907963005,44,1,41,1,0.1431187904,3,0.00584168235,0,0,9.818954802e-05,0.0005016125224,0.00072814721,,,,49.32203125,44.18507812,93.50710937,2302.875,950.40625,941.40625,3253.28125,9,15.5390625,398,5.46875,77.0234375,134.0966797,1.595703125,134.0966797,2060023,485.695248,4.241390066,0.136319,13.088678,0.742994,13.967991
35,hl,hl,2015114,3359,1,0.7857142857,0.88,855.0238095,0.1241378506,0.9722222222,48,,,,,,0,0,0,0,0,,,,,,,,,,0,,,,,,,,,,288,0.9761904762,0,1,0,33,0.1190781266,255,0.1576000167,0.0009606879975,0.003608428079,0.01860589525,,,,5.857421875,19.56433594,25.42175781,566.7578125,0.578125,0,567.3359375,0.578125,1.1328125,33,5.078125,19.00585938,0,1.83203125,24.08398438,2015114,263.971204,7.633840243,0.003041,0.905084,0,0.908125
35,hl#1,hl,2015114,3359,1,0.9285714286,0.962962963,301.7142857,0.04951715756,0.8472222222,96,,,,,,0,0,0,0,0,,,,,,,,,,0,,,,,,,,,,576,1,0,1,0,39,0.1393032851,537,0.2694299181,0.0007096062555,0.003571879104,0.01850813403,,,,11.48828125,39.11519531,50.60347656,1129.425781,0.640625,0,1130.066406,0.640625,1.30078125,39,5.078125,25.26171875,0,2.26953125,30.33984375,2015114,272.979888,7.381913791,0.00473,1.756188,0,1.760918
35,hl#2,hl,2015114,3359,1,1,1,33.47619048,0.006547782105,0.945,192,,,,,,0,0,0,0,0,,,,,,,,,,0,,,,,,,,,,1152,1,0,1,0,42,0.1486456846,1110,0.3886504684,0.0004664029106,0.003539182966,0.01854187902,,,,22.75,78.64751953,101.3975195,2254.524414,0.6875,0,2255.211914,0.6875,1.399414062,42,5.078125,38.8671875,0,2.438476562,43.9453125,2015114,263.718767,7.641147511,0.012164,3.70686,0,3.719024
35,hl#3,hl,2015114,3359,1,1,1,12.92857143,0.002995189353,0.9766666667,384,,,,,,0,0,0,0,0,,,,,,,,,,0,,,,,,,,,,2304,1,0,1,0,42,0.1486690083,2262,0.5033566339,0.0002829972405,0.003539738293,0.01852699153,,,,45.2734375,167.8775195,213.150957,4504.524414,0.6875,0,4505.211914,0.6875,1.399414062,42,5.078125,60.375,0,2.438476562,65.453125,2015114,238.904034,8.434826178,0.01961,7.575922,0,7.595532
35,ss[policy=difficulty],ss,2015114,3359,0.976744186,1,0.9882352941,165.8571429,0.03484234782,1,1919,1919,,,,,0,0,0,0,0,,,,0.000198499936,0,,1919,0,0,0,1919,1919,1919,1919,0,0,1,1,0,43,1,42,1,0.1521273734,1,0.001681294458,0,0,8.154654347e-05,4.9624984e-05,0.00024812492,,,,81.72261719,145.0048047,226.7274219,4503.149414,5.15625,0,4508.305664,1.640625,2.368164062,43,5.46875,14.3984375,9.65625,1.192382812,19.8671875,2015114,229.352943,8.786083028,0.036999,47.952096,0.014161,48.003256
35,hybrid[head=topn-frontier reducer=streaming],hybrid,2015114,3359,0.875,1,0.9333333333,126.4047619,0.03315099548,1,1480,1480,600,880,600,880,190,410,410,9640,8240,0.8547717842,0,17.109294,0.000595499808,0,,880,0,0,0,880,880,880,880,0,0,1,1,0,48,1,42,1,0.1513050875,6,0.01083412651,0,0,9.116523102e-05,0.0002902234481,0.000595499808,,,,50.84757812,70.29839844,121.1459766,2482.241211,950.65625,941.40625,3432.897461,9.25,15.99121094,410,5.46875,77.0234375,133.9550781,1.623046875,133.9550781,2015114,330.987376,6.088189901,0.11851,14.282446,0.465969,14.866925
36,hl,hl,2111772,3520,1,0.8095238095,0.8947368421,1561.02381,0.1883635437,0.9618055556,48,,,,,,0,0,0,0,0,,,,,,,,,,0,,,,,,,,,,288,0.9761904762,0,1,0,34,0.118809701,254,0.1626818615,0.0009774012588,0.003494402972,0.01882921073,,,,5.857421875,19.92679688,25.78421875,566.796875,0.59375,0,567.390625,0.59375,1.171875,34,5.078125,19.78710938,0,1.92578125,24.86523438,2111772,272.328664,7.754497705,0.003287,0.946619,0,0.949906
36,hl#1,hl,2111772,3520,1,0.9523809524,0.9756097561,270.0952381,0.04643158118,0.8350694444,96,,,,,,0,0,0,0,0,,,,,,,,,,0,,,,,,,,,,576,1,0,1,0,40,0.1506180591,536,0.2794534637,0.0007466519494,0.003765451479,0.01965458392,,,,11.48828125,39.12818359,50.61646484,1129.460938,0.65625,0,1130.117188,0.65625,1.3359375,40,5.078125,25.10546875,0,2.328125,30.18359375,2111772,276.822046,7.628626515,0.008468,1.752939,0,1.761407
36,hl#2,hl,2111772,3520,0.976744186,1,0.9882352941,21.5,0.004337715921,0.9466666667,192,,,,,,0,0,0,0,0,,,,,,,,,,0,,,,,,,,,,1152,1,0,1,0,43,0.158870844,1109,0.4038830897,0.0004885016785,0.003694670791,0.01961954226,,,,22.75,78.68921875,101.4392187,2254.561523,0.703125,0,2255.264648,0.703125,1.436523438,43,5.078125,37.7734375,0,2.499023438,42.8515625,2111772,265.880084,7.942573089,0.009136,3.61424,0,3.623376
36,hl#3,hl,2111772,3520,0.976744186,1,0.9882352941,19.33333333,0.00378575939,0.985,384,,,,,,0,0,0,0,0,,,,,,,,,,0,,,,,,,,,,2304,1,0,1,0,43,0.1589347714,2261,0.5116200991,0.0002910394403,0.003696157474,0.01961243922,,,,45.2734375,174.5080273,219.7814648,4504.561523,0.703125,0,4505.264648,0.703125,1.436523438,43,5.078125,60.0625,0,2.499023438,65.140625,2111772,240.946199,8.764496011,0.021888,7.618113,0,7.640001
36,ss[policy=difficulty],ss,2111772,3520,0.9130434783,1,0.9545454545,177.4761905,0.03305794495,1,1919,1919,,,,,0,0,0,0,0,,,,0.0002367679844,0,,1919,0,0,0,1919,1919,1919,1919,0,0,1,1,0,46,1,42,1,0.1608573274,4,0.007019697202,0,0,8.90865277e-05,0.0001420607907,0.0002841215813,,,,81.98597656,145.1666602,227.1526367,4503.46875,5.421875,0,4508.890625,1.90625,2.6875,46,5.46875,14.3984375,9.65625,1.26171875,19.8671875,2111772,232.405559,9.086581272,0.024277,62.120512,0.017154,62.161943
36,hybrid[head=topn-frontier reducer=streaming],hybrid,2111772,3520,0.875,1,0.9333333333,59.52380952,0.01214850375,1,1480,1480,600,880,600,880,197,403,403,9640,8100,0.8402489627,0,17.455761,0.0005208895657,0,,880,0,0,0,880,880,880,880,0,0,1,1,0,48,1,42,1,0.1585114302,6,0.01049971304,0,0,5.511761371e-05,0.000243634256,0.0005208895657,,,,51.205,70.325,121.53,2479.709961,950.515625,941.40625,3430.225586,9.109375,15.79589844,403,5.46875,77.0234375,134.0136719,1.600585938,134.0136719,2111772,329.385175,6.411253937,0.23981,15.000524,0.597866,15.8382
37,hl,hl,2054630,3425,1,0.6666666667,0.8,1345.133333,0.1813393006,0.9583333333,48,,,,,,0,0,0,0,0,,,,,,,,,,0,,,,,,,,,,288,0.9777777778,0,1,0,30,0.1051746543,258,0.161835951,0.0009271201573,0.003505821811,0.01307096655,,,,5.857421875,19.77626953,25.63369141,566.7333984,0.59375,0,567.3271484,0.59375,1.108398438,30,5.078125,20.09960938,0,1.61328125,25.17773438,2054630,268.397071,7.655187862,0.003009,1.045845,0,1.048854
37,hl#1,hl,2054630,3425,1,0.9333333333,0.9655172414,324.4888889,0.06334154993,0.8420138889,96,,,,,,0,0,0,0,0,,,,,,,,,,0,,,,,,,,,,576,0.9777777778,0,1,0,42,0.1444683471,534,0.2688995099,0.0007176525295,0.00343972255,0.02037787826,,,,11.48828125,39.12806641,50.61634766,1129.563477,0.71875,0,1130.282227,0.71875,1.438476562,42,5.078125,24.01171875,0,2.380859375,29.08984375,2054630,276.479861,7.431391178,0.01185,1.791502,0,1.803352
37,hl#2,hl,2054630,3425,1,0.9777777778,0.9887640449,32,0.007004775097,0.9483333333,192,,,,,,0,0,0,0,0,,,,,,,,,,0,,,,,,,,,,1152,1,0,1,0,44,0.1522619644,1108,0.3951159089,0.000475154404,0.003460499192,0.0203554898,,,,22.75,78.52376953,101.2737695,2254.599609,0.71875,0,2255.318359,0.71875,1.474609375,44,5.078125,36.6015625,0,2.560546875,41.6796875,2054630,268.735077,7.645559422,0.009367,3.617471,0,3.626838
37,hl#3,hl,2054630,3425,1,1,1,13.15555556,0.0023632876,0.9716666667,384,,,,,,0,0,0,0,0,,,,,,,,,,0,,,,,,,,,,2304,1,0,1,0,45,0.1539240642,2259,0.5037057767,0.0002854296184,0.00342053476,0.02036133026,,,,45.2734375,168.5549414,213.8283789,4504.630859,0.734375,0,4505.365234,0.734375,1.505859375,45,5.078125,59.90625,0,2.615234375,64.984375,2054630,243.768675,8.428605521,0.023935,7.47611,0,7.500045
37,ss[policy=difficulty],ss,2054630,3425,1,1,1,156.4888889,0.03029273528,1,1919,1919,,,,,0,0,0,0,0,,,,0.0002433528178,0,,1919,0,0,0,1919,1919,1919,1919,0,0,1,1,0,45,1,45,1,0.1571947261,0,0,0,0,7.616402413e-05,0,0.0002920233813,,,,81.72453125,145.0970117,226.821543,4503.318359,5.28125,0,4508.599609,1.765625,2.537109375,45,5.46875,14.3984375,9.65625,1.272460938,19.8671875,2054630,234.57551,8.758927989,0.024107,47.576327,0.010134,47.610568
37,hybrid[head=topn-frontier reducer=streaming],hybrid,2054630,3425,0.9782608696,1,0.989010989,51.2,0.01243161031,1,1480,1480,600,880,600,880,207,393,393,9640,7900,0.8195020747,0,17.049577,0.0004881657525,0,,880,0,0,0,880,880,880,880,0,0,1,1,0,46,1,45,1,0.1548887148,1,0.001897178567,0,0,3.498990297e-05,0.0004881657525,0.0004881657525,,,,50.85101563,70.29541016,121.1464258,2492.073242,950.453125,941.40625,3442.526367,9.046875,15.58886719,393,5.46875,76.5234375,133.5771484,1.5703125,133.5771484,2054630,330.762697,6.211794796,0.11447,14.274667,0.494721,14.883858
38,hl,hl,2074660,3458,1,0.7948717949,0.8857142857,1559.25641,0.180920467,0.9826388889,48,,,,,,0,0,0,0,0,,,,,,,,,,0,,,,,,,,,,288,0.9743589744,0,1,0,31,0.1264775915,257,0.1532125746,0.0009711464101,0.004079922307,0.01832300232,,,,5.857421875,19.70570312,25.563125,566.7275391,0.578125,0,567.3056641,0.578125,1.102539062,31,5.078125,18.77148438,0,1.693359375,23.84960938,2074660,264.585782,7.841162077,0.003179,0.956391,0,0.95957
38,hl#1,hl,2074660,3458,1,0.8974358974,0.9459459459,412.8461538,0.05480580936,0.8385416667,96,,,,,,0,0,0,0,0,,,,,,,,,,0,,,,,,,,,,576,0.9743589744,0,1,0,35,0.1511240396,541,0.270176318,0.000731424232,0.004317829703,0.01974540407,,,,11.48828125,39.1090625,50.59734375,1129.328125,0.609375,0,1129.9375,0.609375,1.203125,35,5.078125,23.77734375,0,2.013671875,28.85546875,2074660,271.369764,7.645140599,0.004981,1.81165,0,1.816631
38,hl#2,hl,2074660,3458,1,0.9743589744,0.987012987,21.69230769,0.004290118729,0.95,192,,,,,,0,0,0,0,0,,,,,,,,,,0,,,,,,,,,,1152,1,0,1,0,38,0.1616096131,1114,0.3900899424,0.0004789058642,0.004252884556,0.02264563832,,,,22.75,78.85492188,101.6049219,2254.392578,0.625,0,2255.017578,0.625,1.267578125,38,5.078125,37.0703125,0,2.212890625,42.1484375,2074660,261.768818,7.925542912,0.016844,3.61013,0,3.626974
38,hl#3,hl,2074660,3458,0.975,1,0.9873417722,16.30769231,0.003008059694,0.9783333333,384,,,,,,0,0,0,0,0,,,,,,,,,,0,,,,,,,,,,2304,1,0,1,0,40,0.164838576,2264,0.49754755,0.0002874939783,0.004120964399,0.02264467431,,,,45.2734375,169.1537695,214.427207,4504.458008,0.65625,0,4505.114258,0.65625,1.333007812,40,5.078125,60.453125,0,2.325195312,65.53125,2074660,238.055649,8.715021083,0.020464,7.576333,0,7.596797
38,ss[policy=difficulty],ss,2074660,3458,0.8863636364,1,0.9397590361,144.1282051,0.02523421868,1,1919,1885,,,,,0,0,0,0,0,,,,0.0002410033451,0,,1885,1,0,0,1885,1885,1885,1885,0,0,1.018037135,1.018037135,-0.01787639613,44,1,39,1,0.1660190103,5,0.008570560959,0,0,7.909291599e-05,0.0001541457395,0.0002410033451,,,,81.72386719,145.1297852,226.8536523,4503.307617,5.296875,0,4508.604492,1.78125,2.526367188,44,5.46875,14.3984375,9.65625,1.216796875,19.8671875,2074660,230.221036,9.011600486,0.023316,47.921054,0.01245,47.95682
38,hybrid[head=topn-frontier reducer=streaming],hybrid,2074660,3458,0.975,1,0.9873417722,43.58974359,0.008956132558,1,1480,1295,600,880,600,695,210,390,390,9640,7840,0.8132780083,0,17.066009,0.0003856053522,0,,695,1,0,0,695,695,695,695,0,0,1.26618705,1.26618705,-0.2360100619,40,1,39,1,0.1641290621,1,0.00170678569,0,0,2.410033451e-05,0.0001446020071,0.0003856053522,,,,50.84867188,70.24332031,121.0919922,2488.31543,950.34375,941.40625,3438.65918,8.9375,15.31542969,390,5.46875,76.5234375,133.3574219,1.385742188,133.3574219,2074660,326.015108,6.363692814,0.118544,14.200562,0.456887,14.775993
39,hl,hl,1989585,3316,1,0.5609756098,0.71875,1606.317073,0.2481254543,0.9756944444,48,,,,,,0,0,0,0,0,,,,,,,,,,0,,,,,,,,,,288,0.9512195122,0,1,0,23,0.08615615819,265,0.1663995255,0.0008769294574,0.003745919921,0.01509410254,,,,5.857421875,19.54203125,25.39945313,566.4111328,0.390625,0,566.8017578,0.390625,0.7861328125,23,5.078125,19.24023438,0,1.379882812,24.31835938,1989585,258.93227,7.683804726,0.002982,0.983061,0,0.986043
39,hl#1,hl,1989585,3316,1,0.8780487805,0.9350649351,318.804878,0.07428502922,0.8350694444,96,,,,,,0,0,0,0,0,,,,,,,,,,0,,,,,,,,,,576,0.9756097561,0,1,0,36,0.1269284801,540,0.2760595803,0.0006996320492,0.003525791113,0.01790775463,,,,11.48828125,39.11921875,50.6075,1129.361328,0.625,0,1129.986328,0.625,1.236328125,36,5.078125,24.87109375,0,2.038085938,29.94921875,1989585,267.659452,7.433270094,0.009369,1.859719,0,1.869088
39,hl#2,hl,1989585,3316,1,1,1,37.53658537,0.007478555703,0.9516666667,192,,,,,,0,0,0,0,0,,,,,,,,,,0,,,,,,,,,,1152,1,0,1,0,41,0.1382268161,1111,0.3979498237,0.000465431111,0.00337138576,0.01794796402,,,,22.75,78.90207031,101.6520703,2254.491211,0.671875,0,2255.163086,0.671875,1.366210938,41,5.078125,37.1484375,0,2.381835938,42.2265625,1989585,259.09973,7.678838569,0.011832,3.627729,0,3.639561
39,hl#3,hl,1989585,3316,1,1,1,21.41463415,0.004604389281,0.9733333333,384,,,,,,0,0,0,0,0,,,,,,,,,,0,,,,,,,,,,2304,1,0,1,0,41,0.1384645542,2263,0.5130939367,0.0002827944839,0.003377184248,0.01796957657,,,,45.2734375,168.5417969,213.8152344,4504.491211,0.671875,0,4505.163086,0.671875,1.366210938,41,5.078125,59.515625,0,2.381835938,64.59375,1989585,234.930875,8.46881024,0.020374,7.586887,0,7.607261
39,ss[policy=difficulty],ss,1989585,3316,0.9761904762,1,0.9879518072,167.3170732,0.03369091851,1,1885,1912,,,,,0,0,0,0,0,,,,0.00025130869,1,1895,1912,0,1,1895,1912,1912,1912,1912,1,1,0.9858786611,0.9858786611,0.01422199373,42,1,41,1,0.1419587502,1,0.001740563987,0,0,8.568429621e-05,0.000150785214,0.000280460498,,,,80.86070313,144.2416406,225.1023437,4423.493164,5.203125,0,4428.696289,1.6875,2.399414062,42,5.46875,14.3984375,9.65625,1.166992188,19.8671875,1989585,227.277256,8.753999564,0.022817,46.794496,0.024356,46.841669
39,hybrid[head=topn-frontier reducer=streaming],hybrid,1989585,3316,0.8367346939,1,0.9111111111,36.48780488,0.008855160081,1,1295,1436,600,695,600,836,236,364,364,9640,7320,0.7593360996,1,2.635074,0.0008016747211,1,836,836,0,1,836,836,836,836,836,1,1,0.8313397129,0.8313397129,0.1847167675,49,1,41,1,0.1392627106,8,0.0144914643,0,0,0.0001045341575,0.0005462822649,0.0008016747211,,,,38.15320312,66.05365234,104.2068555,2059.822266,723.375,714.84375,2783.197266,8.53125,14.58007812,364,5.46875,77.0234375,134.0478516,1.688476562,134.0478516,1989585,323.512417,6.149949416,0.090367,11.721241,0.444076,12.255684
40,hl,hl,2017072,3362,1,0.756097561,0.8611111111,1365.512195,0.1894727084,0.9722222222,48,,,,,,0,0,0,0,0,,,,,,,,,,0,,,,,,,,,,288,1,0,1,0,31,0.09992404832,257,0.1595342159,0.0009008967509,0.003223356398,0.0140892343,,,,5.857421875,19.5509375,25.40835937,566.7646484,0.609375,0,567.3740234,0.609375,1.139648438,31,5.078125,19.16210938,0,1.66796875,24.24023438,2017072,263.838427,7.64510319,0.003334,0.95728,0,0.960614
40,hl#1,hl,2017072,3362,1,0.8780487805,0.9350649351,233.3902439,0.0449298399,0.8402777778,96,,,,,,0,0,0,0,0,,,,,,,,,,0,,,,,,,,,,576,1,0,1,0,36,0.1269731571,540,0.2838877343,0.0007133001587,0.003527032143,0.01731371017,,,,11.48828125,39.13076172,50.61904297,1129.333008,0.59375,0,1129.926758,0.59375,1.208007812,36,5.078125,24.71484375,0,2.106445312,29.79296875,2017072,274.779828,7.340684412,0.005109,1.796909,0,1.802018
40,hl#2,hl,2017072,3362,0.975,0.9512195122,0.962962963,25.07317073,0.005204299974,0.9483333333,192,,,,,,0,0,0,0,0,,,,,,,,,,0,,,,,,,,,,1152,1,0,1,0,40,0.1366386525,1112,0.4061059794,0.0004711324929,0.003415966312,0.0172666122,,,,22.75,78.97689453,101.7268945,2254.499023,0.6875,0,2255.186523,0.6875,1.374023438,40,5.078125,37.2265625,0,2.301757812,42.3046875,2017072,265.313725,7.602591988,0.012408,3.558319,0,3.570727
40,hl#3,hl,2017072,3362,0.9756097561,0.9756097561,0.9756097561,16.31707317,0.003357703488,0.9783333333,384,,,,,,0,0,0,0,0,,,,,,,,,,0,,,,,,,,,,2304,1,0,1,0,41,0.1383713621,2263,0.5167044111,0.0002843210821,0.00337491127,0.01726066298,,,,45.2734375,172.7769531,218.0503906,4504.5,0.671875,0,4505.171875,0.671875,1.375,41,5.078125,59.515625,0,2.390625,64.59375,2017072,241.788972,8.342282873,0.052574,7.719983,0,7.772557
40,ss[policy=difficulty],ss,2017072,3362,0.9534883721,1,0.9761904762,163.902439,0.03300753972,1,1912,1912,,,,,0,0,0,0,0,,,,0.0002478840616,0,,1912,0,0,0,1912,1912,1912,1912,0,0,1,1,0,43,1,41,1,0.1415065997,2,0.003472855704,0,0,8.101773494e-05,7.610040693e-05,0.0002478840616,,,,81.546875,144.9289453,226.4758203,4486.72168,5.125,0,4491.84668,1.609375,2.346679688,43,5.46875,14.3984375,9.65625,1.192382812,19.8671875,2017072,233.981541,8.620645848,0.034079,47.732426,0.011693,47.778198
40,hybrid[head=topn-frontier reducer=streaming],hybrid,2017072,3362,0.9318181818,1,0.9647058824,61.04878049,0.01272010253,1,1436,1436,600,836,600,836,215,385,385,9640,7740,0.8029045643,0,17.457293,0.0006444985603,0,,836,0,0,0,836,836,836,836,0,0,1,1,0,44,1,41,1,0.1394159455,3,0.005444029762,0,0,5.334014308e-05,0.0003686862277,0.0006444985603,,,,50.10476562,52.05341797,102.1581836,2371.966797,950.359375,941.40625,3322.326172,8.953125,15.26367188,385,5.46875,77.0234375,133.9794922,1.47265625,133.9794922,2017072,628.14958,3.211133246,0.110996,13.639328,0.465826,14.21615
41,hl,hl,2070005,3451,1,0.6904761905,0.8169014085,1457.595238,0.1946427194,0.9652777778,48,,,,,,0,0,0,0,0,,,,,,,,,,0,,,,,,,,,,288,1,0,1,0,29,0.1217509136,259,0.1589121765,0.0009745246187,0.004198307367,0.02532457651,,,,5.857421875,19.60767578,25.46509766,566.6611328,0.546875,0,567.2080078,0.546875,1.036132812,29,5.078125,18.84960938,0,1.612304688,23.92773438,2070005,273.42985,7.570515801,0.003237,0.931725,0,0.934962
41,hl#1,hl,2070005,3451,1,0.9285714286,0.962962963,185.1904762,0.03274785477,0.8472222222,96,,,,,,0,0,0,0,0,,,,,,,,,,0,,,,,,,,,,576,1,0,1,0,39,0.1581092799,537,0.2691645672,0.0007417948735,0.004054084101,0.02776370105,,,,11.48828125,39.07761719,50.56589844,1129.487305,0.703125,0,1130.19043,0.703125,1.362304688,39,5.078125,24.40234375,0,2.168945312,29.48046875,2070005,279.037162,7.418384652,0.005069,1.733943,0,1.739012
41,hl#2,hl,2070005,3451,1,1,1,27.97619048,0.005787141836,0.9466666667,192,,,,,,0,0,0,0,0,,,,,,,,,,0,,,,,,,,,,1152,1,0,1,0,42,0.1657184403,1110,0.3920618549,0.000484184284,0.00394567715,0.02776611651,,,,22.75,78.68439453,101.4343945,2254.522461,0.6875,0,2255.209961,0.6875,1.397460938,42,5.078125,37.3828125,0,2.436523438,42.4609375,2070005,269.118051,7.691810313,0.012223,3.59776,0,3.609983
41,hl#3,hl,2070005,3451,1,1,1,15.04761905,0.003033417036,0.9733333333,384,,,,,,0,0,0,0,0,,,,,,,,,,0,,,,,,,,,,2304,1,0,1,0,42,0.1656986336,2262,0.4989422731,0.0002884726157,0.003945205561,0.02776563342,,,,45.2734375,164.9303125,210.20375,4504.522461,0.6875,0,4505.209961,0.6875,1.397460938,42,5.078125,60.453125,0,2.436523438,65.53125,2070005,242.425532,8.538725203,0.021022,7.518954,0,7.539976
41,ss[policy=difficulty],ss,2070005,3451,0.9545454545,1,0.976744186,148.5714286,0.0282114184,1,1912,1912,,,,,0,0,0,0,0,,,,0.0002415453103,0,,1912,0,0,0,1912,1912,1912,1912,0,0,1,1,0,44,1,42,1,0.1687392059,2,0.003449267031,0,0,7.40006996e-05,0.0001207726551,0.0002898543723,,,,81.54578125,144.9408789,226.4866602,4486.931641,5.328125,0,4492.259766,1.8125,2.556640625,44,5.46875,14.3984375,9.65625,1.184570312,19.8671875,2070005,237.027345,8.733190679,0.023077,48.147934,0.016401,48.187412
41,hybrid[head=topn-frontier reducer=streaming],hybrid,2070005,3451,0.9545454545,1,0.976744186,73.4047619,0.01189411197,1,1436,1438,600,836,600,838,226,374,374,9640,7520,0.7800829876,1,2.956464,0.0006681143282,1,838,838,0,0,838,838,838,838,838,1,1,0.9976133652,0.9976133652,0.002389487397,44,1,42,1,0.1672140889,2,0.003596126579,0,0,5.251414632e-05,0.0004106270275,0.0006681143282,,,,49.87625,50.32902344,100.2052734,2384.513672,743.03125,734.375,3127.544922,8.65625,14.85742188,374,5.46875,77.0234375,133.9648438,1.572265625,133.9648438,2070005,627.41457,3.299261922,0.107037,13.730424,0.47571,14.313171
42,hl,hl,2111861,3520,0.9310344828,0.7714285714,0.84375,1366.314286,0.1572268893,0.9826388889,48,,,,,,0,0,0,0,0,,,,,,,,,,0,,,,,,,,,,288,1,0,1,0,29,0.1545021192,259,0.1541493498,0.00107170649,0.005327659283,0.0213858772,,,,5.857421875,19.83039062,25.6878125,566.6972656,0.578125,0,567.2753906,0.578125,1.072265625,29,5.078125,19.47460938,0,1.58203125,24.55273438,2111861,271.113883,7.789571588,0.003363,0.942889,0,0.946252
42,hl#1,hl,2111861,3520,0.9714285714,0.9714285714,0.9714285714,247.7428571,0.03436391323,0.8576388889,96,,,,,,0,0,0,0,0,,,,,,,,,,0,,,,,,,,,,576,1,0,1,0,35,0.1788730414,541,0.2618036888,0.0007650637676,0.005110658325,0.02478430162,,,,11.48828125,39.08015625,50.5684375,1129.299805,0.578125,0,1129.87793,0.578125,1.174804688,35,5.078125,24.01171875,0,2.049804688,29.08984375,2111861,273.068027,7.733827439,0.007944,1.74792,0,1.755864
42,hl#2,hl,2111861,3520,0.9722222222,1,0.985915493,34.74285714,0.005368480917,0.95,192,,,,,,0,0,0,0,0,,,,,,,,,,0,,,,,,,,,,1152,1,0,1,0,36,0.1832227595,1116,0.3798573864,0.0004887848489,0.005089521096,0.02595009804,,,,22.75,78.63431641,101.3843164,2254.331055,0.59375,0,2254.924805,0.59375,1.206054688,36,5.078125,36.9921875,0,2.104492188,42.0703125,2111861,264.233915,7.992391893,0.01193,3.610979,0,3.622909
42,hl#3,hl,2111861,3520,0.9722222222,1,0.985915493,17.74285714,0.002870393078,0.98,384,,,,,,0,0,0,0,0,,,,,,,,,,0,,,,,,,,,,2304,1,0,1,0,36,0.1831825106,2268,0.4862365468,0.0002905464659,0.005088403072,0.02595199211,,,,45.2734375,164.888418,210.1618555,4504.331055,0.59375,0,4504.924805,0.59375,1.206054688,36,5.078125,60.53125,0,2.104492188,65.609375,2111861,239.993477,8.799660001,0.020447,7.490432,0,7.510879
42,ss[policy=difficulty],ss,2111861,3520,0.8333333333,1,0.9090909091,172.2857143,0.02682614703,1,1912,1912,,,,,0,0,0,0,0,,,,0.0002372315223,0,,1912,0,0,0,1912,1912,1912,1912,0,0,1,1,0,42,1,35,1,0.184318002,7,0.01230289304,0,0,9.305717068e-05,0.0001504428017,0.0002841096076,,,,81.55234375,144.8619922,226.4143359,4486.869141,5.296875,0,4492.166016,1.78125,2.494140625,42,5.46875,14.3984375,9.65625,1.168945312,19.8671875,2111861,235.19293,8.979270763,0.02231,47.849106,0.019976,47.891392
42,hybrid[head=topn-frontier reducer=streaming],hybrid,2111861,3520,0.9459459459,1,0.9722222222,40,0.003614549343,1,1438,1438,600,838,600,838,217,383,383,9640,7700,0.7987551867,1,9.335806,0.0004735160127,0,,838,0,0,0,838,838,838,838,0,0,1,1,0,37,1,35,1,0.1821256229,2,0.003499283334,0,0,3.848277433e-05,0.0003804701162,0.0004735160127,,,,49.78148437,50.85849609,100.6399805,2384.742188,760.9375,751.953125,3145.679688,8.984375,15.2890625,383,5.46875,76.2734375,133.1220703,1.400390625,133.1220703,2111861,650.894723,3.244550809,0.111293,14.241313,0.879888,15.232494
43,hl,hl,1994663,3325,1,0.6857142857,0.813559322,1284.114286,0.1986895336,0.9652777778,48,,,,,,0,0,0,0,0,,,,,,,,,,0,,,,,,,,,,288,0.9428571429,0,1,0,24,0.09985446163,264,0.1577504571,0.0008944615234,0.004160602568,0.01524066973,,,,5.857421875,19.61181641,25.46923828,566.5009766,0.46875,0,566.9697266,0.46875,0.8759765625,24,5.078125,18.45898438,0,1.3359375,23.53710938,1994663,271.649809,7.342773431,0.003116,0.935561,0,0.938677
43,hl#1,hl,1994663,3325,1,0.9142857143,0.9552238806,281.2,0.04934856579,0.84375,96,,,,,,0,0,0,0,0,,,,,,,,,,0,,,,,,,,,,576,1,0,1,0,32,0.1251589868,544,0.2715992626,0.0006888164052,0.003911218336,0.0169582531,,,,11.48828125,39.08482422,50.57310547,1129.196289,0.53125,0,1129.727539,0.53125,1.071289062,32,5.078125,24.55859375,0,1.875976562,29.63671875,1994663,279.119494,7.146269046,0.008844,1.730991,0,1.739835
43,hl#2,hl,1994663,3325,1,1,1,31.28571429,0.005836467496,0.9433333333,192,,,,,,0,0,0,0,0,,,,,,,,,,0,,,,,,,,,,1152,1,0,1,0,35,0.133082631,1117,0.4009384041,0.0004635599263,0.003802360886,0.01689207651,,,,22.75,78.44470703,101.194707,2254.296875,0.578125,0,2254.875,0.578125,1.171875,35,5.078125,36.1328125,0,2.046875,41.2109375,1994663,272.580795,7.317694557,0.012469,3.551515,0,3.563984
43,hl#3,hl,1994663,3325,1,1,1,17.17142857,0.003008946811,0.9783333333,384,,,,,,0,0,0,0,0,,,,,,,,,,0,,,,,,,,,,2304,1,0,1,0,35,0.1332761474,2269,0.5141655508,0.0002810076815,0.003807889926,0.01685196948,,,,45.2734375,163.664375,208.9378125,4504.296875,0.578125,0,4504.875,0.578125,1.171875,35,5.078125,59.90625,0,2.046875,64.984375,1994663,248.989993,8.011016732,0.02065,7.468332,0,7.488982
43,ss[policy=difficulty],ss,1994663,3325,0.875,1,0.9333333333,188.2,0.0341542869,1,1912,1952,,,,,0,0,0,0,0,,,,0.0002551809504,1,1952,1952,0,0,1952,1952,1952,1952,1952,1,1,0.9795081967,0.9795081967,0.02070467336,40,1,35,1,0.1366010198,5,0.008568866019,0,0,0.0001021099805,0.0001564173998,0.000300802692,,,,81.54398437,144.8722656,226.41625,4486.677734,5.140625,0,4491.818359,1.625,2.302734375,40,5.46875,14.3984375,9.65625,1.12109375,19.8671875,1994663,241.586893,8.256503386,0.032266,53.230771,0.013741,53.276778
43,hybrid[head=topn-frontier reducer=streaming],hybrid,1994663,3325,0.9459459459,1,0.9722222222,84.6,0.01804525085,1,1438,1417,600,838,600,817,212,388,388,9640,7800,0.8091286307,0,17.13509,0.000632186991,0,,817,1,0,0,817,817,817,817,0,0,1.025703794,1.025703794,-0.02537900562,37,1,35,1,0.1347831689,2,0.003391550352,0,0,6.044508148e-05,0.000376003365,0.000632186991,,,,49.783125,56.1421875,105.9253125,2390.717773,950.375,941.40625,3341.092773,8.96875,15.42089844,388,5.46875,76.5234375,133.4160156,1.396484375,133.4160156,1994663,661.262739,3.01644548,0.199477,13.751489,0.752745,14.703711
44,hl,hl,2024092,3374,1,0.6590909091,0.7945205479,1410.545455,0.2098774697,0.9722222222,48,,,,,,0,0,0,0,0,,,,,,,,,,0,,,,,,,,,,288,0.9545454545,0,1,0,29,0.108866099,259,0.1532484689,0.0009101200275,0.003754003413,0.01516630667,,,,5.857421875,19.74525391,25.60267578,566.6279297,0.515625,0,567.1435547,0.515625,1.002929688,29,5.078125,18.84960938,0,1.611328125,23.92773438,2024092,264.179764,7.661798047,0.012378,1.559312,0,1.57169
44,hl#1,hl,2024092,3374,1,0.8863636364,0.9397590361,337.6818182,0.06809723344,0.8489583333,96,,,,,,0,0,0,0,0,,,,,,,,,,0,,,,,,,,,,576,1,0,1,0,39,0.143233608,537,0.262155574,0.000703800663,0.003672656614,0.01667513137,,,,11.48828125,39.08837891,50.57666016,1129.452148,0.671875,0,1130.124023,0.671875,1.327148438,39,5.078125,24.24609375,0,2.233398438,29.32421875,2024092,272.472597,7.428607582,0.012921,2.94958,0,2.962501
44,hl#2,hl,2024092,3374,1,1,1,29.02272727,0.005233871743,0.9433333333,192,,,,,,0,0,0,0,0,,,,,,,,,,0,,,,,,,,,,1152,1,0,1,0,44,0.1556683194,1108,0.3872511724,0.0004712842811,0.003537916351,0.01666278015,,,,22.75,78.4565625,101.2065625,2254.579102,0.71875,0,2255.297852,0.71875,1.454101562,44,5.078125,36.6796875,0,2.540039062,41.7578125,2024092,264.839584,7.642709483,0.019028,4.84308,0,4.862108
44,hl#3,hl,2024092,3374,1,1,1,22.70454545,0.004071114366,0.9783333333,384,,,,,,0,0,0,0,0,,,,,,,,,,0,,,,,,,,,,2304,1,0,1,0,44,0.1556831409,2260,0.4973770955,0.0002834462832,0.003538253202,0.01661831577,,,,45.2734375,165.4411719,210.7146094,4504.579102,0.71875,0,4505.297852,0.71875,1.454101562,44,5.078125,59.90625,0,2.540039062,64.984375,2024092,240.96744,8.399856844,0.031004,8.385297,0,8.416301
44,ss[policy=difficulty],ss,2024092,3374,0.9361702128,1,0.967032967,173.4545455,0.03104332395,1,1952,1952,,,,,0,0,0,0,0,,,,0.0002470243447,0,,1952,0,0,0,1952,1952,1952,1952,0,0,1,1,0,47,1,44,1,0.1594048097,3,0.005125261105,0,0,8.75832698e-05,0.0001152780275,0.0002949470676,,,,82.56117187,145.7865625,228.3477344,4580.740234,5.34375,0,4586.083984,1.828125,2.615234375,47,5.46875,14.3984375,9.65625,1.287109375,19.8671875,2024092,232.412536,8.709048293,0.027004,49.092302,0.008941,49.128247
44,hybrid[head=topn-frontier reducer=streaming],hybrid,2024092,3374,0.9565217391,1,0.9777777778,120.3181818,0.02235456055,1,1417,1448,600,817,600,848,218,382,382,9640,7680,0.7966804979,1,2.735535,0.0006916681653,1,848,848,0,1,848,848,848,848,848,1,1,0.9634433962,0.9634433962,0.03724154093,46,1,44,1,0.1582497238,2,0.003609519725,0,0,6.842574349e-05,0.0002660452193,0.0006916681653,,,,49.30390625,45.82621094,95.13011719,2337.222656,758.78125,750,3096.003906,8.78125,15.08203125,382,5.46875,77.0234375,134.1064453,1.646484375,134.1064453,2024092,519.05963,3.899536552,0.178002,13.435268,0.4678,14.08107
45,hl,hl,2007625,3347,1,0.6444444444,0.7837837838,1299.444444,0.2063765143,0.96875,48,,,,,,0,0,0,0,0,,,,,,,,,,0,,,,,,,,,,288,0.9333333333,0,1,0,29,0.1058932819,259,0.1566348297,0.000911555943,0.003651492478,0.01615739991,,,,5.857421875,19.59263672,25.45005859,566.6601562,0.546875,0,567.2070312,0.546875,1.03515625,29,5.078125,18.45898438,0,1.606445312,23.53710938,2007625,261.567822,7.675351596,0.010546,0.928399,0,0.938945
45,hl#1,hl,2007625,3347,1,0.8888888889,0.9411764706,281.7555556,0.06537222441,0.8402777778,96,,,,,,0,0,0,0,0,,,,,,,,,,0,,,,,,,,,,576,1,0,1,0,40,0.1408191271,536,0.2641240271,0.0007030263094,0.003520478177,0.0167541249,,,,11.48828125,39.07380859,50.56208984,1129.484375,0.6875,0,1130.171875,0.6875,1.359375,40,5.078125,24.87109375,0,2.287109375,29.94921875,2007625,270.668818,7.417274789,0.005142,1.759072,0,1.764214
45,hl#2,hl,2007625,3347,1,0.9777777778,0.9887640449,30.88888889,0.006053370175,0.9583333333,192,,,,,,0,0,0,0,0,,,,,,,,,,0,,,,,,,,,,1152,1,0,1,0,44,0.149884067,1108,0.3872421393,0.0004662553874,0.003406456068,0.01673718947,,,,22.75,78.37259766,101.1225977,2254.613281,0.75,0,2255.363281,0.75,1.48828125,44,5.078125,36.9140625,0,2.513671875,41.9921875,2007625,264.549526,7.588843686,0.014198,3.584595,0,3.598793
45,hl#3,hl,2007625,3347,1,1,1,16.93333333,0.003705580603,0.9733333333,384,,,,,,0,0,0,0,0,,,,,,,,,,0,,,,,,,,,,2304,1,0,1,0,45,0.1518729842,2259,0.4963934998,0.0002813656615,0.003374955206,0.01677006413,,,,45.2734375,164.2308398,209.5042773,4504.615234,0.734375,0,4505.349609,0.734375,1.490234375,45,5.078125,59.984375,0,2.599609375,65.0625,2007625,240.426298,8.350272065,0.020835,7.549631,0,7.570466
45,ss[policy=difficulty],ss,2007625,3347,0.9375,1,0.9677419355,157.2888889,0.03188486212,1,1952,1949,,,,,0,0,0,0,0,,,,0.000249050495,0,,1949,1,0,0,1949,1949,1949,1949,0,0,1.001539251,1.001539251,-0.001538067465,48,1,45,1,0.1553497292,3,0.00531324326,0,0,8.486395617e-05,0.0001826370297,0.0002724612415,,,,82.56109375,145.7577734,228.3188672,4580.774414,5.359375,0,4586.133789,1.84375,2.649414062,48,5.46875,14.3984375,9.65625,1.340820312,19.8671875,2007625,233.04641,8.614700394,0.028233,49.169846,0.010683,49.208762
45,hybrid[head=topn-frontier reducer=streaming],hybrid,2007625,3347,1,1,1,77.77777778,0.01814213769,1,1448,1448,600,848,600,848,222,378,378,9640,7600,0.7883817427,1,2.764117,0.000498599091,0,,848,0,0,0,848,848,848,848,0,0,1,1,0,45,1,45,1,0.1535675238,0,0,0,0,3.874118811e-05,0,0.000498599091,,,,50.03460938,48.14552734,98.18013672,2417.09668,750.875,742.1875,3167.97168,8.6875,14.94042969,378,5.46875,76.5234375,133.5283203,1.619140625,133.5283203,2007625,778.8222,2.577770639,0.112858,13.849618,0.461403,14.423879
46,hl,hl,1980148,3301,1,0.6666666667,0.8,1129.142857,0.1850884061,0.9722222222,48,,,,,,0,0,0,0,0,,,,,,,,,,0,,,,,,,,,,288,0.9523809524,0,1,0,28,0.1095453471,260,0.1554035355,0.0009199613979,0.003912333826,0.01584225018,,,,5.857421875,19.59111328,25.44853516,566.6279297,0.53125,0,567.1591797,0.53125,1.002929688,28,5.078125,19.39648438,0,1.5234375,24.47460938,1980148,264.761324,7.478992664,0.004904,0.96292,0,0.967824
46,hl#1,hl,1980148,3301,0.9743589744,0.9047619048,0.9382716049,215.2619048,0.03877203903,0.8402777778,96,,,,,,0,0,0,0,0,,,,,,,,,,0,,,,,,,,,,576,1,0,1,0,39,0.1411763161,537,0.2634020285,0.0007023929595,0.003619905541,0.01746889626,,,,11.48828125,39.06462891,50.55291016,1129.421875,0.640625,0,1130.0625,0.640625,1.296875,39,5.078125,24.48046875,0,2.265625,29.55859375,1980148,273.611615,7.237075809,0.005212,1.844205,0,1.849417
46,hl#2,hl,1980148,3301,1,1,1,30.07142857,0.006619035166,0.9433333333,192,,,,,,0,0,0,0,0,,,,,,,,,,0,,,,,,,,,,1152,1,0,1,0,42,0.1490459299,1110,0.3890860683,0.0004671284707,0.003548712617,0.01744768573,,,,22.75,78.47449219,101.2244922,2254.517578,0.6875,0,2255.205078,0.6875,1.392578125,42,5.078125,37.5390625,0,2.431640625,42.6171875,1980148,266.215808,7.438130797,0.017919,3.718544,0,3.736463
46,hl#3,hl,1980148,3301,1,1,1,15.9047619,0.003072741968,0.9716666667,384,,,,,,0,0,0,0,0,,,,,,,,,,0,,,,,,,,,,2304,1,0,1,0,42,0.1489363421,2262,0.4993111626,0.0002813574239,0.003546103384,0.01745273586,,,,45.2734375,173.2326758,218.5061133,4504.517578,0.6875,0,4505.205078,0.6875,1.392578125,42,5.078125,59.515625,0,2.431640625,64.59375,1980148,241.535901,8.198151876,0.024771,7.602587,0,7.627358
46,ss[policy=difficulty],ss,1980148,3301,0.9545454545,1,0.976744186,162.0238095,0.03266939176,1,1949,1969,,,,,0,0,0,0,0,,,,0.0002525063783,1,1969,1969,0,1,1969,1969,1969,1969,1969,1,1,0.9898425597,0.9898425597,0.01020937913,44,1,42,1,0.1525022372,2,0.00362195149,0,0,8.613910769e-05,0.0001767544648,0.000303007654,,,,82.48613281,145.6999609,228.1860937,4573.521484,5.203125,0,4578.724609,1.6875,2.427734375,44,5.46875,14.3984375,9.65625,1.248046875,19.8671875,1980148,236.048889,8.388719847,0.026456,49.18885,0.009258,49.224564
46,hybrid[head=topn-frontier reducer=streaming],hybrid,1980148,3301,0.976744186,1,0.9882352941,85.21428571,0.01931016701,1,1448,1448,600,848,600,848,209,391,391,9640,7860,0.8153526971,0,17.034641,0.0006565165836,0,,848,0,0,0,848,848,848,848,0,0,1,1,0,43,1,42,1,0.1508730661,1,0.001872082289,0,0,5.14290898e-05,0.0004040102053,0.0006565165836,,,,50.03921875,48.00728516,98.04650391,2406.420898,950.453125,941.40625,3356.874023,9.046875,15.50683594,391,5.46875,76.5234375,133.4746094,1.416992188,133.4746094,1980148,799.527295,2.476648405,0.146786,13.889329,0.469508,14.505623
47,hl,hl,1961671,3270,1,0.7,0.8235294118,1662.866667,0.2225111762,0.9583333333,48,,,,,,0,0,0,0,0,,,,,,,,,,0,,,,,,,,,,288,0.9666666667,0,1,0,21,0.08408443618,267,0.1609408509,0.0008507822469,0.00400402077,0.01679129681,,,,5.857421875,19.59962891,25.45705078,566.4052734,0.421875,0,566.8271484,0.421875,0.7802734375,21,5.078125,19.00585938,0,1.19921875,24.08398438,1961671,261.156232,7.511484543,0.003944,0.956571,0,0.960515
47,hl#1,hl,1961671,3270,1,0.9333333333,0.9655172414,317.0333333,0.06082862689,0.8645833333,96,,,,,,0,0,0,0,0,,,,,,,,,,0,,,,,,,,,,576,1,0,1,0,28,0.1125479247,548,0.2795025262,0.0006806431439,0.004019568739,0.02015424605,,,,11.48828125,39.06742188,50.55570313,1129.070312,0.46875,0,1129.539062,0.46875,0.9453125,28,5.078125,25.10546875,0,1.65625,30.18359375,1961671,271.32196,7.230048758,0.008538,1.880403,0,1.888941
47,hl#2,hl,1961671,3270,1,1,1,38.23333333,0.007343989793,0.9383333333,192,,,,,,0,0,0,0,0,,,,,,,,,,0,,,,,,,,,,1152,1,0,1,0,30,0.1185234425,1122,0.4110674012,0.0004597142741,0.003950781417,0.02026588556,,,,22.75,78.36466797,101.114668,2254.135742,0.5,0,2254.635742,0.5,1.010742188,30,5.078125,36.2890625,0,1.768554688,41.3671875,1961671,264.897743,7.405389634,0.009354,3.634903,0,3.644257
47,hl#3,hl,1961671,3270,0.9375,1,0.9677419355,15.66666667,0.002767225779,0.975,384,,,,,,0,0,0,0,0,,,,,,,,,,0,,,,,,,,,,2304,1,0,1,0,32,0.1218119654,2272,0.5202967266,0.0002786930087,0.003806623919,0.02025619994,,,,45.2734375,163.0521875,208.325625,4504.199219,0.53125,0,4504.730469,0.53125,1.07421875,32,5.078125,59.984375,0,1.87890625,65.0625,1961671,239.974144,8.174509834,0.020714,7.706982,0,7.727696
47,ss[policy=difficulty],ss,1961671,3270,0.8571428571,1,0.9230769231,155.9333333,0.02975058707,1,1969,2008,,,,,0,0,0,0,0,,,,0.0002548847386,1,2008,2008,0,0,2008,2008,2008,2008,2008,1,1,0.9805776892,0.9805776892,0.01961340217,35,1,30,1,0.1208811263,5,0.008927592853,0,0,9.001072482e-05,0.0001531347509,0.0002559042775,,,,82.99125,146.1129883,229.1042383,4619.950195,4.90625,0,4624.856445,1.390625,1.981445312,35,5.46875,14.3984375,9.65625,1.00390625,19.8671875,1961671,233.800127,8.39037611,0.025006,53.813953,0.016728,53.855687
47,hybrid[head=topn-frontier reducer=streaming],hybrid,1961671,3270,0.9375,1,0.9677419355,10,0.002501250625,1,1448,1448,600,848,600,848,209,391,391,9640,7860,0.8153526971,0,17.353589,0.000356838634,0,,848,0,0,0,848,848,848,848,0,0,1,1,0,32,1,30,1,0.1186493556,2,0.003540349019,0,0,2.230241463e-05,0.0002803732124,0.000356838634,,,,50.0390625,45.62728516,95.66634766,2424.126953,950.328125,941.40625,3374.455078,8.921875,15.41601562,391,5.46875,73.5859375,130.3955078,1.318359375,130.3955078,1961671,796.756596,2.462070612,0.11721,13.994517,0.46197,14.573697
48,hl,hl,1983026,3306,1,0.7567567568,0.8615384615,1561.243243,0.196264229,0.9756944444,48,,,,,,0,0,0,0,0,,,,,,,,,,0,,,,,,,,,,288,0.9459459459,0,1,0,28,0.1114882004,260,0.1547236395,0.0009243466663,0.003981721441,0.01620957063,,,,5.857421875,19.53775391,25.39517578,566.6289062,0.53125,0,567.1601562,0.53125,1.00390625,28,5.078125,19.39648438,0,1.588867188,24.47460938,1983026,258.181996,7.680729217,0.003301,0.945221,0,0.948522
48,hl#1,hl,1983026,3306,1,0.8918918919,0.9428571429,350.2702703,0.06891718869,0.8611111111,96,,,,,,0,0,0,0,0,,,,,,,,,,0,,,,,,,,,,576,1,0,1,0,33,0.1385493685,543,0.2731814913,0.0007148105205,0.004198465712,0.02177934127,,,,11.48828125,39.06978516,50.55806641,1129.228516,0.546875,0,1129.775391,0.546875,1.103515625,33,5.078125,24.55859375,0,1.931640625,29.63671875,1983026,266.538309,7.439928645,0.008936,1.764503,0,1.773439
48,hl#2,hl,1983026,3306,1,1,1,35.51351351,0.006997666342,0.9366666667,192,,,,,,0,0,0,0,0,,,,,,,,,,0,,,,,,,,,,1152,1,0,1,0,37,0.1487489322,1115,0.3917623874,0.0004691938538,0.00402024141,0.02179043543,,,,22.75,78.64949219,101.3994922,2254.360352,0.609375,0,2254.969727,0.609375,1.235351562,37,5.078125,37.8515625,0,2.157226562,42.9296875,1983026,259.564504,7.639819657,0.011192,3.669606,0,3.680798
48,hl#3,hl,1983026,3306,1,1,1,16.7027027,0.003255500416,0.9666666667,384,,,,,,0,0,0,0,0,,,,,,,,,,0,,,,,,,,,,2304,1,0,1,0,37,0.1487610349,2267,0.5021149496,0.0002824982572,0.004020568511,0.02176370859,,,,45.2734375,170.8311719,216.1046094,4504.360352,0.609375,0,4504.969727,0.609375,1.235351562,37,5.078125,60.140625,0,2.157226562,65.21875,1983026,233.636271,8.487663288,0.021434,7.658461,0,7.679895
48,ss[policy=difficulty],ss,1983026,3306,0.9024390244,1,0.9487179487,146.027027,0.0260216387,1,2008,2026,,,,,0,0,0,0,0,,,,0.0002521399114,1,2026,2026,0,0,2026,2026,2026,2026,2026,1,1,0.9911154985,0.9911154985,0.008924203997,41,1,37,1,0.1515572665,4,0.006825931682,0,0,8.736340443e-05,0.0002143189247,0.0002521399114,,,,83.98335938,177.3221484,261.3055078,4711.644531,5.09375,0,4716.738281,1.578125,2.26953125,41,5.46875,14.3984375,9.65625,1.176757812,19.8671875,1983026,228.953738,8.661251908,0.023878,50.150822,0.028819,50.203519
48,hybrid[head=topn-frontier reducer=streaming],hybrid,1983026,3306,0.9736842105,1,0.9866666667,78,0.01153734303,1,1448,1371,600,848,600,771,201,399,399,9640,8020,0.8319502075,0,17.312184,0.0005441179289,0,,771,1,0,0,771,771,771,771,0,0,1.099870298,1.099870298,-0.09519226223,38,1,37,1,0.1502879942,1,0.001831544317,0,0,4.790658317e-05,0.0003650985917,0.0005441179289,,,,50.03671875,45.41623047,95.45294922,2405.049805,950.484375,941.40625,3355.53418,9.078125,15.63574219,399,5.46875,76.5234375,133.4208984,1.432617188,133.4208984,1983026,782.271947,2.534957322,0.122523,14.214233,0.683403,15.020159
49,hl,hl,1969821,3284,1,0.6666666667,0.8,1325.111111,0.1965535903,0.9583333333,48,,,,,,0,0,0,0,0,,,,,,,,,,0,,,,,,,,,,288,0.9444444444,0,1,0,24,0.1078742688,264,0.1636732475,0.0009428733203,0.004494761199,0.01924184989,,,,5.857421875,19.62757812,25.485,566.5009766,0.46875,0,566.9697266,0.46875,0.8759765625,24,5.078125,19.00585938,0,1.333984375,24.08398438,1969821,257.705464,7.643691249,0.00336,0.984979,0,0.988339
49,hl#1,hl,1969821,3284,0.9696969697,0.8888888889,0.9275362319,314.6388889,0.06540995549,0.8385416667,96,,,,,,0,0,0,0,0,,,,,,,,,,0,,,,,,,,,,576,1,0,1,0,33,0.1373266911,543,0.2761012295,0.0007177568066,0.004161414882,0.02247310796,,,,11.48828125,39.08259766,50.57087891,1129.262695,0.578125,0,1129.84082,0.578125,1.137695312,33,5.078125,25.18359375,0,1.900390625,30.26171875,1969821,265.656426,7.414919449,0.00497,1.86034,0,1.86531
49,hl#2,hl,1969821,3284,1,1,1,30.69444444,0.006722373299,0.9416666667,192,,,,,,0,0,0,0,0,,,,,,,,,,0,,,,,,,,,,1152,1,0,1,0,36,0.1455797253,1116,0.3974675872,0.0004713952365,0.004043881257,0.02247615392,,,,22.75,78.8209375,101.5709375,2254.330078,0.59375,0,2254.923828,0.59375,1.205078125,36,5.078125,36.7578125,0,2.103515625,41.8359375,1969821,257.425672,7.651999059,0.01653,3.826304,0,3.842834
49,hl#3,hl,1969821,3284,1,1,1,14.88888889,0.003340095332,0.9733333333,384,,,,,,0,0,0,0,0,,,,,,,,,,0,,,,,,,,,,2304,1,0,1,0,36,0.1456370909,2268,0.5065186126,0.0002830536907,0.004045474747,0.02248529181,,,,45.2734375,164.9118164,210.1852539,4504.330078,0.59375,0,4504.923828,0.59375,1.205078125,36,5.078125,60.296875,0,2.103515625,65.375,1969821,229.81493,8.571336075,0.027417,7.987323,0,8.01474
49,ss[policy=difficulty],ss,1969821,3284,0.8780487805,1,0.9350649351,161.6944444,0.03246572017,1,2026,2058,,,,,0,0,0,0,0,,,,0.0002538301704,1,2058,2058,0,0,2058,2058,2058,2058,2058,1,1,0.9844509232,0.9844509232,0.01567123159,41,1,36,1,0.1485799979,5,0.008529201384,0,0,9.064832572e-05,0.0001522981022,0.0002538301704,,,,84.43789062,148.050957,232.4888477,4753.835938,5.09375,0,4758.929688,1.578125,2.2734375,41,5.46875,14.3984375,9.65625,1.145507812,19.8671875,1969821,225.445915,8.737443746,0.028923,52.225688,0.009076,52.263687
49,hybrid[head=topn-frontier reducer=streaming],hybrid,1969821,3284,0.9473684211,1,0.972972973,74.33333333,0.01503677867,1,1371,1371,600,771,600,771,222,378,378,9640,7600,0.7883817427,1,2.745228,0.0006599584429,0,,771,0,0,0,771,771,771,771,0,0,1,1,0,38,1,36,1,0.1469834061,2,0.003929798697,0,0,5.712514781e-05,0.0004061282726,0.0006599584429,,,,48.07648437,43.33912109,91.41560547,2241.527344,751.125,742.1875,2992.652344,8.9375,15.23828125,378,5.46875,76.5234375,133.4208984,1.306640625,133.4208984,1969821,420.499641,4.684477245,0.104193,13.065279,0.47579,13.645262
50,hl,hl,1968464,3281,1,0.6060606061,0.7547169811,1236.454545,0.2108055726,0.9618055556,48,,,,,,0,0,0,0,0,,,,,,,,,,0,,,,,,,,,,288,0.9696969697,0,1,0,20,0.0997534118,268,0.1647071016,0.0009182656714,0.00498767059,0.01869274724,,,,5.857421875,19.54015625,25.39757812,566.3398438,0.375,0,566.7148438,0.375,0.71484375,20,5.078125,18.77148438,0,1.17578125,23.84960938,1968464,260.538861,7.555356588,0.00354,0.939604,0,0.943144
50,hl#1,hl,1968464,3281,1,0.8787878788,0.935483871,279.969697,0.05490851999,0.8472222222,96,,,,,,0,0,0,0,0,,,,,,,,,,0,,,,,,,,,,576,1,0,1,0,29,0.1256837819,547,0.2816297377,0.000707141527,0.004333923513,0.02135014915,,,,11.48828125,39.08748047,50.57576172,1129.102539,0.484375,0,1129.586914,0.484375,0.9775390625,29,5.078125,24.55859375,0,1.711914062,29.63671875,1968464,268.947714,7.31913267,0.004533,1.772994,0,1.777527
50,hl#2,hl,1968464,3281,1,1,1,23.09090909,0.005129931477,0.9416666667,192,,,,,,0,0,0,0,0,,,,,,,,,,0,,,,,,,,,,1152,1,0,1,0,33,0.1353065131,1119,0.4092190662,0.0004726784543,0.004100197367,0.02142127059,,,,22.75,78.93191406,101.6819141,2254.235352,0.546875,0,2254.782227,0.546875,1.110351562,33,5.078125,36.8359375,0,1.938476562,41.9140625,1968464,259.865015,7.574948094,0.011398,3.682868,0,3.694266
50,hl#3,hl,1968464,3281,1,1,1,16.18181818,0.003113081633,0.9766666667,384,,,,,,0,0,0,0,0,,,,,,,,,,0,,,,,,,,,,2304,1,0,1,0,33,0.1353786506,2271,0.5173709044,0.0002833114388,0.00410238335,0.02141619049,,,,45.2734375,165.565293,210.8387305,4504.235352,0.546875,0,4504.782227,0.546875,1.110351562,33,5.078125,60.0625,0,1.938476562,65.140625,1968464,231.321227,8.509655709,0.020675,7.682352,0,7.703027
50,ss[policy=difficulty],ss,1968464,3281,0.9428571429,1,0.9705882353,135.8787879,0.02427168733,1,2058,2091,,,,,0,0,0,0,0,,,,0.0002540051533,1,2091,2091,0,0,2091,2091,2091,2091,2091,1,1,0.9842180775,0.9842180775,0.01590778303,35,1,33,1,0.1374919734,2,0.003575884548,0,0,7.379212567e-05,0.000152403092,0.0002540051533,,,,85.25390625,148.2116992,233.4656055,4828.642578,5,0,4833.642578,1.484375,2.080078125,35,5.46875,14.3984375,9.65625,1.004882812,19.8671875,1968464,223.89328,8.791974462,0.023419,55.096019,0.017967,55.137405
50,hybrid[head=topn-frontier reducer=streaming],hybrid,1968464,3281,0.9705882353,1,0.9850746269,21.21212121,0.004995474688,1,1371,1371,600,771,600,771,230,370,370,9640,7440,0.7717842324,1,3.275795,0.0006096123678,0,,771,0,0,0,771,771,771,771,0,0,1,1,0,34,1,33,1,0.1355696624,1,0.002040169391,0,0,2.838881125e-05,0.0006096123678,0.0006096123678,,,,48.08492187,43.37552734,91.46044922,2228.152344,735.21875,726.5625,2963.371094,8.65625,14.79296875,370,5.46875,76.5234375,133.4013672,1.28125,133.4013672,1968464,417.068787,4.719758614,0.097398,12.776224,0.467444,13.341066
51,hl,hl,1997090,3329,1,0.7368421053,0.8484848485,1374.263158,0.2155593623,0.96875,48,,,,,,0,0,0,0,0,,,,,,,,,,0,,,,,,,,,,288,0.9736842105,0,1,0,28,0.1059827048,260,0.1584129909,0.0009180406102,0.003785096601,0.01696668653,,,,5.857421875,19.61583984,25.47326172,566.6240234,0.53125,0,567.1552734,0.53125,0.9990234375,28,5.078125,19.16210938,0,1.516601562,24.24023438,1997090,261.325559,7.642153365,0.002951,0.950996,0,0.953947
51,hl#1,hl,1997090,3329,1,0.8947368421,0.9444444444,310.8947368,0.06024304094,0.8559027778,96,,,,,,0,0,0,0,0,,,,,,,,,,0,,,,,,,,,,576,1,0,1,0,34,0.1304417928,542,0.2767241336,0.0007068852889,0.003836523318,0.01904521078,,,,11.48828125,39.09335937,50.58164062,1129.255859,0.5625,0,1129.818359,0.5625,1.130859375,34,5.078125,24.32421875,0,1.982421875,29.40234375,1997090,270.406769,7.385502986,0.004793,1.802604,0,1.807397
51,hl#2,hl,1997090,3329,0.9743589744,1,0.987012987,24.92105263,0.004579529736,0.945,192,,,,,,0,0,0,0,0,,,,,,,,,,0,,,,,,,,,,1152,1,0,1,0,39,0.1425854618,1113,0.399479743,0.0004705427126,0.003656037483,0.01910880331,,,,22.75,78.63654297,101.386543,2254.417969,0.640625,0,2255.058594,0.640625,1.29296875,39,5.078125,36.1328125,0,2.26171875,41.2109375,1997090,260.934676,7.653601394,0.01315,3.705159,0,3.718309
51,hl#3,hl,1997090,3329,1,1,1,17.60526316,0.003357974448,0.975,384,,,,,,0,0,0,0,0,,,,,,,,,,0,,,,,,,,,,2304,1,0,1,0,38,0.1410021581,2266,0.5104972735,0.0002827688506,0.003710583109,0.01912032007,,,,45.2734375,169.1612305,214.434668,4504.384766,0.625,0,4505.009766,0.625,1.259765625,38,5.078125,59.515625,0,2.205078125,64.59375,1997090,235.033546,8.497042375,0.023119,7.865015,0,7.888134
51,ss[policy=difficulty],ss,1997090,3329,0.9743589744,1,0.987012987,139.5263158,0.02768995804,1,2091,2095,,,,,0,0,0,0,0,,,,0.00025036428,1,2095,2095,0,0,2095,2095,2095,2095,2095,1,1,0.9980906921,0.9980906921,0.001911132928,39,1,38,1,0.1436294809,1,0.001745039032,0,0,7.064124455e-05,0.000100145712,0.00025036428,,,,86.09167969,148.9791016,235.0707813,4906.261719,5.21875,0,4911.480469,1.703125,2.35546875,39,5.46875,14.3984375,9.65625,1.094726562,19.8671875,1997090,223.144168,8.949774569,0.03564,79.382328,0.011873,79.429841
51,hybrid[head=topn-frontier reducer=streaming],hybrid,1997090,3329,0.9047619048,1,0.95,31.57894737,0.007758764626,1,1371,1469,600,771,600,869,220,380,380,9640,7640,0.7925311203,1,2.753882,0.0007510928401,1,869,869,0,0,869,869,869,869,869,1,1,0.8872266974,0.8872266974,0.1196547517,42,1,38,1,0.1415754923,4,0.007553991057,0,0,6.672804168e-05,0.0005504258696,0.0007510928401,,,,48.31742188,43.38066406,91.69808594,2240.34668,754.96875,746.09375,2995.31543,8.875,15.14355469,380,5.46875,77.0234375,133.984375,1.389648438,133.984375,1997090,420.229333,4.752381243,0.103735,12.923149,0.45023,13.477114
52,hl,hl,1993866,3324,1,0.7142857143,0.8333333333,860.7619048,0.1690819669,0.9756944444,48,,,,,,0,0,0,0,0,,,,,,,,,,0,,,,,,,,,,288,0.9761904762,0,1,0,30,0.1216837039,258,0.1531562302,0.0009543053267,0.004056123464,0.01796008358,,,,5.857421875,19.59800781,25.45542969,566.6982422,0.5625,0,567.2607422,0.5625,1.073242188,30,5.078125,19.31835938,0,1.705078125,24.39648438,1993866,275.736294,7.231061138,0.002782,0.989884,0,0.992666
52,hl#1,hl,1993866,3324,1,0.9047619048,0.95,254.4285714,0.058785569,0.8697916667,96,,,,,,0,0,0,0,0,,,,,,,,,,0,,,,,,,,,,576,1,0,1,0,38,0.1424654415,538,0.2713793204,0.0007184804894,0.003749090566,0.01844156027,,,,11.48828125,39.07226562,50.56054688,1129.430664,0.65625,0,1130.086914,0.65625,1.305664062,38,5.078125,25.41796875,0,2.186523438,30.49609375,1993866,282.683418,7.053353232,0.008467,1.802597,0,1.811064
52,hl#2,hl,1993866,3324,1,0.9761904762,0.9879518072,27.78571429,0.005663594291,0.9533333333,192,,,,,,0,0,0,0,0,,,,,,,,,,0,,,,,,,,,,1152,1,0,1,0,41,0.1500326501,1111,0.3970933854,0.0004749357947,0.00365933293,0.01849422178,,,,22.75,78.57226562,101.3222656,2254.499023,0.671875,0,2255.170898,0.671875,1.374023438,41,5.078125,37.8515625,0,2.389648438,42.9296875,1993866,275.998825,7.224182929,0.012032,3.828696,0,3.840728
52,hl#3,hl,1993866,3324,1,1,1,17.61904762,0.003296441367,0.9783333333,384,,,,,,0,0,0,0,0,,,,,,,,,,0,,,,,,,,,,2304,1,0,1,0,42,0.1513802833,2262,0.502966097,0.0002840045054,0.00360429246,0.01845811103,,,,45.2734375,169.7383008,215.0117383,4504.529297,0.6875,0,4505.216797,0.6875,1.404296875,42,5.078125,60.21875,0,2.443359375,65.296875,1993866,248.542863,8.022221905,0.02003,8.005952,0,8.025982
52,ss[policy=difficulty],ss,1993866,3324,0.9333333333,1,0.9655172414,145.2142857,0.02834970936,1,2095,2098,,,,,0,0,0,0,0,,,,0.0002502675706,1,2098,2098,0,0,2098,2098,2098,2098,2098,1,1,0.9985700667,0.9985700667,0.0014309566,45,1,42,1,0.1545344572,3,0.00539454507,0,0,8.246402829e-05,0.0002173332277,0.0002507691089,,,,86.19261719,149.0785742,235.2711914,4915.845703,5.3125,0,4921.158203,1.796875,2.564453125,45,5.46875,14.3984375,9.65625,1.237304688,19.8671875,1993866,246.39656,8.092101611,0.028284,52.559105,0.018949,52.606338
52,hybrid[head=topn-frontier reducer=streaming],hybrid,1993866,3324,0.976744186,1,0.9882352941,107.452381,0.02369596167,1,1469,1469,600,869,600,869,197,403,403,9640,8100,0.8402489627,0,21.111411,0.0006018458613,0,,869,0,0,0,869,869,869,869,0,0,1,1,0,43,1,42,1,0.1537390176,1,0.001816069886,0,0,6.200412012e-05,0.0004027351888,0.0006018458613,,,,50.56625,45.81492188,96.38117188,2454.470703,950.546875,941.40625,3405.017578,9.140625,15.75976562,403,5.46875,77.0234375,133.9453125,1.548828125,133.9453125,1993866,4440.970559,0.4489707764,0.148796,14.095789,0.623028,14.867613
53,hl,hl,2037446,3396,1,0.7674418605,0.8684210526,1473.55814,0.1915462937,0.9861111111,48,,,,,,0,0,0,0,0,,,,,,,,,,0,,,,,,,,,,288,0.9534883721,0,1,0,33,0.1218177071,255,0.1544021289,0.0009590966528,0.003691445669,0.01610398509,,,,5.857421875,19.80742187,25.66484375,566.8193359,0.640625,0,567.4599609,0.640625,1.194335938,33,5.078125,19.24023438,0,1.799804688,24.31835938,2037446,272.481441,7.477375312,0.005185,1.393437,0,1.398622
53,hl#1,hl,2037446,3396,1,0.8604651163,0.925,274.1162791,0.05536105991,0.8385416667,96,,,,,,0,0,0,0,0,,,,,,,,,,0,,,,,,,,,,576,1,0,1,0,37,0.1481040479,539,0.2728651459,0.0007308492948,0.004002812106,0.0173742028,,,,11.48828125,39.07667969,50.56496094,1129.417969,0.671875,0,1130.089844,0.671875,1.29296875,37,5.078125,24.48046875,0,2.086914062,29.55859375,2037446,278.588992,7.313447618,0.005796,2.693971,0,2.699767
53,hl#2,hl,2037446,3396,1,1,1,34.46511628,0.006372922024,0.9516666667,192,,,,,,0,0,0,0,0,,,,,,,,,,0,,,,,,,,,,1152,1,0,1,0,43,0.1615159371,1109,0.3913978579,0.0004799598915,0.003756184584,0.017355552,,,,22.75,78.95121094,101.7012109,2254.549805,0.703125,0,2255.25293,0.703125,1.424804688,43,5.078125,37.3046875,0,2.487304688,42.3828125,2037446,268.611213,7.585111497,0.018498,5.494735,0,5.513233
53,hl#3,hl,2037446,3396,1,1,1,14.46511628,0.002669301649,0.98,384,,,,,,0,0,0,0,0,,,,,,,,,,0,,,,,,,,,,2304,1,0,1,0,43,0.1615012128,2261,0.5023234972,0.0002881183637,0.003755842158,0.01737960172,,,,45.2734375,171.6260156,216.8994531,4504.549805,0.703125,0,4505.25293,0.703125,1.424804688,43,5.078125,59.515625,0,2.487304688,64.59375,2037446,242.45129,8.403527158,0.027494,11.233639,0,11.261133
53,ss[policy=difficulty],ss,2037446,3396,0.9772727273,1,0.9885057471,172.3488372,0.03281308539,1,2098,2098,,,,,0,0,0,0,0,,,,0.000245405277,0,,2098,0,0,0,2098,2098,2098,2098,0,0,1,1,0,44,1,43,1,0.1649933299,1,0.001734033687,0,0,8.824550665e-05,0.000245405277,0.000245405277,,,,86.26746094,149.1341602,235.4016211,4922.893555,5.359375,0,4928.25293,1.84375,2.581054688,44,5.46875,14.3984375,9.65625,1.215820312,19.8671875,2037446,240.394469,8.475427943,0.046713,73.447566,0.017138,73.511417
53,hybrid[head=topn-frontier reducer=streaming],hybrid,2037446,3396,0.914893617,1,0.9555555556,99.74418605,0.01665451455,1,1469,1419,600,869,600,819,209,391,391,9640,7860,0.8153526971,0,17.178696,0.0005889726648,0,,819,1,0,0,819,819,819,819,0,0,1.061050061,1.061050061,-0.05925904141,47,1,43,1,0.1634610193,4,0.007343507509,0,0,7.347538421e-05,0.000337064148,0.0005889726648,,,,50.59433594,45.73607422,96.33041016,2470.708008,950.421875,941.40625,3421.129883,9.015625,15.51269531,391,5.46875,77.0234375,134.0820312,1.587890625,134.0820312,2037446,4521.870129,0.4505759657,0.120863,14.140215,0.45636,14.717438
54,hl,hl,2037993,3397,0.9642857143,0.75,0.84375,1835.666667,0.2160265138,0.9826388889,48,,,,,,0,0,0,0,0,,,,,,,,,,0,,,,,,,,,,288,0.9166666667,0,1,0,28,0.1059434453,260,0.1572659965,0.000913921673,0.003783694476,0.0145093727,,,,5.857421875,19.690625,25.54804688,566.6318359,0.53125,0,567.1630859,0.53125,1.006835938,28,5.078125,18.84960938,0,1.587890625,23.92773438,2037993,266.993388,7.633121611,0.003302,0.930545,0,0.933847
54,hl#1,hl,2037993,3397,1,0.9722222222,0.985915493,239.8611111,0.03745904579,0.8420138889,96,,,,,,0,0,0,0,0,,,,,,,,,,0,,,,,,,,,,576,1,0,1,0,35,0.1398591654,541,0.2709557884,0.0007132204058,0.003995976153,0.01593283196,,,,11.48828125,39.10453125,50.5928125,1129.297852,0.578125,0,1129.875977,0.578125,1.172851562,35,5.078125,24.40234375,0,2.047851562,29.48046875,2037993,273.760069,7.444449468,0.008195,1.73193,0,1.740125
54,hl#2,hl,2037993,3397,0.9473684211,1,0.972972973,31.97222222,0.005713240416,0.935,192,,,,,,0,0,0,0,0,,,,,,,,,,0,,,,,,,,,,1152,1,0,1,0,38,0.1474146378,1114,0.3968732964,0.0004724721652,0.003879332575,0.01597601169,,,,22.75,78.56333984,101.3133398,2254.391602,0.625,0,2255.016602,0.625,1.266601562,38,5.078125,36.9921875,0,2.211914062,42.0703125,2037993,265.331178,7.680940534,0.011629,3.569965,0,3.581594
54,hl#3,hl,2037993,3397,1,1,1,15.22222222,0.002556522177,0.9766666667,384,,,,,,0,0,0,0,0,,,,,,,,,,0,,,,,,,,,,2304,1,0,1,0,36,0.1439960785,2268,0.5110596553,0.0002843123844,0.003999891069,0.01597208626,,,,45.2734375,160.7754297,206.0488672,4504.329102,0.59375,0,4504.922852,0.59375,1.204101562,36,5.078125,59.984375,0,2.102539062,65.0625,2037993,241.603004,8.435296607,0.044119,7.657815,0,7.701934
54,ss[policy=difficulty],ss,2037993,3397,0.9,1,0.9473684211,159.6388889,0.02929642536,1,2098,2079,,,,,0,0,0,0,0,,,,0.0002453394099,0,,2079,1,0,0,2079,2079,2079,2079,0,0,1.009139009,1.009139009,-0.009097501098,40,1,36,1,0.1467816622,4,0.00686852212,0,0,7.909742575e-05,8.599146317e-05,0.0002453394099,,,,86.26882812,149.2439844,235.5128125,4922.646484,5.171875,0,4927.818359,1.65625,2.333984375,40,5.46875,14.3984375,9.65625,1.120117188,19.8671875,2037993,227.376315,8.963083952,0.029304,52.826753,0.012124,52.868181
54,hybrid[head=topn-frontier reducer=streaming],hybrid,2037993,3397,0.972972973,1,0.9863013699,47.22222222,0.004941999129,1,1419,1419,600,819,600,819,212,388,388,9640,7800,0.8091286307,0,17.055757,0.0006378824657,0,,819,0,0,0,819,819,819,819,0,0,1,1,0,37,1,36,1,0.144795885,1,0.00194161609,0,0,3.978476917e-05,0.0006378824657,0.0006378824657,,,,49.29953125,49.46376953,98.76330078,2353.075195,950.34375,941.40625,3303.418945,8.9375,15.33300781,388,5.46875,76.2734375,133.1367188,1.311523438,133.1367188,2037993,519.190624,3.925327049,0.120779,13.890619,0.466488,14.477886
55,hl,hl,2018688,3365,1,0.6590909091,0.7945205479,1567.409091,0.2354091841,0.9722222222,48,,,,,,0,0,0,0,0,,,,,,,,,,0,,,,,,,,,,288,0.9772727273,0,1,0,29,0.09713833936,259,0.1660623137,0.0009138911566,0.003349597909,0.01075847283,,,,5.857421875,19.62839844,25.48582031,566.6376953,0.515625,0,567.1533203,0.515625,1.012695312,29,5.078125,19.47460938,0,1.649414062,24.55273438,2018688,267.029189,7.55980276,0.003019,0.943962,0,0.946981
55,hl#1,hl,2018688,3365,0.9761904762,0.9318181818,0.9534883721,275.6136364,0.05079927933,0.8489583333,96,,,,,,0,0,0,0,0,,,,,,,,,,0,,,,,,,,,,576,1,0,1,0,42,0.1400092535,534,0.2709789725,0.0007135212257,0.003333553656,0.01405615925,,,,11.48828125,39.11494141,50.60322266,1129.556641,0.71875,0,1130.275391,0.71875,1.431640625,42,5.078125,24.71484375,0,2.372070312,29.79296875,2018688,273.424524,7.38298076,0.008854,1.752204,0,1.761058
55,hl#2,hl,2018688,3365,0.9772727273,0.9772727273,0.9772727273,41.43181818,0.00786561713,0.9433333333,192,,,,,,0,0,0,0,0,,,,,,,,,,0,,,,,,,,,,1152,1,0,1,0,44,0.1468726222,1108,0.3984538473,0.0004733736714,0.003338014141,0.01401405269,,,,22.75,78.64894531,101.3989453,2254.59082,0.71875,0,2255.30957,0.71875,1.465820312,44,5.078125,38.3984375,0,2.551757812,43.4765625,2018688,263.880556,7.650006619,0.012181,3.734106,0,3.746287
55,hl#3,hl,2018688,3365,1,1,1,13.36363636,0.0024838985,0.9783333333,384,,,,,,0,0,0,0,0,,,,,,,,,,0,,,,,,,,,,2304,1,0,1,0,44,0.1471381412,2260,0.5067910445,0.0002838234313,0.003344048664,0.01403535366,,,,45.2734375,167.9200977,213.1935352,4504.589844,0.71875,0,4505.308594,0.71875,1.46484375,44,5.078125,60.140625,0,2.55078125,65.21875,2018688,238.770691,8.454504996,0.020981,7.557586,0,7.578567
55,ss[policy=difficulty],ss,2018688,3365,0.8979591837,1,0.9462365591,121.8863636,0.02456663572,1,2079,2079,,,,,0,0,0,0,0,,,,0.0002476856255,0,,2079,0,0,0,2079,2079,2079,2079,0,0,1,1,0,49,1,44,1,0.1498176043,5,0.008575867098,0,0,6.533845705e-05,0.0001089816752,0.0002476856255,,,,85.78515625,148.726582,234.5117383,4878.564453,5.46875,0,4884.033203,1.953125,2.783203125,49,5.46875,14.3984375,9.65625,1.301757812,19.8671875,2018688,224.763587,8.981383626,0.027126,52.818711,0.010712,52.856549
55,hybrid[head=topn-frontier reducer=streaming],hybrid,2018688,3365,0.9166666667,1,0.9565217391,36.36363636,0.005624719506,1,1419,1419,600,819,600,819,217,383,383,9640,7700,0.7987551867,1,2.689322,0.0005449083761,0,,819,0,0,0,819,819,819,819,0,0,1,1,0,48,1,44,1,0.1479535223,4,0.007315147264,0,0,4.016635227e-05,0.0002838477268,0.0005449083761,,,,49.29914062,55.84300781,105.1421484,2348.110352,760.625,751.953125,3108.735352,8.671875,15.00878906,383,5.46875,77.0234375,134.0429688,1.661132812,134.0429688,2018688,515.415505,3.91662257,0.115559,13.300711,0.451739,13.868009
56,hl,hl,1940371,3234,1,0.7,0.8235294118,1195.525,0.2142334229,0.9756944444,48,,,,,,0,0,0,0,0,,,,,,,,,,0,,,,,,,,,,288,0.975,0,1,0,28,0.0890937867,260,0.158516593,0.0008597582627,0.003181920954,0.01554857293,,,,5.857421875,19.67917969,25.53660156,566.6591797,0.5625,0,567.2216797,0.5625,1.034179688,28,5.078125,19.00585938,0,1.553710938,24.08398438,1940371,258.088805,7.518230014,0.003352,1.021449,0,1.024801
56,hl#1,hl,1940371,3234,0.9736842105,0.925,0.9487179487,271.15,0.0618879978,0.8506944444,96,,,,,,0,0,0,0,0,,,,,,,,,,0,,,,,,,,,,576,1,0,1,0,38,0.1191524714,538,0.2696041118,0.0006749246235,0.003135591352,0.01731524538,,,,11.48828125,39.11097656,50.59925781,1129.424805,0.65625,0,1130.081055,0.65625,1.299804688,38,5.078125,24.40234375,0,2.182617188,29.48046875,1940371,266.757347,7.273917745,0.009812,1.768744,0,1.778556
56,hl#2,hl,1940371,3234,1,0.975,0.9873417722,30.1,0.006725085268,0.95,192,,,,,,0,0,0,0,0,,,,,,,,,,0,,,,,,,,,,1152,1,0,1,0,39,0.1235913132,1113,0.4060981122,0.0004597998484,0.003169008031,0.0172688625,,,,22.75,78.85914062,101.6091406,2254.426758,0.640625,0,2255.067383,0.640625,1.301757812,39,5.078125,37.3046875,0,2.270507812,42.3828125,1940371,258.802915,7.497485104,0.011882,3.612966,0,3.624848
56,hl#3,hl,1940371,3234,1,1,1,14.575,0.003057390855,0.9733333333,384,,,,,,0,0,0,0,0,,,,,,,,,,0,,,,,,,,,,2304,1,0,1,0,40,0.1254796119,2264,0.5207179452,0.0002804676897,0.003136990297,0.01728690029,,,,45.2734375,172.7479492,218.0213867,4504.459961,0.65625,0,4505.116211,0.65625,1.334960938,40,5.078125,59.90625,0,2.327148438,64.984375,1940371,232.25003,8.354664152,0.021109,7.597881,0,7.61899
56,ss[policy=difficulty],ss,1940371,3234,0.9090909091,1,0.9523809524,153.875,0.03339964345,1,2079,2143,,,,,0,0,0,0,0,,,,0.0002576826803,1,2143,2143,0,1,2143,2143,2143,2143,2143,1,1,0.9701353243,0.9701353243,0.03031970762,44,1,40,1,0.1286346786,4,0.006846628815,0,0,8.497672024e-05,0.0001417254741,0.0002576826803,,,,85.78621094,148.7531836,234.5393945,4878.155273,5.140625,0,4883.295898,1.625,2.374023438,44,5.46875,14.3984375,9.65625,1.249023438,19.8671875,1940371,220.749992,8.789902923,0.024483,52.693966,0.017162,52.735611
56,hybrid[head=topn-frontier reducer=streaming],hybrid,1940371,3234,0.9302325581,1,0.9638554217,42.5,0.008830598114,1,1419,1481,600,819,600,881,215,385,385,9640,7740,0.8029045643,0,17.3787,0.0007163578512,1,881,881,0,0,881,881,881,881,881,1,1,0.9296254257,0.9296254257,0.07297354208,43,1,40,1,0.1263387259,3,0.005470603302,0,0,4.422553908e-05,0.0003418590225,0.0007163578512,,,,49.30539063,56.59513672,105.9005273,2339.507812,950.328125,941.40625,3289.835938,8.921875,15.25,385,5.46875,76.5234375,133.4599609,1.446289062,133.4599609,1940371,512.288051,3.787656175,0.104339,13.394177,0.454634,13.95315
57,hl,hl,1976026,3294,1,0.75,0.8571428571,1177.681818,0.1661219418,0.9548611111,48,,,,,,0,0,0,0,0,,,,,,,,,,0,,,,,,,,,,288,0.9772727273,0,1,0,33,0.09427153286,255,0.1569382184,0.0008722560809,0.002856713117,0.0127564111,,,,5.857421875,19.7121875,25.56960937,566.7636719,0.578125,0,567.3417969,0.578125,1.138671875,33,5.078125,18.45898438,0,1.772460938,23.53710938,1976026,266.014679,7.42825925,0.003561,0.940512,0,0.944073
57,hl#1,hl,1976026,3294,1,0.8863636364,0.9397590361,205.8863636,0.04595137817,0.8246527778,96,,,,,,0,0,0,0,0,,,,,,,,,,0,,,,,,,,,,576,1,0,1,0,39,0.121694755,537,0.2704893559,0.0006808751926,0.003120378334,0.01701242797,,,,11.48828125,39.13712891,50.62541016,1129.459961,0.671875,0,1130.131836,0.671875,1.334960938,39,5.078125,24.79296875,0,2.23828125,29.87109375,1976026,274.865724,7.189059339,0.004938,1.780741,0,1.785679
57,hl#2,hl,1976026,3294,0.9777777778,1,0.9887640449,37.36363636,0.007725402642,0.9516666667,192,,,,,,0,0,0,0,0,,,,,,,,,,0,,,,,,,,,,1152,1,0,1,0,45,0.1340402404,1107,0.3962063252,0.0004602834771,0.002978672008,0.01698459433,,,,22.75,78.454375,101.204375,2254.654297,0.765625,0,2255.419922,0.765625,1.529296875,45,5.078125,37.1484375,0,2.57421875,42.2265625,1976026,267.951017,7.374579213,0.015023,3.562431,0,3.577454
57,hl#3,hl,1976026,3294,1,1,1,16.52272727,0.003749971516,0.9733333333,384,,,,,,0,0,0,0,0,,,,,,,,,,0,,,,,,,,,,2304,1,0,1,0,44,0.1326283156,2260,0.5113105799,0.0002794873679,0.0030142799,0.01700433091,,,,45.2734375,164.9438867,210.2173242,4504.592773,0.71875,0,4505.311523,0.71875,1.467773438,44,5.078125,60.140625,0,2.553710938,65.21875,1976026,244.346208,8.086992698,0.020917,7.501019,0,7.521936
57,ss[policy=difficulty],ss,1976026,3294,0.9361702128,1,0.967032967,149.6590909,0.03267827046,1,2143,2156,,,,,0,0,0,0,0,,,,0.0002515149092,1,2156,2156,0,0,2156,2156,2156,2156,2156,1,1,0.9939703154,0.9939703154,0.006047936555,47,1,44,1,0.1359288795,3,0.005247400591,0,0,8.163817123e-05,0.0001681826724,0.0002530331079,,,,87.41210938,150.3646094,237.7767187,5028.499023,5.4375,0,5033.936523,1.921875,2.717773438,47,5.46875,14.3984375,9.65625,1.284179688,19.8671875,1976026,228.419518,8.650863189,0.023901,53.458937,0.025471,53.508309
57,hybrid[head=topn-frontier reducer=streaming],hybrid,1976026,3294,0.9565217391,1,0.9777777778,52.22727273,0.0115875409,1,1481,1481,600,881,600,881,203,397,397,9640,7980,0.8278008299,0,17.122325,0.0005566728373,0,,881,0,0,0,881,881,881,881,0,0,1,1,0,46,1,44,1,0.1337593736,2,0.003418477287,0,0,4.068332317e-05,0.000354246351,0.0005566728373,,,,50.87132812,70.36753906,121.2388672,2495.6875,950.484375,941.40625,3446.171875,9.078125,15.7421875,397,5.46875,76.5234375,133.6357422,1.733398438,133.6357422,1976026,336.579923,5.870896821,0.123006,14.326742,0.478557,14.928305
58,hl,hl,1995816,3327,1,0.7777777778,0.875,1782.388889,0.1750189555,0.9791666667,48,,,,,,0,0,0,0,0,,,,,,,,,,0,,,,,,,,,,288,1,0,1,0,28,0.09820845208,260,0.1631803733,0.0009076000883,0.003507444717,0.01515921307,,,,5.857421875,19.53263672,25.39005859,566.6552734,0.5625,0,567.2177734,0.5625,1.030273438,28,5.078125,19.08398438,0,1.516601562,24.16210938,1995816,262.359733,7.607173468,0.002776,0.955655,0,0.958431
58,hl#1,hl,1995816,3327,1,0.9444444444,0.9714285714,128.5277778,0.02383376594,0.8506944444,96,,,,,,0,0,0,0,0,,,,,,,,,,0,,,,,,,,,,576,1,0,1,0,34,0.1354122825,542,0.2805724576,0.0007221957293,0.003982714191,0.01808232823,,,,11.48828125,39.12125,50.60953125,1129.290039,0.59375,0,1129.883789,0.59375,1.165039062,34,5.078125,24.48046875,0,1.953125,29.55859375,1995816,268.950639,7.420752029,0.005071,1.801417,0,1.806488
58,hl#2,hl,1995816,3327,1,1,1,29.52777778,0.005659275045,0.945,192,,,,,,0,0,0,0,0,,,,,,,,,,0,,,,,,,,,,1152,1,0,1,0,36,0.1402929929,1116,0.4038548644,0.0004723505706,0.003897027582,0.01803122131,,,,22.75,78.88931641,101.6393164,2254.324219,0.59375,0,2254.917969,0.59375,1.19921875,36,5.078125,36.9140625,0,2.09765625,41.9921875,1995816,259.268189,7.697882288,0.011887,3.643895,0,3.655782
58,hl#3,hl,1995816,3327,1,1,1,15,0.002746388122,0.9733333333,384,,,,,,0,0,0,0,0,,,,,,,,,,0,,,,,,,,,,2304,1,0,1,0,36,0.1403626386,2268,0.514762884,0.0002843426747,0.003898962184,0.01800165947,,,,45.2734375,171.5526758,216.8261133,4504.324219,0.59375,0,4504.917969,0.59375,1.19921875,36,5.078125,59.828125,0,2.09765625,64.90625,1995816,232.109783,8.598586299,0.02087,7.795719,0,7.816589
58,ss[policy=difficulty],ss,1995816,3327,0.9,1,0.9473684211,127.1111111,0.02369697924,1,2156,2156,,,,,0,0,0,0,0,,,,0.0002049287109,0,,2156,0,0,0,2156,2156,2156,2156,0,0,1,1,0,40,1,36,1,0.1425963115,4,0.006903442001,0,0,7.063526898e-05,0.0001331535572,0.0002505240964,,,,87.74183594,150.6454297,238.3872656,5058.577148,5.171875,0,5063.749023,1.65625,2.327148438,40,5.46875,14.3984375,9.65625,1.122070312,19.8671875,1995816,223.60387,8.92567736,0.03973,53.961921,0.014108,54.015759
58,hybrid[head=topn-frontier reducer=streaming],hybrid,1995816,3327,0.9,1,0.9473684211,27.77777778,0.003616604711,1,1481,1374,600,881,600,774,210,390,390,9640,7840,0.8132780083,0,17.129549,0.000504054482,0,,774,1,0,0,774,774,774,774,0,0,1.138242894,1.138242894,-0.1294857523,40,1,36,1,0.1408045631,4,0.007152462952,0,0,4.892735603e-05,0.0003640115121,0.000504054482,,,,51.03523438,70.34625,121.3814844,2481.203125,950.3125,941.40625,3431.515625,8.90625,15.3125,390,5.46875,77.0234375,133.9892578,1.635742188,133.9892578,1995816,325.796912,6.125951249,0.245091,14.425665,0.453116,15.123872
59,hl,hl,1984032,3307,1,0.7045454545,0.8266666667,1211.795455,0.1777397895,0.9652777778,48,,,,,,0,0,0,0,0,,,,,,,,,,0,,,,,,,,,,288,0.9772727273,0,1,0,31,0.09880284189,257,0.1555887203,0.0008833040355,0.003187188448,0.01431025306,,,,5.857421875,19.54582031,25.40324219,566.7011719,0.546875,0,567.2480469,0.546875,1.076171875,31,5.078125,19.08398438,0,1.693359375,24.16210938,1984032,262.068331,7.570666751,0.003003,0.930926,0,0.933929
59,hl#1,hl,1984032,3307,1,0.8863636364,0.9397590361,186.4318182,0.03738553144,0.8159722222,96,,,,,,0,0,0,0,0,,,,,,,,,,0,,,,,,,,,,576,1,0,1,0,39,0.1292988218,537,0.266168086,0.0006865744927,0.003315354405,0.01984897421,,,,11.48828125,39.10917969,50.59746094,1129.424805,0.640625,0,1130.06543,0.640625,1.299804688,39,5.078125,24.79296875,0,2.268554688,29.87109375,1984032,269.518351,7.361398556,0.009133,1.779693,0,1.788826
59,hl#2,hl,1984032,3307,1,1,1,27.59090909,0.005946548234,0.9366666667,192,,,,,,0,0,0,0,0,,,,,,,,,,0,,,,,,,,,,1152,1,0,1,0,44,0.1403586232,1108,0.3946927267,0.0004644542969,0.00318996871,0.01984595007,,,,22.75,78.56232422,101.3123242,2254.587891,0.71875,0,2255.306641,0.71875,1.462890625,44,5.078125,36.6796875,0,2.548828125,41.7578125,1984032,261.355807,7.59130636,0.009373,3.597196,0,3.606569
59,hl#3,hl,1984032,3307,1,1,1,17.15909091,0.003728040203,0.97,384,,,,,,0,0,0,0,0,,,,,,,,,,0,,,,,,,,,,2304,1,0,1,0,44,0.1403258617,2260,0.5092145691,0.0002819185898,0.003189224129,0.01984090982,,,,45.2734375,167.9519727,213.2254102,4504.587891,0.71875,0,4505.306641,0.71875,1.462890625,44,5.078125,59.359375,0,2.548828125,64.4375,1984032,236.02834,8.405905833,0.020656,7.67014,0,7.690796
59,ss[policy=difficulty],ss,1984032,3307,0.9565217391,1,0.9777777778,136.1590909,0.02852128752,1,2156,1963,,,,,0,0,0,0,0,,,,0.0002051378204,0,,1963,1,0,0,1963,1963,1963,1963,0,0,1.0983189,1.0983189,-0.09378073775,46,1,44,1,0.1433943606,2,0.003499943549,0,0,7.440930125e-05,0.0002016096515,0.0002520120643,,,,87.74101563,150.6151953,238.3562109,5058.838867,5.328125,0,5064.166992,1.8125,2.588867188,46,5.46875,14.3984375,9.65625,1.263671875,19.8671875,1984032,224.777427,8.826651441,0.032484,54.031072,0.018534,54.08209
59,hybrid[head=topn-frontier reducer=streaming],hybrid,1984032,3307,0.9166666667,1,0.9565217391,39.75,0.008272078198,1,1374,1420,600,774,600,820,220,380,380,9640,7640,0.7925311203,1,3.050564,0.0007056337801,1,820,820,0,1,820,820,820,820,820,1,1,0.943902439,0.943902439,0.05773246667,48,1,44,1,0.1412562902,4,0.006980734182,0,0,5.189348424e-05,0.0004023372607,0.0007056337801,,,,48.15671875,67.67189453,115.8286133,2247.727539,754.75,746.09375,3002.477539,8.65625,14.95410156,380,5.46875,76.5234375,133.5429688,1.627929688,133.5429688,1984032,316.867669,6.26138983,0.097545,12.81932,0.479208,13.396073
60,hl,hl,1977722,3297,1,0.6511627907,0.7887323944,1053.511628,0.1843104629,0.9652777778,48,,,,,,0,0,0,0,0,,,,,,,,,,0,,,,,,,,,,288,0.976744186,0,1,0,28,0.09131010324,260,0.1670866785,0.0008972110477,0.003261075116,0.01886362188,,,,5.857421875,19.63109375,25.48851563,566.5976562,0.5,0,567.0976562,0.5,0.97265625,28,5.078125,18.77148438,0,1.5234375,23.84960938,1977722,262.637887,7.530223543,0.004007,0.934883,0,0.93889
60,hl#1,hl,1977722,3297,1,0.8837209302,0.9382716049,261.0930233,0.06244090152,0.84375,96,,,,,,0,0,0,0,0,,,,,,,,,,0,,,,,,,,,,576,1,0,1,0,38,0.121219767,538,0.2785538109,0.0006940513505,0.003189993868,0.02170830885,,,,11.48828125,39.13572266,50.62400391,1129.424805,0.65625,0,1130.081055,0.65625,1.299804688,38,5.078125,24.79296875,0,2.180664062,29.87109375,1977722,271.593892,7.281908976,0.009476,1.757644,0,1.76712
60,hl#2,hl,1977722,3297,1,0.976744186,0.9882352941,47.69767442,0.01121305853,0.9516666667,192,,,,,,0,0,0,0,0,,,,,,,,,,0,,,,,,,,,,1152,1,0,1,0,42,0.1305764915,1110,0.4088709131,0.0004682703165,0.003108964084,0.02172347782,,,,22.75,78.77013672,101.5201367,2254.524414,0.6875,0,2255.211914,0.6875,1.399414062,42,5.078125,36.6796875,0,2.438476562,41.7578125,1977722,262.277366,7.540574431,0.008858,3.610755,0,3.619613
60,hl#3,hl,1977722,3297,1,1,1,18.3255814,0.003521405983,0.9766666667,384,,,,,,0,0,0,0,0,,,,,,,,,,0,,,,,,,,,,2304,1,0,1,0,43,0.1319816435,2261,0.5193424556,0.0002826927514,0.003069340547,0.02170426379,,,,45.2734375,168.6011523,213.8745898,4504.557617,0.703125,0,4505.260742,0.703125,1.432617188,43,5.078125,59.90625,0,2.495117188,64.984375,1977722,235.985195,8.380703713,0.020106,7.592689,0,7.612795
60,ss[policy=difficulty],ss,1977722,3297,0.8775510204,1,0.9347826087,150.5116279,0.03134956358,1,1963,1986,,,,,0,0,0,0,0,,,,0.0002528161187,1,1986,1986,0,1,1986,1986,1986,1986,1986,1,1,0.9884189325,0.9884189325,0.01164865033,49,1,43,1,0.135352188,6,0.01052979135,0,0,9.339749758e-05,0.0002173375901,0.0002927610655,,,,82.83839844,152.0937305,234.9321289,4606.655273,5.4375,0,4612.092773,1.921875,2.749023438,49,5.46875,14.3984375,9.65625,1.33203125,19.8671875,1977722,231.84961,8.530193344,0.022066,49.394738,0.011665,49.428469
60,hybrid[head=topn-frontier reducer=streaming],hybrid,1977722,3297,1,1,1,72.09302326,0.01580958474,1,1420,1420,600,820,600,820,219,381,381,9640,7660,0.7946058091,1,2.689415,0.0006573219087,0,,820,0,0,0,820,820,820,820,0,0,1,1,0,43,1,43,1,0.1336471961,0,0,0,0,3.645255666e-05,0,0.0006573219087,,,,49.326875,49.62255859,98.94943359,2340.349609,756.84375,748.046875,3097.193359,8.796875,15.05273438,381,5.46875,76.5234375,133.4453125,1.477539062,133.4453125,1977722,525.626946,3.762596296,0.162221,13.49457,0.451689,14.10848
61,hl,hl,1994214,3324,1,0.5952380952,0.7462686567,1042.904762,0.2183080201,0.9756944444,48,,,,,,0,0,0,0,0,,,,,,,,,,0,,,,,,,,,,288,0.9285714286,0,1,0,25,0.09832545554,263,0.1657354727,0.0009168782231,0.003933018222,0.02088291427,,,,5.857421875,19.67072266,25.52814453,566.5234375,0.484375,0,567.0078125,0.484375,0.8984375,25,5.078125,19.31835938,0,1.284179688,24.39648438,1994214,259.209999,7.693430067,0.003274,0.947432,0,0.950706
61,hl#1,hl,1994214,3324,1,0.7619047619,0.8648648649,344.4047619,0.08588163683,0.859375,96,,,,,,0,0,0,0,0,,,,,,,,,,0,,,,,,,,,,576,1,0,1,0,32,0.1179532387,544,0.2872299563,0.0007034430468,0.00368603871,0.02214657003,,,,11.48828125,39.08787109,50.57615234,1129.189453,0.53125,0,1129.720703,0.53125,1.064453125,32,5.078125,25.49609375,0,1.869140625,30.57421875,1994214,268.971855,7.41421068,0.004924,1.779024,0,1.783948
61,hl#2,hl,1994214,3324,1,0.9285714286,0.962962963,42.92857143,0.01044701963,0.96,192,,,,,,0,0,0,0,0,,,,,,,,,,0,,,,,,,,,,1152,1,0,1,0,39,0.1328528433,1113,0.4091205859,0.0004704630461,0.003406483161,0.02216813241,,,,22.75,78.65060547,101.4006055,2254.424805,0.640625,0,2255.06543,0.640625,1.299804688,39,5.078125,36.2890625,0,2.268554688,41.3671875,1994214,260.89871,7.643633041,0.013269,3.605751,0,3.61902
61,hl#3,hl,1994214,3324,1,0.9761904762,0.9879518072,13.16666667,0.00259120294,0.9766666667,384,,,,,,0,0,0,0,0,,,,,,,,,,0,,,,,,,,,,2304,1,0,1,0,41,0.1362446558,2263,0.5147316186,0.0002825417857,0.003323040385,0.02218518173,,,,45.2734375,168.6676367,213.9410742,4504.487305,0.671875,0,4505.15918,0.671875,1.362304688,41,5.078125,59.828125,0,2.377929688,64.90625,1994214,233.745642,8.531555852,0.020246,7.74051,0,7.760756
61,ss[policy=difficulty],ss,1994214,3324,0.9130434783,1,0.9545454545,145.7619048,0.03024279365,1,1986,1992,,,,,0,0,0,0,0,,,,0.0002507253484,1,1992,1992,0,0,1992,1992,1992,1992,1992,1,1,0.9969879518,0.9969879518,0.003016593539,46,1,42,1,0.1409226893,4,0.006971669039,0,0,7.872775941e-05,0.0001378989416,0.0002507253484,,,,83.42285156,171.190332,254.6131836,4660.496094,5.421875,0,4665.917969,1.90625,2.68359375,46,5.46875,14.3984375,9.65625,1.256835938,19.8671875,1994214,228.524943,8.726460989,0.033725,49.799931,0.014441,49.848097
61,hybrid[head=topn-frontier reducer=streaming],hybrid,1994214,3324,0.8936170213,1,0.9438202247,28.57142857,0.006921769454,1,1420,1420,600,820,600,820,218,382,382,9640,7680,0.7966804979,1,2.676234,0.0005014506969,0,,820,0,0,0,820,820,820,820,0,0,1,1,0,47,1,42,1,0.138454549,5,0.009015080628,0,0,4.582405836e-05,0.0003103979814,0.0005014506969,,,,49.5653125,56.37271484,105.9380273,2355.037109,758.875,750,3113.912109,8.875,15.24023438,382,5.46875,77.0234375,134.0673828,1.577148438,134.0673828,1994214,519.735001,3.836982301,0.106461,13.720254,0.481483,14.308198
62,hl,hl,1975461,3293,1,0.696969697,0.8214285714,1261.454545,0.2176100266,0.9548611111,48,,,,,,0,0,0,0,0,,,,,,,,,,0,,,,,,,,,,288,0.9393939394,0,1,0,23,0.09362928451,265,0.1618639902,0.0008871294262,0.004070838457,0.01907706606,,,,5.857421875,19.75533203,25.61275391,566.4316406,0.421875,0,566.8535156,0.421875,0.806640625,23,5.078125,19.39648438,0,1.301757812,24.47460938,1975461,270.569616,7.301119132,0.002789,0.927385,0,0.930174
62,hl#1,hl,1975461,3293,1,0.8181818182,0.9,333.7878788,0.07579041975,0.8350694444,96,,,,,,0,0,0,0,0,,,,,,,,,,0,,,,,,,,,,576,1,0,1,0,27,0.110214274,549,0.2813849527,0.0006798597686,0.004082010149,0.02154130099,,,,11.48828125,39.10263672,50.59091797,1129.061523,0.484375,0,1129.545898,0.484375,0.9365234375,27,5.078125,25.57421875,0,1.560546875,30.65234375,1975461,277.30913,7.123678185,0.008365,1.736404,0,1.744769
62,hl#2,hl,1975461,3293,0.9705882353,1,0.9850746269,29.90909091,0.005894887916,0.9516666667,192,,,,,,0,0,0,0,0,,,,,,,,,,0,,,,,,,,,,1152,1,0,1,0,34,0.1245456124,1118,0.4070427105,0.000461448197,0.003663106247,0.02151092834,,,,22.75,78.72130859,101.4713086,2254.259766,0.5625,0,2254.822266,0.5625,1.134765625,34,5.078125,37.4609375,0,1.986328125,42.5390625,1975461,268.990696,7.343975198,0.011642,3.652848,0,3.66449
62,hl#3,hl,1975461,3293,1,1,1,12.63636364,0.002091206809,0.965,384,,,,,,0,0,0,0,0,,,,,,,,,,0,,,,,,,,,,2304,1,0,1,0,33,0.1227566629,2271,0.5241814442,0.000280789109,0.003719898875,0.02150434759,,,,45.2734375,163.8115625,209.085,4504.227539,0.546875,0,4504.774414,0.546875,1.102539062,33,5.078125,60.21875,0,1.930664062,65.296875,1975461,242.929831,8.13181729,0.020915,7.47443,0,7.495345
62,ss[policy=difficulty],ss,1975461,3293,0.8684210526,1,0.9295774648,142.5454545,0.02422971275,1,1992,2017,,,,,0,0,0,0,0,,,,0.0002531054777,1,2017,2017,0,0,2017,2017,2017,2017,2017,1,1,0.9876053545,0.9876053545,0.01247209981,38,1,33,1,0.125202168,5,0.008835912225,0,0,9.063840368e-05,0.0002126086012,0.0002531054777,,,,83.57464844,183.3628906,266.9375391,4674.073242,5.078125,0,4679.151367,1.5625,2.198242188,38,5.46875,14.3984375,9.65625,1.043945312,19.8671875,1975461,233.291161,8.467791885,0.023971,49.706003,0.010363,49.740337
62,hybrid[head=topn-frontier reducer=streaming],hybrid,1975461,3293,0.9428571429,1,0.9705882353,90.27272727,0.01475470487,1,1420,1420,600,820,600,820,190,410,410,9640,8240,0.8547717842,0,17.028822,0.0006474438118,0,,820,0,0,0,820,820,820,820,0,0,1,1,0,35,1,33,1,0.1243289541,2,0.003445271762,0,0,6.188790508e-05,0.000329037121,0.0006474438118,,,,49.32789063,54.99599609,104.3238867,2338.370117,950.71875,941.40625,3289.088867,9.3125,16.06542969,410,5.46875,76.5234375,133.3476562,1.357421875,133.3476562,1975461,528.167525,3.740216705,0.104326,13.958567,0.480315,14.543208
63,hl,hl,2016937,3362,0.96875,0.775,0.8611111111,1302.375,0.181457782,0.9652777778,48,,,,,,0,0,0,0,0,,,,,,,,,,0,,,,,,,,,,288,0.975,0,1,0,32,0.1082011982,256,0.1542983246,0.0009114566764,0.003381287442,0.01474612246,,,,5.857421875,19.56158203,25.41900391,566.7900391,0.625,0,567.4150391,0.625,1.165039062,32,5.078125,19.70898438,0,1.77734375,24.78710938,2016937,266.105452,7.579465151,0.002772,0.954356,0,0.957128
63,hl#1,hl,2016937,3362,1,0.9,0.9473684211,275.7,0.05797376132,0.8385416667,96,,,,,,0,0,0,0,0,,,,,,,,,,0,,,,,,,,,,576,1,0,1,0,36,0.1311801013,540,0.2790384628,0.0007121850071,0.003643891703,0.01903629117,,,,11.48828125,39.15208984,50.64037109,1129.323242,0.59375,0,1129.916992,0.59375,1.198242188,36,5.078125,24.63671875,0,2.096679688,29.71484375,2016937,274.872599,7.337715754,0.009203,1.762622,0,1.771825
63,hl#2,hl,2016937,3362,0.9756097561,1,0.987654321,27.9,0.005273776255,0.945,192,,,,,,0,0,0,0,0,,,,,,,,,,0,,,,,,,,,,1152,1,0,1,0,41,0.1422156468,1111,0.4051023904,0.0004751024628,0.003468674312,0.01906554345,,,,22.75,78.94060547,101.6906055,2254.488281,0.671875,0,2255.160156,0.671875,1.36328125,41,5.078125,36.3671875,0,2.37890625,41.4453125,2016937,263.88228,7.643321105,0.00905,3.61831,0,3.62736
63,hl#3,hl,2016937,3362,1,0.975,0.9873417722,17.65,0.003078248608,0.9783333333,384,,,,,,0,0,0,0,0,,,,,,,,,,0,,,,,,,,,,2304,1,0,1,0,39,0.1385913392,2265,0.5187479827,0.0002853035252,0.003553624083,0.01904422399,,,,45.2734375,169.7975,215.0709375,4504.419922,0.640625,0,4505.060547,0.640625,1.294921875,39,5.078125,59.75,0,2.263671875,64.828125,2016937,238.2945,8.464051835,0.021465,7.538984,0,7.560449
63,ss[policy=difficulty],ss,2016937,3362,0.8333333333,1,0.9090909091,130.6,0.0235903923,1,2017,2017,,,,,0,0,0,0,0,,,,0.0002479006533,0,,2017,0,0,0,2017,2017,2017,2017,0,0,1,1,0,48,1,40,1,0.1430272735,8,0.01400539531,0,0,8.268519708e-05,0.0001723529292,0.0002479006533,,,,84.21136719,163.0937109,247.3050781,4733.024414,5.265625,0,4738.290039,1.75,2.555664062,48,5.46875,14.3984375,9.65625,1.374023438,19.8671875,2016937,229.897928,8.773184767,0.042252,50.512112,0.009722,50.564086
63,hybrid[head=topn-frontier reducer=streaming],hybrid,2016937,3362,0.9756097561,1,0.987654321,74.6,0.01430491536,1,1420,1268,600,820,600,668,209,391,391,9640,7860,0.8153526971,0,17.042221,0.0004179605015,0,,668,1,0,0,668,668,668,668,0,0,1.22754491,1.22754491,-0.2050161667,41,1,40,1,0.1419166786,1,0.001681758032,0,0,3.850320391e-05,9.916026133e-05,0.0004179605015,,,,49.32054687,54.10185547,103.4224023,2356.538086,950.390625,941.40625,3306.928711,8.984375,15.52246094,391,5.46875,76.5234375,133.5380859,1.5625,133.5380859,2016937,519.904914,3.879434384,0.11564,13.360748,0.472927,13.949315
64,hl,hl,2043836,3407,1,0.7111111111,0.8311688312,1326.555556,0.1977851325,0.9791666667,48,,,,,,0,0,0,0,0,,,,,,,,,,0,,,,,,,,,,288,0.9555555556,0,1,0,32,0.1101316348,256,0.1594149433,0.0009359256184,0.003441613588,0.01850148446,,,,5.857421875,19.81095703,25.66837891,566.7558594,0.59375,0,567.3496094,0.59375,1.130859375,32,5.078125,18.69335938,0,1.67578125,23.77148438,2043836,284.224274,7.190926979,0.002818,0.947575,0,0.950393
64,hl#1,hl,2043836,3407,1,0.8444444444,0.9156626506,388.9777778,0.06638290456,0.8489583333,96,,,,,,0,0,0,0,0,,,,,,,,,,0,,,,,,,,,,576,1,0,1,0,38,0.1345675485,538,0.2758376895,0.0007125090937,0.003541251276,0.01871040534,,,,11.48828125,39.10300781,50.59128906,1129.424805,0.65625,0,1130.081055,0.65625,1.299804688,38,5.078125,24.71484375,0,2.1796875,29.79296875,2043836,293.709538,6.958698086,0.005022,1.80412,0,1.809142
64,hl#2,hl,2043836,3407,1,1,1,35.86666667,0.007702577694,0.9483333333,192,,,,,,0,0,0,0,0,,,,,,,,,,0,,,,,,,,,,1152,1,0,1,0,45,0.1512073376,1107,0.3961677943,0.0004751520242,0.003360163057,0.01873291203,,,,22.75,78.54628906,101.2962891,2254.649414,0.765625,0,2255.415039,0.765625,1.524414062,45,5.078125,37.3828125,0,2.5703125,42.4609375,2043836,283.238749,7.215947702,0.01167,3.682164,0,3.693834
64,hl#3,hl,2043836,3407,1,1,1,13.13333333,0.002385367915,0.9716666667,384,,,,,,0,0,0,0,0,,,,,,,,,,0,,,,,,,,,,2304,1,0,1,0,45,0.151567934,2259,0.508156721,0.000286338826,0.003368176312,0.01873731552,,,,45.2734375,165.5691602,210.8425977,4504.618164,0.734375,0,4505.352539,0.734375,1.493164062,45,5.078125,60.765625,0,2.602539062,65.84375,2043836,255.222151,8.008066667,0.020308,7.695322,0,7.71563
64,ss[policy=difficulty],ss,2043836,3407,0.9375,1,0.9677419355,159.0444444,0.03239534366,1,2017,1996,,,,,0,0,0,0,0,,,,0.0002446380238,0,,1996,1,0,0,1996,1996,1996,1996,0,0,1.010521042,1.010521042,-0.01046608108,48,1,45,1,0.1550447296,3,0.005177519136,0,0,8.619413038e-05,0.0002118565286,0.0002681232741,,,,84.21207031,180.1137891,264.3258594,4733.182617,5.421875,0,4738.604492,1.90625,2.713867188,48,5.46875,14.3984375,9.65625,1.310546875,19.8671875,2043836,243.670386,8.387707811,0.023489,50.655767,0.00896,50.688216
64,hybrid[head=topn-frontier reducer=streaming],hybrid,2043836,3407,0.9,1,0.9473684211,90.55555556,0.01918343797,1,1268,1385,600,668,600,785,233,367,367,9640,7380,0.765560166,1,2.622346,0.0007828416761,1,785,785,0,1,785,785,785,785,785,1,1,0.850955414,0.850955414,0.1613955442,50,1,45,1,0.1535367808,5,0.009510547813,0,0,9.170011684e-05,0.0005182411896,0.0007828416761,,,,37.46414062,43.53822266,81.00236328,1985.351562,729.25,720.703125,2714.601562,8.546875,14.6171875,367,5.46875,77.0234375,134.2724609,1.635742188,134.2724609,2043836,391.725186,5.217525125,0.084216,11.457278,0.533062,12.074556
65,hl,hl,2025607,3377,1,0.7,0.8235294118,1304.22,0.1970526287,0.9756944444,48,,,,,,0,0,0,0,0,,,,,,,,,,0,,,,,,,,,,288,0.96,0,1,0,35,0.1048470903,253,0.1578539174,0.0009121562766,0.002995631151,0.01559828733,,,,5.857421875,19.53464844,25.39207031,566.8505859,0.640625,0,567.4912109,0.640625,1.225585938,35,5.078125,19.31835938,0,1.936523438,24.39648438,2025607,262.939877,7.703688855,0.010566,0.906676,0,0.917242
65,hl#1,hl,2025607,3377,0.9777777778,0.88,0.9263157895,265.5,0.0532485719,0.8524305556,96,,,,,,0,0,0,0,0,,,,,,,,,,0,,,,,,,,,,576,1,0,1,0,45,0.1408530875,531,0.2693908542,0.0007122290654,0.003130068611,0.01769790487,,,,11.48828125,39.10292969,50.59121094,1129.645508,0.765625,0,1130.411133,0.765625,1.520507812,45,5.078125,24.94921875,0,2.565429688,30.02734375,2025607,272.524397,7.432754727,0.009194,1.742576,0,1.75177
65,hl#2,hl,2025607,3377,0.9803921569,1,0.9900990099,38.48,0.008266741358,0.9433333333,192,,,,,,0,0,0,0,0,,,,,,,,,,0,,,,,,,,,,1152,1,0,1,0,51,0.1544129735,1101,0.3942936611,0.0004763078425,0.003027705363,0.01772012044,,,,22.75,78.71441406,101.4644141,2254.810547,0.828125,0,2255.638672,0.828125,1.685546875,51,5.078125,36.6015625,0,2.935546875,41.6796875,2025607,262.570503,7.714526106,0.009354,3.586586,0,3.59594
65,hl#3,hl,2025607,3377,1,1,1,15.52,0.003332531186,0.985,384,,,,,,0,0,0,0,0,,,,,,,,,,0,,,,,,,,,,2304,1,0,1,0,50,0.1529181129,2254,0.5065163183,0.0002862128608,0.003058362259,0.01771419629,,,,45.2734375,170.3746094,215.6480469,4504.779297,0.8125,0,4505.591797,0.8125,1.654296875,50,5.078125,59.671875,0,2.880859375,64.75,2025607,233.945753,8.658447414,0.020393,7.575061,0,7.595454
65,ss[policy=difficulty],ss,2025607,3377,0.9090909091,1,0.9523809524,169.46,0.03686320461,1,1996,1996,,,,,0,0,0,0,0,,,,0.0002468395893,0,,1996,0,0,0,1996,1996,1996,1996,0,0,1,1,0,55,1,50,1,0.1569381425,5,0.008837844656,0,0,9.221029458e-05,0.0001777245043,0.0002725109066,,,,83.67726563,176.4220898,260.0993555,4684.47168,5.8125,0,4690.28418,2.296875,3.221679688,55,5.46875,14.3984375,9.65625,1.442382812,19.8671875,2025607,229.151741,8.839588088,0.02465,49.710615,0.009346,49.744611
65,hybrid[head=topn-frontier reducer=streaming],hybrid,2025607,3377,0.9433962264,1,0.9708737864,37.32,0.008011635773,1,1385,1385,600,785,600,785,228,372,372,9640,7480,0.77593361,1,2.620672,0.0006417829322,0,,785,0,0,0,785,785,785,785,0,0,1,1,0,53,1,50,1,0.1536764042,3,0.006132976436,0,0,4.551163145e-05,0.0004969703732,0.0006417829322,,,,48.43265625,43.64320312,92.07585937,2268.612305,739.15625,730.46875,3007.768555,8.6875,14.86230469,372,5.46875,76.5234375,133.7724609,1.908203125,133.7724609,2025607,435.076414,4.655749967,0.100615,13.04286,0.456705,13.60018
66,hl,hl,2029894,3384,1,0.7105263158,0.8307692308,2273.447368,0.2190292333,0.9722222222,48,,,,,,0,0,0,0,0,,,,,,,,,,0,,,,,,,,,,288,1,0,1,0,27,0.08181560219,261,0.1597773086,0.0008388642735,0.003030207489,0.0121484176,,,,5.857421875,19.84273437,25.70015625,566.5654297,0.484375,0,567.0498047,0.484375,0.9404296875,27,5.078125,19.39648438,0,1.497070312,24.47460938,2029894,268.100246,7.571399244,0.002864,0.939472,0,0.942336
66,hl#1,hl,2029894,3384,0.9743589744,1,0.987012987,668.2105263,0.05427499364,0.8385416667,96,,,,,,0,0,0,0,0,,,,,,,,,,0,,,,,,,,,,576,1,0,1,0,39,0.125237574,537,0.2690849867,0.000684587779,0.003211219846,0.01534661416,,,,11.48828125,39.11736328,50.60564453,1129.457031,0.671875,0,1130.128906,0.671875,1.33203125,39,5.078125,24.32421875,0,2.16796875,29.40234375,2029894,275.685485,7.363078981,0.0079,1.800812,0,1.808712
66,hl#2,hl,2029894,3384,0.9743589744,1,0.987012987,87.5,0.009649821481,0.9416666667,192,,,,,,0,0,0,0,0,,,,,,,,,,0,,,,,,,,,,1152,1,0,1,0,39,0.1358893617,1113,0.4040013912,0.0004686551675,0.003484342608,0.01527271867,,,,22.75,78.49904297,101.249043,2254.423828,0.640625,0,2255.064453,0.640625,1.298828125,39,5.078125,36.9921875,0,2.267578125,42.0703125,2029894,267.663689,7.583748127,0.013305,3.60617,0,3.619475
66,hl#3,hl,2029894,3384,1,1,1,19,0.00407619452,0.98,384,,,,,,0,0,0,0,0,,,,,,,,,,0,,,,,,,,,,2304,1,0,1,0,38,0.1352829261,2266,0.5180674459,0.0002835722101,0.003560077003,0.01530868114,,,,45.2734375,163.7471484,209.0205859,4504.391602,0.625,0,4505.016602,0.625,1.266601562,38,5.078125,60.140625,0,2.211914062,65.21875,2029894,243.059279,8.351435947,0.020341,7.575967,0,7.596308
66,ss[policy=difficulty],ss,2029894,3384,0.9268292683,1,0.9620253165,180.7105263,0.03790782064,1,1996,1996,,,,,0,0,0,0,0,,,,0.0002463182807,0,,1996,0,0,0,1996,1996,1996,1996,0,0,1,1,0,41,1,38,1,0.1385840837,3,0.005080560857,0,0,8.880675182e-05,8.604718604e-05,0.0002473035538,,,,83.67914063,156.5763672,240.2555078,4683.583008,5.15625,0,4688.739258,1.640625,2.333007812,41,5.46875,14.3984375,9.65625,1.145507812,19.8671875,2029894,235.333774,8.625595746,0.023941,49.95452,0.018051,49.996512
66,hybrid[head=topn-frontier reducer=streaming],hybrid,2029894,3384,0.8837209302,1,0.9382716049,74.26315789,0.01453469491,1,1385,1413,600,785,600,813,212,388,388,9640,7800,0.8091286307,0,17.053108,0.0006896911858,1,813,813,0,0,813,813,813,813,813,1,1,0.9655596556,0.9655596556,0.03504739177,43,1,38,1,0.1365913688,5,0.009222649064,0,0,9.371551329e-05,0.0005279093391,0.0006896911858,,,,48.4328125,43.70910156,92.14191406,2257.53125,950.25,941.40625,3207.78125,8.84375,15.25,388,5.46875,77.0234375,134.0625,1.5390625,134.0625,2029894,446.063042,4.5506886,0.144062,12.975979,0.46023,13.580271
67,hl,hl,2023402,3373,0.9666666667,0.8055555556,0.8787878788,1366.472222,0.17251709,0.96875,48,,,,,,0,0,0,0,0,,,,,,,,,,0,,,,,,,,,,288,0.9722222222,0,1,0,30,0.08920916358,258,0.1620468893,0.0008724168504,0.002973638786,0.01157851974,,,,5.857421875,19.75720703,25.61462891,566.6552734,0.53125,0,567.1865234,0.53125,1.030273438,30,5.078125,18.84960938,0,1.724609375,23.92773438,2023402,275.70297,7.339064936,0.002902,0.930483,0,0.933385
67,hl#1,hl,2023402,3373,0.9696969697,0.8888888889,0.9275362319,327.0277778,0.05394604698,0.8333333333,96,,,,,,0,0,0,0,0,,,,,,,,,,0,,,,,,,,,,576,1,0,1,0,33,0.10935988,543,0.2830124711,0.0006812019985,0.003313935759,0.01472470621,,,,11.48828125,39.12208984,50.61037109,1129.220703,0.546875,0,1129.767578,0.546875,1.095703125,33,5.078125,25.57421875,0,1.923828125,30.65234375,2023402,284.75208,7.105837471,0.005057,1.747648,0,1.752705
67,hl#2,hl,2023402,3373,1,1,1,27.72222222,0.005634865555,0.9383333333,192,,,,,,0,0,0,0,0,,,,,,,,,,0,,,,,,,,,,1152,1,0,1,0,36,0.1183442539,1116,0.4144638584,0.0004625070419,0.003287340386,0.01619055432,,,,22.75,78.42222656,101.1722266,2254.320312,0.59375,0,2254.914062,0.59375,1.1953125,36,5.078125,37.4609375,0,2.09375,42.5390625,2023402,277.716084,7.285865373,0.012425,3.567666,0,3.580091
67,hl#3,hl,2023402,3373,1,1,1,19.77777778,0.003925299947,0.975,384,,,,,,0,0,0,0,0,,,,,,,,,,0,,,,,,,,,,2304,1,0,1,0,36,0.1181831391,2268,0.5293401904,0.0002810431118,0.003282864975,0.01619747336,,,,45.2734375,164.930293,210.2037305,4504.320312,0.59375,0,4504.914062,0.59375,1.1953125,36,5.078125,60.0625,0,2.09375,65.140625,2023402,253.237935,7.990122017,0.019951,7.45371,0,7.473661
67,ss[policy=difficulty],ss,2023402,3373,0.9,1,0.9473684211,168.8611111,0.03558604549,1,1996,1996,,,,,0,0,0,0,0,,,,0.0002471085825,0,,1996,0,0,0,1996,1996,1996,1996,0,0,1,1,0,40,1,36,1,0.1213278429,4,0.007143414902,0,0,9.178848296e-05,0.0001667982932,0.0002718194407,,,,83.67851563,148.1686719,231.8471875,4683.576172,5.171875,0,4688.748047,1.65625,2.326171875,40,5.46875,14.3984375,9.65625,1.118164062,19.8671875,2023402,243.892826,8.296275184,0.027965,50.211815,0.009125,50.248905
67,hybrid[head=topn-frontier reducer=streaming],hybrid,2023402,3373,0.9,1,0.9473684211,16.66666667,0.004132722912,1,1413,1413,600,813,600,813,219,381,381,9640,7660,0.7946058091,1,2.671364,0.0004447954485,0,,813,0,0,0,813,813,813,813,0,0,1,1,0,40,1,36,1,0.1186200271,4,0.007262027022,0,0,3.583074446e-05,0.0002841748698,0.0004447954485,,,,49.15070312,44.35568359,93.50638672,2333.929688,756.90625,748.046875,3090.835938,8.859375,15.1875,381,5.46875,76.5234375,133.5039062,1.475585938,133.5039062,2023402,514.991761,3.928998779,0.128516,13.406187,0.455545,13.990248
68,hl,hl,1986773,3312,1,0.641025641,0.78125,1247.666667,0.2030618835,0.9652777778,48,,,,,,0,0,0,0,0,,,,,,,,,,0,,,,,,,,,,288,0.9743589744,0,1,0,25,0.07957174775,263,0.1706334846,0.0008687681677,0.00318286991,0.0134001217,,,,5.857421875,19.83412109,25.69154297,566.4970703,0.453125,0,566.9501953,0.453125,0.8720703125,25,5.078125,19.39648438,0,1.354492188,24.47460938,1986773,269.210185,7.380006815,0.010474,0.939073,0,0.949547
68,hl#1,hl,1986773,3312,1,0.8717948718,0.9315068493,264.8205128,0.0553250916,0.8420138889,96,,,,,,0,0,0,0,0,,,,,,,,,,0,,,,,,,,,,576,1,0,1,0,34,0.1089893007,542,0.2833952344,0.0006812231513,0.003205567669,0.01648401705,,,,11.48828125,39.11574219,50.60402344,1129.291016,0.59375,0,1129.884766,0.59375,1.166015625,34,5.078125,24.63671875,0,1.955078125,29.71484375,1986773,279.010658,7.12077816,0.004962,1.760494,0,1.765456
68,hl#2,hl,1986773,3312,1,1,1,25.51282051,0.005532648431,0.9416666667,192,,,,,,0,0,0,0,0,,,,,,,,,,0,,,,,,,,,,1152,1,0,1,0,39,0.1206937078,1113,0.4077466324,0.0004587155731,0.003094710457,0.01653132995,,,,22.75,78.44337891,101.1933789,2254.421875,0.640625,0,2255.0625,0.640625,1.296875,39,5.078125,37.5390625,0,2.265625,42.6171875,1986773,271.878317,7.307581649,0.01391,3.615223,0,3.629133
68,hl#3,hl,1986773,3312,1,1,1,16.02564103,0.003263795245,0.9816666667,384,,,,,,0,0,0,0,0,,,,,,,,,,0,,,,,,,,,,2304,1,0,1,0,39,0.1205094895,2265,0.5219987387,0.0002788664185,0.00308998691,0.01653938321,,,,45.2734375,162.4785352,207.7519727,4504.421875,0.640625,0,4505.0625,0.640625,1.296875,39,5.078125,59.671875,0,2.265625,64.75,1986773,248.2688,8.002507766,0.020404,7.60172,0,7.622124
68,ss[policy=difficulty],ss,1986773,3312,0.829787234,1,0.9069767442,152.0512821,0.03246844178,1,1996,2010,,,,,0,0,0,0,0,,,,0.0002516643824,1,2010,2010,0,0,2010,2010,2010,2010,2010,1,1,0.9930348259,0.9930348259,0.006989544182,47,1,39,1,0.1234554728,8,0.01398146643,0,0,9.168079905e-05,0.0001655322475,0.0002672675741,,,,83.67964844,155.6297461,239.3093945,4683.836914,5.3125,0,4689.149414,1.796875,2.586914062,47,5.46875,14.3984375,9.65625,1.254882812,19.8671875,1986773,236.410166,8.403923713,0.023248,49.840989,0.017872,49.882109
68,hybrid[head=topn-frontier reducer=streaming],hybrid,1986773,3312,0.975,1,0.9873417722,66.66666667,0.01584470256,1,1413,1406,600,813,600,806,217,383,383,9640,7700,0.7987551867,1,3.077006,0.0006543273942,0,,806,1,0,0,806,806,806,806,0,0,1.008684864,1.008684864,-0.008647367041,40,1,39,1,0.121779388,1,0.002174883593,0,0,4.721223814e-05,0.000579834737,0.0006543273942,,,,49.1428125,44.39763672,93.54044922,2328.526367,760.8125,751.953125,3089.338867,8.859375,15.13574219,383,5.46875,76.5234375,133.4453125,1.567382812,133.4453125,1986773,505.13414,3.93315922,0.103739,13.451275,0.529351,14.084365
69,hl,hl,2044951,3409,1,0.6097560976,0.7575757576,1574.268293,0.2129903302,0.9618055556,48,,,,,,0,0,0,0,0,,,,,,,,,,0,,,,,,,,,,288,0.9756097561,0,1,0,25,0.09234304392,263,0.1679428994,0.0009037706364,0.003693721757,0.01564682968,,,,5.857421875,19.99564453,25.85306641,566.5283203,0.484375,0,567.0126953,0.484375,0.9033203125,25,5.078125,19.39648438,0,1.416992188,24.47460938,2044951,269.274167,7.594308146,0.003167,0.949932,0,0.953099
69,hl#1,hl,2044951,3409,1,0.9268292683,0.9620253165,211.1463415,0.03784712301,0.8368055556,96,,,,,,0,0,0,0,0,,,,,,,,,,0,,,,,,,,,,576,1,0,1,0,38,0.1349822074,538,0.2718710619,0.0007063424815,0.003552163353,0.0172722965,,,,11.48828125,39.13910156,50.62738281,1129.422852,0.65625,0,1130.079102,0.65625,1.297851562,38,5.078125,26.27734375,0,2.115234375,31.35546875,2044951,275.684996,7.417708724,0.008135,1.767242,0,1.775377
69,hl#2,hl,2044951,3409,1,0.9756097561,0.987654321,45.17073171,0.008436342879,0.9366666667,192,,,,,,0,0,0,0,0,,,,,,,,,,0,,,,,,,,,,1152,1,0,1,0,40,0.1414821186,1112,0.3990569945,0.0004692179802,0.003537052966,0.01744589479,,,,22.75,78.49208984,101.2420898,2254.458008,0.65625,0,2255.114258,0.65625,1.333007812,40,5.078125,36.6015625,0,2.325195312,41.6796875,2044951,266.718037,7.667089272,0.011998,3.654065,0,3.666063
69,hl#3,hl,2044951,3409,1,0.9756097561,0.987654321,15.87804878,0.00344143667,0.9766666667,384,,,,,,0,0,0,0,0,,,,,,,,,,0,,,,,,,,,,2304,1,0,1,0,40,0.1411554604,2264,0.5127927271,0.0002838316786,0.003528886511,0.01744882885,,,,45.2734375,163.108418,208.3818555,4504.458008,0.65625,0,4505.114258,0.65625,1.333007812,40,5.078125,59.046875,0,2.325195312,64.125,2044951,242.378471,8.437015844,0.020568,7.588546,0,7.609114
69,ss[policy=difficulty],ss,2044951,3409,0.9761904762,1,0.9879518072,177.3414634,0.03608788045,1,2010,2010,,,,,0,0,0,0,0,,,,0.0002445046361,0,,2010,0,0,0,2010,2010,2010,2010,0,0,1,1,0,42,1,41,1,0.1463766124,1,0.001701263258,0,0,8.582112725e-05,4.890092721e-05,0.0002934055633,,,,84.03484375,185.762168,269.7970117,4716.395508,5.140625,0,4721.536133,1.625,2.333007812,42,5.46875,14.3984375,9.65625,1.168945312,19.8671875,2044951,232.423412,8.798386455,0.024351,50.16459,0.009688,50.198629
69,hybrid[head=topn-frontier reducer=streaming],hybrid,2044951,3409,0.9534883721,1,0.9761904762,72.2195122,0.01396316013,1,1406,1406,600,806,600,806,226,374,374,9640,7520,0.7800829876,1,2.659724,0.0004714049383,0,,806,0,0,0,806,806,806,806,0,0,1,1,0,43,1,41,1,0.1442689825,2,0.003461696637,0,0,4.049679112e-05,0.0001467027816,0.0004714049383,,,,48.96960937,44.21410156,93.18371094,2331.418945,743.1875,734.375,3074.606445,8.8125,15.02832031,374,5.46875,76.5234375,133.5332031,1.475585938,133.5332031,2044951,480.883158,4.252490373,0.104492,13.30795,0.464788,13.87723
70,hl,hl,1992279,3321,1,0.6764705882,0.8070175439,1421.147059,0.2046327819,0.9722222222,48,,,,,,0,0,0,0,0,,,,,,,,,,0,,,,,,,,,,288,1,0,1,0,23,0.07799158652,265,0.1650019902,0.0008437276969,0.003390938544,0.01516203303,,,,5.857421875,19.57134766,25.42876953,566.4394531,0.421875,0,566.8613281,0.421875,0.814453125,23,5.078125,19.08398438,0,1.309570312,24.16210938,1992279,263.522887,7.56017446,0.003457,0.963571,0,0.967028
70,hl#1,hl,1992279,3321,1,0.9117647059,0.9538461538,224.3529412,0.03985174665,0.8159722222,96,,,,,,0,0,0,0,0,,,,,,,,,,0,,,,,,,,,,576,1,0,1,0,31,0.1069885292,545,0.2790979577,0.0006702890397,0.003451242878,0.01786948515,,,,11.48828125,39.14519531,50.63347656,1129.165039,0.515625,0,1129.680664,0.515625,1.040039062,31,5.078125,25.26171875,0,1.821289062,30.33984375,1992279,273.925878,7.273058736,0.009158,1.807252,0,1.81641
70,hl#2,hl,1992279,3321,1,1,1,31.5,0.00620796347,0.9466666667,192,,,,,,0,0,0,0,0,,,,,,,,,,0,,,,,,,,,,1152,1,0,1,0,34,0.1142786728,1118,0.4106357593,0.000455654889,0.003361137436,0.01783334563,,,,22.75,78.56208984,101.3120898,2254.264648,0.5625,0,2254.827148,0.5625,1.139648438,34,5.078125,37.2265625,0,1.991210938,42.3046875,1992279,266.511556,7.475394425,0.011193,3.655729,0,3.666922
70,hl#3,hl,1992279,3321,1,1,1,22.52941176,0.004575985248,0.9733333333,384,,,,,,0,0,0,0,0,,,,,,,,,,0,,,,,,,,,,2304,1,0,1,0,34,0.1146566319,2270,0.5305025049,0.0002800169865,0.00337225388,0.01784137663,,,,45.2734375,164.8941016,210.1675391,4504.264648,0.5625,0,4504.827148,0.5625,1.139648438,34,5.078125,59.75,0,1.991210938,64.828125,1992279,242.998825,8.198718656,0.021058,7.559101,0,7.580159
70,ss[policy=difficulty],ss,1992279,3321,0.9189189189,1,0.9577464789,141.3823529,0.0269902213,1,2010,2018,,,,,0,0,0,0,0,,,,0.0002509688653,1,2018,2018,0,0,2018,2018,2018,2018,2018,1,1,0.9960356789,0.9960356789,0.00397219986,37,1,34,1,0.1170162412,3,0.005065555577,0,0,8.284685732e-05,0.0002175063499,0.0003011626384,,,,84.03515625,176.7200195,260.7551758,4716.206055,5.03125,0,4721.237305,1.515625,2.143554688,37,5.46875,14.3984375,9.65625,1.01953125,19.8671875,1992279,231.576487,8.603114357,0.025204,50.19054,0.016474,50.232218
70,hybrid[head=topn-frontier reducer=streaming],hybrid,1992279,3321,0.9444444444,1,0.9714285714,11.76470588,0.003291082427,1,1406,1406,600,806,600,806,222,378,378,9640,7600,0.7883817427,1,2.839433,0.0006023252767,0,,806,0,0,0,806,806,806,806,0,0,1,1,0,36,1,34,1,0.1148042016,2,0.003663643496,0,0,3.903960127e-05,0.0006023252767,0.0006023252767,,,,48.97265625,44.30007812,93.27273437,2311.65332,750.96875,742.1875,3062.62207,8.78125,15.07519531,378,5.46875,76.2734375,133.234375,1.319335938,133.234375,1992279,483.629953,4.119428476,0.123601,13.466471,0.459807,14.049879
71,hl,hl,2039372,3399,1,0.7209302326,0.8378378378,1227,0.2236397176,0.9791666667,48,,,,,,0,0,0,0,0,,,,,,,,,,0,,,,,,,,,,288,0.9534883721,0,1,0,31,0.1152854898,257,0.1571567129,0.0009459798708,0.003718886769,0.01728326171,,,,5.857421875,19.68107422,25.53849609,566.7275391,0.578125,0,567.3056641,0.578125,1.102539062,31,5.078125,19.31835938,0,1.724609375,24.39648438,2039372,265.677382,7.676122012,0.003429,0.970348,0,0.973777
71,hl#1,hl,2039372,3399,1,0.8604651163,0.925,284.1395349,0.0653774892,0.8402777778,96,,,,,,0,0,0,0,0,,,,,,,,,,0,,,,,,,,,,576,1,0,1,0,37,0.1369495119,539,0.2692171904,0.0007051505248,0.00370133816,0.0190254647,,,,11.48828125,39.08798828,50.57626953,1129.388672,0.640625,0,1130.029297,0.640625,1.263671875,37,5.078125,24.79296875,0,2.120117188,29.87109375,2039372,273.724052,7.45046694,0.004899,1.81836,0,1.823259
71,hl#2,hl,2039372,3399,1,0.976744186,0.9882352941,35.11627907,0.006876822764,0.945,192,,,,,,0,0,0,0,0,,,,,,,,,,0,,,,,,,,,,1152,1,0,1,0,42,0.1481328566,1110,0.3932377222,0.0004699397385,0.003526972776,0.01909754572,,,,22.75,78.33242187,101.0824219,2254.520508,0.6875,0,2255.208008,0.6875,1.395507812,42,5.078125,36.5234375,0,2.434570312,41.6015625,2039372,268.473162,7.596185722,0.012645,3.711151,0,3.723796
71,hl#3,hl,2039372,3399,1,1,1,12.44186047,0.002392122135,0.9733333333,384,,,,,,0,0,0,0,0,,,,,,,,,,0,,,,,,,,,,2304,1,0,1,0,43,0.1497495307,2261,0.5032377614,0.0002834146233,0.003482547226,0.01910293953,,,,45.2734375,160.6462695,205.919707,4504.553711,0.703125,0,4505.256836,0.703125,1.428710938,43,5.078125,60.6875,0,2.491210938,65.765625,2039372,244.607462,8.337325376,0.023602,7.682164,0,7.705766
71,ss[policy=difficulty],ss,2039372,3399,0.8775510204,1,0.9347826087,159.6046512,0.03053292607,1,2018,2018,,,,,0,0,0,0,0,,,,0.0002451735142,0,,2018,0,0,0,2018,2018,2018,2018,0,0,1,1,0,49,1,43,1,0.1530583925,6,0.01029875864,0,0,8.869276965e-05,0.0001634490095,0.0002451735142,,,,84.23773438,172.7586914,256.9964258,4735.5625,5.4375,0,4741,1.921875,2.75,49,5.46875,14.3984375,9.65625,1.3984375,19.8671875,2039372,234.565189,8.694265371,0.023559,50.408391,0.011071,50.443021
71,hybrid[head=topn-frontier reducer=streaming],hybrid,2039372,3399,0.9347826087,1,0.9662921348,102.0697674,0.02349561686,1,1406,1406,600,806,600,806,228,372,372,9640,7480,0.77593361,1,2.656481,0.0005884164341,0,,806,0,0,0,806,806,806,806,0,0,1,1,0,46,1,43,1,0.1518452739,3,0.005527191704,0,0,7.023688196e-05,0.0003595878208,0.0005884164341,,,,48.97210938,44.21753906,93.18964844,2317.172852,739.0625,730.46875,3056.235352,8.59375,14.74316406,372,5.46875,77.0234375,134.0771484,1.514648438,134.0771484,2039372,482.564634,4.226111605,0.114607,13.248536,0.475444,13.838587
72,hl,hl,2009468,3350,1,0.675,0.8059701493,942.25,0.16651205,0.9479166667,48,,,,,,0,0,0,0,0,,,,,,,,,,0,,,,,,,,,,288,1,0,1,0,27,0.09118433337,261,0.1640404326,0.000886197104,0.003377197532,0.01909361085,,,,5.857421875,19.66740234,25.52482422,566.5908203,0.515625,0,567.1064453,0.515625,0.9658203125,27,5.078125,19.24023438,0,1.493164062,24.31835938,2009468,262.147863,7.665399126,0.002871,0.939365,0,0.942236
72,hl#1,hl,2009468,3350,1,0.925,0.961038961,162.975,0.04157135674,0.8402777778,96,,,,,,0,0,0,0,0,,,,,,,,,,0,,,,,,,,,,576,1,0,1,0,37,0.1204348614,539,0.2787394475,0.0006930109528,0.003254996253,0.02031234138,,,,11.48828125,39.07337891,50.56166016,1129.348633,0.609375,0,1129.958008,0.609375,1.223632812,37,5.078125,24.94921875,0,2.145507812,30.02734375,2009468,272.53532,7.373238815,0.005192,1.780094,0,1.785286
72,hl#2,hl,2009468,3350,0.9756097561,1,0.987654321,32.675,0.006427509224,0.94,192,,,,,,0,0,0,0,0,,,,,,,,,,0,,,,,,,,,,1152,1,0,1,0,41,0.1276014348,1111,0.4076780521,0.0004646523324,0.003112230117,0.02028944974,,,,22.75,78.43779297,101.187793,2254.480469,0.671875,0,2255.152344,0.671875,1.35546875,41,5.078125,36.3671875,0,2.37109375,41.4453125,2009468,266.40239,7.542980376,0.012179,3.694569,0,3.706748
72,hl#3,hl,2009468,3350,1,1,1,21.45,0.004655507622,0.97,384,,,,,,0,0,0,0,0,,,,,,,,,,0,,,,,,,,,,2304,1,0,1,0,40,0.1258367886,2264,0.5265871365,0.0002831701064,0.003145919716,0.02030437907,,,,45.2734375,165.4310742,210.7045117,4504.447266,0.65625,0,4505.103516,0.65625,1.322265625,40,5.078125,59.90625,0,2.314453125,64.984375,2009468,239.840153,8.378363568,0.021068,7.658787,0,7.679855
72,ss[policy=difficulty],ss,2009468,3350,0.9302325581,1,0.9638554217,185,0.03851546035,1,2018,2014,,,,,0,0,0,0,0,,,,0.0002488220763,0,,2014,1,0,0,2014,2014,2014,2014,0,0,1.001986097,1.001986097,-0.001984127635,43,1,40,1,0.1296616816,3,0.005287469121,0,0,0.0001006861425,0.0002156457995,0.0002488220763,,,,84.23566406,180.1938672,264.4295312,4735.292969,5.28125,0,4740.574219,1.765625,2.48046875,43,5.46875,14.3984375,9.65625,1.21875,19.8671875,2009468,227.825339,8.820212926,0.028507,50.959347,0.010872,50.998726
72,hybrid[head=topn-frontier reducer=streaming],hybrid,2009468,3350,0.9523809524,1,0.9756097561,94.875,0.02382007359,1,1406,1334,600,806,600,734,234,366,366,9640,7360,0.7634854772,1,2.578284,0.0005474085678,0,,734,1,0,0,734,734,734,734,0,0,1.098092643,1.098092643,-0.09357471389,42,1,40,1,0.1278676744,2,0.003503912478,0,0,5.444464003e-05,0.000199057661,0.0005474085678,,,,48.968125,44.276875,93.245,2321.736328,727.34375,718.75,3049.080078,8.59375,14.62695312,366,5.46875,76.5234375,133.4257812,1.487304688,133.4257812,2009468,481.359747,4.17456593,0.120784,13.287152,0.459791,13.867727
73,hl,hl,2069546,3450,0.96875,0.7948717949,0.8732394366,1831,0.2056350764,0.9791666667,48,,,,,,0,0,0,0,0,,,,,,,,,,0,,,,,,,,,,288,0.9743589744,0,1,0,32,0.102611394,256,0.1602061515,0.0009125609218,0.003206606062,0.01779037528,,,,5.857421875,19.65107422,25.50849609,566.7558594,0.59375,0,567.3496094,0.59375,1.130859375,32,5.078125,18.69335938,0,1.741210938,23.77148438,2069546,269.315817,7.684457686,0.003254,0.936843,0,0.940097
73,hl#1,hl,2069546,3450,1,0.9743589744,0.987012987,300.3333333,0.0377179788,0.8489583333,96,,,,,,0,0,0,0,0,,,,,,,,,,0,,,,,,,,,,576,1,0,1,0,38,0.1377147452,538,0.277065598,0.0007201047624,0.003624072241,0.02086544585,,,,11.48828125,39.03685547,50.52513672,1129.422852,0.65625,0,1130.079102,0.65625,1.297851562,38,5.078125,24.01171875,0,2.178710938,29.08984375,2069546,277.220655,7.465338396,0.004897,1.759845,0,1.764742
73,hl#2,hl,2069546,3450,0.975,1,0.9873417722,39.66666667,0.006044128822,0.955,192,,,,,,0,0,0,0,0,,,,,,,,,,0,,,,,,,,,,1152,1,0,1,0,40,0.1455594609,1112,0.4037160807,0.0004768016854,0.003638986522,0.0208983033,,,,22.75,78.28302734,101.0330273,2254.456055,0.65625,0,2255.112305,0.65625,1.331054688,40,5.078125,36.6796875,0,2.323242188,41.7578125,2069546,269.794857,7.670813384,0.011796,3.639018,0,3.650814
73,hl#3,hl,2069546,3450,1,1,1,19.82051282,0.00330789421,0.9816666667,384,,,,,,0,0,0,0,0,,,,,,,,,,0,,,,,,,,,,2304,1,0,1,0,39,0.14401806,2265,0.5191979304,0.0002878541625,0.003692770769,0.02086302986,,,,45.2734375,162.3945312,207.6679688,4504.424805,0.640625,0,4505.06543,0.640625,1.299804688,39,5.078125,59.203125,0,2.268554688,64.28125,2069546,244.877387,8.451356107,0.022586,7.592795,0,7.615381
73,ss[policy=difficulty],ss,2069546,3450,0.9285714286,1,0.962962963,158.1538462,0.02681854401,1,2014,2014,,,,,0,0,0,0,0,,,,0.0002415988821,0,,2014,0,0,0,2014,2014,2014,2014,0,0,1,1,0,42,1,39,1,0.1468684436,3,0.005248010916,0,0,7.786386828e-05,9.663955283e-05,0.0002749395278,,,,84.13617188,179.9983594,264.1345313,4725.769531,5.140625,0,4730.910156,1.625,2.33203125,42,5.46875,14.3984375,9.65625,1.170898438,19.8671875,2069546,229.893412,9.00219794,0.024002,50.49,0.011552,50.525554
73,hybrid[head=topn-frontier reducer=streaming],hybrid,2069546,3450,0.9512195122,1,0.975,87.35897436,0.01571251048,1,1334,1334,600,734,600,734,223,377,377,9640,7580,0.7863070539,1,2.622822,0.0006238083135,0,,734,0,0,0,734,734,734,734,0,0,1,1,0,41,1,39,1,0.1455343346,2,0.003612869683,0,0,5.783052265e-05,0.0003623983231,0.0006238083135,,,,39.41882812,48.14298828,87.56181641,2149.150391,748.875,740.234375,2898.025391,8.640625,15.00195312,377,5.46875,77.0234375,134.0527344,1.375976562,134.0527344,2069546,405.215331,5.10727468,0.114104,12.166442,0.462731,12.743277
74,hl,hl,2111811,3520,1,0.6904761905,0.8169014085,1659.5,0.1767208704,0.9722222222,48,,,,,,0,0,0,0,0,,,,,,,,,,0,,,,,,,,,,288,1,0,1,0,29,0.1257792482,259,0.1550825334,0.0009752145197,0.004337215456,0.03023423971,,,,5.857421875,19.53865234,25.39607422,566.6953125,0.578125,0,567.2734375,0.578125,1.0703125,29,5.078125,19.70898438,0,1.514648438,24.78710938,2111811,274.344106,7.697672207,0.004446,0.951176,0,0.955622
74,hl#1,hl,2111811,3520,0.975,0.9285714286,0.9512195122,245.4047619,0.03320850708,0.8402777778,96,,,,,,0,0,0,0,0,,,,,,,,,,0,,,,,,,,,,576,1,0,1,0,40,0.1687437938,536,0.2631973221,0.0007498977707,0.004218594846,0.03031663345,,,,11.48828125,39.07394531,50.56222656,1129.489258,0.6875,0,1130.176758,0.6875,1.364257812,40,5.078125,26.27734375,0,2.291992188,31.35546875,2111811,281.559223,7.50041493,0.004914,1.757591,0,1.762505
74,hl#2,hl,2111811,3520,1,1,1,31.95238095,0.005762711569,0.9433333333,192,,,,,,0,0,0,0,0,,,,,,,,,,0,,,,,,,,,,1152,1,0,1,0,42,0.1765328431,1110,0.3845628231,0.0004870622103,0.004203162932,0.03034125686,,,,22.75,78.59169922,101.3416992,2254.555664,0.71875,0,2255.274414,0.71875,1.430664062,42,5.078125,37.5390625,0,2.405273438,42.6171875,2111811,272.729991,7.743229823,0.012305,3.667836,0,3.680141
74,hl#3,hl,2111811,3520,1,0.9761904762,0.9879518072,15.4047619,0.002760646339,0.9733333333,384,,,,,,0,0,0,0,0,,,,,,,,,,0,,,,,,,,,,2304,1,0,1,0,41,0.1745885404,2263,0.4969710831,0.000291475531,0.004258257082,0.03029343061,,,,45.2734375,171.9817187,217.2551562,4504.494141,0.671875,0,4505.166016,0.671875,1.369140625,41,5.078125,60.453125,0,2.384765625,65.53125,2111811,246.398925,8.570698918,0.024885,7.630088,0,7.654973
74,ss[policy=difficulty],ss,2111811,3520,0.9545454545,1,0.976744186,153.3809524,0.02601985141,1,2014,2014,,,,,0,0,0,0,0,,,,0.0002367636119,0,,2014,0,0,0,2014,2014,2014,2014,0,0,1,1,0,44,1,42,1,0.179399577,2,0.00357844523,0,0,7.901447448e-05,0.0002130872507,0.0002571252825,,,,84.24535156,164.3465625,248.5919141,4725.837891,5.171875,0,4731.009766,1.65625,2.400390625,44,5.46875,14.3984375,9.65625,1.24609375,19.8671875,2111811,234.805697,8.993866107,0.024531,50.420225,0.009223,50.453979
74,hybrid[head=topn-frontier reducer=streaming],hybrid,2111811,3520,0.9545454545,1,0.976744186,77.52380952,0.008885046415,1,1334,1334,600,734,600,734,229,371,371,9640,7460,0.7738589212,1,2.504788,0.0005473974707,0,,734,0,0,0,734,734,734,734,0,0,1,1,0,44,1,42,1,0.1778909192,2,0.003365831507,0,0,5.453096461e-05,0.0004287789011,0.0005473974707,,,,39.1384375,52.83548828,91.97392578,2147.647461,737.15625,728.515625,2884.803711,8.640625,14.79589844,371,5.46875,76.5234375,133.6552734,1.53125,133.6552734,2111811,407.030916,5.188330707,0.093157,12.009689,0.461112,12.563958
75,hl,hl,2002774,3338,1,0.7368421053,0.8484848485,1004.157895,0.129429992,0.96875,48,,,,,,0,0,0,0,0,,,,,,,,,,0,,,,,,,,,,288,1,0,1,0,28,0.09530181638,260,0.1614670452,0.0008915585472,0.003403636299,0.01438504794,,,,5.857421875,19.53591797,25.39333984,566.6015625,0.5,0,567.1015625,0.5,0.9765625,28,5.078125,18.77148438,0,1.55859375,23.84960938,2002774,265.968878,7.530106586,0.003076,0.941714,0,0.94479
75,hl#1,hl,2002774,3338,1,0.8947368421,0.9444444444,137.7631579,0.03003543588,0.8333333333,96,,,,,,0,0,0,0,0,,,,,,,,,,0,,,,,,,,,,576,1,0,1,0,34,0.1199755939,542,0.2784682645,0.0006917428097,0.003528693937,0.01900813572,,,,11.48828125,39.07525391,50.56353516,1129.266602,0.5625,0,1129.829102,0.5625,1.141601562,34,5.078125,24.87109375,0,1.993164062,29.94921875,2002774,274.85327,7.286702465,0.007825,1.758682,0,1.766507
75,hl#2,hl,2002774,3338,1,0.9736842105,0.9866666667,32.73684211,0.006577780021,0.93,192,,,,,,0,0,0,0,0,,,,,,,,,,0,,,,,,,,,,1152,1,0,1,0,37,0.1264810708,1115,0.4075572181,0.0004635749036,0.003418407318,0.01903010524,,,,22.75,78.59650391,101.3465039,2254.365234,0.609375,0,2254.974609,0.609375,1.240234375,37,5.078125,36.9921875,0,2.162109375,42.0703125,2002774,268.10883,7.470003879,0.012519,3.597321,0,3.60984
75,hl#3,hl,2002774,3338,1,1,1,15.86842105,0.003192923553,0.9666666667,384,,,,,,0,0,0,0,0,,,,,,,,,,0,,,,,,,,,,2304,1,0,1,0,38,0.1283639592,2266,0.5240406556,0.0002831617252,0.003377998926,0.01903160317,,,,45.2734375,165.4742773,210.7477148,4504.397461,0.625,0,4505.022461,0.625,1.272460938,38,5.078125,59.515625,0,2.217773438,64.59375,2002774,242.352813,8.263877672,0.022658,7.48426,0,7.506918
75,ss[policy=difficulty],ss,2002774,3338,0.95,1,0.9743589744,145.5789474,0.02808538031,1,2014,2014,,,,,0,0,0,0,0,,,,0.0002496537303,0,,2014,0,0,0,2014,2014,2014,2014,0,0,1,1,0,40,1,38,1,0.1311376121,2,0.003514625215,0,0,7.904037101e-05,0.0001997229842,0.0002496537303,,,,84.13644531,179.4950977,263.631543,4725.649414,5.046875,0,4730.696289,1.53125,2.211914062,40,5.46875,14.3984375,9.65625,1.157226562,19.8671875,2002774,229.054028,8.743675095,0.023996,50.361616,0.019031,50.404643
75,hybrid[head=topn-frontier reducer=streaming],hybrid,2002774,3338,0.8837209302,1,0.9382716049,55.34210526,0.0104663018,1,1334,1334,600,734,600,734,212,388,388,9640,7800,0.8091286307,0,17.070706,0.0006490996987,0,,734,0,0,0,734,734,734,734,0,0,1,1,0,43,1,38,1,0.1294254868,5,0.009487840365,0,0,7.568572158e-05,0.0004408884877,0.0006490996987,,,,39.14382812,46.26369141,85.40751953,2154.974609,950.28125,941.40625,3105.255859,8.875,15.29492188,388,5.46875,77.0234375,133.9892578,1.654296875,133.9892578,2002774,400.696646,4.998230008,0.122337,12.250793,0.464823,12.837953
76,hl,hl,1973052,3289,1,0.6944444444,0.8196721311,1285.861111,0.196259147,0.9652777778,48,,,,,,0,0,0,0,0,,,,,,,,,,0,,,,,,,,,,288,0.9444444444,0,1,0,25,0.09589356996,263,0.1566334795,0.0008768300329,0.003835742798,0.01373050482,,,,5.857421875,19.52091797,25.37833984,566.5029297,0.453125,0,566.9560547,0.453125,0.8779296875,25,5.078125,19.39648438,0,1.326171875,24.47460938,1973052,258.97307,7.618753564,0.008805,0.961637,0,0.970442
76,hl#1,hl,1973052,3289,1,0.9166666667,0.9565217391,249.4166667,0.05990915391,0.8472222222,96,,,,,,0,0,0,0,0,,,,,,,,,,0,,,,,,,,,,576,1,0,1,0,33,0.1230281817,543,0.2731149508,0.000687748494,0.003728126719,0.01880538374,,,,11.48828125,39.06109375,50.549375,1129.228516,0.546875,0,1129.775391,0.546875,1.103515625,33,5.078125,24.55859375,0,1.931640625,29.63671875,1973052,269.30202,7.32653992,0.00831,1.773048,0,1.781358
76,hl#2,hl,1973052,3289,1,0.9722222222,0.985915493,38.83333333,0.008412035022,0.9416666667,192,,,,,,0,0,0,0,0,,,,,,,,,,0,,,,,,,,,,1152,1,0,1,0,35,0.1283047786,1117,0.4047632804,0.0004627326901,0.003665850817,0.01879524716,,,,22.75,78.58650391,101.3365039,2254.297852,0.578125,0,2254.875977,0.578125,1.172851562,35,5.078125,36.9921875,0,2.047851562,42.0703125,1973052,262.341486,7.520930182,0.012172,3.648375,0,3.660547
76,hl#3,hl,1973052,3289,1,1,1,15.44444444,0.003440567438,0.9716666667,384,,,,,,0,0,0,0,0,,,,,,,,,,0,,,,,,,,,,2304,1,0,1,0,36,0.1300178607,2268,0.5191647255,0.0002817632752,0.00361160724,0.01878815155,,,,45.2734375,175.6748828,220.9483203,4504.328125,0.59375,0,4504.921875,0.59375,1.203125,36,5.078125,59.671875,0,2.1015625,64.75,1973052,235.27628,8.386106751,0.023516,7.624503,0,7.648019
76,ss[policy=difficulty],ss,1973052,3289,1,1,1,178.7222222,0.0351619443,1,2014,2042,,,,,0,0,0,0,0,,,,0.0002534145071,1,2042,2042,0,0,2042,2042,2042,2042,2042,1,1,0.986287953,0.986287953,0.01380692545,36,1,36,1,0.1332767712,0,0,0,0,9.058160769e-05,0,0.0002534145071,,,,84.13445312,172.253418,256.3878711,4725.578125,5.046875,0,4730.625,1.53125,2.140625,36,5.46875,14.3984375,9.65625,0.9970703125,19.8671875,1973052,226.19241,8.722892161,0.02484,50.669003,0.009382,50.703225
76,hybrid[head=topn-frontier reducer=streaming],hybrid,1973052,3289,0.9230769231,1,0.96,96.13888889,0.01946007481,1,1334,1382,600,734,600,782,222,378,378,9640,7600,0.7883817427,1,2.679105,0.0007095606198,1,782,782,0,0,782,782,782,782,782,1,1,0.9386189258,0.9386189258,0.06334571193,39,1,36,1,0.1317699686,3,0.005270514918,0,0,7.876642704e-05,0.0004392518123,0.0007095606198,,,,39.1434375,49.77298828,88.91642578,2147.473633,750.96875,742.1875,2898.442383,8.78125,15.00488281,378,5.46875,76.5234375,133.4111328,1.356445312,133.4111328,1973052,400.368913,4.928084914,0.111034,12.079149,0.452753,12.642936
77,hl,hl,2045834,3410,1,0.7272727273,0.8421052632,1267.477273,0.1843207014,0.9791666667,48,,,,,,0,0,0,0,0,,,,,,,,,,0,,,,,,,,,,288,0.9545454545,0,1,0,32,0.1178042793,256,0.1548835341,0.0009468326853,0.003681383729,0.01225857034,,,,5.857421875,19.5521875,25.40960937,566.7294922,0.5625,0,567.2919922,0.5625,1.104492188,32,5.078125,19.31835938,0,1.8125,24.39648438,2045834,268.699503,7.613836189,0.002977,0.937868,0,0.940845
77,hl#1,hl,2045834,3410,1,0.9090909091,0.9523809524,257.4090909,0.0568255677,0.8246527778,96,,,,,,0,0,0,0,0,,,,,,,,,,0,,,,,,,,,,576,1,0,1,0,40,0.1474171414,536,0.2650430094,0.0007160766506,0.003685428534,0.01663233674,,,,11.48828125,39.10347656,50.59175781,1129.490234,0.6875,0,1130.177734,0.6875,1.365234375,40,5.078125,24.87109375,0,2.294921875,29.94921875,2045834,278.515519,7.345493735,0.008667,1.774755,0,1.783422
77,hl#2,hl,2045834,3410,1,1,1,35.75,0.006838224955,0.9416666667,192,,,,,,0,0,0,0,0,,,,,,,,,,0,,,,,,,,,,1152,1,0,1,0,44,0.156751232,1108,0.3860919312,0.0004712180236,0.003562528,0.01662451597,,,,22.75,78.49339844,101.2433984,2254.589844,0.71875,0,2255.308594,0.71875,1.46484375,44,5.078125,37.3046875,0,2.55078125,42.3828125,2045834,272.393803,7.510574681,0.010011,3.682163,0,3.692174
77,hl#3,hl,2045834,3410,1,1,1,16.95454545,0.003091000147,0.9716666667,384,,,,,,0,0,0,0,0,,,,,,,,,,0,,,,,,,,,,2304,1,0,1,0,44,0.156809399,2260,0.4975926688,0.0002840286753,0.003563849977,0.01661865039,,,,45.2734375,165.5296875,210.803125,4504.589844,0.71875,0,4505.308594,0.71875,1.46484375,44,5.078125,60.296875,0,2.55078125,65.375,2045834,246.49252,8.299781267,0.021096,7.569336,0,7.590432
77,ss[policy=difficulty],ss,2045834,3410,0.9361702128,1,0.967032967,172.6590909,0.03107990787,1,2042,2042,,,,,0,0,0,0,0,,,,0.00024048872,0,,2042,0,0,0,2042,2042,2042,2042,0,0,1,1,0,47,1,44,1,0.160467076,3,0.005087411784,0,0,8.628848425e-05,0.000114052916,0.0002443991057,,,,84.86863281,164.8177539,249.6863867,4791.591797,5.25,0,4796.841797,1.734375,2.529296875,47,5.46875,14.3984375,9.65625,1.318359375,19.8671875,2045834,234.49792,8.72431619,0.02461,50.840463,0.020988,50.886061
77,hybrid[head=topn-frontier reducer=streaming],hybrid,2045834,3410,0.9361702128,1,0.967032967,86.77272727,0.01142866412,1,1382,1382,600,782,600,782,221,379,379,9640,7620,0.7904564315,1,2.969854,0.0005484315932,0,,782,0,0,0,782,782,782,782,0,0,1,1,0,47,1,44,1,0.1586199076,3,0.00520618975,0,0,6.016377985e-05,0.0003204886939,0.0005484315932,,,,48.41804688,43.64244141,92.06048828,2270.461914,752.9375,744.140625,3023.399414,8.796875,15.14160156,379,5.46875,77.0234375,134.1845703,1.577148438,134.1845703,2045834,437.548756,4.675670933,0.131085,13.106126,0.458886,13.696097
78,hl,hl,1948381,3248,1,0.7567567568,0.8615384615,1316.27027,0.2084675557,0.96875,48,,,,,,0,0,0,0,0,,,,,,,,,,0,,,,,,,,,,288,0.9459459459,0,1,0,28,0.09997941881,260,0.156417559,0.000890267284,0.003570693529,0.01403267636,,,,5.857421875,19.63792969,25.49535156,566.6035156,0.5,0,567.1035156,0.5,0.978515625,28,5.078125,18.38085938,0,1.557617188,23.45898438,1948381,255.412999,7.62835489,0.003011,0.947795,0,0.950806
78,hl#1,hl,1948381,3248,1,0.9189189189,0.9577464789,269.9189189,0.06831560713,0.828125,96,,,,,,0,0,0,0,0,,,,,,,,,,0,,,,,,,,,,576,1,0,1,0,34,0.1260446494,542,0.2670006534,0.0006823703173,0.00370719557,0.01479330788,,,,11.48828125,39.17710938,50.66539063,1129.295898,0.59375,0,1129.889648,0.59375,1.170898438,34,5.078125,25.88671875,0,1.89453125,30.96484375,1948381,267.595002,7.281081431,0.010116,1.814017,0,1.824133
78,hl#2,hl,1948381,3248,1,1,1,47.21621622,0.009261883653,0.9316666667,192,,,,,,0,0,0,0,0,,,,,,,,,,0,,,,,,,,,,1152,1,0,1,0,37,0.1323524506,1115,0.3919808292,0.0004551504165,0.003577093259,0.01483334112,,,,22.75,78.95611328,101.7061133,2254.365234,0.609375,0,2254.974609,0.609375,1.240234375,37,5.078125,37.5390625,0,2.162109375,42.6171875,1948381,261.112432,7.461846933,0.013522,3.793401,0,3.806923
78,hl#3,hl,1948381,3248,1,1,1,16.21621622,0.002963620447,0.975,384,,,,,,0,0,0,0,0,,,,,,,,,,0,,,,,,,,,,2304,1,0,1,0,37,0.1326783622,2267,0.5055387011,0.0002770039337,0.003585901681,0.01484771202,,,,45.2734375,174.5811328,219.8545703,4504.365234,0.609375,0,4504.974609,0.609375,1.240234375,37,5.078125,59.75,0,2.162109375,64.828125,1948381,235.246807,8.282284571,0.040254,11.131633,0,11.171887
78,ss[policy=difficulty],ss,1948381,3248,0.9487179487,1,0.9736842105,167.1891892,0.03121968045,1,2042,2097,,,,,0,0,0,0,0,,,,0.0002566233196,1,2097,2097,0,0,2097,2097,2097,2097,2097,1,1,0.9737720553,0.9737720553,0.02657803218,39,1,37,1,0.1357188353,2,0.003439265729,0,0,8.667288116e-05,0.0001026493278,0.0002566233196,,,,84.84761719,163.9288086,248.7764258,4791.241211,5.03125,0,4796.272461,1.515625,2.178710938,39,5.46875,14.3984375,9.65625,1.09765625,19.8671875,1948381,228.214433,8.537501219,0.099137,52.960457,0.014343,53.073937
78,hybrid[head=topn-frontier reducer=streaming],hybrid,1948381,3248,0.9736842105,1,0.9866666667,47.7027027,0.01025430563,1,1382,1383,600,782,600,783,231,369,369,9640,7420,0.7697095436,1,2.698637,0.0006672206309,1,783,783,0,0,783,783,783,783,783,1,1,0.9987228608,0.9987228608,0.001277955445,38,1,37,1,0.1334497719,1,0.001966761121,0,0,4.139739339e-05,0.0006672206309,0.0006672206309,,,,48.3609375,43.61349609,91.97443359,2237.682617,733.1875,724.609375,2970.870117,8.578125,14.69042969,369,5.46875,76.2734375,133.3320312,1.428710938,133.3320312,1948381,433.406716,4.495502557,0.111009,12.92738,0.462574,13.500963
79,hl,hl,2155879,3594,1,0.7857142857,0.88,1859.190476,0.1464350267,0.9791666667,48,,,,,,0,0,0,0,0,,,,,,,,,,0,,,,,,,,,,288,0.9761904762,0,1,0,33,0.1608824057,255,0.1549029421,0.001096476902,0.004875224416,0.02124701804,,,,5.857421875,19.99300781,25.85042969,566.765625,0.578125,0,567.34375,0.578125,1.140625,33,5.078125,18.84960938,0,1.90625,23.92773438,2155879,275.189196,7.834170205,0.003543,0.936434,0,0.939977
79,hl#1,hl,2155879,3594,1,0.9285714286,0.962962963,488.547619,0.03672210378,0.8350694444,96,,,,,,0,0,0,0,0,,,,,,,,,,0,,,,,,,,,,576,1,0,1,0,39,0.1943842859,537,0.2600340743,0.0007889207643,0.00498421246,0.02807346795,,,,11.48828125,39.11992188,50.60820313,1129.458984,0.671875,0,1130.130859,0.671875,1.333984375,39,5.078125,24.63671875,0,2.239257812,29.71484375,2155879,276.001599,7.811110544,0.005,1.793424,0,1.798424
79,hl#2,hl,2155879,3594,1,1,1,50.64285714,0.006543441535,0.9416666667,192,,,,,,0,0,0,0,0,,,,,,,,,,0,,,,,,,,,,1152,1,0,1,0,42,0.2062448774,1110,0.3691232207,0.0004994514741,0.004910592319,0.03431686101,,,,22.75,78.86447266,101.6144727,2254.557617,0.71875,0,2255.276367,0.71875,1.432617188,42,5.078125,37.3828125,0,2.409179688,42.4609375,2155879,266.190509,8.099007767,0.012129,3.730887,0,3.743016
79,hl#3,hl,2155879,3594,1,1,1,22.30952381,0.003567423698,0.98,384,,,,,,0,0,0,0,0,,,,,,,,,,0,,,,,,,,,,2304,1,0,1,0,42,0.2066317265,2262,0.4704832692,0.0002938867169,0.004919803013,0.0346216091,,,,45.2734375,166.8592383,212.1326758,4504.526367,0.6875,0,4505.213867,0.6875,1.401367188,42,5.078125,59.359375,0,2.440429688,64.4375,2155879,239.797451,8.990416666,0.021377,7.772682,0,7.794059
79,ss[policy=difficulty],ss,2155879,3594,0.9333333333,1,0.9655172414,189.0952381,0.03122181646,1,2097,2097,,,,,0,0,0,0,0,,,,0.0002314601144,0,,2097,0,0,0,2097,2097,2097,2097,0,0,1,1,0,45,1,42,1,0.2104747066,3,0.005218753001,0,0,9.011019017e-05,0.0001236927799,0.0002319239623,,,,86.60234375,149.1625391,235.7648828,4920.404297,5.1875,0,4925.591797,1.671875,2.435546875,45,5.46875,14.3984375,9.65625,1.26953125,19.8671875,2155879,227.592788,9.47252775,0.02638,52.432587,0.018453,52.47742
79,hybrid[head=topn-frontier reducer=streaming],hybrid,2155879,3594,0.9545454545,1,0.976744186,173.5952381,0.02446493823,1,1383,1383,600,783,600,783,230,370,370,9640,7440,0.7717842324,1,3.59891,0.0006039299979,0,,783,0,0,0,783,783,783,783,0,0,1,1,0,44,1,42,1,0.2101727416,2,0.003570701324,0,0,9.374999078e-05,0.0003715421877,0.0006039299979,,,,48.62460937,43.62878906,92.25339844,2268.993164,735.28125,726.5625,3004.274414,8.71875,14.83691406,370,5.46875,77.0234375,134.0820312,1.478515625,134.0820312,2155879,435.36099,4.951934256,0.104313,14.126518,0.736195,14.967026
80,hl,hl,2116124,3527,1,0.8205128205,0.9014084507,1565.230769,0.1466889719,0.9722222222,48,,,,,,0,0,0,0,0,,,,,,,,,,0,,,,,,,,,,288,1,0,1,0,32,0.1386123876,256,0.1533950751,0.001013914801,0.004331637111,0.02024645059,,,,5.857421875,19.69433594,25.55175781,566.7285156,0.5625,0,567.2910156,0.5625,1.103515625,32,5.078125,20.95898438,0,1.811523438,26.03710938,2116124,273.923513,7.725236789,0.002963,0.948313,0,0.951276
80,hl#1,hl,2116124,3527,0.9743589744,0.9743589744,0.9743589744,237.8205128,0.02652580553,0.8368055556,96,,,,,,0,0,0,0,0,,,,,,,,,,0,,,,,,,,,,576,1,0,1,0,39,0.1720130767,537,0.2629756101,0.0007551886925,0.004410591711,0.0218559971,,,,11.48828125,39.11546875,50.60375,1129.453125,0.671875,0,1130.125,0.671875,1.328125,39,5.078125,25.65234375,0,2.19921875,30.73046875,2116124,280.530881,7.543283622,0.010646,1.75038,0,1.761026
80,hl#2,hl,2116124,3527,1,1,1,30.15384615,0.005017865668,0.95,192,,,,,,0,0,0,0,0,,,,,,,,,,0,,,,,,,,,,1152,1,0,1,0,39,0.1754646703,1113,0.3862651716,0.00048761271,0.004499094111,0.02186639346,,,,22.75,78.43833984,101.1883398,2254.422852,0.640625,0,2255.063477,0.640625,1.297851562,39,5.078125,37.2265625,0,2.266601562,42.3046875,2116124,272.66176,7.760985626,0.01279,3.694724,0,3.707514
80,hl#3,hl,2116124,3527,1,1,1,17.84615385,0.003146004459,0.975,384,,,,,,0,0,0,0,0,,,,,,,,,,0,,,,,,,,,,2304,1,0,1,0,39,0.1753039992,2265,0.4915331049,0.0002894258264,0.004494974338,0.0218559971,,,,45.2734375,163.6783203,208.9517578,4504.422852,0.640625,0,4505.063477,0.640625,1.297851562,39,5.078125,59.90625,0,2.266601562,64.984375,2116124,246.607101,8.580953231,0.020466,7.567168,0,7.587634
80,ss[policy=difficulty],ss,2116124,3527,0.9285714286,1,0.962962963,182.1538462,0.03112760471,1,2097,2040,,,,,0,0,0,0,0,,,,0.0002362810497,0,,2040,1,0,0,2040,2040,2040,2040,0,0,1.027941176,1.027941176,-0.02755794406,42,1,39,1,0.178643123,3,0.005054524215,0,0,8.66813908e-05,9.451241988e-05,0.0002362810497,,,,86.50539063,149.2527344,235.758125,4920.266602,5.109375,0,4925.375977,1.59375,2.297851562,42,5.46875,14.3984375,9.65625,1.19921875,19.8671875,2116124,232.43824,9.104026945,0.025852,80.295663,0.024568,80.346083
80,hybrid[head=topn-frontier reducer=streaming],hybrid,2116124,3527,0.9512195122,1,0.975,93.79487179,0.01877484247,1,1383,1297,600,783,600,697,229,371,371,9640,7460,0.7738589212,1,2.840787,0.0005198183093,0,,697,1,0,0,697,697,697,697,0,0,1.12338594,1.12338594,-0.1163472852,41,1,39,1,0.177014674,2,0.003437889273,0,0,5.022989339e-05,0.0001653967348,0.0005198183093,,,,48.40148438,43.65214844,92.05363281,2266.31543,737.28125,728.515625,3003.59668,8.765625,14.96386719,371,5.46875,77.0234375,134.0087891,1.42578125,134.0087891,2116124,438.854253,4.821928888,0.352514,15.60237,0.547849,16.502733
81,hl,hl,2046607,3412,1,0.8333333333,0.9090909091,1572.25,0.1640183811,0.9791666667,48,,,,,,0,0,0,0,0,,,,,,,,,,0,,,,,,,,,,288,1,0,1,0,30,0.1318528667,258,0.1483425983,0.0009729009201,0.004395095557,0.02061656195,,,,5.857421875,19.69320313,25.550625,566.7011719,0.5625,0,567.2636719,0.5625,1.076171875,30,5.078125,19.63085938,0,1.63671875,24.70898438,2046607,269.487049,7.59445401,0.003009,0.958483,0,0.961492
81,hl#1,hl,2046607,3412,0.96875,0.8611111111,0.9117647059,319.75,0.05461941212,0.8229166667,96,,,,,,0,0,0,0,0,,,,,,,,,,0,,,,,,,,,,576,1,0,1,0,32,0.1548704759,544,0.2644215524,0.000727937549,0.004839702371,0.02263404747,,,,11.48828125,39.12335937,50.61164062,1129.201172,0.53125,0,1129.732422,0.53125,1.076171875,32,5.078125,25.26171875,0,1.880859375,30.33984375,2046607,276.143775,7.411381988,0.004769,1.809345,0,1.814114
81,hl#2,hl,2046607,3412,0.972972973,1,0.9863013699,40.36111111,0.006608871532,0.935,192,,,,,,0,0,0,0,0,,,,,,,,,,0,,,,,,,,,,1152,1,0,1,0,37,0.1664667423,1115,0.3804032723,0.0004747135544,0.004499101142,0.02261890045,,,,22.75,78.82802734,101.5780273,2254.365234,0.609375,0,2254.974609,0.609375,1.240234375,37,5.078125,37.6171875,0,2.162109375,42.6953125,2046607,268.185337,7.631315802,0.011928,4.025659,0,4.037587
81,hl#3,hl,2046607,3412,0.972972973,1,0.9863013699,13.44444444,0.002519709697,0.9683333333,384,,,,,,0,0,0,0,0,,,,,,,,,,0,,,,,,,,,,2304,1,0,1,0,37,0.1669455836,2267,0.4936810047,0.0002867302901,0.0045120428,0.0226276955,,,,45.2734375,179.2994727,224.5729102,4504.365234,0.609375,0,4504.974609,0.609375,1.240234375,37,5.078125,59.59375,0,2.162109375,64.671875,2046607,242.262094,8.447904359,0.022219,7.748644,0,7.770863
81,ss[policy=difficulty],ss,2046607,3412,0.9230769231,1,0.96,156.9722222,0.02689936478,1,2040,2040,,,,,0,0,0,0,0,,,,0.0002443067966,0,,2040,0,0,0,2040,2040,2040,2040,0,0,1,1,0,39,1,36,1,0.1679961028,3,0.005171974883,0,0,7.956884436e-05,0.0001140098384,0.0002443067966,,,,84.79519531,151.9699805,236.7651758,4786.678711,5.15625,0,4791.834961,1.640625,2.303710938,39,5.46875,14.3984375,9.65625,1.067382812,19.8671875,2046607,234.222264,8.737884115,0.026153,50.898594,0.008984,50.933731
81,hybrid[head=topn-frontier reducer=streaming],hybrid,2046607,3412,0.9230769231,1,0.96,44.44444444,0.0109520397,1,1297,1332,600,697,600,732,252,348,348,9640,7000,0.7261410788,1,2.593692,0.0006996946654,1,732,732,0,1,732,732,732,732,732,1,1,0.9521857923,0.9521857923,0.0489951032,39,1,36,1,0.1660167292,3,0.005307809462,0,0,5.302083913e-05,0.0004286769924,0.0006996946654,,,,38.20359375,41.46642578,79.67001953,2060.927734,691.84375,683.59375,2752.771484,8.25,14.06835938,348,5.46875,76.5234375,133.6308594,1.422851562,133.6308594,2046607,387.586621,5.280386084,0.089663,11.808104,0.436588,12.334355
82,hl,hl,2040020,3401,1,0.7804878049,0.8767123288,1590.170732,0.1818085613,0.96875,48,,,,,,0,0,0,0,0,,,,,,,,,,0,,,,,,,,,,288,0.9756097561,0,1,0,32,0.1335021225,256,0.1472304193,0.0009747657703,0.004171941329,0.01831403614,,,,5.857421875,19.89398437,25.75140625,566.7597656,0.59375,0,567.3535156,0.59375,1.134765625,32,5.078125,19.08398438,0,1.780273438,24.16210938,2040020,267.347303,7.630598765,0.002988,0.928512,0,0.9315
82,hl#1,hl,2040020,3401,1,0.8780487805,0.9350649351,216.9268293,0.04916115451,0.8315972222,96,,,,,,0,0,0,0,0,,,,,,,,,,0,,,,,,,,,,576,1,0,1,0,36,0.1635640827,540,0.259100401,0.0007337925064,0.004543446742,0.02269438535,,,,11.48828125,39.11402344,50.60230469,1129.320312,0.59375,0,1129.914062,0.59375,1.1953125,36,5.078125,26.74609375,0,2.09375,31.82421875,2040020,274.854506,7.422181392,0.009216,1.795643,0,1.804859
82,hl#2,hl,2040020,3401,1,1,1,38.17073171,0.007126886525,0.9416666667,192,,,,,,0,0,0,0,0,,,,,,,,,,0,,,,,,,,,,1152,1,0,1,0,41,0.1738429035,1111,0.3730277154,0.0004747140789,0.004240070817,0.02268752267,,,,22.75,79.08056641,101.8305664,2254.485352,0.671875,0,2255.157227,0.671875,1.360351562,41,5.078125,37.0703125,0,2.375976562,42.1484375,2040020,265.485659,7.684106206,0.011732,3.684843,0,3.696575
82,hl#3,hl,2040020,3401,1,1,1,19.26829268,0.003381739975,0.9766666667,384,,,,,,0,0,0,0,0,,,,,,,,,,0,,,,,,,,,,2304,1,0,1,0,41,0.1741277046,2263,0.4875241419,0.0002871752806,0.004247017186,0.02268507171,,,,45.2734375,172.2145312,217.4879687,4504.485352,0.671875,0,4505.157227,0.671875,1.360351562,41,5.078125,60.140625,0,2.375976562,65.21875,2040020,238.389433,8.557510181,0.021913,7.601524,0,7.623437
82,ss[policy=difficulty],ss,2040020,3401,0.9761904762,1,0.9879518072,154.2682927,0.02571933422,1,2040,2040,,,,,0,0,0,0,0,,,,0.0002171547338,0,,2040,0,0,0,2040,2040,2040,2040,0,0,1,1,0,42,1,41,1,0.1771850276,1,0.001686748169,0,0,7.498759349e-05,4.901912726e-05,0.0002450956363,,,,84.79511719,148.4068555,233.2019727,4786.736328,5.171875,0,4791.908203,1.65625,2.361328125,42,5.46875,14.3984375,9.65625,1.166992188,19.8671875,2040020,229.022969,8.907490846,0.024362,51.067815,0.008679,51.100856
82,hybrid[head=topn-frontier reducer=streaming],hybrid,2040020,3401,0.9111111111,1,0.9534883721,66.41463415,0.01235519773,1,1332,1457,600,732,600,857,229,371,371,9640,7460,0.7738589212,1,2.636667,0.000780384506,1,857,857,0,0,857,857,857,857,857,1,1,0.8541423571,0.8541423571,0.1576574046,45,1,41,1,0.1754193586,4,0.007196498074,0,0,8.078352173e-05,0.0005751169106,0.000780384506,,,,39.09164062,44.56564453,83.65728516,2124.514648,737.15625,728.515625,2861.670898,8.640625,14.77246094,371,5.46875,77.0234375,134.1894531,1.469726562,134.1894531,2040020,405.642842,5.029103903,0.095067,12.085523,0.451889,12.632479
83,hl,hl,2160474,3601,1,0.8292682927,0.9066666667,899.5853659,0.1085716198,0.9652777778,48,,,,,,0,0,0,0,0,,,,,,,,,,0,,,,,,,,,,288,1,0,1,0,34,0.153862532,254,0.149361205,0.001052860198,0.004525368589,0.01947443015,,,,5.857421875,19.69078125,25.54820313,566.7880859,0.59375,0,567.3818359,0.59375,1.163085938,34,5.078125,19.55273438,0,1.854492188,24.63085938,2160474,277.083299,7.797200365,0.009487,0.926972,0,0.936459
83,hl#1,hl,2160474,3601,1,0.9512195122,0.975,149.2926829,0.02743188067,0.8229166667,96,,,,,,0,0,0,0,0,,,,,,,,,,0,,,,,,,,,,576,1,0,1,0,39,0.1733749168,537,0.2636972257,0.000758805803,0.004445510687,0.02138975058,,,,11.48828125,39.09544922,50.58373047,1129.453125,0.671875,0,1130.125,0.671875,1.328125,39,5.078125,25.10546875,0,2.234375,30.18359375,2160474,283.197336,7.628864136,0.00468,1.740673,0,1.745353
83,hl#2,hl,2160474,3601,1,0.9756097561,0.987654321,34.63414634,0.005833260439,0.9433333333,192,,,,,,0,0,0,0,0,,,,,,,,,,0,,,,,,,,,,1152,1,0,1,0,40,0.176600135,1112,0.3850233791,0.0004875204115,0.004415003374,0.02141520796,,,,22.75,78.4896875,101.2396875,2254.452148,0.65625,0,2255.108398,0.65625,1.327148438,40,5.078125,37.8515625,0,2.319335938,42.9296875,2160474,276.250766,7.820698676,0.012599,3.600978,0,3.613577
83,hl#3,hl,2160474,3601,1,0.9756097561,0.987654321,21.75609756,0.003908901197,0.9766666667,384,,,,,,0,0,0,0,0,,,,,,,,,,0,,,,,,,,,,2304,1,0,1,0,40,0.176639941,2264,0.4961688963,0.0002920177245,0.004415998526,0.02142400233,,,,45.2734375,160.7716406,206.0450781,4504.452148,0.65625,0,4505.108398,0.65625,1.327148438,40,5.078125,59.90625,0,2.319335938,64.984375,2160474,251.515136,8.589836915,0.020729,7.786135,0,7.806864
83,ss[policy=difficulty],ss,2160474,3601,0.9534883721,1,0.9761904762,207.0243902,0.03456648569,1,2040,2040,,,,,0,0,0,0,0,,,,0.0002314306953,0,,2040,0,0,0,2040,2040,2040,2040,0,0,1,1,0,43,1,41,1,0.182320176,2,0.003385831072,0,0,9.459595118e-05,6.942920859e-05,0.0002314306953,,,,85.23621094,170.8960547,256.1322656,4786.863281,5.28125,0,4792.144531,1.765625,2.48828125,43,5.46875,14.3984375,9.65625,1.189453125,19.8671875,2160474,241.670516,8.939750019,0.02725,50.788571,0.009963,50.825784
83,hybrid[head=topn-frontier reducer=streaming],hybrid,2160474,3601,1,1,1,78,0.01731958591,1,1457,1457,600,857,600,857,226,374,374,9640,7520,0.7800829876,1,2.616354,0.0003693633897,0,,857,0,0,0,857,857,857,857,0,0,1,1,0,41,1,41,1,0.1798716393,0,0,0,0,3.610318847e-05,0,0.0003693633897,,,,50.30109375,45.62275391,95.92384766,2442.294922,743.09375,734.375,3185.388672,8.71875,14.96679688,374,5.46875,76.5234375,133.5234375,1.4140625,133.5234375,2160474,1084.305472,1.992495709,0.190002,14.051302,0.458156,14.69946
84,hl,hl,2110676,3518,1,0.7804878049,0.8767123288,1752.243902,0.1663023955,0.9583333333,48,,,,,,0,0,0,0,0,,,,,,,,,,0,,,,,,,,,,288,1,0,1,0,32,0.1431858798,256,0.1575319945,0.001044159286,0.004474558743,0.02019163529,,,,5.857421875,20.08193359,25.93935547,566.7646484,0.59375,0,567.3583984,0.59375,1.139648438,32,5.078125,19.63085938,0,1.78125,24.70898438,2110676,284.811955,7.41077038,0.003854,0.941486,0,0.94534
84,hl#1,hl,2110676,3518,1,0.9024390244,0.9487179487,387,0.04144181667,0.8263888889,96,,,,,,0,0,0,0,0,,,,,,,,,,0,,,,,,,,,,576,1,0,1,0,37,0.1747861822,539,0.2626859831,0.000759500287,0.004723950872,0.02193420497,,,,11.48828125,39.13890625,50.6271875,1129.396484,0.640625,0,1130.037109,0.640625,1.271484375,37,5.078125,24.55859375,0,2.095703125,29.63671875,2110676,288.784145,7.308836155,0.009116,1.785637,0,1.794753
84,hl#2,hl,2110676,3518,1,0.9756097561,0.987654321,48.85365854,0.007984491043,0.94,192,,,,,,0,0,0,0,0,,,,,,,,,,0,,,,,,,,,,1152,1,0,1,0,40,0.1858797845,1112,0.3755394006,0.0004873430427,0.004646994612,0.02193562631,,,,22.75,78.66873047,101.4187305,2254.463867,0.65625,0,2255.120117,0.65625,1.338867188,40,5.078125,37.6953125,0,2.331054688,42.7734375,2110676,281.357375,7.501761772,0.011945,3.659257,0,3.671202
84,hl#3,hl,2110676,3518,1,1,1,20.17073171,0.003076937224,0.97,384,,,,,,0,0,0,0,0,,,,,,,,,,0,,,,,,,,,,2304,1,0,1,0,41,0.1877697003,2263,0.4811344801,0.000290322995,0.004579748788,0.02193941657,,,,45.2734375,172.1503125,217.42375,4504.496094,0.671875,0,4505.167969,0.671875,1.37109375,41,5.078125,60.21875,0,2.38671875,65.296875,2110676,254.740581,8.285589959,0.022598,7.650355,0,7.672953
84,ss[policy=difficulty],ss,2110676,3518,0.9761904762,1,0.9879518072,165.7317073,0.02535595079,1,2040,1987,,,,,0,0,0,0,0,,,,0.0002368909297,0,,1987,1,0,0,1987,1987,1987,1987,0,0,1.026673377,1.026673377,-0.02632384429,42,1,41,1,0.1910369,1,0.001779050882,0,0,8.116334473e-05,0.0001895127438,0.0002368909297,,,,84.86894531,153.5547656,238.4237109,4786.77832,5.203125,0,4791.981445,1.6875,2.403320312,42,5.46875,14.3984375,9.65625,1.204101562,19.8671875,2110676,246.020904,8.579254712,0.140264,52.872787,0.010416,53.023467
84,hybrid[head=topn-frontier reducer=streaming],hybrid,2110676,3518,0.9534883721,1,0.9761904762,102.4878049,0.01699179145,1,1457,1425,600,857,600,825,199,401,401,9640,8060,0.8360995851,0,17.06823,0.0006159164173,0,,825,1,0,0,825,825,825,825,0,0,1.038787879,1.038787879,-0.03805453226,43,1,41,1,0.1898083837,2,0.003924808924,0,0,6.613113303e-05,0.0004264036735,0.0006159164173,,,,50.26578125,45.63707031,95.90285156,2426.05957,950.671875,941.40625,3376.731445,9.265625,15.87988281,401,5.46875,77.0234375,134.0478516,1.53125,134.0478516,2110676,1096.283196,1.92530179,0.113797,14.047267,0.468705,14.629769
85,hl,hl,2037959,3397,0.9655172414,0.7,0.8115942029,1982.5,0.2182665859,0.9756944444,48,,,,,,0,0,0,0,0,,,,,,,,,,0,,,,,,,,,,288,0.95,0,1,0,29,0.1214494502,259,0.1628850237,0.0009872724787,0.004187912075,0.0165778605,,,,5.857421875,19.84091797,25.69833984,566.7011719,0.578125,0,567.2792969,0.578125,1.076171875,29,5.078125,19.00585938,0,1.584960938,24.08398438,2037959,264.208986,7.713435606,0.003172,0.93398,0,0.937152
85,hl#1,hl,2037959,3397,1,0.95,0.9743589744,272.55,0.04852409522,0.8454861111,96,,,,,,0,0,0,0,0,,,,,,,,,,0,,,,,,,,,,576,1,0,1,0,38,0.1640283244,538,0.2620091965,0.0007396484737,0.004316534853,0.02262852197,,,,11.48828125,39.15289062,50.64117187,1129.430664,0.65625,0,1130.086914,0.65625,1.305664062,38,5.078125,25.33984375,0,2.186523438,30.41796875,2037959,269.207163,7.57022576,0.008136,1.764138,0,1.772274
85,hl#2,hl,2037959,3397,0.9756097561,1,0.987654321,29.8,0.005688073726,0.955,192,,,,,,0,0,0,0,0,,,,,,,,,,0,,,,,,,,,,1152,1,0,1,0,41,0.1719862863,1111,0.3787475607,0.0004780675755,0.00419478747,0.02267955342,,,,22.75,78.96839844,101.7183984,2254.5,0.671875,0,2255.171875,0.671875,1.375,41,5.078125,37.0703125,0,2.390625,42.1484375,2037959,261.908207,7.781195646,0.014053,3.7095,0,3.723553
85,hl#3,hl,2037959,3397,1,1,1,14.35,0.002712427546,0.98,384,,,,,,0,0,0,0,0,,,,,,,,,,0,,,,,,,,,,2304,1,0,1,0,40,0.1704087276,2264,0.4908008454,0.0002869833216,0.004260218189,0.02269721815,,,,45.2734375,171.0493164,216.3227539,4504.46582,0.65625,0,4505.12207,0.65625,1.340820312,40,5.078125,60.375,0,2.333007812,65.453125,2037959,235.00764,8.671884029,0.019804,7.51902,0,7.538824
85,ss[policy=difficulty],ss,2037959,3397,0.9523809524,1,0.9756097561,195.575,0.03697367417,1,1987,1987,,,,,0,0,0,0,0,,,,0.000245343503,0,,1987,0,0,0,1987,1987,1987,1987,0,0,1,1,0,42,1,40,1,0.1742984035,2,0.003558462167,0,0,9.957441314e-05,0.0001717404521,0.0002556479301,,,,83.44921875,179.1557617,262.6049805,4662.71875,5.359375,0,4668.078125,1.84375,2.5625,42,5.46875,14.3984375,9.65625,1.135742188,19.8671875,2037959,231.578239,8.800304419,0.024573,49.652427,0.012474,49.689474
85,hybrid[head=topn-frontier reducer=streaming],hybrid,2037959,3397,0.9523809524,1,0.9756097561,30,0.006504862075,1,1425,1425,600,825,600,825,225,375,375,9640,7540,0.7821576763,1,2.732029,0.0005888244072,0,,825,0,0,0,825,825,825,825,0,0,1,1,0,42,1,40,1,0.1710485834,2,0.003891147957,0,0,3.972228144e-05,0.0005397557066,0.0005888244072,,,,49.45054688,53.43949219,102.8900391,2362.962891,745.125,736.328125,3108.087891,8.796875,15.00976562,375,5.46875,76.2734375,133.2490234,1.451171875,133.2490234,2037959,541.123607,3.766161693,0.107576,13.785113,0.455638,14.348327
86,hl,hl,2045344,3409,0.9705882353,0.7857142857,0.8684210526,1029.785714,0.1325930617,0.9930555556,48,,,,,,0,0,0,0,0,,,,,,,,,,0,,,,,,,,,,288,1,0,1,0,34,0.1486385664,254,0.153831336,0.001050242717,0.004371722542,0.01861447268,,,,5.857421875,19.6365625,25.49398438,566.7880859,0.59375,0,567.3818359,0.59375,1.163085938,34,5.078125,19.00585938,0,1.854492188,24.08398438,2045344,261.50378,7.821470114,0.009919,0.938893,0,0.948812
86,hl#1,hl,2045344,3409,1,0.9761904762,0.9879518072,127.2619048,0.02359233638,0.8385416667,96,,,,,,0,0,0,0,0,,,,,,,,,,0,,,,,,,,,,576,1,0,1,0,41,0.1765746984,535,0.2581712416,0.000754767257,0.004306699962,0.02263873461,,,,11.48828125,39.16875,50.65703125,1129.517578,0.703125,0,1130.220703,0.703125,1.392578125,41,5.078125,24.55859375,0,2.346679688,29.63671875,2045344,268.049844,7.630461445,0.004902,1.784096,0,1.788998
86,hl#2,hl,2045344,3409,1,1,1,37.28571429,0.006331926734,0.9516666667,192,,,,,,0,0,0,0,0,,,,,,,,,,0,,,,,,,,,,1152,1,0,1,0,42,0.1793209357,1110,0.3786385078,0.0004843397947,0.004269546089,0.02264215702,,,,22.75,79.06927734,101.8192773,2254.520508,0.6875,0,2255.208008,0.6875,1.395507812,42,5.078125,36.9921875,0,2.434570312,42.0703125,2045344,260.565397,7.84963784,0.012314,3.67273,0,3.685044
86,hl#3,hl,2045344,3409,1,0.9761904762,0.9879518072,18.92857143,0.003482049526,0.9733333333,384,,,,,,0,0,0,0,0,,,,,,,,,,0,,,,,,,,,,2304,1,0,1,0,41,0.1779329052,2263,0.4872334434,0.0002887006721,0.004339826955,0.02263580112,,,,45.2734375,168.1527148,213.4261523,4504.486328,0.671875,0,4505.158203,0.671875,1.361328125,41,5.078125,59.28125,0,2.376953125,64.359375,2045344,234.035477,8.739461325,0.02091,7.746965,0,7.767875
86,ss[policy=difficulty],ss,2045344,3409,0.9333333333,1,0.9655172414,170.0952381,0.02835618556,1,1987,1987,,,,,0,0,0,0,0,,,,0.000244457656,0,,1987,0,0,0,1987,1987,1987,1987,0,0,1,1,0,45,1,42,1,0.183181411,3,0.005141433421,0,0,8.630984975e-05,0.0001303774165,0.000244457656,,,,83.51867187,163.2262695,246.7449414,4662.711914,5.3125,0,4668.024414,1.796875,2.555664062,45,5.46875,14.3984375,9.65625,1.240234375,19.8671875,2045344,231.921591,8.819118527,0.023913,50.131809,0.016217,50.171939
86,hybrid[head=topn-frontier reducer=streaming],hybrid,2045344,3409,0.9333333333,1,0.9655172414,35.5952381,0.009134026397,1,1425,1425,600,825,600,825,234,366,366,9640,7360,0.7634854772,1,2.854686,0.0004400237808,0,,825,0,0,0,825,825,825,825,0,0,1,1,0,45,1,42,1,0.1804195285,3,0.005535010248,0,0,3.786377472e-05,0.0003243138237,0.0004400237808,,,,49.4528125,53.48242188,102.9352344,2358.106445,727.34375,718.75,3085.450195,8.59375,14.72363281,366,5.46875,76.5234375,133.6894531,1.5078125,133.6894531,2045344,541.264355,3.778826337,0.105786,13.478414,0.458353,14.042553
87,hl,hl,2079211,3466,0.9696969697,0.7804878049,0.8648648649,1568.682927,0.1687810331,0.9826388889,48,,,,,,0,0,0,0,0,,,,,,,,,,0,,,,,,,,,,288,1,0,1,0,33,0.1384409759,255,0.1535539202,0.001013871167,0.004195181089,0.01903125753,,,,5.857421875,19.98642578,25.84384766,566.7558594,0.578125,0,567.3339844,0.578125,1.130859375,33,5.078125,18.38085938,0,1.89453125,23.45898438,2079211,280.741473,7.406141237,0.013183,0.921227,0,0.93441
87,hl#1,hl,2079211,3466,1,0.9512195122,0.975,383.1707317,0.05392918224,0.8368055556,96,,,,,,0,0,0,0,0,,,,,,,,,,0,,,,,,,,,,576,1,0,1,0,39,0.1689727498,537,0.2581099273,0.000741462981,0.004332634609,0.02225844323,,,,11.48828125,39.14617188,50.63445313,1129.456055,0.671875,0,1130.12793,0.671875,1.331054688,39,5.078125,24.24609375,0,2.235351562,29.32421875,2079211,286.176556,7.26548334,0.005679,1.788541,0,1.79422
87,hl#2,hl,2079211,3466,0.9761904762,1,0.9879518072,28.63414634,0.00544745065,0.9416666667,192,,,,,,0,0,0,0,0,,,,,,,,,,0,,,,,,,,,,1152,1,0,1,0,42,0.1793901629,1110,0.3772065461,0.0004831568655,0.004271194355,0.02226902416,,,,22.75,78.67775391,101.4277539,2254.525391,0.6875,0,2255.212891,0.6875,1.400390625,42,5.078125,36.6796875,0,2.439453125,41.7578125,2079211,278.176482,7.474431286,0.012705,3.643401,0,3.656106
87,hl#3,hl,2079211,3466,1,0.9756097561,0.987654321,19.90243902,0.003633073052,0.9716666667,384,,,,,,0,0,0,0,0,,,,,,,,,,0,,,,,,,,,,2304,1,0,1,0,40,0.1760831392,2264,0.4878990155,0.0002881866991,0.004402078481,0.02226661941,,,,45.2734375,165.6337109,210.9071484,4504.457031,0.65625,0,4505.113281,0.65625,1.33203125,40,5.078125,59.203125,0,2.32421875,64.28125,2079211,252.39999,8.237761816,0.020653,7.516297,0,7.53695
87,ss[policy=difficulty],ss,2079211,3466,0.8913043478,1,0.9425287356,171.6585366,0.03032656382,1,1987,1987,,,,,0,0,0,0,0,,,,0.0002404758343,0,,1987,0,0,0,1987,1987,1987,1987,0,0,1,1,0,46,1,41,1,0.1811465984,5,0.008616249145,0,0,8.822326479e-05,0.0001346664672,0.0002404758343,,,,84.10273437,155.3074805,239.4102148,4662.80957,5.390625,0,4668.200195,1.875,2.653320312,46,5.46875,14.3984375,9.65625,1.263671875,19.8671875,2079211,244.723847,8.496151991,0.023746,49.628809,0.009805,49.66236
87,hybrid[head=topn-frontier reducer=streaming],hybrid,2079211,3466,0.9534883721,1,0.9761904762,21.95121951,0.003637483632,1,1425,1425,600,825,600,825,241,359,359,9640,7220,0.7489626556,1,2.579854,0.0004328565018,0,,825,0,0,0,825,825,825,825,0,0,1,1,0,43,1,41,1,0.1781945171,2,0.003957751282,0,0,2.684381407e-05,0.0003607137515,0.0004328565018,,,,49.45484375,55.04414062,104.4989844,2367.829102,713.5625,705.078125,3081.391602,8.484375,14.46972656,359,5.46875,76.5234375,133.6796875,1.581054688,133.6796875,2079211,564.483517,3.68338656,0.105221,13.628128,0.458749,14.192098
88,hl,hl,2029193,3382,1,0.7058823529,0.8275862069,1260.558824,0.1452500929,0.9722222222,48,,,,,,0,0,0,0,0,,,,,,,,,,0,,,,,,,,,,288,0.9705882353,0,1,0,24,0.1167784435,264,0.1640011571,0.0009749291686,0.004865768477,0.01712207759,,,,5.857421875,19.85072266,25.70814453,566.5029297,0.46875,0,566.9716797,0.46875,0.8779296875,24,5.078125,19.24023438,0,1.299804688,24.31835938,2029193,262.179504,7.739708746,0.00286,0.959179,0,0.962039
88,hl#1,hl,2029193,3382,1,0.8235294118,0.9032258065,344,0.06871916328,0.8472222222,96,,,,,,0,0,0,0,0,,,,,,,,,,0,,,,,,,,,,576,1,0,1,0,28,0.1371776859,548,0.2785604918,0.0007217676696,0.004899203068,0.02279526886,,,,11.48828125,39.15724609,50.64552734,1129.074219,0.46875,0,1129.542969,0.46875,0.94921875,28,5.078125,25.88671875,0,1.66015625,30.96484375,2029193,270.440989,7.503274587,0.008957,1.840598,0,1.849555
88,hl#2,hl,2029193,3382,0.9705882353,0.9705882353,0.9705882353,66.82352941,0.01607392591,0.9483333333,192,,,,,,0,0,0,0,0,,,,,,,,,,0,,,,,,,,,,1152,1,0,1,0,34,0.1507313499,1118,0.3936648707,0.0004725661637,0.004433274996,0.02281005306,,,,22.75,78.62923828,101.3792383,2254.275391,0.5625,0,2254.837891,0.5625,1.150390625,34,5.078125,37.7734375,0,2.001953125,42.8515625,2029193,264.275312,7.678329787,0.009222,3.706777,0,3.715999
88,hl#3,hl,2029193,3382,1,1,1,17.94117647,0.002883691936,0.975,384,,,,,,0,0,0,0,0,,,,,,,,,,0,,,,,,,,,,2304,1,0,1,0,34,0.1507579614,2270,0.5018339803,0.0002832430303,0.004434057689,0.02281645955,,,,45.2734375,171.5955078,216.8689453,4504.275391,0.5625,0,4504.837891,0.5625,1.150390625,34,5.078125,60.21875,0,2.001953125,65.296875,2029193,239.063812,8.488080998,0.020811,7.633822,0,7.654633
88,ss[policy=difficulty],ss,2029193,3382,0.9189189189,1,0.9577464789,160.2058824,0.02628036963,1,1987,1973,,,,,0,0,0,0,0,,,,0.0002464033732,0,,1973,1,0,0,1973,1973,1973,1973,0,0,1.007095793,1.007095793,-0.007070736529,37,1,34,1,0.15337033,3,0.005280917094,0,0,8.853206602e-05,0.0001971226985,0.0002464033732,,,,83.45027344,147.7877344,231.2380078,4662.341797,5.0625,0,4667.404297,1.546875,2.185546875,37,5.46875,14.3984375,9.65625,1.052734375,19.8671875,2029193,233.804448,8.679017946,0.023748,49.728637,0.014152,49.766537
88,hybrid[head=topn-frontier reducer=streaming],hybrid,2029193,3382,0.9444444444,1,0.9714285714,55.88235294,0.01496730997,1,1425,1379,600,825,600,779,242,358,358,9640,7200,0.7468879668,1,3.182151,0.0005913680956,0,,779,1,0,0,779,779,779,779,0,0,1.059050064,1.059050064,-0.05737234046,36,1,34,1,0.1516223444,2,0.003500406319,0,0,4.928067463e-05,0.0004188857344,0.0005913680956,,,,49.453125,50.62794922,100.0810742,2353.125977,711.65625,703.125,3064.782227,8.53125,14.38378906,358,5.46875,76.5234375,133.3232422,1.282226562,133.3232422,2029193,555.61436,3.652160826,0.107726,13.614796,0.713579,14.436101
89,hl,hl,2037806,3397,1,0.75,0.8571428571,1413.777778,0.1604951684,0.9652777778,48,,,,,,0,0,0,0,0,,,,,,,,,,0,,,,,,,,,,288,1,0,1,0,27,0.1180225203,261,0.1617896895,0.0009715701729,0.004371204456,0.01508239744,,,,5.857421875,19.85263672,25.71005859,566.5947266,0.515625,0,567.1103516,0.515625,0.9697265625,27,5.078125,18.92773438,0,1.52734375,24.00585938,2037806,265.39759,7.678313884,0.003918,0.977271,0,0.981189
89,hl#1,hl,2037806,3397,1,0.9444444444,0.9714285714,300.5555556,0.05374838155,0.8472222222,96,,,,,,0,0,0,0,0,,,,,,,,,,0,,,,,,,,,,576,1,0,1,0,34,0.1466538032,542,0.2681531019,0.0007201508769,0.004313347152,0.02263414672,,,,11.48828125,39.14140625,50.6296875,1129.289062,0.59375,0,1129.882812,0.59375,1.1640625,34,5.078125,24.71484375,0,1.950195312,29.79296875,2037806,273.441949,7.452426401,0.010524,1.875593,0,1.886117
89,hl#2,hl,2037806,3397,1,0.9722222222,0.985915493,54.27777778,0.009779672379,0.9383333333,192,,,,,,0,0,0,0,0,,,,,,,,,,0,,,,,,,,,,1152,1,0,1,0,35,0.151475165,1117,0.3891945553,0.0004693313544,0.004327861856,0.02271560688,,,,22.75,78.44085938,101.1908594,2254.291016,0.578125,0,2254.869141,0.578125,1.166015625,35,5.078125,36.9921875,0,2.041015625,42.0703125,2037806,268.100993,7.600889416,0.012399,3.74979,0,3.762189
89,hl#3,hl,2037806,3397,1,1,1,19.91666667,0.003320985288,0.9633333333,384,,,,,,0,0,0,0,0,,,,,,,,,,0,,,,,,,,,,2304,1,0,1,0,36,0.1535371866,2268,0.4961664653,0.0002819894322,0.004264921849,0.02270922747,,,,45.2734375,160.1273828,205.4008203,4504.323242,0.59375,0,4504.916992,0.59375,1.198242188,36,5.078125,59.59375,0,2.096679688,64.671875,2037806,245.023516,8.316777235,0.021221,7.719272,0,7.740493
89,ss[policy=difficulty],ss,2037806,3397,0.9473684211,1,0.972972973,187.9722222,0.03430253339,1,1973,1973,,,,,0,0,0,0,0,,,,0.0002453619236,0,,1973,0,0,0,1973,1973,1973,1973,0,0,1,1,0,38,1,36,1,0.1568348508,2,0.003373726449,0,0,9.255310032e-05,9.814476942e-05,0.0002453619236,,,,83.09570312,146.4096094,229.5053125,4629.511719,5.046875,0,4634.558594,1.53125,2.16796875,38,5.46875,14.3984375,9.65625,1.041992188,19.8671875,2037806,233.920521,8.711531555,0.023875,49.249227,0.010458,49.28356
89,hybrid[head=topn-frontier reducer=streaming],hybrid,2037806,3397,0.9230769231,1,0.96,136.1111111,0.03008021868,1,1379,1379,600,779,600,779,232,368,368,9640,7400,0.7676348548,1,2.625303,0.0005888686165,0,,779,0,0,0,779,779,779,779,0,0,1,1,0,39,1,36,1,0.1559186694,3,0.005434766607,0,0,9.043159716e-05,0.0003740951461,0.0005888686165,,,,48.29765625,44.63253906,92.93019531,2251.583008,731.28125,722.65625,2982.864258,8.625,14.75488281,368,5.46875,77.0234375,133.8525391,1.387695312,133.8525391,2037806,434.899703,4.685691864,0.141834,13.250266,0.451609,13.843709
90,hl,hl,2110837,3519,1,0.7714285714,0.8709677419,1864.685714,0.1679701831,0.96875,48,,,,,,0,0,0,0,0,,,,,,,,,,0,,,,,,,,,,288,1,0,1,0,27,0.1179982159,261,0.1651600763,0.0009831885145,0.004370304292,0.0151295434,,,,5.857421875,19.98232422,25.83974609,566.6298828,0.546875,0,567.1767578,0.546875,1.004882812,27,5.078125,18.77148438,0,1.466796875,23.84960938,2110837,282.990274,7.459044335,0.004238,0.935239,0,0.939477
90,hl#1,hl,2110837,3519,0.9714285714,0.9714285714,0.9714285714,262.4285714,0.03905550498,0.8211805556,96,,,,,,0,0,0,0,0,,,,,,,,,,0,,,,,,,,,,576,1,0,1,0,35,0.1556728445,541,0.2705163876,0.0007399118612,0.004447795556,0.02191452964,,,,11.48828125,39.13566406,50.62394531,1129.327148,0.609375,0,1129.936523,0.609375,1.202148438,35,5.078125,25.26171875,0,2.01171875,30.33984375,2110837,291.133724,7.250403598,0.0049,1.758251,0,1.763151
90,hl#2,hl,2110837,3519,1,1,1,40.48571429,0.006998637505,0.9433333333,192,,,,,,0,0,0,0,0,,,,,,,,,,0,,,,,,,,,,1152,1,0,1,0,35,0.1588701544,1117,0.3938096594,0.0004797567828,0.004539147267,0.02192732077,,,,22.75,78.40130859,101.1513086,2254.294922,0.578125,0,2254.873047,0.578125,1.169921875,35,5.078125,36.7578125,0,2.044921875,41.8359375,2110837,283.319886,7.450366544,0.011869,3.711827,0,3.723696
90,hl#3,hl,2110837,3519,1,1,1,20.17142857,0.002801278507,0.975,384,,,,,,0,0,0,0,0,,,,,,,,,,0,,,,,,,,,,2304,1,0,1,0,35,0.1591416107,2269,0.5004701926,0.0002862898452,0.004546903161,0.02192210957,,,,45.2734375,157.7526367,203.0260742,4504.294922,0.578125,0,4504.873047,0.578125,1.169921875,35,5.078125,59.28125,0,2.044921875,64.359375,2110837,259.726171,8.127163281,0.020975,7.651735,0,7.67271
90,ss[policy=difficulty],ss,2110837,3519,0.8333333333,1,0.9090909091,204.7142857,0.03181637628,1,1973,1973,,,,,0,0,0,0,0,,,,0.0002368728613,0,,1973,0,0,0,1973,1973,1973,1973,0,0,1,1,0,42,1,35,1,0.1624147198,7,0.01195686829,0,0,0.0001033780845,0.0001353559208,0.0002842474336,,,,83.13167969,146.4820508,229.6137305,4629.766602,5.234375,0,4635.000977,1.71875,2.422851562,42,5.46875,14.3984375,9.65625,1.137695312,19.8671875,2110837,246.865646,8.5505498,0.026235,49.036014,0.010932,49.073181
90,hybrid[head=topn-frontier reducer=streaming],hybrid,2110837,3519,0.9722222222,1,0.985915493,0,0,1,1379,1379,600,779,600,779,219,381,381,9640,7660,0.7946058091,1,2.601069,0.0001430712082,0,,779,0,0,0,779,779,779,779,0,0,1,1,0,36,1,35,1,0.1590203317,1,0.001696957179,0,0,3.974200229e-06,0.0001430712082,0.0001430712082,,,,48.29632813,49.29722656,97.59355469,2245.560547,756.8125,748.046875,3002.373047,8.765625,15.11523438,381,5.46875,76.1484375,133.109375,1.28515625,133.109375,2110837,452.966514,4.660028799,0.177164,13.068224,0.467118,13.712506
91,hl,hl,2086812,3479,1,0.7045454545,0.8266666667,1658.159091,0.166826554,0.9791666667,48,,,,,,0,0,0,0,0,,,,,,,,,,0,,,,,,,,,,288,1,0,1,0,31,0.1266319151,257,0.1640976763,0.001009477748,0.004084900487,0.0177236857,,,,5.857421875,19.71359375,25.57101563,566.6933594,0.546875,0,567.2402344,0.546875,1.068359375,31,5.078125,19.24023438,0,1.754882812,24.31835938,2086812,267.250321,7.808454606,0.009479,0.930297,0,0.939776
91,hl#1,hl,2086812,3479,1,0.8863636364,0.9397590361,302.2727273,0.05722583221,0.8368055556,96,,,,,,0,0,0,0,0,,,,,,,,,,0,,,,,,,,,,576,1,0,1,0,39,0.166310142,537,0.2668194356,0.0007519610721,0.004264362615,0.02215820112,,,,11.48828125,39.14253906,50.63082031,1129.424805,0.640625,0,1130.06543,0.640625,1.299804688,39,5.078125,25.49609375,0,2.268554688,30.57421875,2086812,273.427156,7.632058317,0.00488,1.787796,0,1.792676
91,hl#2,hl,2086812,3479,1,1,1,30.84090909,0.005599976891,0.945,192,,,,,,0,0,0,0,0,,,,,,,,,,0,,,,,,,,,,1152,1,0,1,0,44,0.1783509966,1108,0.3792406791,0.0004840205518,0.004053431742,0.02213424113,,,,22.75,78.70806641,101.4580664,2254.588867,0.71875,0,2255.307617,0.71875,1.463867188,44,5.078125,36.8359375,0,2.549804688,41.9140625,2086812,264.838893,7.879552646,0.013998,3.622284,0,3.636282
91,hl#3,hl,2086812,3479,1,1,1,17.79545455,0.003455920723,0.9683333333,384,,,,,,0,0,0,0,0,,,,,,,,,,0,,,,,,,,,,2304,1,0,1,0,44,0.1782426975,2260,0.4862479227,0.0002884073872,0.004050970397,0.02213951233,,,,45.2734375,166.7012109,211.9746484,4504.588867,0.71875,0,4505.307617,0.71875,1.463867188,44,5.078125,60.6875,0,2.549804688,65.765625,2086812,240.985668,8.659485924,0.021135,7.528514,0,7.549649
91,ss[policy=difficulty],ss,2086812,3479,0.9565217391,1,0.9777777778,166.3409091,0.02848633419,1,1973,1973,,,,,0,0,0,0,0,,,,0.0002395999256,0,,1973,0,0,0,1973,1973,1973,1973,0,0,1,1,0,46,1,44,1,0.181787818,2,0.003485699718,0,0,8.145355733e-05,0.0001197999628,0.0002875199108,,,,83.31761719,146.9018555,230.2194727,4629.808594,5.203125,0,4635.011719,1.6875,2.46484375,46,5.46875,14.3984375,9.65625,1.263671875,19.8671875,2086812,235.160367,8.873995336,0.024009,49.398689,0.008944,49.431642
91,hybrid[head=topn-frontier reducer=streaming],hybrid,2086812,3479,0.9565217391,1,0.9777777778,53.63636364,0.01244920538,1,1379,1440,600,779,600,840,220,380,380,9640,7640,0.7925311203,1,2.696155,0.0007187997769,1,840,840,0,0,840,840,840,840,840,1,1,0.9273809524,0.9273809524,0.07539084597,46,1,44,1,0.1794114659,2,0.003871934798,0,0,5.479546125e-05,0.0006948397843,0.0007187997769,,,,48.28710938,43.61789063,91.905,2244.833984,754.90625,746.09375,2999.740234,8.8125,15.12304688,380,5.46875,76.5234375,133.640625,1.640625,133.640625,2086812,435.046704,4.79675396,0.11395,12.896847,0.448596,13.459393
92,hl,hl,2028604,3382,1,0.7567567568,0.8615384615,1533.486486,0.1793738185,0.9652777778,48,,,,,,0,0,0,0,0,,,,,,,,,,0,,,,,,,,,,288,0.972972973,0,1,0,28,0.1151821647,260,0.1563178422,0.0009427083573,0.004113648739,0.02043326347,,,,5.857421875,19.70617187,25.56359375,566.5996094,0.5,0,567.0996094,0.5,0.974609375,28,5.078125,19.31835938,0,1.588867188,24.39648438,2028604,263.933833,7.686032431,0.003042,0.9538,0,0.956842
92,hl#1,hl,2028604,3382,1,0.9459459459,0.9722222222,237.6756757,0.04233813348,0.828125,96,,,,,,0,0,0,0,0,,,,,,,,,,0,,,,,,,,,,576,1,0,1,0,35,0.1456326617,541,0.2698594699,0.0007213405061,0.004160933191,0.02276787387,,,,11.48828125,39.14371094,50.63199219,1129.293945,0.578125,0,1129.87207,0.578125,1.168945312,35,5.078125,25.10546875,0,2.043945312,30.18359375,2028604,271.694355,7.466493001,0.004844,1.789157,0,1.794001
92,hl#2,hl,2028604,3382,1,1,1,37.37837838,0.006867948991,0.9466666667,192,,,,,,0,0,0,0,0,,,,,,,,,,0,,,,,,,,,,1152,1,0,1,0,37,0.1521726271,1115,0.3924580648,0.0004727696978,0.004112773705,0.02277970466,,,,22.75,78.47544922,101.2254492,2254.362305,0.609375,0,2254.97168,0.609375,1.237304688,37,5.078125,36.7578125,0,2.159179688,41.8359375,2028604,265.563854,7.638855851,0.0131,3.667344,0,3.680444
92,hl#3,hl,2028604,3382,1,1,1,18.97297297,0.003158505106,0.9783333333,384,,,,,,0,0,0,0,0,,,,,,,,,,0,,,,,,,,,,2304,1,0,1,0,37,0.1521415712,2267,0.5000517597,0.0002830700221,0.004111934358,0.02277625402,,,,45.2734375,163.7150391,208.9884766,4504.362305,0.609375,0,4504.97168,0.609375,1.237304688,37,5.078125,60.21875,0,2.159179688,65.296875,2028604,242.341797,8.370838316,0.019316,7.558334,0,7.57765
92,ss[policy=difficulty],ss,2028604,3382,0.9487179487,1,0.9736842105,173.9459459,0.03285850608,1,1973,1960,,,,,0,0,0,0,0,,,,0.0002464749158,0,,1960,1,0,0,1960,1960,1960,1960,0,0,1.006632653,1.006632653,-0.006610753798,39,1,37,1,0.155415744,2,0.00345360652,0,0,9.019717943e-05,0.000172532441,0.0002464749158,,,,83.09417969,146.4231836,229.5173633,4629.552734,5.0625,0,4634.615234,1.546875,2.208984375,39,5.46875,14.3984375,9.65625,1.095703125,19.8671875,2028604,236.03983,8.594329186,0.024789,49.110484,0.012591,49.147864
92,hybrid[head=topn-frontier reducer=streaming],hybrid,2028604,3382,1,1,1,40.54054054,0.01102334271,1,1440,1440,600,840,600,840,225,375,375,9640,7540,0.7821576763,1,2.740743,0.0005915397978,0,,840,0,0,0,840,840,840,840,0,0,1,1,0,37,1,37,1,0.1529825437,0,0,0,0,1.998445263e-05,0,0.0005915397978,,,,49.8390625,57.00996094,106.8490234,2387.27832,745,736.328125,3132.27832,8.671875,14.80957031,375,5.46875,76.2734375,133.0537109,1.471679688,133.0537109,2028604,676.668619,2.997928296,0.107872,13.788206,0.447633,14.343711
93,hl,hl,2033464,3390,1,0.7291666667,0.843373494,1310.229167,0.1748139782,0.9652777778,48,,,,,,0,0,0,0,0,,,,,,,,,,0,,,,,,,,,,288,1,0,1,0,35,0.1268244729,253,0.1543469666,0.0009762897204,0.003623556369,0.02090767282,,,,5.857421875,19.71261719,25.57003906,566.8564453,0.640625,0,567.4970703,0.640625,1.231445312,35,5.078125,18.69335938,0,1.978515625,23.77148438,2033464,266.815599,7.62123357,0.002968,0.937263,0,0.940231
93,hl#1,hl,2033464,3390,1,0.9166666667,0.9565217391,226.0833333,0.05138479057,0.8524305556,96,,,,,,0,0,0,0,0,,,,,,,,,,0,,,,,,,,,,576,1,0,1,0,44,0.162739542,532,0.2583276616,0.0007310194506,0.003698625954,0.02275722609,,,,11.48828125,39.14376953,50.63205078,1129.617188,0.75,0,1130.367188,0.75,1.4921875,44,5.078125,24.08984375,0,2.513671875,29.16796875,2033464,272.610592,7.459225942,0.008511,1.757677,0,1.766188
93,hl#2,hl,2033464,3390,1,0.9791666667,0.9894736842,45.08333333,0.009634599978,0.95,192,,,,,,0,0,0,0,0,,,,,,,,,,0,,,,,,,,,,1152,1,0,1,0,47,0.1704805199,1105,0.3782963455,0.0004763688068,0.003627245105,0.02273362105,,,,22.75,78.64492187,101.3949219,2254.68457,0.765625,0,2255.450195,0.765625,1.559570312,47,5.078125,37.2265625,0,2.715820312,42.3046875,2033464,265.990442,7.644876202,0.010437,3.697737,0,3.708174
93,hl#3,hl,2033464,3390,1,1,1,18.70833333,0.003718676821,0.9783333333,384,,,,,,0,0,0,0,0,,,,,,,,,,0,,,,,,,,,,2304,1,0,1,0,48,0.1724421972,2256,0.482911426,0.0002844416767,0.003592545774,0.02273312928,,,,45.2734375,172.1239258,217.3973633,4504.717773,0.78125,0,4505.499023,0.78125,1.592773438,48,5.078125,59.4375,0,2.772460938,64.515625,2033464,241.506859,8.419901648,0.020926,7.616002,0,7.636928
93,ss[policy=difficulty],ss,2033464,3390,0.96,1,0.9795918367,170.0625,0.03312019154,1,1960,1960,,,,,0,0,0,0,0,,,,0.0002458858382,0,,1960,0,0,0,1960,1960,1960,1960,0,0,1,1,0,50,1,48,1,0.1763680104,2,0.003507315595,0,0,8.717144734e-05,0.0001721200867,0.0002458858382,,,,82.76488281,146.0829687,228.8478516,4599.688477,5.484375,0,4605.172852,1.96875,2.813476562,50,5.46875,14.3984375,9.65625,1.356445312,19.8671875,2033464,236.117182,8.612096683,0.031501,48.9866,0.009612,49.027713
93,hybrid[head=topn-frontier reducer=streaming],hybrid,2033464,3390,0.9411764706,1,0.9696969697,127.0833333,0.02813361891,1,1440,1299,600,840,600,699,218,382,382,9640,7680,0.7966804979,1,2.755038,0.0004425945087,0,,699,1,0,0,699,699,699,699,0,0,1.201716738,1.201716738,-0.1837511496,51,1,48,1,0.1753534855,3,0.00550341683,0,0,7.726600867e-05,0.0003135864056,0.0004425945087,,,,50.14648438,54.56970703,104.7161914,2388.499023,758.875,750,3147.374023,8.875,15.19433594,382,5.46875,77.0234375,134.0869141,1.76953125,134.0869141,2033464,671.552065,3.028006473,0.142224,13.780959,0.448692,14.371875
94,hl,hl,2036049,3394,1,0.8,0.8888888889,2161.275,0.1787773824,0.96875,48,,,,,,0,0,0,0,0,,,,,,,,,,0,,,,,,,,,,288,1,0,1,0,32,0.112172153,256,0.1577201727,0.0009371261312,0.003505379782,0.02053683384,,,,5.857421875,19.78767578,25.64509766,566.765625,0.59375,0,567.359375,0.59375,1.140625,32,5.078125,18.92773438,0,1.817382812,24.00585938,2036049,268.404725,7.585742017,0.002791,0.927099,0,0.92989
94,hl#1,hl,2036049,3394,1,0.875,0.9333333333,290.4,0.04325476165,0.8628472222,96,,,,,,0,0,0,0,0,,,,,,,,,,0,,,,,,,,,,576,1,0,1,0,35,0.1500386287,541,0.2731849774,0.0007347632051,0.004286817964,0.02183248046,,,,11.48828125,39.15615234,50.64443359,1129.332031,0.609375,0,1129.941406,0.609375,1.20703125,35,5.078125,25.33984375,0,2.017578125,30.41796875,2036049,273.258715,7.450993832,0.004825,1.771198,0,1.776023
94,hl#2,hl,2036049,3394,1,1,1,36.625,0.005712536101,0.9566666667,192,,,,,,0,0,0,0,0,,,,,,,,,,0,,,,,,,,,,1152,1,0,1,0,40,0.1625447128,1112,0.3883575494,0.0004782137692,0.004063617821,0.02184819717,,,,22.75,78.64988281,101.3998828,2254.462891,0.65625,0,2255.119141,0.65625,1.337890625,40,5.078125,36.5234375,0,2.330078125,41.6015625,2036049,265.79296,7.660281898,0.011616,3.63089,0,3.642506
94,hl#3,hl,2036049,3394,1,1,1,12.45,0.002358359469,0.9733333333,384,,,,,,0,0,0,0,0,,,,,,,,,,0,,,,,,,,,,2304,1,0,1,0,40,0.1628310517,2264,0.4956585033,0.0002858027583,0.004070776293,0.02184475914,,,,45.2734375,172.771543,218.0449805,4504.462891,0.65625,0,4505.119141,0.65625,1.337890625,40,5.078125,59.046875,0,2.330078125,64.125,2036049,238.504582,8.536729076,0.019943,7.656394,0,7.676337
94,ss[policy=difficulty],ss,2036049,3394,0.9090909091,1,0.9523809524,153.675,0.02867705694,1,1960,1960,,,,,0,0,0,0,0,,,,0.0002455736576,0,,1960,0,0,0,1960,1960,1960,1960,0,0,1,1,0,44,1,40,1,0.1658422759,4,0.007165348182,0,0,9.087341575e-05,0.0002448369366,0.0002917415052,,,,82.76316406,147.055625,229.8187891,4599.43457,5.328125,0,4604.762695,1.8125,2.559570312,44,5.46875,14.3984375,9.65625,1.184570312,19.8671875,2036049,232.960081,8.7399051,0.024498,48.998736,0.009649,49.032883
94,hybrid[head=topn-frontier reducer=streaming],hybrid,2036049,3394,0.8888888889,1,0.9411764706,71.225,0.01169175694,1,1299,1436,600,699,600,836,230,370,370,9640,7440,0.7717842324,1,2.554456,0.0007971320926,1,836,836,0,1,836,836,836,836,836,1,1,0.8361244019,0.8361244019,0.1789778709,45,1,40,1,0.1642224721,5,0.009656938512,0,0,0.0001048326658,0.0006636382523,0.0007971320926,,,,38.24828125,41.57599609,79.82427734,2053.733398,735.28125,726.5625,2789.014648,8.71875,14.81152344,370,5.46875,77.0234375,134.0136719,1.532226562,134.0136719,2036049,387.820763,5.2499742,0.090092,11.644923,0.465793,12.200808
95,hl,hl,2112010,3521,1,0.8,0.8888888889,1950.525,0.1494979871,0.9756944444,48,,,,,,0,0,0,0,0,,,,,,,,,,0,,,,,,,,,,288,0.975,0,1,0,32,0.1391702691,256,0.1587876004,0.001034575936,0.004349070909,0.01883939943,,,,5.857421875,19.67132812,25.52875,566.7607422,0.59375,0,567.3544922,0.59375,1.135742188,32,5.078125,18.06835938,0,1.783203125,23.14648438,2112010,279.882362,7.546063228,0.002984,0.934023,0,0.937007
95,hl#1,hl,2112010,3521,1,0.925,0.961038961,211.2,0.03183738816,0.859375,96,,,,,,0,0,0,0,0,,,,,,,,,,0,,,,,,,,,,576,1,0,1,0,37,0.1784063522,539,0.2644996946,0.0007689341091,0.004821793304,0.02190519931,,,,11.48828125,39.16855469,50.65683594,1129.364258,0.609375,0,1129.973633,0.609375,1.239257812,37,5.078125,25.57421875,0,2.161132812,30.65234375,2112010,282.496695,7.476229058,0.004781,1.779236,0,1.784017
95,hl#2,hl,2112010,3521,1,0.975,0.9873417722,31.425,0.005060118433,0.9466666667,192,,,,,,0,0,0,0,0,,,,,,,,,,0,,,,,,,,,,1152,1,0,1,0,39,0.1841274426,1113,0.3819669414,0.000491401375,0.004721216476,0.02190756673,,,,22.75,78.5778125,101.3278125,2254.429688,0.640625,0,2255.070312,0.640625,1.3046875,39,5.078125,37.6171875,0,2.2734375,42.6953125,2112010,273.678118,7.717131408,0.012059,3.67765,0,3.689709
95,hl#3,hl,2112010,3521,1,1,1,16.45,0.003089527546,0.9783333333,384,,,,,,0,0,0,0,0,,,,,,,,,,0,,,,,,,,,,2304,1,0,1,0,40,0.18550433,2264,0.4865691924,0.0002916985774,0.00463760825,0.0219056728,,,,45.2734375,169.8416602,215.1150977,4504.462891,0.65625,0,4505.119141,0.65625,1.337890625,40,5.078125,59.828125,0,2.330078125,64.90625,2112010,248.978777,8.482690876,0.020882,7.597796,0,7.618678
95,ss[policy=difficulty],ss,2112010,3521,0.9090909091,1,0.9523809524,188.7,0.03391204441,1,1960,1960,,,,,0,0,0,0,0,,,,0.0002367413033,0,,1960,0,0,0,1960,1960,1960,1960,0,0,1,1,0,44,1,40,1,0.1892306381,4,0.006956406456,0,0,9.457815067e-05,0.0001468979787,0.000284089564,,,,82.76445313,147.1556445,229.9200977,4599.402344,5.296875,0,4604.699219,1.78125,2.52734375,44,5.46875,14.3984375,9.65625,1.24609375,19.8671875,2112010,241.717708,8.737506315,0.02691,49.198394,0.017546,49.24285
95,hybrid[head=topn-frontier reducer=streaming],hybrid,2112010,3521,0.9756097561,1,0.987654321,84.975,0.01453076323,1,1436,1436,600,836,600,836,217,383,383,9640,7700,0.7987551867,0,17.060738,0.0006614552014,0,,836,0,0,0,836,836,836,836,0,0,1,1,0,41,1,40,1,0.1872661588,1,0.002097054465,0,0,5.080121918e-05,0.0004734826066,0.0006614552014,,,,49.72988281,47.37878906,97.10867187,2374.09375,950.296875,941.40625,3324.390625,8.890625,15.203125,383,5.46875,76.5234375,133.3476562,1.4296875,133.3476562,2112010,631.599014,3.34390959,0.11022,13.808416,0.460176,14.378812
96,hl,hl,2120122,3534,0.9666666667,0.7435897436,0.8405797101,1921.923077,0.1677253925,0.9548611111,48,,,,,,0,0,0,0,0,,,,,,,,,,0,,,,,,,,,,288,0.9743589744,0,1,0,30,0.1431092173,258,0.1578649719,0.001045049268,0.004770307243,0.01913899294,,,,5.857421875,19.72175781,25.57917969,566.6611328,0.53125,0,567.1923828,0.53125,1.036132812,30,5.078125,18.69335938,0,1.6640625,23.77148438,2120122,274.689061,7.718261485,0.003897,0.9517,0,0.955597
96,hl#1,hl,2120122,3534,1,0.9230769231,0.96,205.2820513,0.03487621176,0.8350694444,96,,,,,,0,0,0,0,0,,,,,,,,,,0,,,,,,,,,,576,1,0,1,0,36,0.1802113275,540,0.2656847106,0.0007741250661,0.005005870207,0.02182091408,,,,11.48828125,39.15621094,50.64449219,1129.322266,0.59375,0,1129.916016,0.59375,1.197265625,36,5.078125,25.02734375,0,2.095703125,30.10546875,2120122,278.189196,7.62115147,0.009725,1.783913,0,1.793638
96,hl#2,hl,2120122,3534,1,0.9743589744,0.987012987,26.07692308,0.005135312662,0.935,192,,,,,,0,0,0,0,0,,,,,,,,,,0,,,,,,,,,,1152,1,0,1,0,38,0.1854676287,1114,0.3830694649,0.0004935217827,0.004880727072,0.02180723562,,,,22.75,78.70628906,101.4562891,2254.389648,0.625,0,2255.014648,0.625,1.264648438,38,5.078125,36.2890625,0,2.209960938,41.3671875,2120122,270.018172,7.85177525,0.01223,3.723567,0,3.735797
96,hl#3,hl,2120122,3534,1,1,1,16.33333333,0.002693704888,0.97,384,,,,,,0,0,0,0,0,,,,,,,,,,0,,,,,,,,,,2304,1,0,1,0,39,0.1869340538,2265,0.4868630201,0.0002924466467,0.004793180867,0.02181714071,,,,45.2734375,166.2683789,211.5418164,4504.420898,0.640625,0,4505.061523,0.640625,1.295898438,39,5.078125,59.671875,0,2.264648438,64.75,2120122,242.305745,8.749780159,0.019828,7.628976,0,7.648804
96,ss[policy=difficulty],ss,2120122,3534,0.9285714286,1,0.962962963,160.0512821,0.02740946146,1,1960,1905,,,,,0,0,0,0,0,,,,0.0002358354849,0,,1905,1,0,0,1905,1905,1905,1905,0,0,1.028871391,1.028871391,-0.02846246466,42,1,39,1,0.1898994492,3,0.005218567611,0,0,8.5821656e-05,0.0002201131193,0.0002358354849,,,,82.76511719,153.1012695,235.8663867,4599.266602,5.203125,0,4604.469727,1.6875,2.391601562,42,5.46875,14.3984375,9.65625,1.166992188,19.8671875,2120122,236.684551,8.957585069,0.024013,49.492931,0.023679,49.540623
96,hybrid[head=topn-frontier reducer=streaming],hybrid,2120122,3534,0.9069767442,1,0.9512195122,53.84615385,0.01102888305,1,1436,1436,600,836,600,836,220,380,380,9640,7640,0.7925311203,1,6.153735,0.000595720435,0,,836,0,0,0,836,836,836,836,0,0,1,1,0,43,1,39,1,0.187945788,4,0.007323635149,0,0,6.885299251e-05,0.0004925424103,0.000595720435,,,,49.7265625,46.31244141,96.03900391,2388.626953,754.90625,746.09375,3143.533203,8.8125,15.04882812,380,5.46875,77.0234375,133.8134766,1.541992188,133.8134766,2120122,625.635435,3.388749872,0.121636,24.317549,0.818933,25.258118
97,hl,hl,1947910,3247,1,0.8484848485,0.9180327869,1995.212121,0.1430931462,0.9618055556,48,,,,,,0,0,0,0,0,,,,,,,,,,0,,,,,,,,,,288,1,0,1,0,28,0.1307319127,260,0.1521661678,0.0009822850018,0.004668996881,0.02318074244,,,,5.857421875,19.55246094,25.40988281,566.6289062,0.53125,0,567.1601562,0.53125,1.00390625,28,5.078125,18.84960938,0,1.552734375,23.92773438,1947910,260.544474,7.476305178,0.01077,0.972477,0,0.983247
97,hl#1,hl,1947910,3247,1,0.9090909091,0.9523809524,231.1212121,0.03508515798,0.8402777778,96,,,,,,0,0,0,0,0,,,,,,,,,,0,,,,,,,,,,576,1,0,1,0,30,0.162434096,546,0.2684857103,0.0007481246638,0.005414469868,0.02482404218,,,,11.48828125,39.16845703,50.65673828,1129.128906,0.5,0,1129.628906,0.5,1.00390625,30,5.078125,24.94921875,0,1.76171875,30.02734375,1947910,269.28079,7.233750317,0.004808,1.837657,0,1.842465
97,hl#2,hl,1947910,3247,1,1,1,38.3030303,0.006456363754,0.9416666667,192,,,,,,0,0,0,0,0,,,,,,,,,,0,,,,,,,,,,1152,1,0,1,0,33,0.1703102299,1119,0.3868305004,0.0004836291062,0.005160916059,0.02487948622,,,,22.75,79.31021484,102.0602148,2254.230469,0.546875,0,2254.777344,0.546875,1.10546875,33,5.078125,35.8984375,0,1.93359375,40.9765625,1947910,259.509044,7.506135316,0.012627,3.75579,0,3.768417
97,hl#3,hl,1947910,3247,1,1,1,18.21212121,0.002991114836,0.975,384,,,,,,0,0,0,0,0,,,,,,,,,,0,,,,,,,,,,2304,1,0,1,0,33,0.1706074716,2271,0.4970301503,0.0002897732734,0.005169923382,0.0248851333,,,,45.2734375,157.2662891,202.5397266,4504.230469,0.546875,0,4504.777344,0.546875,1.10546875,33,5.078125,59.203125,0,1.93359375,64.28125,1947910,230.764994,8.441098306,0.02134,7.906605,0,7.927945
97,ss[policy=difficulty],ss,1947910,3247,0.9166666667,1,0.9565217391,193.1818182,0.03531904446,1,1905,1956,,,,,0,0,0,0,0,,,,0.0002566853705,1,1956,1956,0,1,1956,1956,1956,1956,1956,1,1,0.9739263804,0.9739263804,0.02641956303,36,1,33,1,0.1737975574,3,0.005113685951,0,0,0.0001023176407,0.0001368988643,0.0002566853705,,,,81.36902344,172.712832,254.0818555,4470.173828,5.109375,0,4475.283203,1.59375,2.205078125,36,5.46875,14.3984375,9.65625,0.9951171875,19.8671875,1947910,225.600765,8.634323558,0.023518,51.304138,0.017734,51.34539
97,hybrid[head=topn-frontier reducer=streaming],hybrid,1947910,3247,0.9166666667,1,0.9565217391,51.51515152,0.01350983215,1,1436,1436,600,836,600,836,202,398,398,9640,8000,0.8298755187,0,18.053385,0.000564707815,0,,836,0,0,0,836,836,836,836,0,0,1,1,0,36,1,33,1,0.1713975492,3,0.005472532099,0,0,5.276310393e-05,0.0003422471606,0.000564707815,,,,49.734375,44.96347656,94.69785156,2378.913086,950.5,941.40625,3329.413086,9.09375,15.67871094,398,5.46875,76.5234375,133.2939453,1.252929688,133.2939453,1947910,605.933661,3.214724854,0.180168,18.739591,0.746819,19.666578
98,hl,hl,2036630,3395,1,0.7941176471,0.8852459016,1574.411765,0.1754623288,0.9722222222,48,,,,,,0,0,0,0,0,,,,,,,,,,0,,,,,,,,,,288,1,0,1,0,27,0.140561123,261,0.1545680855,0.001024754196,0.00520596752,0.02576216593,,,,5.857421875,19.64160156,25.49902344,566.5556641,0.484375,0,567.0400391,0.484375,0.9306640625,27,5.078125,19.47460938,0,1.555664062,24.55273438,2036630,262.024356,7.772674385,0.003055,0.936058,0,0.939113
98,hl#1,hl,2036630,3395,1,0.9411764706,0.9696969697,345.5294118,0.06256263137,0.8472222222,96,,,,,,0,0,0,0,0,,,,,,,,,,0,,,,,,,,,,576,1,0,1,0,32,0.1666242764,544,0.262439422,0.0007449022541,0.005207008637,0.02564334219,,,,11.48828125,39.16949219,50.65777344,1129.255859,0.59375,0,1129.849609,0.59375,1.130859375,32,5.078125,24.63671875,0,1.80859375,29.71484375,2036630,267.613325,7.610346009,0.005049,1.797229,0,1.802278
98,hl#2,hl,2036630,3395,1,1,1,54.61764706,0.007871080865,0.93,192,,,,,,0,0,0,0,0,,,,,,,,,,0,,,,,,,,,,1152,1,0,1,0,34,0.1733957567,1118,0.3853832066,0.0004850511834,0.005099875198,0.02561142672,,,,22.75,78.89064453,101.6406445,2254.260742,0.5625,0,2254.823242,0.5625,1.135742188,34,5.078125,36.8359375,0,1.987304688,41.9140625,2036630,260.818231,7.808618256,0.014727,3.671567,0,3.686294
98,hl#3,hl,2036630,3395,1,1,1,18.41176471,0.002809953641,0.9683333333,384,,,,,,0,0,0,0,0,,,,,,,,,,0,,,,,,,,,,2304,1,0,1,0,34,0.1741170463,2270,0.4915036114,0.0002888978549,0.005121089597,0.02568311377,,,,45.2734375,171.6332031,216.9066406,4504.260742,0.5625,0,4504.823242,0.5625,1.135742188,34,5.078125,59.359375,0,1.987304688,64.4375,2036630,232.402916,8.763358202,0.020574,7.734086,0,7.75466
98,ss[policy=difficulty],ss,2036630,3395,0.9444444444,1,0.9714285714,173.0588235,0.03023586637,1,1956,1956,,,,,0,0,0,0,0,,,,0.0002455036015,0,,1956,0,0,0,1956,1956,1956,1956,0,0,1,1,0,36,1,34,1,0.1769511399,2,0.003385494665,0,0,8.705830492e-05,0.0001225062972,0.0002455036015,,,,82.6640625,155.0503711,237.7144336,4589.640625,5.046875,0,4594.6875,1.53125,2.140625,36,5.46875,14.3984375,9.65625,1.029296875,19.8671875,2036630,231.582742,8.794394532,0.033267,49.354517,0.013975,49.401759
98,hybrid[head=topn-frontier reducer=streaming],hybrid,2036630,3395,1,1,1,2.941176471,0.0003999424083,1,1436,1248,600,836,600,648,179,421,421,9640,8460,0.877593361,0,17.118645,4.910072031e-05,0,,648,1,0,0,648,648,648,648,0,0,1.290123457,1.290123457,-0.2547379167,34,1,34,1,0.1741111542,0,0,0,0,1.444138833e-06,0,4.910072031e-05,,,,49.734375,45.22072266,94.95509766,2376.9375,950.734375,941.40625,3327.671875,9.328125,16.265625,421,5.46875,76.0859375,132.8466797,1.272460938,132.8466797,2036630,615.604395,3.308342202,0.115191,13.598796,0.468324,14.182311
99,hl,hl,2099858,3500,1,0.7272727273,0.8421052632,2141.545455,0.2149373253,0.9756944444,48,,,,,,0,0,0,0,0,,,,,,,,,,0,,,,,,,,,,288,0.9090909091,0,1,0,24,0.1314584129,264,0.164664944,0.0010282061,0.005477433871,0.02824952925,,,,5.857421875,19.659375,25.51679688,566.4638672,0.4375,0,566.9013672,0.4375,0.8388671875,24,5.078125,19.24023438,0,1.326171875,24.31835938,2099858,266.489442,7.879704292,0.003063,0.945757,0,0.94882
99,hl#1,hl,2099858,3500,1,0.8484848485,0.9180327869,501.8181818,0.09286596176,0.8420138889,96,,,,,,0,0,0,0,0,,,,,,,,,,0,,,,,,,,,,576,1,0,1,0,28,0.159448877,548,0.2774006623,0.0007584193391,0.005694602751,0.0285485971,,,,11.48828125,39.21033203,50.69861328,1129.092773,0.5,0,1129.592773,0.5,0.9677734375,28,5.078125,25.73046875,0,1.61328125,30.80859375,2099858,272.202691,7.714317563,0.004958,1.770549,0,1.775507
99,hl#2,hl,2099858,3500,1,1,1,32.81818182,0.005331165463,0.9416666667,192,,,,,,0,0,0,0,0,,,,,,,,,,0,,,,,,,,,,1152,1,0,1,0,33,0.1723697507,1119,0.3910150115,0.0004890492727,0.005223325779,0.02861193471,,,,22.75,78.89492187,101.6449219,2254.229492,0.546875,0,2254.776367,0.546875,1.104492188,33,5.078125,36.9140625,0,1.932617188,41.9921875,2099858,264.546539,7.937575022,0.012997,3.637767,0,3.650764
99,hl#3,hl,2099858,3500,1,1,1,16.36363636,0.002517588815,0.97,384,,,,,,0,0,0,0,0,,,,,,,,,,0,,,,,,,,,,2304,1,0,1,0,33,0.1723883234,2271,0.4956782792,0.0002899594629,0.005223888588,0.02861669694,,,,45.2734375,172.298457,217.5718945,4504.229492,0.546875,0,4504.776367,0.546875,1.104492188,33,5.078125,60.84375,0,1.932617188,65.921875,2099858,236.881248,8.864602064,0.021316,7.773907,0,7.795223
99,ss[policy=difficulty],ss,2099858,3500,0.9705882353,1,0.9850746269,168.7575758,0.02530319153,1,1956,1956,,,,,0,0,0,0,0,,,,0.000238111339,0,,1956,0,0,0,1956,1956,1956,1956,0,0,1,1,0,34,1,33,1,0.1750365977,1,0.001694876511,0,0,8.08037832e-05,9.524453558e-05,0.000238111339,,,,82.66089844,150.0291797,232.6900781,4589.543945,4.984375,0,4594.52832,1.46875,2.043945312,34,5.46875,14.3984375,9.65625,0.9501953125,19.8671875,2099858,231.404278,9.07441305,0.028835,49.431472,0.020476,49.480783
99,hybrid[head=topn-frontier reducer=streaming],hybrid,2099858,3500,0.9428571429,1,0.9705882353,103.0909091,0.01685898874,1,1248,1248,600,648,600,648,205,395,395,9640,7940,0.8236514523,0,18.965012,0.0005714672135,0,,648,0,0,0,648,648,648,648,0,0,1,1,0,35,1,33,1,0.1740046232,2,0.003503094019,0,0,6.664396218e-05,0.0003562145631,0.0005714672135,,,,36.96132813,40.34697266,77.30830078,1948.954102,950.546875,941.40625,2899.500977,9.140625,15.76660156,395,5.46875,76.5234375,133.3623047,1.260742188,133.3623047,2099858,367.971755,5.706573865,0.205041,13.230949,0.882762,14.318752
100,hl,hl,2131684,3553,1,0.8108108108,0.8955223881,1508.945946,0.1546747214,0.9756944444,48,,,,,,0,0,0,0,0,,,,,,,,,,0,,,,,,,,,,288,1,0,1,0,30,0.1654354022,258,0.1490891708,0.001092099212,0.005514513408,0.03807740735,,,,5.857421875,19.87556641,25.73298828,566.6894531,0.5625,0,567.2519531,0.5625,1.064453125,30,5.078125,18.92773438,0,1.697265625,24.00585938,2131684,271.103441,7.862991307,0.009582,0.9501,0,0.959682
100,hl#1,hl,2131684,3553,0.9705882353,0.8918918919,0.9295774648,191.0540541,0.04044305973,0.8524305556,96,,,,,,0,0,0,0,0,,,,,,,,,,0,,,,,,,,,,576,1,0,1,0,34,0.1913862467,542,0.2579003267,0.0007800114122,0.005629007257,0.03908083937,,,,11.48828125,39.20867188,50.69695313,1129.254883,0.5625,0,1129.817383,0.5625,1.129882812,34,5.078125,24.94921875,0,1.981445312,30.02734375,2131684,276.631711,7.70585553,0.004759,1.764379,0,1.769138
100,hl#2,hl,2131684,3553,1,0.972972973,0.9863013699,36.56756757,0.006720905294,0.935,192,,,,,,0,0,0,0,0,,,,,,,,,,0,,,,,,,,,,1152,1,0,1,0,36,0.1966191987,1116,0.3720771934,0.0004936600626,0.005461644409,0.03909678921,,,,22.75,78.79412109,101.5441211,2254.326172,0.59375,0,2254.919922,0.59375,1.201171875,36,5.078125,36.1328125,0,2.099609375,41.2109375,2131684,269.80791,7.900746868,0.012949,3.618534,0,3.631483
100,hl#3,hl,2131684,3553,1,1,1,16.91891892,0.002903057574,0.9683333333,384,,,,,,0,0,0,0,0,,,,,,,,,,0,,,,,,,,,,2304,1,0,1,0,37,0.1982404521,2267,0.4758946448,0.000292593358,0.005357850058,0.03907896292,,,,45.2734375,172.9392188,218.2126563,4504.359375,0.609375,0,4504.96875,0.609375,1.234375,37,5.078125,59.671875,0,2.15625,64.75,2131684,243.463973,8.755644516,0.020687,7.733744,0,7.754431
100,ss[policy=difficulty],ss,2131684,3553,0.9736842105,1,0.9866666667,201.2972973,0.03345052661,1,1956,1956,,,,,0,0,0,0,0,,,,0.0002345563414,0,,1956,0,0,0,1956,1956,1956,1956,0,0,1,1,0,38,1,37,1,0.2017362799,1,0.001712730405,0,0,9.318059288e-05,4.691126827e-05,0.0002345563414,,,,82.66074219,146.5486523,229.2093945,4589.703125,5.078125,0,4594.78125,1.5625,2.203125,38,5.46875,14.3984375,9.65625,1.043945312,19.8671875,2131684,238.171543,8.950204433,0.025394,48.907099,0.008834,48.941327
100,hybrid[head=topn-frontier reducer=streaming],hybrid,2131684,3553,1,1,1,0,0,1,1248,1248,600,648,600,648,227,373,373,9640,7500,0.7780082988,1,2.545817,0,0,,648,0,0,0,648,648,648,648,0,0,1,1,0,37,1,37,1,0.1982423286,0,0,0,0,0,0,0,,,,36.9678125,40.30021484,77.26802734,1933.614258,741.125,732.421875,2674.739258,8.703125,14.87207031,373,5.46875,76.1484375,133.0849609,1.310546875,133.0849609,2131684,374.944847,5.685326834,0.092545,10.891,0.46311,11.446655
101,hl,hl,2085628,3477,0.9615384615,0.7575757576,0.8474576271,1890.181818,0.1629378582,0.9826388889,48,,,,,,0,0,0,0,0,,,,,,,,,,0,,,,,,,,,,288,0.9696969697,0,1,0,26,0.1358765801,262,0.1541262392,0.001006954234,0.005226022312,0.02892030602,,,,5.857421875,19.56304688,25.42046875,566.5273438,0.46875,0,566.9960938,0.46875,0.90234375,26,5.078125,18.69335938,0,1.500976562,23.77148438,2085628,270.079618,7.722270993,0.003008,0.960381,0,0.963389
101,hl#1,hl,2085628,3477,1,0.8484848485,0.9180327869,287.3636364,0.0598730055,0.8385416667,96,,,,,,0,0,0,0,0,,,,,,,,,,0,,,,,,,,,,576,0.9696969697,0,1,0,28,0.1624867905,548,0.2678761505,0.0007471578838,0.005803099662,0.02880619171,,,,11.48828125,39.14285156,50.63113281,1129.056641,0.46875,0,1129.525391,0.46875,0.931640625,28,5.078125,25.18359375,0,1.642578125,30.26171875,2085628,273.20259,7.633997906,0.008424,1.80464,0,1.813064
101,hl#2,hl,2085628,3477,0.9705882353,1,0.9850746269,37.51515152,0.005776304527,0.9433333333,192,,,,,,0,0,0,0,0,,,,,,,,,,0,,,,,,,,,,1152,1,0,1,0,34,0.1740933666,1118,0.3834993585,0.0004840214627,0.005120393135,0.0288541389,,,,22.75,78.81484375,101.5648437,2254.257812,0.5625,0,2254.820312,0.5625,1.1328125,34,5.078125,37.1484375,0,1.984375,42.2265625,2085628,265.762871,7.847702699,0.011879,3.668059,0,3.679938
101,hl#3,hl,2085628,3477,0.9705882353,1,0.9850746269,23.12121212,0.003538069971,0.9783333333,384,,,,,,0,0,0,0,0,,,,,,,,,,0,,,,,,,,,,2304,1,0,1,0,34,0.1746030452,2270,0.4933156824,0.0002898952811,0.005135383683,0.02885174154,,,,45.2734375,163.2796875,208.553125,4504.257812,0.5625,0,4504.820312,0.5625,1.1328125,34,5.078125,60.140625,0,1.984375,65.21875,2085628,240.067346,8.687678832,0.021123,7.664208,0,7.685331
101,ss[policy=difficulty],ss,2085628,3477,0.9705882353,1,0.9850746269,204.9090909,0.03239407478,1,1956,1916,,,,,0,0,0,0,0,,,,0.0002397359452,0,,1916,1,0,0,1916,1916,1916,1916,0,0,1.020876827,1.020876827,-0.02066189206,34,1,33,1,0.1759527586,1,0.001810485858,0,0,9.958913208e-05,0.0001438415671,0.0002397359452,,,,82.66375,146.6358984,229.2996484,4589.507812,4.953125,0,4594.460938,1.4375,2.0078125,34,5.46875,14.3984375,9.65625,0.94921875,19.8671875,2085628,234.060023,8.910654512,0.029727,48.88481,0.009347,48.923884
101,hybrid[head=topn-frontier reducer=streaming],hybrid,2085628,3477,0.8918918919,1,0.9428571429,43.09090909,0.008274480575,1,1248,1394,600,648,600,794,232,368,368,9640,7400,0.7676348548,1,2.646939,0.0008165406295,1,794,794,0,0,794,794,794,794,794,1,1,0.8161209068,0.8161209068,0.2031927649,37,1,33,1,0.1733923787,4,0.00721557248,0,0,8.201561067e-05,0.0005881921416,0.0008165406295,,,,36.95960937,40.29558594,77.25519531,1938.745117,731.25,722.65625,2669.995117,8.59375,14.77636719,368,5.46875,76.5234375,133.5478516,1.3046875,133.5478516,2085628,370.687581,5.626376784,0.084286,10.847033,0.456682,11.388001
102,hl,hl,2077582,3463,0.9666666667,0.8055555556,0.8787878788,1499.194444,0.1047110896,0.96875,48,,,,,,0,0,0,0,0,,,,,,,,,,0,,,,,,,,,,288,1,0,1,0,30,0.1365289072,258,0.1509865796,0.0009983176623,0.004550963572,0.01470074346,,,,5.857421875,19.78060547,25.63802734,566.6542969,0.53125,0,567.1855469,0.53125,1.029296875,30,5.078125,18.45898438,0,1.661132812,23.53710938,2077582,267.957296,7.753407095,0.002817,0.947813,0,0.95063
102,hl#1,hl,2077582,3463,1,0.9722222222,0.985915493,179.5,0.02696352147,0.828125,96,,,,,,0,0,0,0,0,,,,,,,,,,0,,,,,,,,,,576,1,0,1,0,35,0.1667125533,541,0.2550590061,0.0007322422907,0.00476321581,0.02226482517,,,,11.48828125,39.15597656,50.64425781,1129.291016,0.578125,0,1129.869141,0.578125,1.166015625,35,5.078125,25.88671875,0,2.041015625,30.96484375,2077582,273.217808,7.604123667,0.009094,1.850641,0,1.859735
102,hl#2,hl,2077582,3463,1,0.9722222222,0.985915493,47.05555556,0.008233764039,0.9366666667,192,,,,,,0,0,0,0,0,,,,,,,,,,0,,,,,,,,,,1152,1,0,1,0,35,0.1686874453,1117,0.3817432958,0.0004778044628,0.004819641295,0.02223835208,,,,22.75,78.75230469,101.5023047,2254.292969,0.578125,0,2254.871094,0.578125,1.16796875,35,5.078125,36.5234375,0,2.04296875,41.6015625,2077582,265.422712,7.827446206,0.02063,3.767172,0,3.787802
102,hl#3,hl,2077582,3463,1,1,1,15.5,0.002437304994,0.9766666667,384,,,,,,0,0,0,0,0,,,,,,,,,,0,,,,,,,,,,2304,1,0,1,0,36,0.1706084285,2268,0.4894459039,0.0002864819151,0.004739123013,0.02224220271,,,,45.2734375,163.7824805,209.055918,4504.325195,0.59375,0,4504.918945,0.59375,1.200195312,36,5.078125,59.984375,0,2.098632812,65.0625,2077582,242.958328,8.551186605,0.020819,7.82908,0,7.849899
102,ss[policy=difficulty],ss,2077582,3463,0.972972973,1,0.9863013699,215.6388889,0.0369369499,1,1916,1916,,,,,0,0,0,0,0,,,,0.0002406643877,0,,1916,0,0,0,1916,1916,1916,1916,0,0,1,1,0,37,1,36,1,0.1742602699,1,0.001840601237,0,0,0.0001074924236,0.0002406643877,0.0002425897028,,,,81.64808594,145.0654492,226.7135352,4495.887695,5.03125,0,4500.918945,1.515625,2.137695312,37,5.46875,14.3984375,9.65625,1.051757812,19.8671875,2077582,235.15605,8.834907713,0.022581,47.915084,0.011493,47.949158
102,hybrid[head=topn-frontier reducer=streaming],hybrid,2077582,3463,0.972972973,1,0.9863013699,52.75,0.01241904329,1,1394,1394,600,794,600,794,201,399,399,9640,8020,0.8319502075,0,17.057838,0.0004813287755,0,,794,0,0,0,794,794,794,794,0,0,1,1,0,37,1,36,1,0.1714377579,1,0.001691870646,0,0,3.771276e-05,0.0004813287755,0.0004813287755,,,,48.66890625,43.96144531,92.63035156,2268.920898,950.421875,941.40625,3219.342773,9.015625,15.58496094,399,5.46875,76.2734375,133.2539062,1.430664062,133.2539062,2077582,456.85982,4.547526197,0.113311,13.186195,0.474809,13.774315
103,hl,hl,2014221,3358,1,0.7391304348,0.85,1293.73913,0.2017602435,0.9756944444,48,,,,,,0,0,0,0,0,,,,,,,,,,0,,,,,,,,,,288,0.9565217391,0,1,0,34,0.1082607122,254,0.1580243677,0.000924600972,0.003184138594,0.01388377939,,,,5.857421875,19.93101563,25.7884375,566.8476562,0.65625,0,567.5039062,0.65625,1.22265625,34,5.078125,18.69335938,0,1.819335938,23.77148438,2014221,267.889879,7.518839486,0.009406,0.946426,0,0.955832
103,hl#1,hl,2014221,3358,1,0.8913043478,0.9425287356,354.1521739,0.07187074309,0.828125,96,,,,,,0,0,0,0,0,,,,,,,,,,0,,,,,,,,,,576,1,0,1,0,41,0.1367675146,535,0.2696089456,0.0007055146878,0.003335793039,0.0144154986,,,,11.48828125,39.16636719,50.65464844,1129.517578,0.703125,0,1130.220703,0.703125,1.392578125,41,5.078125,25.26171875,0,2.310546875,30.33984375,2014221,277.972546,7.246114874,0.008166,1.813328,0,1.821494
103,hl#2,hl,2014221,3358,1,1,1,33.7173913,0.006310191016,0.9433333333,192,,,,,,0,0,0,0,0,,,,,,,,,,0,,,,,,,,,,1152,1,0,1,0,46,0.1492279149,1106,0.3897576284,0.0004678693952,0.003244085107,0.01443337151,,,,22.75,78.639375,101.389375,2254.683594,0.78125,0,2255.464844,0.78125,1.55859375,46,5.078125,36.1328125,0,2.627929688,41.2109375,2014221,267.196932,7.538338801,0.012645,3.656745,0,3.66939
103,hl#3,hl,2014221,3358,1,1,1,14.86956522,0.00277345093,0.9783333333,384,,,,,,0,0,0,0,0,,,,,,,,,,0,,,,,,,,,,2304,1,0,1,0,46,0.1491281245,2258,0.4999615236,0.0002817229375,0.003241915749,0.01444032209,,,,45.2734375,168.6091992,213.8826367,4504.652344,0.75,0,4505.402344,0.75,1.52734375,46,5.078125,59.90625,0,2.66015625,64.984375,2014221,242.071362,8.320773607,0.021974,7.630793,0,7.652767
103,ss[policy=difficulty],ss,2014221,3358,0.9787234043,1,0.9892473118,190.7826087,0.03520524162,1,1916,1916,,,,,0,0,0,0,0,,,,0.0002487313954,0,,1916,0,0,0,1916,1916,1916,1916,0,0,1,1,0,47,1,46,1,0.1534950733,1,0.001689983373,0,0,9.481517838e-05,9.929397022e-05,0.0002978819107,,,,81.67761719,145.0989844,226.7766016,4496.341797,5.3125,0,4501.654297,1.796875,2.591796875,47,5.46875,14.3984375,9.65625,1.288085938,19.8671875,2014221,233.832117,8.613962127,0.022891,47.691048,0.011246,47.725185
103,hybrid[head=topn-frontier reducer=streaming],hybrid,2014221,3358,0.9787234043,1,0.9892473118,95.52173913,0.01887738319,1,1394,1428,600,794,600,828,226,374,374,9640,7520,0.7800829876,1,2.730442,0.0006950577916,1,828,828,0,0,828,828,828,828,828,1,1,0.9589371981,0.9589371981,0.04192969314,47,1,46,1,0.1513195424,1,0.001687501024,0,0,6.120311314e-05,0.0006950577916,0.0006950577916,,,,48.85914063,43.91695312,92.77609375,2286.033203,743.1875,734.375,3029.220703,8.8125,14.97851562,374,5.46875,77.0234375,133.9355469,1.572265625,133.9355469,2014221,461.887447,4.360848109,0.099837,13.069808,0.46527,13.634915
104,hl,hl,2014515,3358,1,0.7954545455,0.8860759494,1396.727273,0.1757404802,0.9826388889,48,,,,,,0,0,0,0,0,,,,,,,,,,0,,,,,,,,,,288,1,0,1,0,35,0.0992938747,253,0.1564853079,0.0008881221617,0.002836967849,0.01284080784,,,,5.857421875,19.78017578,25.63759766,566.8525391,0.640625,0,567.4931641,0.640625,1.227539062,35,5.078125,18.77148438,0,1.911132812,23.84960938,2014515,269.821132,7.466112773,0.003364,0.92459,0,0.927954
104,hl#1,hl,2014515,3358,1,0.9318181818,0.9647058824,226.25,0.03966667369,0.8333333333,96,,,,,,0,0,0,0,0,,,,,,,,,,0,,,,,,,,,,576,1,0,1,0,41,0.1309779277,535,0.2692007754,0.0006947546928,0.003194583602,0.01620936057,,,,11.48828125,39.14517578,50.63345703,1129.487305,0.671875,0,1130.15918,0.671875,1.362304688,41,5.078125,24.32421875,0,2.377929688,29.40234375,2014515,277.134302,7.269092947,0.005104,1.73514,0,1.740244
104,hl#2,hl,2014515,3358,1,0.9772727273,0.9885057471,41.06818182,0.008896541137,0.9416666667,192,,,,,,0,0,0,0,0,,,,,,,,,,0,,,,,,,,,,1152,1,0,1,0,43,0.1378480676,1109,0.3965847859,0.0004639174076,0.003205769015,0.01620141821,,,,22.75,78.49072266,101.2407227,2254.553711,0.703125,0,2255.256836,0.703125,1.428710938,43,5.078125,36.9921875,0,2.491210938,42.0703125,2014515,270.2209,7.455067317,0.012377,3.5915,0,3.603877
104,hl#3,hl,2014515,3358,1,1,1,16.02272727,0.003220072728,0.9766666667,384,,,,,,0,0,0,0,0,,,,,,,,,,0,,,,,,,,,,2304,1,0,1,0,44,0.1395958829,2260,0.508119324,0.0002811263919,0.003172633702,0.01620538939,,,,45.2734375,166.1625195,211.435957,4504.584961,0.71875,0,4505.303711,0.71875,1.459960938,44,5.078125,60.21875,0,2.545898438,65.296875,2014515,245.195855,8.215942313,0.020233,7.58417,0,7.604403
104,ss[policy=difficulty],ss,2014515,3358,0.9361702128,1,0.967032967,180.3863636,0.03533678074,1,1916,1916,,,,,0,0,0,0,0,,,,0.0002491914927,0,,1916,0,0,0,1916,1916,1916,1916,0,0,1,1,0,47,1,44,1,0.1433099282,3,0.005425623537,0,0,9.861409544e-05,0.0002316521181,0.0002978384375,,,,81.64816406,145.1327344,226.7808984,4496.275391,5.25,0,4501.525391,1.734375,2.525390625,47,5.46875,14.3984375,9.65625,1.287109375,19.8671875,2014515,237.787021,8.471930013,0.024114,47.969424,0.018002,48.01154
104,hybrid[head=topn-frontier reducer=streaming],hybrid,2014515,3358,0.8979591837,1,0.9462365591,45.90909091,0.01033164655,1,1428,1428,600,828,600,828,203,397,397,9640,7980,0.8278008299,0,17.081476,0.0005956768751,0,,828,0,0,0,828,828,828,828,0,0,1,1,0,49,1,44,1,0.1403727448,5,0.009172431081,0,0,4.908255884e-05,0.0002804645287,0.0005956768751,,,,49.53140625,52.14429688,101.6757031,2366.183594,950.546875,941.40625,3316.730469,9.140625,15.71484375,397,5.46875,77.0234375,134.0478516,1.58203125,134.0478516,2014515,573.555928,3.512325305,0.199353,13.582113,0.481872,14.263338
105,hl,hl,1974474,3291,1,0.6842105263,0.8125,1230.947368,0.1965874625,0.9548611111,48,,,,,,0,0,0,0,0,,,,,,,,,,0,,,,,,,,,,288,0.9473684211,0,1,0,26,0.08501605997,262,0.157426231,0.0008418135103,0.003269848461,0.01603819549,,,,5.857421875,19.64830078,25.50572266,566.5292969,0.46875,0,566.9980469,0.46875,0.904296875,26,5.078125,19.16210938,0,1.471679688,24.24023438,1974474,275.648586,7.163011531,0.003082,0.951849,0,0.954931
105,hl#1,hl,1974474,3291,1,0.9473684211,0.972972973,333.9473684,0.05664680859,0.8211805556,96,,,,,,0,0,0,0,0,,,,,,,,,,0,,,,,,,,,,576,1,0,1,0,36,0.1129728728,540,0.2694003568,0.0006638424124,0.003138135355,0.01665202986,,,,11.48828125,39.17009766,50.65837891,1129.355469,0.625,0,1129.980469,0.625,1.23046875,36,5.078125,25.33984375,0,2.063476562,30.41796875,1974474,290.807843,6.789617431,0.008927,1.779204,0,1.788131
105,hl#2,hl,1974474,3291,1,1,1,24.18421053,0.004641827198,0.95,192,,,,,,0,0,0,0,0,,,,,,,,,,0,,,,,,,,,,1152,1,0,1,0,38,0.1214100566,1114,0.4024433849,0.0004547338902,0.003195001488,0.01665810743,,,,22.75,78.59976563,101.3497656,2254.390625,0.625,0,2255.015625,0.625,1.265625,38,5.078125,37.0703125,0,2.2109375,42.1484375,1974474,281.413665,7.016269093,0.00934,3.581484,0,3.590824
105,hl#3,hl,1974474,3291,1,1,1,12.63157895,0.002631892488,0.975,384,,,,,,0,0,0,0,0,,,,,,,,,,0,,,,,,,,,,2304,1,0,1,0,38,0.1217276095,2266,0.5199253067,0.0002784951893,0.003203358144,0.01666165267,,,,45.2734375,160.1748633,205.4483008,4504.390625,0.625,0,4505.015625,0.625,1.265625,38,5.078125,59.671875,0,2.2109375,64.75,1974474,253.467847,7.789840105,0.034101,7.447113,0,7.481214
105,ss[policy=difficulty],ss,1974474,3291,0.9743589744,1,0.987012987,165.9210526,0.03391489235,1,1916,2244,,,,,0,0,0,0,0,,,,0.000292736192,1,2244,2244,0,0,2244,2244,2244,2244,2244,1,1,0.8538324421,0.8538324421,0.1580203081,39,1,38,1,0.124794249,1,0.001829854432,0,0,8.967010052e-05,0.0003038784,0.0003038784,,,,81.64839844,145.2145508,226.8629492,4495.954102,5.0625,0,4501.016602,1.546875,2.204101562,39,5.46875,14.3984375,9.65625,1.06640625,19.8671875,1974474,240.698762,8.20309163,0.024595,56.922661,0.0101,56.957356
105,hybrid[head=topn-frontier reducer=streaming],hybrid,1974474,3291,0.95,1,0.9743589744,7.894736842,0.001648170531,1,1428,1266,600,828,600,666,197,403,403,9640,8100,0.8402489627,0,17.050732,0.0004051712,0,,666,1,0,0,666,666,666,666,0,0,1.243243243,1.243243243,-0.2177234838,40,1,38,1,0.1217529327,2,0.003594375008,0,0,2.03345296e-05,0.000330720992,0.0004051712,,,,49.53125,51.96337891,101.4946289,2359.917969,950.734375,941.40625,3310.652344,9.328125,16.01953125,403,5.46875,76.2734375,133.2099609,1.438476562,133.2099609,1974474,589.009873,3.352191687,0.23747,13.650722,0.467102,14.355294
106,hl,hl,2009816,3350,1,0.6341463415,0.776119403,1697.609756,0.2251840724,0.9618055556,48,,,,,,0,0,0,0,0,,,,,,,,,,0,,,,,,,,,,288,0.9512195122,0,1,0,26,0.0892415027,262,0.1626636468,0.0008746706581,0.003432365489,0.01057858033,,,,5.857421875,19.62464844,25.48207031,566.5292969,0.46875,0,566.9980469,0.46875,0.904296875,26,5.078125,19.55273438,0,1.505859375,24.63085938,2009816,263.395452,7.630412692,0.003542,0.949034,0,0.952576
106,hl#1,hl,2009816,3350,0.9722222222,0.8536585366,0.9090909091,497.3170732,0.08614236234,0.8385416667,96,,,,,,0,0,0,0,0,,,,,,,,,,0,,,,,,,,,,576,1,0,1,0,36,0.1240436936,540,0.2707765288,0.0006854517749,0.003445658154,0.0173682566,,,,11.48828125,39.13271484,50.62099609,1129.328125,0.59375,0,1129.921875,0.59375,1.203125,36,5.078125,24.63671875,0,2.1015625,29.71484375,2009816,272.781148,7.367869865,0.004953,1.763708,0,1.768661
106,hl#2,hl,2009816,3350,0.9761904762,1,0.9879518072,33.3902439,0.006253319424,0.9316666667,192,,,,,,0,0,0,0,0,,,,,,,,,,0,,,,,,,,,,1152,1,0,1,0,42,0.1400864557,1110,0.391054206,0.0004610596021,0.003335391802,0.01733840312,,,,22.75,78.47392578,101.2239258,2254.527344,0.6875,0,2255.214844,0.6875,1.40234375,42,5.078125,38.0859375,0,2.44140625,43.1640625,2009816,267.691226,7.507963672,0.01229,3.582673,0,3.594963
106,hl#3,hl,2009816,3350,1,1,1,10.95121951,0.002338670234,0.9766666667,384,,,,,,0,0,0,0,0,,,,,,,,,,0,,,,,,,,,,2304,1,0,1,0,41,0.1389624722,2263,0.5076444809,0.0002806453789,0.00338932859,0.01736129078,,,,45.2734375,158.3324414,203.6058789,4504.495117,0.671875,0,4505.166992,0.671875,1.370117188,41,5.078125,59.75,0,2.385742188,64.828125,2009816,242.709893,8.28073374,0.022871,7.604359,0,7.62723
106,ss[policy=difficulty],ss,2009816,3350,0.9111111111,1,0.9534883721,130.4634146,0.02436621674,1,2244,2244,,,,,0,0,0,0,0,,,,0.0001990231942,0,,2244,0,0,0,2244,2244,2244,2244,0,0,1,1,0,45,1,41,1,0.1415418128,4,0.007114084075,0,0,6.970234533e-05,0.000118791969,0.0001990231942,,,,89.97523437,152.9966016,242.9718359,5265.188477,5.4375,0,5270.625977,1.921875,2.688476562,45,5.46875,14.3984375,9.65625,1.239257812,19.8671875,2009816,227.863071,8.820279614,0.027205,56.940107,0.016718,56.98403
106,hybrid[head=topn-frontier reducer=streaming],hybrid,2009816,3350,0.8913043478,1,0.9425287356,93.56097561,0.0162176858,1,1266,1346,600,666,600,746,230,370,370,9640,7440,0.7717842324,1,2.822609,0.0007463369781,1,746,746,0,1,746,746,746,746,746,1,1,0.8927613941,0.8927613941,0.1134359297,46,1,41,1,0.1407890076,5,0.009576000987,0,0,9.442785245e-05,0.0004870097561,0.0007463369781,,,,37.41382813,42.18667969,79.60050781,1979.59082,735.25,726.5625,2714.84082,8.6875,14.85644531,370,5.46875,77.0234375,134.1064453,1.58984375,134.1064453,2009816,376.232756,5.341948483,0.096265,11.278593,0.477859,11.852717
107,hl,hl,2030835,3385,0.9666666667,0.7631578947,0.8529411765,1717.078947,0.1742114394,0.9583333333,48,,,,,,0,0,0,0,0,,,,,,,,,,0,,,,,,,,,,288,1,0,1,0,30,0.09233935795,258,0.1618856283,0.0008827256468,0.003077978598,0.008638318721,,,,5.857421875,19.58939453,25.44681641,566.7285156,0.59375,0,567.3222656,0.59375,1.103515625,30,5.078125,18.84960938,0,1.5703125,23.92773438,2030835,301.439474,6.737123619,0.004006,0.951474,0,0.95548
107,hl#1,hl,2030835,3385,1,0.8684210526,0.9295774648,188.9473684,0.0387167097,0.8368055556,96,,,,,,0,0,0,0,0,,,,,,,,,,0,,,,,,,,,,576,1,0,1,0,33,0.1233591109,543,0.2815536467,0.0007029735374,0.003738154876,0.01958849439,,,,11.48828125,39.17960937,50.66789062,1129.234375,0.546875,0,1129.78125,0.546875,1.109375,33,5.078125,23.77734375,0,1.9375,28.85546875,2030835,318.353275,6.37918677,0.008402,1.752354,0,1.760756
107,hl#2,hl,2030835,3385,0.9487179487,0.9736842105,0.961038961,36.10526316,0.007594690344,0.9466666667,192,,,,,,0,0,0,0,0,,,,,,,,,,0,,,,,,,,,,1152,1,0,1,0,39,0.1352187647,1113,0.4047354906,0.000468710291,0.003467147813,0.01955993471,,,,22.75,78.65132813,101.4013281,2254.427734,0.640625,0,2255.068359,0.640625,1.302734375,39,5.078125,36.7578125,0,2.271484375,41.8359375,2030835,299.543708,6.779761837,0.011959,3.672091,0,3.68405
107,hl#3,hl,2030835,3385,1,1,1,14.15789474,0.002651772578,0.9783333333,384,,,,,,0,0,0,0,0,,,,,,,,,,0,,,,,,,,,,2304,1,0,1,0,38,0.1338070301,2266,0.519897973,0.0002837261298,0.003521237635,0.01957667659,,,,45.2734375,167.3227734,212.5962109,4504.393555,0.625,0,4505.018555,0.625,1.268554688,38,5.078125,60.84375,0,2.213867188,65.921875,2030835,275.829108,7.362656591,0.022232,8.933607,0,8.955839
107,ss[policy=difficulty],ss,2030835,3385,0.95,1,0.9743589744,141.6052632,0.0278421025,1,2244,2006,,,,,0,0,0,0,0,,,,0.000196963318,0,,2006,1,0,0,2006,2006,2006,2006,0,0,1.118644068,1.118644068,-0.1121172981,40,1,38,1,0.1364409221,2,0.003544847316,0,0,7.239632959e-05,0.0001231020738,0.000196963318,,,,89.97589844,153.0697266,243.045625,5264.801758,5.140625,0,5269.942383,1.625,2.301757812,40,5.46875,14.3984375,9.65625,1.12109375,19.8671875,2030835,252.781397,8.033957499,0.16985,58.685173,0.01295,58.867973
107,hybrid[head=topn-frontier reducer=streaming],hybrid,2030835,3385,0.8636363636,1,0.9268292683,76.31578947,0.01105078559,1,1346,1427,600,746,600,827,216,384,384,9640,7720,0.8008298755,0,17.109476,0.0007386124427,1,827,827,0,0,827,827,827,827,827,1,1,0.9020556227,0.9020556227,0.1030790948,44,1,38,1,0.1352192571,6,0.01191086425,0,0,9.86047611e-05,0.0004851042387,0.0007386124427,,,,39.44625,51.64507812,91.09132812,2167.144531,950.25,941.40625,3117.394531,8.84375,15.18359375,384,5.46875,77.0234375,134.0673828,1.767578125,134.0673828,2030835,443.049226,4.583768306,0.105465,12.527351,0.456105,13.088921
108,hl,hl,2000405,3335,1,0.6829268293,0.8115942029,1223.414634,0.1976909454,0.9583333333,48,,,,,,0,0,0,0,0,,,,,,,,,,0,,,,,,,,,,288,0.9268292683,0,1,0,28,0.1068188692,260,0.1611528665,0.0009304574157,0.003814959614,0.02026889555,,,,5.857421875,19.70044922,25.55787109,566.5683594,0.46875,0,567.0371094,0.46875,0.943359375,28,5.078125,20.49023438,0,1.654296875,25.56835938,2000405,269.178904,7.431507337,0.003093,0.937809,0,0.940902
108,hl#1,hl,2000405,3335,1,0.8780487805,0.9350649351,344.902439,0.06894971582,0.8350694444,96,,,,,,0,0,0,0,0,,,,,,,,,,0,,,,,,,,,,576,1,0,1,0,36,0.1322192256,540,0.2732166736,0.0007038817695,0.003672756267,0.02087827215,,,,11.48828125,39.14931641,50.63759766,1129.328125,0.59375,0,1129.921875,0.59375,1.203125,36,5.078125,25.41796875,0,2.1015625,30.49609375,2000405,276.108241,7.245002876,0.005054,1.758879,0,1.763933
108,hl#2,hl,2000405,3335,1,0.9756097561,0.987654321,31.56097561,0.006059071444,0.94,192,,,,,,0,0,0,0,0,,,,,,,,,,0,,,,,,,,,,1152,1,0,1,0,40,0.1422451953,1112,0.3960018096,0.0004672283029,0.003556129884,0.02087427296,,,,22.75,78.76423828,101.5142383,2254.460938,0.65625,0,2255.117188,0.65625,1.3359375,40,5.078125,37.5390625,0,2.328125,42.6171875,2000405,269.673421,7.417879718,0.012626,3.605071,0,3.617697
108,hl#3,hl,2000405,3335,1,0.9756097561,0.987654321,14.87804878,0.002844281205,0.98,384,,,,,,0,0,0,0,0,,,,,,,,,,0,,,,,,,,,,2304,1,0,1,0,40,0.1422301984,2264,0.5084865315,0.0002824291362,0.00355575496,0.02089476881,,,,45.2734375,167.9519141,213.2253516,4504.462891,0.65625,0,4505.119141,0.65625,1.337890625,40,5.078125,60.296875,0,2.330078125,65.375,2000405,243.907702,8.201483527,0.020765,7.620435,0,7.6412
108,ss[policy=difficulty],ss,2000405,3335,0.9318181818,1,0.9647058824,139.0243902,0.02634931963,1,2006,2006,,,,,0,0,0,0,0,,,,0.0002499493852,0,,2006,0,0,0,2006,2006,2006,2006,0,0,1,1,0,44,1,41,1,0.1468872553,3,0.005103966447,0,0,7.380323666e-05,0.0001326398071,0.0002499493852,,,,83.93054688,182.0509961,265.981543,4707.088867,5.171875,0,4712.260742,1.65625,2.401367188,44,5.46875,14.3984375,9.65625,1.216796875,19.8671875,2000405,234.53853,8.529110334,0.025686,55.26427,0.012338,55.302294
108,hybrid[head=topn-frontier reducer=streaming],hybrid,2000405,3335,1,1,1,68.29268293,0.01279066982,1,1427,1427,600,827,600,827,216,384,384,9640,7720,0.8008298755,0,17.056262,0.0002999392623,0,,827,0,0,0,827,827,827,827,0,0,1,1,0,41,1,41,1,0.1454375489,0,0,0,0,3.413942823e-05,0,0.0002999392623,,,,49.50585938,56.81289063,106.31875,2365.797852,950.21875,941.40625,3316.016602,8.8125,15.20410156,384,5.46875,77.0234375,133.9941406,1.474609375,133.9941406,2000405,573.97939,3.48515127,0.116694,13.573201,0.461679,14.151574
109,hl,hl,1979263,3299,1,0.6842105263,0.8125,1409.236842,0.1555026792,0.9791666667,48,,,,,,0,0,0,0,0,,,,,,,,,,0,,,,,,,,,,288,1,0,1,0,26,0.09578969546,262,0.1585266839,0.000883042984,0.003684219056,0.01919805503,,,,5.857421875,19.63060547,25.48802734,566.5341797,0.46875,0,567.0029297,0.46875,0.9091796875,26,5.078125,20.09960938,0,1.508789062,25.17773438,1979263,262.543942,7.538787545,0.00345,0.939957,0,0.943407
109,hl#1,hl,1979263,3299,1,0.9210526316,0.9589041096,308.6842105,0.03950140816,0.8177083333,96,,,,,,0,0,0,0,0,,,,,,,,,,0,,,,,,,,,,576,1,0,1,0,35,0.1292688238,541,0.2663562144,0.0006868490247,0.003693394966,0.02169696498,,,,11.48828125,39.17751953,50.66580078,1129.331055,0.609375,0,1129.94043,0.609375,1.206054688,35,5.078125,25.41796875,0,2.017578125,30.49609375,1979263,271.731208,7.283900199,0.004791,1.807106,0,1.811897
109,hl#2,hl,1979263,3299,1,1,1,32.23684211,0.006700023436,0.9416666667,192,,,,,,0,0,0,0,0,,,,,,,,,,0,,,,,,,,,,1152,1,0,1,0,38,0.1396398558,1114,0.3924506243,0.0004618840973,0.003674733049,0.02160652728,,,,22.75,78.91554688,101.6655469,2254.397461,0.625,0,2255.022461,0.625,1.272460938,38,5.078125,37.1484375,0,2.217773438,42.2265625,1979263,263.265355,7.518129379,0.014523,3.692049,0,3.706572
109,hl#3,hl,1979263,3299,1,1,1,18.89473684,0.003686327064,0.98,384,,,,,,0,0,0,0,0,,,,,,,,,,0,,,,,,,,,,2304,1,0,1,0,38,0.1397979955,2266,0.5075520535,0.0002809679032,0.003678894619,0.02164442017,,,,45.2734375,167.9700781,213.2435156,4504.397461,0.625,0,4505.022461,0.625,1.272460938,38,5.078125,60.0625,0,2.217773438,65.140625,1979263,238.905369,8.284715443,0.020576,7.683816,0,7.704392
109,ss[policy=difficulty],ss,1979263,3299,0.9047619048,1,0.95,151.5,0.02949067896,1,2006,2028,,,,,0,0,0,0,0,,,,0.000252619283,1,2028,2028,0,1,2028,2028,2028,2028,2028,1,1,0.9891518738,0.9891518738,0.01090739619,42,1,38,1,0.1425853967,4,0.006787880135,0,0,8.008031272e-05,0.0001136786774,0.0002738393028,,,,83.93203125,186.9338672,270.8658984,4707.055664,5.171875,0,4712.227539,1.65625,2.368164062,42,5.46875,14.3984375,9.65625,1.198242188,19.8671875,1979263,230.00061,8.605468481,0.024819,50.423946,0.012156,50.460921
109,hybrid[head=topn-frontier reducer=streaming],hybrid,1979263,3299,0.9268292683,1,0.9620253165,34.21052632,0.006969585181,1,1427,1390,600,827,600,790,221,379,379,9640,7620,0.7904564315,1,2.664756,0.0006062862793,0,,790,1,0,0,790,790,790,790,0,0,1.046835443,1.046835443,-0.04577174956,41,1,38,1,0.1403335484,3,0.005376243582,0,0,4.189783231e-05,0.0003536669963,0.0006062862793,,,,49.50453125,58.65869141,108.1632227,2365.709961,752.96875,744.140625,3118.678711,8.828125,15.09277344,379,5.46875,76.5234375,133.4501953,1.405273438,133.4501953,1979263,558.157006,3.546068541,0.109848,13.627595,0.450998,14.188441
110,hl,hl,2001328,3336,1,0.6571428571,0.7931034483,2088.285714,0.2484146946,0.9826388889,48,,,,,,0,0,0,0,0,,,,,,,,,,0,,,,,,,,,,288,0.9714285714,0,1,0,23,0.09272842832,265,0.1636143601,0.0008900791263,0.004031670797,0.0197353957,,,,5.857421875,19.71310547,25.57052734,566.4716797,0.453125,0,566.9248047,0.453125,0.8466796875,23,5.078125,18.84960938,0,1.279296875,23.92773438,2001328,286.484478,6.985816523,0.002999,0.925217,0,0.928216
110,hl#1,hl,2001328,3336,1,0.8857142857,0.9393939394,473.5714286,0.07665940431,0.8385416667,96,,,,,,0,0,0,0,0,,,,,,,,,,0,,,,,,,,,,576,1,0,1,0,31,0.128953375,545,0.2758978039,0.0007028666299,0.004159786289,0.02056434527,,,,11.48828125,39.16064453,50.64892578,1129.203125,0.546875,0,1129.75,0.546875,1.078125,31,5.078125,25.10546875,0,1.793945312,30.18359375,2001328,294.346318,6.799228927,0.004963,1.790016,0,1.794979
110,hl#2,hl,2001328,3336,1,0.9714285714,0.9855072464,42.42857143,0.00685300889,0.945,192,,,,,,0,0,0,0,0,,,,,,,,,,0,,,,,,,,,,1152,1,0,1,0,34,0.1391351143,1118,0.4028999744,0.0004705165701,0.004092209244,0.02055185357,,,,22.75,78.73619141,101.4861914,2254.272461,0.5625,0,2254.834961,0.5625,1.147460938,34,5.078125,37.2265625,0,1.999023438,42.3046875,2001328,281.60651,7.106824342,0.011936,3.721144,0,3.73308
110,hl#3,hl,2001328,3336,1,1,1,16.91428571,0.003542279297,0.9766666667,384,,,,,,0,0,0,0,0,,,,,,,,,,0,,,,,,,,,,2304,1,0,1,0,35,0.1412267255,2269,0.5106139523,0.0002829169608,0.004035049299,0.02054086087,,,,45.2734375,170.9460742,216.2195117,4504.305664,0.578125,0,4504.883789,0.578125,1.180664062,35,5.078125,59.984375,0,2.055664062,65.0625,2001328,257.411056,7.774833106,0.021147,7.752605,0,7.773752
110,ss[policy=difficulty],ss,2001328,3336,0.8974358974,1,0.9459459459,139.4857143,0.02688883836,1,2028,2028,,,,,0,0,0,0,0,,,,0.0002498341102,0,,2028,0,0,0,2028,2028,2028,2028,0,0,1,1,0,39,1,35,1,0.1437040805,4,0.006908412814,0,0,8.398269703e-05,0.0002089862331,0.0002498341102,,,,84.48933594,160.9847461,245.474082,4758.467773,5.0625,0,4763.530273,1.546875,2.217773438,39,5.46875,14.3984375,9.65625,1.099609375,19.8671875,2001328,249.197077,8.031105437,0.03685,50.751973,0.014626,50.803449
110,hybrid[head=topn-frontier reducer=streaming],hybrid,2001328,3336,0.9459459459,1,0.9722222222,66.62857143,0.008516054304,1,1390,1390,600,790,600,790,208,392,392,9640,7880,0.8174273859,0,17.248107,0.0006495686864,0,,790,0,0,0,790,790,790,790,0,0,1,1,0,37,1,35,1,0.1424299265,2,0.003527657635,0,0,5.309987682e-05,0.0003997345762,0.0006495686864,,,,48.564375,43.90285156,92.46722656,2277.639648,950.28125,941.40625,3227.920898,8.875,15.38183594,392,5.46875,76.5234375,133.3134766,1.444335938,133.3134766,2001328,470.040391,4.257778775,0.14681,13.060284,0.453941,13.661035
111,hl,hl,1955895,3260,1,0.619047619,0.7647058824,1039.095238,0.2189952379,0.9583333333,48,,,,,,0,0,0,0,0,,,,,,,,,,0,,,,,,,,,,288,0.9285714286,0,1,0,26,0.0929012038,262,0.1665309232,0.0009008059965,0.003573123223,0.01918507895,,,,5.857421875,19.85304688,25.71046875,566.5390625,0.46875,0,567.0078125,0.46875,0.9140625,26,5.078125,19.39648438,0,1.481445312,24.47460938,1955895,260.075484,7.520489705,0.003044,0.93091,0,0.933954
111,hl#1,hl,1955895,3260,1,0.8095238095,0.8947368421,329.6904762,0.08066072802,0.8246527778,96,,,,,,0,0,0,0,0,,,,,,,,,,0,,,,,,,,,,576,1,0,1,0,34,0.1151687591,542,0.2744554283,0.0006764308809,0.003387316443,0.01915440246,,,,11.48828125,39.16193359,50.65021484,1129.270508,0.5625,0,1129.833008,0.5625,1.145507812,34,5.078125,25.33984375,0,1.997070312,30.41796875,1955895,267.62988,7.308208635,0.009476,1.765261,0,1.774737
111,hl#2,hl,1955895,3260,1,0.9523809524,0.9756097561,75.80952381,0.01975511714,0.9466666667,192,,,,,,0,0,0,0,0,,,,,,,,,,0,,,,,,,,,,1152,1,0,1,0,40,0.1277476552,1112,0.4006559657,0.0004586836987,0.003193691379,0.01925154469,,,,22.75,78.96970703,101.719707,2254.469727,0.65625,0,2255.125977,0.65625,1.344726562,40,5.078125,37.7734375,0,2.336914062,42.8515625,1955895,258.896403,7.554739955,0.012084,3.639308,0,3.651392
111,hl#3,hl,1955895,3260,1,0.9761904762,0.9879518072,13.64285714,0.002836829096,0.9783333333,384,,,,,,0,0,0,0,0,,,,,,,,,,0,,,,,,,,,,2304,1,0,1,0,41,0.1297559429,2263,0.5150583237,0.0002798673032,0.003164779096,0.01924234174,,,,45.2734375,169.7846289,215.0580664,4504.50293,0.671875,0,4505.174805,0.671875,1.377929688,41,5.078125,60.21875,0,2.393554688,65.296875,1955895,234.371287,8.345284207,0.020417,7.574555,0,7.594972
111,ss[policy=difficulty],ss,1955895,3260,0.8936170213,1,0.9438202247,140.4761905,0.03057044556,1,2028,2074,,,,,0,0,0,0,0,,,,0.0002556374448,1,2074,2074,0,0,2074,2074,2074,2074,2074,1,1,0.9778206365,0.9778206365,0.02242902408,47,1,42,1,0.1345522127,5,0.008663553003,0,0,8.267423745e-05,0.0001738334624,0.0002556374448,,,,84.49054688,152.3395898,236.8301367,4758.948242,5.40625,0,4764.354492,1.890625,2.698242188,47,5.46875,14.3984375,9.65625,1.287109375,19.8671875,1955895,225.688346,8.666353556,0.024095,50.573161,0.011454,50.60871
111,hybrid[head=topn-frontier reducer=streaming],hybrid,1955895,3260,0.8936170213,1,0.9438202247,33.38095238,0.008334791293,1,1390,1446,600,790,600,846,214,386,386,9640,7760,0.8049792531,0,17.043942,0.0007137397457,1,846,846,0,1,846,846,846,846,846,1,1,0.9338061466,0.9338061466,0.06848641415,47,1,42,1,0.1322524982,5,0.009374736374,0,0,6.155967233e-05,0.0004352994409,0.0007137397457,,,,48.56671875,43.79613281,92.36285156,2281.933594,950.34375,941.40625,3232.277344,8.9375,15.30859375,386,5.46875,77.0234375,134.0234375,1.572265625,134.0234375,1955895,441.932275,4.425779946,0.116489,13.307384,0.468909,13.892782
112,hl,hl,1977904,3297,1,0.6511627907,0.7887323944,1190.55814,0.1867899778,0.9756944444,48,,,,,,0,0,0,0,0,,,,,,,,,,0,,,,,,,,,,288,0.976744186,0,1,0,28,0.08940979946,260,0.1682280839,0.0008945759838,0.003193207124,0.01407904529,,,,5.857421875,19.62833984,25.48576172,566.5966797,0.5,0,567.0966797,0.5,0.9716796875,28,5.078125,18.38085938,0,1.6171875,23.45898438,1977904,264.519239,7.477354039,0.004386,0.944682,0,0.949068
112,hl#1,hl,1977904,3297,1,0.8837209302,0.9382716049,262.6046512,0.05098342259,0.8489583333,96,,,,,,0,0,0,0,0,,,,,,,,,,0,,,,,,,,,,576,1,0,1,0,38,0.1210609817,538,0.2784948107,0.0006936732507,0.003185815309,0.01831888706,,,,11.48828125,39.13115234,50.61943359,1129.391602,0.625,0,1130.016602,0.625,1.266601562,38,5.078125,24.55859375,0,2.211914062,29.63671875,1977904,274.177493,7.213954648,0.004902,1.817102,0,1.822004
112,hl#2,hl,1977904,3297,1,1,1,36.34883721,0.00675809253,0.955,192,,,,,,0,0,0,0,0,,,,,,,,,,0,,,,,,,,,,1152,1,0,1,0,43,0.1329756146,1109,0.4008394745,0.0004633811537,0.003092456153,0.01829360778,,,,22.75,78.59578125,101.3457813,2254.557617,0.703125,0,2255.260742,0.703125,1.432617188,43,5.078125,36.9140625,0,2.495117188,41.9921875,1977904,267.301267,7.399530957,0.016274,3.722422,0,3.738696
112,hl#3,hl,1977904,3297,1,1,1,15.27906977,0.003379768111,0.97,384,,,,,,0,0,0,0,0,,,,,,,,,,0,,,,,,,,,,2304,1,0,1,0,43,0.1333760385,2261,0.5116400998,0.0002799549211,0.003101768337,0.01826276705,,,,45.2734375,163.7427734,209.0162109,4504.557617,0.703125,0,4505.260742,0.703125,1.432617188,43,5.078125,60.140625,0,2.495117188,65.21875,1977904,242.784163,8.146758732,0.020595,7.721948,0,7.742543
112,ss[policy=difficulty],ss,1977904,3297,0.914893617,1,0.9555555556,144.1162791,0.03208167011,1,2074,2098,,,,,0,0,0,0,0,,,,0.0002527928555,1,2098,2098,0,0,2098,2098,2098,2098,2098,1,1,0.9885605338,0.9885605338,0.01150540017,47,1,43,1,0.1364894353,4,0.007047359225,0,0,8.305589945e-05,0.0001926281559,0.0002527928555,,,,85.66015625,148.7465625,234.4067188,4866.717773,5.375,0,4872.092773,1.859375,2.655273438,47,5.46875,14.3984375,9.65625,1.313476562,19.8671875,1977904,227.839233,8.681138775,0.029905,52.050849,0.009815,52.090569
112,hybrid[head=topn-frontier reducer=streaming],hybrid,1977904,3297,0.9347826087,1,0.9662921348,44,0.01204993957,1,1446,1446,600,846,600,846,216,384,384,9640,7720,0.8008298755,0,17.044033,0.0006572614242,0,,846,0,0,0,846,846,846,846,0,0,1,1,0,46,1,43,1,0.1343128888,3,0.005697445377,0,0,5.394379716e-05,0.0005082821681,0.0006572614242,,,,49.9846875,46.57580078,96.56048828,2402.181641,950.21875,941.40625,3352.400391,8.8125,15.13476562,384,5.46875,76.5234375,133.4599609,1.715820312,133.4599609,1977904,754.877963,2.620163916,0.202012,13.895361,0.4596,14.556973
113,hl,hl,1997144,3329,1,0.8095238095,0.8947368421,1413.357143,0.171643163,0.9583333333,48,,,,,,0,0,0,0,0,,,,,,,,,,0,,,,,,,,,,288,1,0,1,0,34,0.1011038763,254,0.156413859,0.0008941588032,0.002973643422,0.01230507164,,,,5.857421875,19.92257813,25.78,566.7958984,0.59375,0,567.3896484,0.59375,1.170898438,34,5.078125,19.55273438,0,1.729492188,24.63085938,1997144,280.836075,7.111422562,0.004905,1.241825,0,1.24673
113,hl#1,hl,1997144,3329,1,0.880952381,0.9367088608,398.6904762,0.06737104551,0.8420138889,96,,,,,,0,0,0,0,0,,,,,,,,,,0,,,,,,,,,,576,1,0,1,0,37,0.1245453508,539,0.274721302,0.0006931712722,0.003366090561,0.01775585536,,,,11.48828125,39.15658203,50.64486328,1129.393555,0.640625,0,1130.03418,0.640625,1.268554688,37,5.078125,26.35546875,0,2.091796875,31.43359375,1997144,286.758309,6.964554949,0.026097,2.576677,0,2.602774
113,hl#2,hl,1997144,3329,1,0.9761904762,0.9879518072,30.61904762,0.006239731211,0.9533333333,192,,,,,,0,0,0,0,0,,,,,,,,,,0,,,,,,,,,,1152,1,0,1,0,41,0.1372224537,1111,0.3990253081,0.0004654928488,0.003346889114,0.0177303189,,,,22.75,78.69316406,101.4431641,2254.496094,0.671875,0,2255.167969,0.671875,1.37109375,41,5.078125,36.9140625,0,2.38671875,41.9921875,1997144,281.970174,7.082820043,0.019891,5.367932,0,5.387823
113,hl#3,hl,1997144,3329,1,1,1,17.73809524,0.003745174265,0.9666666667,384,,,,,,0,0,0,0,0,,,,,,,,,,0,,,,,,,,,,2304,1,0,1,0,42,0.1387045701,2262,0.5090053597,0.0002811241015,0.003302489765,0.01776637038,,,,45.2734375,166.7312891,212.0047266,4504.52832,0.6875,0,4505.21582,0.6875,1.403320312,42,5.078125,60.21875,0,2.442382812,65.296875,1997144,259.329876,7.701172078,0.030906,9.073769,0,9.104675
113,ss[policy=difficulty],ss,1997144,3329,0.9130434783,1,0.9545454545,169.9761905,0.03656515066,1,2098,2102,,,,,0,0,0,0,0,,,,0.0002503575105,1,2102,2102,0,0,2102,2102,2102,2102,2102,1,1,0.9980970504,0.9980970504,0.001904762481,46,1,42,1,0.1423698041,4,0.006727607023,0,0,8.904019287e-05,0.0001303110842,0.0002503575105,,,,86.26941406,149.3104102,235.5798242,4922.938477,5.359375,0,4928.297852,1.84375,2.625976562,46,5.46875,14.3984375,9.65625,1.295898438,19.8671875,1997144,244.065696,8.182813205,0.03556,76.256691,0.018107,76.310358
113,hybrid[head=topn-frontier reducer=streaming],hybrid,1997144,3329,0.9333333333,1,0.9655172414,16.66666667,0.002952060932,1,1446,1446,600,846,600,846,217,383,383,9640,7700,0.7987551867,1,2.754759,0.0006268952064,0,,846,0,0,0,846,846,846,846,0,0,1,1,0,45,1,42,1,0.1391457001,3,0.005602500371,0,0,3.952310566e-05,0.00047601308,0.0006268952064,,,,49.985625,45.86085937,95.84648437,2420.260742,760.90625,751.953125,3181.166992,8.953125,15.25292969,383,5.46875,76.5234375,133.3525391,1.563476562,133.3525391,1997144,768.812296,2.597700388,0.233358,13.935471,0.474898,14.643727
114,hl,hl,1975891,3294,1,0.641025641,0.78125,1705.641026,0.2211003676,0.9861111111,48,,,,,,0,0,0,0,0,,,,,,,,,,0,,,,,,,,,,288,1,0,1,0,25,0.07352278036,263,0.1674717887,0.000836786698,0.002940911214,0.01250625667,,,,5.857421875,19.62283203,25.48025391,566.5234375,0.484375,0,567.0078125,0.484375,0.8984375,25,5.078125,19.24023438,0,1.345703125,24.31835938,1975891,267.970038,7.373551964,0.003256,0.938959,0,0.942215
114,hl#1,hl,1975891,3294,1,0.8974358974,0.9459459459,468.9230769,0.08003749249,0.8541666667,96,,,,,,0,0,0,0,0,,,,,,,,,,0,,,,,,,,,,576,1,0,1,0,35,0.111270814,541,0.2833157295,0.0006850460824,0.003179166115,0.01594166885,,,,11.48828125,39.15091797,50.63919922,1129.322266,0.609375,0,1129.931641,0.609375,1.197265625,35,5.078125,25.80859375,0,2.008789062,30.88671875,1975891,276.087165,7.156765147,0.005085,1.78639,0,1.791475
114,hl#2,hl,1975891,3294,1,0.9743589744,0.987012987,44.33333333,0.009305105415,0.9583333333,192,,,,,,0,0,0,0,0,,,,,,,,,,0,,,,,,,,,,1152,1,0,1,0,38,0.1220710049,1114,0.4075493031,0.0004597398507,0.003212394867,0.01589814418,,,,22.75,78.57765625,101.3276563,2254.390625,0.625,0,2255.015625,0.625,1.265625,38,5.078125,37.6171875,0,2.2109375,42.6953125,1975891,268.618741,7.355745145,0.015236,3.701059,0,3.716295
114,hl#3,hl,1975891,3294,1,1,1,12.87179487,0.002553824802,0.9816666667,384,,,,,,0,0,0,0,0,,,,,,,,,,0,,,,,,,,,,2304,1,0,1,0,39,0.1243600988,2265,0.5174971696,0.0002785838839,0.003188720482,0.01587688795,,,,45.2734375,164.9582227,210.2316602,4504.423828,0.640625,0,4505.064453,0.640625,1.298828125,39,5.078125,59.515625,0,2.267578125,64.59375,1975891,245.031174,8.063835176,0.020717,7.637631,0,7.658348
114,ss[policy=difficulty],ss,1975891,3294,0.9285714286,1,0.962962963,131.6666667,0.02753951519,1,2102,2128,,,,,0,0,0,0,0,,,,0.000253050396,1,2128,2128,0,0,2128,2128,2128,2128,2128,1,1,0.9877819549,0.9877819549,0.01229329902,42,1,39,1,0.1267838155,3,0.005181966009,0,0,7.754187135e-05,0.0002193103432,0.000253050396,,,,86.37070313,149.4031641,235.7738672,4932.112305,5.234375,0,4937.34668,1.71875,2.424804688,42,5.46875,14.3984375,9.65625,1.168945312,19.8671875,1975891,230.964161,8.554967972,0.025003,53.286321,0.013925,53.325249
114,hybrid[head=topn-frontier reducer=streaming],hybrid,1975891,3294,0.975,1,0.9873417722,12.82051282,0.002947694427,1,1446,1446,600,846,600,846,219,381,381,9640,7660,0.7946058091,1,2.838726,0.0005850525155,0,,846,0,0,0,846,846,846,846,0,0,1,1,0,40,1,39,1,0.1244380383,1,0.00203199468,0,0,2.095257279e-05,0.0005850525155,0.0005850525155,,,,49.98859375,51.00296875,100.9915625,2419.381836,756.90625,748.046875,3176.288086,8.859375,15.17871094,381,5.46875,76.2734375,133.0927734,1.46875,133.0927734,1975891,758.530754,2.604892405,0.110555,13.899094,0.46951,14.479159
115,hl,hl,1936415,3228,1,0.5675675676,0.724137931,1262.567568,0.2565137381,0.9791666667,48,,,,,,0,0,0,0,0,,,,,,,,,,0,,,,,,,,,,288,0.9459459459,0,1,0,21,0.07023081313,267,0.1685852464,0.0008292224291,0.003344324435,0.0146001761,,,,5.857421875,19.69644531,25.55386719,566.3681641,0.390625,0,566.7587891,0.390625,0.7431640625,21,5.078125,19.31835938,0,1.227539062,24.39648438,1936415,271.722168,7.126452046,0.003332,0.953769,0,0.957101
115,hl#1,hl,1936415,3228,1,0.8378378378,0.9117647059,321.3243243,0.07465013022,0.8489583333,96,,,,,,0,0,0,0,0,,,,,,,,,,0,,,,,,,,,,576,1,0,1,0,31,0.09670292783,545,0.2837976364,0.0006605912573,0.003119449285,0.01498387484,,,,11.48828125,39.14533203,50.63361328,1129.161133,0.515625,0,1129.676758,0.515625,1.036132812,31,5.078125,25.73046875,0,1.817382812,30.80859375,1936415,283.602242,6.82792557,0.008959,1.801851,0,1.81081
115,hl#2,hl,1936415,3228,1,0.972972973,0.9863013699,23.2972973,0.005262667737,0.9516666667,192,,,,,,0,0,0,0,0,,,,,,,,,,0,,,,,,,,,,1152,1,0,1,0,36,0.1084974037,1116,0.4110141679,0.0004509649059,0.00301381677,0.01498025991,,,,22.75,78.51507813,101.2650781,2254.329102,0.59375,0,2254.922852,0.59375,1.204101562,36,5.078125,36.3671875,0,2.102539062,41.4453125,1936415,274.983291,7.041936959,0.009114,3.638875,0,3.647989
115,hl#3,hl,1936415,3228,1,1,1,18.18918919,0.003943365231,0.9733333333,384,,,,,,0,0,0,0,0,,,,,,,,,,0,,,,,,,,,,2304,1,0,1,0,37,0.1102960884,2267,0.5252432975,0.0002758417474,0.002980975362,0.01496941513,,,,45.2734375,163.1582617,208.4316992,4504.391602,0.640625,0,4505.032227,0.640625,1.266601562,37,5.078125,60.6875,0,2.125976562,65.765625,1936415,250.780589,7.72155057,0.020465,7.504277,0,7.524742
115,ss[policy=difficulty],ss,1936415,3228,0.9024390244,1,0.9487179487,140.6486486,0.03177764303,1,2128,2198,,,,,0,0,0,0,0,,,,0.0002582091132,1,2198,2198,0,0,2198,2198,2198,2198,2198,1,1,0.9681528662,0.9681528662,0.0323652845,41,1,37,1,0.1130429169,4,0.006966481875,0,0,8.695979111e-05,0.0002194777462,0.0002582091132,,,,87.03125,150.0518359,237.0830859,4992.956055,5.15625,0,4998.112305,1.640625,2.331054688,41,5.46875,14.3984375,9.65625,1.177734375,19.8671875,1936415,234.434859,8.259927761,0.02547,53.254906,0.018035,53.298411
115,hybrid[head=topn-frontier reducer=streaming],hybrid,1936415,3228,0.9487179487,1,0.9736842105,91.78378378,0.02501781297,1,1446,1450,600,846,600,850,219,381,381,9640,7660,0.7946058091,1,3.092812,0.0006692780215,1,850,850,0,0,850,850,850,850,850,1,1,0.9952941176,0.9952941176,0.004716989878,39,1,37,1,0.1121092328,2,0.003816847112,0,0,7.209992931e-05,0.000529070473,0.0006692780215,,,,49.98664062,51.78957031,101.7762109,2404.055664,756.9375,748.046875,3160.993164,8.890625,15.15722656,381,5.46875,76.5234375,133.3525391,1.423828125,133.3525391,1936415,778.782734,2.486463702,0.107938,13.941023,0.472571,14.521532
116,hl,hl,1958186,3264,1,0.7428571429,0.8524590164,1219.714286,0.2039536294,0.9548611111,48,,,,,,0,0,0,0,0,,,,,,,,,,0,,,,,,,,,,288,0.9142857143,0,1,0,26,0.08926322627,262,0.1607222194,0.0008680050198,0.00343320101,0.01578808142,,,,5.857421875,19.86128906,25.71871094,566.53125,0.46875,0,567,0.46875,0.90625,26,5.078125,19.16210938,0,1.5078125,24.24023438,1958186,284.495672,6.883008048,0.003423,0.928468,0,0.931891
116,hl#1,hl,1958186,3264,1,0.8285714286,0.90625,468.6857143,0.09583462914,0.8559027778,96,,,,,,0,0,0,0,0,,,,,,,,,,0,,,,,,,,,,576,1,0,1,0,29,0.1036806514,547,0.2820722853,0.0006697099595,0.003575194875,0.01688910042,,,,11.48828125,39.17335937,50.66164062,1129.129883,0.515625,0,1129.645508,0.515625,1.004882812,29,5.078125,25.02734375,0,1.673828125,30.10546875,1958186,298.170683,6.567332443,0.004948,1.835233,0,1.840181
116,hl#2,hl,1958186,3264,0.9714285714,0.9714285714,0.9714285714,36.82857143,0.007659081745,0.9466666667,192,,,,,,0,0,0,0,0,,,,,,,,,,0,,,,,,,,,,1152,1,0,1,0,35,0.1178994232,1117,0.408123641,0.0004566172432,0.00336855495,0.01684926764,,,,22.75,78.58925781,101.3392578,2254.297852,0.578125,0,2254.875977,0.578125,1.172851562,35,5.078125,37.4609375,0,2.047851562,42.5390625,1958186,282.997296,6.919451273,0.014261,3.656773,0,3.671034
116,hl#3,hl,1958186,3264,1,0.9714285714,0.9855072464,15.57142857,0.003144872312,0.9716666667,384,,,,,,0,0,0,0,0,,,,,,,,,,0,,,,,,,,,,2304,1,0,1,0,34,0.1165369378,2270,0.5228389949,0.0002775069152,0.003427556993,0.01685284238,,,,45.2734375,161.9827148,207.2561523,4504.263672,0.5625,0,4504.826172,0.5625,1.138671875,34,5.078125,60.765625,0,1.990234375,65.84375,1958186,258.654096,7.57067462,0.021668,7.513586,0,7.535254
116,ss[policy=difficulty],ss,1958186,3264,0.9210526316,1,0.9589041096,131.7428571,0.02683849472,1,2198,2198,,,,,0,0,0,0,0,,,,0.0002042706873,0,,2198,0,0,0,2198,2198,2198,2198,0,0,1,1,0,38,1,35,1,0.120443104,3,0.005120555453,0,0,6.734213249e-05,6.809022909e-05,0.0002175482819,,,,88.80839844,151.7685352,240.5769336,5156.985352,5.171875,0,5162.157227,1.65625,2.297851562,38,5.46875,14.3984375,9.65625,1.04296875,19.8671875,1958186,239.840503,8.164534245,0.025739,54.748996,0.014428,54.789163
116,hybrid[head=topn-frontier reducer=streaming],hybrid,1958186,3264,0.9722222222,1,0.985915493,45.71428571,0.01171062781,1,1450,1450,600,850,600,850,208,392,392,9640,7880,0.8174273859,0,17.126977,0.0005106767181,0,,850,0,0,0,850,850,850,850,0,0,1,1,0,36,1,35,1,0.1189054564,1,0.001788389867,0,0,3.120802166e-05,0.0003064060309,0.0005106767181,,,,50.08984375,47.31289063,97.40273437,2428.042969,950.375,941.40625,3378.417969,8.96875,15.43359375,392,5.46875,76.5234375,133.2207031,1.31640625,133.2207031,1958186,868.021206,2.25591954,0.11259,13.808299,0.449516,14.370405
117,hl,hl,1956574,3261,0.9583333333,0.71875,0.8214285714,914.21875,0.1712326737,0.9895833333,48,,,,,,0,0,0,0,0,,,,,,,,,,0,,,,,,,,,,288,0.96875,0,1,0,24,0.07833488537,264,0.1677406528,0.0008544289519,0.003263953557,0.01724749486,,,,5.857421875,20.07154297,25.92896484,566.4658203,0.4375,0,566.9033203,0.4375,0.8408203125,24,5.078125,18.45898438,0,1.330078125,23.53710938,1956574,270.601563,7.230460823,0.004504,1.239286,0,1.24379
117,hl#1,hl,1956574,3261,0.935483871,0.90625,0.9206349206,272.0625,0.06022703146,0.859375,96,,,,,,0,0,0,0,0,,,,,,,,,,0,,,,,,,,,,576,1,0,1,0,31,0.09710800614,545,0.2815457018,0.0006573849097,0.003132516327,0.01738702446,,,,11.48828125,39.16722656,50.65550781,1129.162109,0.515625,0,1129.677734,0.515625,1.037109375,31,5.078125,25.96484375,0,1.818359375,31.04296875,1956574,279.195572,7.007897675,0.004972,1.828116,0,1.833088
117,hl#2,hl,1956574,3261,0.9411764706,1,0.9696969697,19.09375,0.004273387333,0.9533333333,192,,,,,,0,0,0,0,0,,,,,,,,,,0,,,,,,,,,,1152,1,0,1,0,34,0.1039107133,1118,0.4127071095,0.0004484529712,0.003056197451,0.01738804666,,,,22.75,78.46880859,101.2188086,2254.259766,0.5625,0,2254.822266,0.5625,1.134765625,34,5.078125,37.2265625,0,1.986328125,42.3046875,1956574,272.728582,7.174070226,0.013905,3.756515,0,3.77042
117,hl#3,hl,1956574,3261,0.9696969697,1,0.9846153846,14.4375,0.002973027759,0.9733333333,384,,,,,,0,0,0,0,0,,,,,,,,,,0,,,,,,,,,,2304,1,0,1,0,33,0.1023227335,2271,0.5291744652,0.0002740873258,0.003100688894,0.01741462372,,,,45.2734375,158.3520703,203.6255078,4504.227539,0.546875,0,4504.774414,0.546875,1.102539062,33,5.078125,60.296875,0,1.930664062,65.375,1956574,252.943077,7.735234438,0.022066,7.600895,0,7.622961
117,ss[policy=difficulty],ss,1956574,3261,0.8,1,0.8888888889,138.25,0.0309341679,1,2198,2054,,,,,0,0,0,0,0,,,,0.0002172164201,0,,2054,1,0,0,2054,2054,2054,2054,0,0,1.070107108,1.070107108,-0.06775874448,40,1,32,1,0.1028246312,8,0.01397391563,0,0,8.581326339e-05,0.000146429422,0.0002555487296,,,,88.80847656,151.7375586,240.5460352,5157.081055,5.234375,0,5162.31543,1.71875,2.393554688,40,5.46875,14.3984375,9.65625,1.08984375,19.8671875,1956574,234.994855,8.326029095,0.026348,55.033919,0.015334,55.075601
117,hybrid[head=topn-frontier reducer=streaming],hybrid,1956574,3261,0.8648648649,1,0.9275362319,43.75,0.01227901494,1,1450,1447,600,850,600,847,217,383,383,9640,7700,0.7987551867,1,2.630765,0.0006618712096,0,,847,1,0,0,847,847,847,847,0,0,1.003541913,1.003541913,-0.003535654832,37,1,32,1,0.1012790725,5,0.009440481168,0,0,8.144407078e-05,0.0004595788352,0.0006618712096,,,,50.08203125,53.70925781,103.7912891,2426.487305,760.8125,751.953125,3187.299805,8.859375,15.19824219,383,5.46875,76.5234375,133.3427734,1.344726562,133.3427734,1956574,858.494779,2.279075013,0.11635,14.023372,0.456577,14.596299
118,hl,hl,1958264,3264,1,0.7058823529,0.8275862069,1489.441176,0.2026615743,0.96875,48,,,,,,0,0,0,0,0,,,,,,,,,,0,,,,,,,,,,288,1,0,1,0,24,0.07787560819,264,0.1648311974,0.000842731964,0.003244817008,0.01473141517,,,,5.857421875,19.70455078,25.56197266,566.46875,0.4375,0,566.90625,0.4375,0.84375,24,5.078125,18.84960938,0,1.399414062,23.92773438,1958264,278.43253,7.033172453,0.003092,0.944543,0,0.947635
118,hl#1,hl,1958264,3264,1,0.8823529412,0.9375,460.9411765,0.0690268962,0.8472222222,96,,,,,,0,0,0,0,0,,,,,,,,,,0,,,,,,,,,,576,1,0,1,0,30,0.1006610957,546,0.2850489005,0.0006696354101,0.003355369858,0.01835247954,,,,11.48828125,39.14419922,50.63248047,1129.163086,0.53125,0,1129.694336,0.53125,1.038085938,30,5.078125,24.32421875,0,1.731445312,29.40234375,1958264,287.280464,6.816558191,0.009349,1.763721,0,1.77307
118,hl#2,hl,1958264,3264,0.9714285714,1,0.9855072464,78.47058824,0.01211386167,0.9533333333,192,,,,,,0,0,0,0,0,,,,,,,,,,0,,,,,,,,,,1152,1,0,1,0,35,0.1143584318,1117,0.4091327829,0.0004544194572,0.003267383764,0.01836830989,,,,22.75,78.51574219,101.2657422,2254.293945,0.578125,0,2254.87207,0.578125,1.168945312,35,5.078125,37.4609375,0,2.043945312,42.5390625,1958264,283.759242,6.901146148,0.012392,3.661577,0,3.673969
118,hl#3,hl,1958264,3264,1,1,1,13.05882353,0.002810162205,0.9733333333,384,,,,,,0,0,0,0,0,,,,,,,,,,0,,,,,,,,,,2304,1,0,1,0,34,0.1135327004,2270,0.525461327,0.0002773411577,0.00333919707,0.01837596974,,,,45.2734375,160.1264844,205.3999219,4504.261719,0.5625,0,4504.824219,0.5625,1.13671875,34,5.078125,60.6875,0,1.98828125,65.765625,1958264,258.186571,7.584685727,0.020935,7.489465,0,7.5104
118,ss[policy=difficulty],ss,1958264,3264,0.85,1,0.9189189189,121.3823529,0.02612178569,1,2054,2098,,,,,0,0,0,0,0,,,,0.0002553281886,1,2098,2098,0,1,2098,2098,2098,2098,2098,1,1,0.9790276454,0.9790276454,0.02119539847,40,1,34,1,0.1156697973,6,0.0106619945,0,0,8.497322118e-05,0.000215241663,0.0002553281886,,,,85.15398437,172.0208984,257.1748828,4819.486328,5.140625,0,4824.626953,1.625,2.298828125,40,5.46875,14.3984375,9.65625,1.08984375,19.8671875,1958264,239.631704,8.171973772,0.024529,51.512205,0.012119,51.548853
118,hybrid[head=topn-frontier reducer=streaming],hybrid,1958264,3264,0.8947368421,1,0.9444444444,8.823529412,0.001442607012,1,1447,1447,600,847,600,847,218,382,382,9640,7680,0.7966804979,1,2.7651,0.0006638532905,0,,847,0,0,0,847,847,847,847,0,0,1,1,0,38,1,34,1,0.1137155154,4,0.008241483273,0,0,6.208506482e-05,0.0005515088875,0.0006638532905,,,,50.00890625,55.12765625,105.1365625,2404.126953,758.84375,750,3162.970703,8.84375,15.16601562,382,5.46875,76.5234375,133.4208984,1.435546875,133.4208984,1958264,811.832225,2.41215357,0.112088,13.807383,0.454192,14.373663
119,hl,hl,1960302,3268,1,0.6216216216,0.7666666667,1488.72973,0.2281576413,0.9548611111,48,,,,,,0,0,0,0,0,,,,,,,,,,0,,,,,,,,,,288,0.9459459459,0,1,0,23,0.08216285042,265,0.1660886945,0.000861984531,0.003572297844,0.01576491785,,,,5.857421875,19.78775391,25.64517578,566.4658203,0.453125,0,566.9189453,0.453125,0.8408203125,23,5.078125,19.31835938,0,1.274414062,24.39648438,1960302,277.848257,7.055297093,0.003291,0.944802,0,0.948093
119,hl#1,hl,1960302,3268,1,0.8108108108,0.8955223881,259.0810811,0.04989366868,0.8420138889,96,,,,,,0,0,0,0,0,,,,,,,,,,0,,,,,,,,,,576,1,0,1,0,30,0.1100809977,546,0.2837613796,0.0006837541273,0.003669366591,0.02041267111,,,,11.48828125,39.17867187,50.66695312,1129.197266,0.5625,0,1129.759766,0.5625,1.072265625,30,5.078125,25.65234375,0,1.703125,30.73046875,1960302,285.532805,6.865417793,0.004847,1.795763,0,1.80061
119,hl#2,hl,1960302,3268,1,1,1,34.02702703,0.006931964639,0.94,192,,,,,,0,0,0,0,0,,,,,,,,,,0,,,,,,,,,,1152,1,0,1,0,37,0.125668902,1115,0.4029032261,0.0004588299724,0.003396456812,0.02042134324,,,,22.75,78.59927734,101.3492773,2254.362305,0.609375,0,2254.97168,0.609375,1.237304688,37,5.078125,37.0703125,0,2.159179688,42.1484375,1960302,277.687692,7.059376618,0.012252,3.678414,0,3.690666
119,hl#3,hl,1960302,3268,1,1,1,16.75675676,0.003595306747,0.9783333333,384,,,,,,0,0,0,0,0,,,,,,,,,,0,,,,,,,,,,2304,1,0,1,0,37,0.1258204093,2267,0.5160592603,0.0002785936066,0.003400551603,0.0204346065,,,,45.2734375,166.7488672,212.0223047,4504.362305,0.609375,0,4504.97168,0.609375,1.237304688,37,5.078125,60.453125,0,2.159179688,65.53125,1960302,250.788123,7.816566337,0.02,7.605165,0,7.625165
119,ss[policy=difficulty],ss,1960302,3268,0.9736842105,1,0.9866666667,117.1891892,0.02500547847,1,2098,2141,,,,,0,0,0,0,0,,,,0.0002550627403,1,2141,2141,0,0,2141,2141,2141,2141,2141,1,1,0.9799159271,0.9799159271,0.02028849963,38,1,37,1,0.1280272121,1,0.001808904954,0,0,6.357774412e-05,0.0002040501923,0.0002550627403,,,,86.26917969,149.280918,235.5500977,4922.458008,5.015625,0,4927.473633,1.5,2.145507812,38,5.46875,14.3984375,9.65625,1.07421875,19.8671875,1960302,243.271565,8.0580811,0.024758,52.666048,0.012667,52.703473
119,hybrid[head=topn-frontier reducer=streaming],hybrid,1960302,3268,0.9487179487,1,0.9736842105,37.83783784,0.008770020829,1,1447,1447,600,847,600,847,216,384,384,9640,7720,0.8008298755,0,17.060136,0.0006544909917,0,,847,0,0,0,847,847,847,847,0,0,1,1,0,39,1,37,1,0.1265294837,2,0.003595874513,0,0,4.294210136e-05,0.00048028314,0.0006544909917,,,,50.01382813,47.21878906,97.23261719,2407.539062,950.375,941.40625,3357.914062,8.96875,15.234375,384,5.46875,76.5234375,133.2792969,1.350585938,133.2792969,1960302,799.731433,2.451200389,0.110862,13.922128,0.460762,14.493752
120,hl,hl,1961337,3269,1,0.6363636364,0.7777777778,1471.787879,0.1993121192,0.96875,48,,,,,,0,0,0,0,0,,,,,,,,,,0,,,,,,,,,,288,1,0,1,0,21,0.07634333111,267,0.1662626056,0.0008423817245,0.003635396719,0.01414035426,,,,5.857421875,19.56378906,25.42121094,566.3710938,0.390625,0,566.7617188,0.390625,0.74609375,21,5.078125,19.00585938,0,1.198242188,24.08398438,1961337,266.098922,7.370706297,0.003123,0.939275,0,0.942398
120,hl#1,hl,1961337,3269,1,0.9090909091,0.9523809524,164.4545455,0.03350286145,0.8368055556,96,,,,,,0,0,0,0,0,,,,,,,,,,0,,,,,,,,,,576,1,0,1,0,30,0.1086840252,546,0.2817073252,0.0006777627611,0.003622800841,0.0212441819,,,,11.48828125,39.17673828,50.66501953,1129.166992,0.53125,0,1129.698242,0.53125,1.041992188,30,5.078125,25.18359375,0,1.63671875,30.26171875,1961337,276.400574,7.09599467,0.004971,1.766255,0,1.771226
120,hl#2,hl,1961337,3269,1,1,1,31.60606061,0.006274187652,0.9483333333,192,,,,,,0,0,0,0,0,,,,,,,,,,0,,,,,,,,,,1152,1,0,1,0,33,0.1155614767,1119,0.4077769399,0.00045428682,0.00350186293,0.02120798211,,,,22.75,78.72904297,101.479043,2254.232422,0.546875,0,2254.779297,0.546875,1.107421875,33,5.078125,36.6796875,0,1.935546875,41.7578125,1961337,268.308913,7.309995699,0.011971,3.638978,0,3.650949
120,hl#3,hl,1961337,3269,1,1,1,13.54545455,0.002358281361,0.9766666667,384,,,,,,0,0,0,0,0,,,,,,,,,,0,,,,,,,,,,2304,1,0,1,0,33,0.1154890771,2271,0.5266336178,0.0002786990863,0.003499669003,0.02117688087,,,,45.2734375,163.1187695,208.392207,4504.232422,0.546875,0,4504.779297,0.546875,1.107421875,33,5.078125,60.765625,0,1.935546875,65.84375,1961337,244.853085,8.01026052,0.020763,7.518138,0,7.538901
120,ss[policy=difficulty],ss,1961337,3269,0.825,1,0.904109589,128.030303,0.02628127277,1,2141,2144,,,,,0,0,0,0,0,,,,0.0002503394368,1,2144,2144,0,0,2144,2144,2144,2144,2144,1,1,0.9986007463,0.9986007463,0.001400233601,40,1,33,1,0.1176365918,7,0.01206931802,0,0,7.934638463e-05,0.0001456732248,0.0002549281434,,,,87.3596875,150.3366797,237.6963672,5023.334961,5.078125,0,5028.413086,1.5625,2.241210938,40,5.46875,14.3984375,9.65625,1.155273438,19.8671875,1961337,231.969913,8.4551353,0.026146,53.795518,0.018692,53.840356
120,hybrid[head=topn-frontier reducer=streaming],hybrid,1961337,3269,0.8461538462,1,0.9166666667,67.03030303,0.01288120742,1,1447,1447,600,847,600,847,218,382,382,9640,7680,0.7966804979,1,5.392131,0.0006199852448,0,,847,0,0,0,847,847,847,847,0,0,1,1,0,39,1,33,1,0.1166102511,6,0.01083291653,0,0,9.804928592e-05,0.0004493533408,0.0006199852448,,,,50.01140625,45.72330078,95.73470703,2413.525391,758.71875,750,3172.244141,8.71875,15.01757812,382,5.46875,77.0234375,133.7353516,1.358398438,133.7353516,1961337,780.980139,2.511378846,0.123817,21.685931,0.619651,22.429399
121,hl,hl,1967765,3280,1,0.641025641,0.78125,934.7948718,0.1657558706,0.9861111111,48,,,,,,0,0,0,0,0,,,,,,,,,,0,,,,,,,,,,288,1,0,1,0,25,0.08448620643,263,0.165264653,0.0008671904843,0.003379448257,0.01926449551,,,,5.857421875,19.63330078,25.49072266,566.4912109,0.453125,0,566.9443359,0.453125,0.8662109375,25,5.078125,19.24023438,0,1.442382812,24.31835938,1967765,272.433024,7.222931241,0.00333,0.939403,0,0.942733
121,hl#1,hl,1967765,3280,1,0.8974358974,0.9459459459,175.3846154,0.04152193696,0.8663194444,96,,,,,,0,0,0,0,0,,,,,,,,,,0,,,,,,,,,,576,1,0,1,0,35,0.1110645834,541,0.2808013152,0.0006803227407,0.003173273812,0.02162605799,,,,11.48828125,39.14886719,50.63714844,1129.314453,0.609375,0,1129.923828,0.609375,1.189453125,35,5.078125,24.63671875,0,1.999023438,29.71484375,1967765,279.446023,7.041664,0.00846,1.757428,0,1.765888
121,hl#2,hl,1967765,3280,1,0.9743589744,0.987012987,36.87179487,0.009153155454,0.9583333333,192,,,,,,0,0,0,0,0,,,,,,,,,,0,,,,,,,,,,1152,1,0,1,0,38,0.1181111566,1114,0.4084405404,0.0004570761258,0.003108188331,0.02161132046,,,,22.75,78.61423828,101.3642383,2254.383789,0.625,0,2255.008789,0.625,1.258789062,38,5.078125,36.7578125,0,2.204101562,41.8359375,1967765,274.748763,7.162052264,0.013992,3.616319,0,3.630311
121,hl#3,hl,1967765,3280,1,0.9743589744,0.987012987,18.87179487,0.004133177502,0.9816666667,384,,,,,,0,0,0,0,0,,,,,,,,,,0,,,,,,,,,,2304,1,0,1,0,38,0.1180227314,2266,0.5255881673,0.0002793450081,0.003105861352,0.02158845187,,,,45.2734375,160.6640625,205.9375,4504.382812,0.625,0,4505.007812,0.625,1.2578125,38,5.078125,60.140625,0,2.203125,65.21875,1967765,250.295807,7.861757748,0.021247,7.543876,0,7.565123
121,ss[policy=difficulty],ss,1967765,3280,0.9285714286,1,0.962962963,140.3846154,0.03162619327,1,2144,2144,,,,,0,0,0,0,0,,,,0.0002398660409,0,,2144,0,0,0,2144,2144,2144,2144,0,0,1,1,0,42,1,39,1,0.1224373845,3,0.005324822832,0,0,7.921726038e-05,0.0001815934999,0.0002540953823,,,,87.4375,150.3378125,237.7753125,5030.606445,5.296875,0,5035.90332,1.78125,2.481445312,42,5.46875,14.3984375,9.65625,1.166015625,19.8671875,1967765,234.488737,8.391725015,0.026951,53.743522,0.010467,53.78094
121,hybrid[head=topn-frontier reducer=streaming],hybrid,1967765,3280,1,1,1,135.8717949,0.03224383763,1,1447,1379,600,847,600,779,220,380,380,9640,7640,0.7925311203,1,2.795601,0.0005590098411,0,,779,1,0,0,779,779,779,779,0,0,1.087291399,1.087291399,-0.08368964878,39,1,39,1,0.122347943,0,0,0,0,6.904879133e-05,0,0.0005590098411,,,,50.013125,45.50792969,95.52105469,2417.956055,754.9375,746.09375,3172.893555,8.84375,15.13574219,380,5.46875,77.0234375,133.8525391,1.477539062,133.8525391,1967765,788.711525,2.494910924,0.115849,14.026456,0.445242,14.587547
122,hl,hl,1971137,3286,1,0.6388888889,0.7796610169,1406.472222,0.2087212603,0.9652777778,48,,,,,,0,0,0,0,0,,,,,,,,,,0,,,,,,,,,,288,0.9722222222,0,1,0,23,0.08515744974,265,0.167468319,0.0008771728083,0.003702497815,0.01889011266,,,,5.857421875,19.76460937,25.62203125,566.4638672,0.453125,0,566.9169922,0.453125,0.8388671875,23,5.078125,19.63085938,0,1.240234375,24.70898438,1971137,283.10256,6.962625135,0.004248,0.945883,0,0.950131
122,hl#1,hl,1971137,3286,1,0.8611111111,0.9253731343,291.6388889,0.06383427398,0.8368055556,96,,,,,,0,0,0,0,0,,,,,,,,,,0,,,,,,,,,,576,1,0,1,0,31,0.1143537968,545,0.2781638212,0.0006814541979,0.003688832155,0.02138664131,,,,11.48828125,39.13714844,50.62542969,1129.193359,0.546875,0,1129.740234,0.546875,1.068359375,31,5.078125,24.79296875,0,1.784179688,29.87109375,1971137,291.099063,6.771361542,0.007844,1.758217,0,1.766061
122,hl#2,hl,1971137,3286,1,1,1,33.11111111,0.006870073455,0.9416666667,192,,,,,,0,0,0,0,0,,,,,,,,,,0,,,,,,,,,,1152,1,0,1,0,36,0.1254453648,1116,0.4015185144,0.0004574339229,0.003484593466,0.0214099781,,,,22.75,78.65904297,101.409043,2254.326172,0.59375,0,2254.919922,0.59375,1.201171875,36,5.078125,37.3828125,0,2.099609375,42.4609375,1971137,288.779223,6.825757683,0.011836,3.686358,0,3.698194
122,hl#3,hl,1971137,3286,1,1,1,15.05555556,0.002905611166,0.9716666667,384,,,,,,0,0,0,0,0,,,,,,,,,,0,,,,,,,,,,2304,1,0,1,0,36,0.1257030841,2268,0.5147049647,0.0002779548823,0.003491752335,0.02141200738,,,,45.2734375,164.2764258,209.5498633,4504.326172,0.59375,0,4504.919922,0.59375,1.201171875,36,5.078125,59.90625,0,2.099609375,64.984375,1971137,258.07987,7.63770146,0.020774,7.540784,0,7.561558
122,ss[policy=difficulty],ss,1971137,3286,0.9473684211,1,0.972972973,158.0555556,0.0319838236,1,2144,2138,,,,,0,0,0,0,0,,,,0.0002485874904,0,,2138,1,0,0,2138,2138,2138,2138,0,0,1.002806361,1.002806361,-0.002802430606,38,1,36,1,0.1284903079,2,0.003390936297,0,0,8.531010008e-05,0.0001775624931,0.0002536607045,,,,87.43746094,150.3349219,237.7723828,5030.294922,5.046875,0,5035.341797,1.53125,2.169921875,38,5.46875,14.3984375,9.65625,1.075195312,19.8671875,1971137,242.882726,8.115591555,0.025217,53.571358,0.02356,53.620135
122,hybrid[head=topn-frontier reducer=streaming],hybrid,1971137,3286,0.9230769231,1,0.96,165.0833333,0.03416466856,1,1379,1477,600,779,600,877,228,372,372,9640,7480,0.77593361,1,2.955365,0.0007498210424,1,877,877,0,1,877,877,877,877,877,1,1,0.8882554162,0.8882554162,0.1184959465,39,1,36,1,0.1286186602,3,0.005426817111,0,0,0.0001095814243,0.0004195548052,0.0007498210424,,,,48.27929688,43.64367188,91.92296875,2247.515625,739.0625,730.46875,2986.578125,8.59375,14.7109375,372,5.46875,77.0234375,133.8671875,1.413085938,133.8671875,1971137,454.713366,4.334900065,0.118276,12.998057,0.635301,13.751634
123,hl,hl,1954554,3258,1,0.6976744186,0.8219178082,1348.348837,0.1969413017,0.9652777778,48,,,,,,0,0,0,0,0,,,,,,,,,,0,,,,,,,,,,288,0.976744186,0,1,0,30,0.1019352753,258,0.1510564558,0.0008784435108,0.003397842509,0.01714457621,,,,5.857421875,19.63648437,25.49390625,566.6572266,0.53125,0,567.1884766,0.53125,1.032226562,30,5.078125,20.49023438,0,1.696289062,25.56835938,1954554,266.699646,7.328671145,0.003281,0.941717,0,0.944998
123,hl#1,hl,1954554,3258,1,0.9534883721,0.9761904762,214.8604651,0.04167804867,0.8472222222,96,,,,,,0,0,0,0,0,,,,,,,,,,0,,,,,,,,,,576,1,0,1,0,41,0.1398206445,535,0.261795274,0.0006972498585,0.003410259622,0.0194704265,,,,11.48828125,39.15435547,50.64263672,1129.517578,0.703125,0,1130.220703,0.703125,1.392578125,41,5.078125,24.94921875,0,2.34375,30.02734375,1954554,274.133165,7.129943581,0.008483,1.764284,0,1.772767
123,hl#2,hl,1954554,3258,1,1,1,41.53488372,0.00884930139,0.95,192,,,,,,0,0,0,0,0,,,,,,,,,,0,,,,,,,,,,1152,1,0,1,0,43,0.1456869444,1109,0.3865807749,0.0004620379509,0.003388068475,0.01939879891,,,,22.75,78.99953125,101.7495313,2254.552734,0.703125,0,2255.255859,0.703125,1.427734375,43,5.078125,37.9296875,0,2.490234375,43.0078125,1954554,266.815264,7.325495441,0.020431,3.729679,0,3.75011
123,hl#3,hl,1954554,3258,1,1,1,18.81395349,0.003868129896,0.9733333333,384,,,,,,0,0,0,0,0,,,,,,,,,,0,,,,,,,,,,2304,1,0,1,0,43,0.1458685716,2261,0.4998460007,0.0002802580609,0.003392292362,0.01941875231,,,,45.2734375,172.1084375,217.381875,4504.552734,0.703125,0,4505.255859,0.703125,1.427734375,43,5.078125,59.59375,0,2.490234375,64.671875,1954554,239.822421,8.150005291,0.020208,7.617707,0,7.637915
123,ss[policy=difficulty],ss,1954554,3258,0.9772727273,1,0.9885057471,174.1395349,0.03693599536,1,2138,2138,,,,,0,0,0,0,0,,,,0.0002061851451,0,,2138,0,0,0,2138,2138,2138,2138,0,0,1,1,0,44,1,43,1,0.1497779033,1,0.001693480968,0,0,9.288331484e-05,0.0002558128351,0.0002558128351,,,,87.28515625,150.2442969,237.5294531,5016.553711,5.265625,0,5021.819336,1.75,2.491210938,44,5.46875,14.3984375,9.65625,1.248046875,19.8671875,1954554,230.997812,8.461352872,0.026388,53.403884,0.010233,53.440505
123,hybrid[head=topn-frontier reducer=streaming],hybrid,1954554,3258,0.9347826087,1,0.9662921348,79.06976744,0.01356431709,1,1477,1477,600,877,600,877,212,388,388,9640,7800,0.8091286307,0,17.049248,0.000552044098,0,,877,0,0,0,877,877,877,877,0,0,1,1,0,46,1,43,1,0.1476863776,3,0.005545510638,0,0,6.149518109e-05,0.0003630836839,0.000552044098,,,,50.77179687,70.25001953,121.0218164,2485.767578,950.3125,941.40625,3436.080078,8.90625,15.27539062,388,5.46875,77.0234375,133.8867188,1.611328125,133.8867188,1954554,334.765691,5.838573225,0.11358,14.352381,0.457831,14.923792
124,hl,hl,1936036,3227,1,0.619047619,0.7647058824,1153.380952,0.2188295596,0.9722222222,48,,,,,,0,0,0,0,0,,,,,,,,,,0,,,,,,,,,,288,0.9285714286,0,1,0,26,0.09169199333,262,0.165495373,0.0008930116887,0.003526615128,0.01560198261,,,,5.857421875,20.00023438,25.85765625,566.5283203,0.46875,0,566.9970703,0.46875,0.9033203125,26,5.078125,19.63085938,0,1.341796875,24.70898438,1936036,266.995013,7.251206598,0.010438,0.930843,0,0.941281
124,hl#1,hl,1936036,3227,1,0.880952381,0.9367088608,305.1190476,0.0704137088,0.8402777778,96,,,,,,0,0,0,0,0,,,,,,,,,,0,,,,,,,,,,576,1,0,1,0,37,0.1214088994,539,0.2722258264,0.0006833936212,0.003281321606,0.01932350432,,,,11.48828125,39.16064453,50.64892578,1129.383789,0.640625,0,1130.024414,0.640625,1.258789062,37,5.078125,24.24609375,0,2.119140625,29.32421875,1936036,276.622527,6.998837083,0.00483,1.761812,0,1.766642
124,hl#2,hl,1936036,3227,1,1,1,44.52380952,0.01020362484,0.9316666667,192,,,,,,0,0,0,0,0,,,,,,,,,,0,,,,,,,,,,1152,1,0,1,0,42,0.1329489741,1110,0.3918114126,0.000455521169,0.003165451764,0.01931627304,,,,22.75,78.85658203,101.606582,2254.518555,0.6875,0,2255.206055,0.6875,1.393554688,42,5.078125,36.2109375,0,2.432617188,41.2890625,1936036,271.51134,7.130589831,0.014763,3.625119,0,3.639882
124,hl#3,hl,1936036,3227,1,1,1,16.35714286,0.003222411389,0.9766666667,384,,,,,,0,0,0,0,0,,,,,,,,,,0,,,,,,,,,,2304,1,0,1,0,42,0.1333472105,2262,0.5070737321,0.0002779604786,0.003174933583,0.01929716183,,,,45.2734375,169.1440234,214.4174609,4504.518555,0.6875,0,4505.206055,0.6875,1.393554688,42,5.078125,59.4375,0,2.432617188,64.515625,1936036,244.671172,7.912807971,0.022941,7.480049,0,7.50299
124,ss[policy=difficulty],ss,1936036,3227,0.9545454545,1,0.976744186,138.6904762,0.0299946781,1,2138,2138,,,,,0,0,0,0,0,,,,0.0002122894409,0,,2138,0,0,0,2138,2138,2138,2138,0,0,1,1,0,44,1,42,1,0.1362355865,2,0.003508715747,0,0,7.777137503e-05,0.0002066077284,0.0002582596605,,,,87.28515625,150.2225781,237.5077344,5016.644531,5.359375,0,5022.003906,1.84375,2.58203125,44,5.46875,14.3984375,9.65625,1.18359375,19.8671875,1936036,228.767787,8.462887303,0.027316,53.558716,0.017943,53.603975
124,hybrid[head=topn-frontier reducer=streaming],hybrid,1936036,3227,0.976744186,1,0.9882352941,50,0.0115670387,1,1477,1477,600,877,600,877,214,386,386,9640,7760,0.8049792531,0,18.385672,0.0004132154567,0,,877,0,0,0,877,877,877,877,0,0,1,1,0,43,1,42,1,0.1343115521,1,0.001843457456,0,0,3.363381625e-05,0.0003615635246,0.0004132154567,,,,50.76882812,70.24714844,121.0159766,2486.848633,950.4375,941.40625,3437.286133,9.03125,15.45019531,386,5.46875,76.5234375,133.4453125,1.473632812,133.4453125,1936036,331.845523,5.834148318,0.113044,13.954057,0.466486,14.533587
125,hl,hl,1954771,3258,1,0.6571428571,0.7931034483,1169.285714,0.2074222139,0.96875,48,,,,,,0,0,0,0,0,,,,,,,,,,0,,,,,,,,,,288,0.9428571429,0,1,0,23,0.08307008852,265,0.1659667552,0.0008647112629,0.003611742979,0.01511941808,,,,5.857421875,19.55375,25.41117188,566.4316406,0.421875,0,566.8535156,0.421875,0.806640625,23,5.078125,18.30273438,0,1.336914062,23.38085938,1954771,282.073993,6.92999372,0.002891,0.941107,0,0.943998
125,hl#1,hl,1954771,3258,1,0.8285714286,0.90625,227.2,0.05541682828,0.8454861111,96,,,,,,0,0,0,0,0,,,,,,,,,,0,,,,,,,,,,576,1,0,1,0,29,0.1029317501,547,0.2843872761,0.0006724288648,0.003549370692,0.01800722438,,,,11.48828125,39.15425781,50.64253906,1129.12793,0.515625,0,1129.643555,0.515625,1.002929688,29,5.078125,24.55859375,0,1.640625,29.63671875,1954771,298.366387,6.55157915,0.008888,1.783211,0,1.792099
125,hl#2,hl,1954771,3258,1,0.9714285714,0.9855072464,38.77142857,0.008601382317,0.9533333333,192,,,,,,0,0,0,0,0,,,,,,,,,,0,,,,,,,,,,1152,1,0,1,0,34,0.1130597906,1118,0.4110870276,0.0004549885575,0.00332528796,0.01802257144,,,,22.75,78.85582031,101.6058203,2254.262695,0.5625,0,2254.825195,0.5625,1.137695312,34,5.078125,37.1484375,0,1.989257812,42.2265625,1954771,285.426335,6.848600708,0.011184,3.710266,0,3.72145
125,hl#3,hl,1954771,3258,1,1,1,18.48571429,0.003742362816,0.9833333333,384,,,,,,0,0,0,0,0,,,,,,,,,,0,,,,,,,,,,2304,1,0,1,0,35,0.114822657,2269,0.5266647602,0.0002784233582,0.003280647342,0.01803229125,,,,45.2734375,166.1516211,211.4250586,4504.293945,0.578125,0,4504.87207,0.578125,1.168945312,35,5.078125,60.296875,0,2.043945312,65.375,1954771,258.201857,7.570708525,0.020351,7.57367,0,7.594021
125,ss[policy=difficulty],ss,1954771,3258,0.8974358974,1,0.9459459459,147.7428571,0.029912583,1,2138,2138,,,,,0,0,0,0,0,,,,0.0002046275497,0,,2138,0,0,0,2138,2138,2138,2138,0,0,1,1,0,39,1,35,1,0.117563643,4,0.00691231863,0,0,7.832250637e-05,0.0001023137749,0.0002435067842,,,,87.28492187,150.2155078,237.5004297,5016.262695,5.0625,0,5021.325195,1.546875,2.200195312,39,5.46875,14.3984375,9.65625,1.098632812,19.8671875,1954771,237.897256,8.216870732,0.025628,53.667747,0.013244,53.706619
125,hybrid[head=topn-frontier reducer=streaming],hybrid,1954771,3258,0.8974358974,1,0.9459459459,58.42857143,0.01364875588,1,1477,1477,600,877,600,877,211,389,389,9640,7820,0.8112033195,0,17.2589,0.0005627257617,0,,877,0,0,0,877,877,877,877,0,0,1,1,0,39,1,35,1,0.1159644787,4,0.007329758831,0,0,6.153255357e-05,0.0003384028104,0.0005627257617,,,,50.77304687,70.32820313,121.10125,2480.4375,950.296875,941.40625,3430.734375,8.890625,15.3046875,389,5.46875,76.5234375,133.4257812,1.424804688,133.4257812,1954771,345.158191,5.663406087,0.332474,14.863103,0.454592,15.650169
126,hl,hl,1961062,3269,0.9523809524,0.5555555556,0.701754386,1230.416667,0.2297080147,0.9791666667,48,,,,,,0,0,0,0,0,,,,,,,,,,0,,,,,,,,,,288,0.9722222222,0,1,0,21,0.07690220911,267,0.1742290657,0.000871983593,0.003662009958,0.01555534705,,,,5.857421875,19.76685547,25.62427734,566.3974609,0.421875,0,566.8193359,0.421875,0.7724609375,21,5.078125,18.84960938,0,1.192382812,23.92773438,1961062,269.652662,7.272548268,0.003924,0.955629,0,0.959553
126,hl#1,hl,1961062,3269,1,0.8888888889,0.9411764706,246.8888889,0.06215069681,0.8472222222,96,,,,,,0,0,0,0,0,,,,,,,,,,0,,,,,,,,,,576,0.9722222222,0,1,0,32,0.1064968879,544,0.2861296583,0.0006816433094,0.003328027747,0.01957153828,,,,11.48828125,39.15066406,50.63894531,1129.196289,0.53125,0,1129.727539,0.53125,1.071289062,32,5.078125,25.18359375,0,1.875976562,30.26171875,1961062,278.795436,7.034053456,0.010398,3.581313,0,3.591711
126,hl#2,hl,1961062,3269,1,0.9722222222,0.985915493,35.83333333,0.0085585784,0.9466666667,192,,,,,,0,0,0,0,0,,,,,,,,,,0,,,,,,,,,,1152,1,0,1,0,35,0.1132442523,1117,0.4122868119,0.00045619016,0.003235550067,0.01977805903,,,,22.75,78.56724609,101.3172461,2254.296875,0.578125,0,2254.875,0.578125,1.171875,35,5.078125,38.6328125,0,2.046875,43.7109375,1961062,271.689181,7.218034935,0.066349,8.124732,0,8.191081
126,hl#3,hl,1961062,3269,1,1,1,16.11111111,0.003157250286,0.9766666667,384,,,,,,0,0,0,0,0,,,,,,,,,,0,,,,,,,,,,2304,1,0,1,0,36,0.1150274698,2268,0.5264152791,0.0002784039709,0.003195207495,0.01977958881,,,,45.2734375,160.7280078,206.0014453,4504.330078,0.59375,0,4504.923828,0.59375,1.205078125,36,5.078125,61.15625,0,2.103515625,66.234375,1961062,248.158702,7.902451069,0.040862,10.05463,0,10.095492
126,ss[policy=difficulty],ss,1961062,3269,0.9,1,0.9473684211,135.8611111,0.02806524444,1,2138,1942,,,,,0,0,0,0,0,,,,0.0002039711136,0,,1942,1,0,0,1942,1942,1942,1942,0,0,1.10092688,1.10092688,-0.09615244273,40,1,36,1,0.1173828262,4,0.006873826529,0,0,7.254997547e-05,0.0001019855568,0.000250374542,,,,87.28402344,150.2822266,237.56625,5016.367188,5.140625,0,5021.507812,1.625,2.3046875,40,5.46875,14.3984375,9.65625,1.08984375,19.8671875,1961062,230.246693,8.517221136,0.045054,92.02291,0.016277,92.084241
126,hybrid[head=topn-frontier reducer=streaming],hybrid,1961062,3269,0.9473684211,1,0.972972973,76.66666667,0.0177455234,1,1477,1428,600,877,600,828,207,393,393,9640,7900,0.8195020747,0,18.160292,0.0005915162295,0,,828,1,0,0,828,828,828,828,0,0,1.059178744,1.059178744,-0.05749383799,38,1,36,1,0.1162961701,2,0.003981516138,0,0,6.119133408e-05,0.0004589350056,0.0005915162295,,,,50.76761719,70.34710938,121.1147266,2489.595703,950.515625,941.40625,3440.111328,9.109375,15.55664062,393,5.46875,76.5234375,133.2451172,1.551757812,133.2451172,1961062,334.999867,5.853918742,0.247316,22.261823,0.738541,23.24768
127,hl,hl,2016713,3362,1,0.675,0.8059701493,1903.125,0.2209715283,0.9618055556,48,,,,,,0,0,0,0,0,,,,,,,,,,0,,,,,,,,,,288,1,0,1,0,27,0.08042691251,261,0.1667758377,0.0008583428827,0.002978774537,0.008218323579,,,,5.857421875,19.654375,25.51179688,566.5566406,0.484375,0,567.0410156,0.484375,0.931640625,27,5.078125,19.31835938,0,1.556640625,24.39648438,2016713,277.979371,7.25490166,0.009305,0.920171,0,0.929476
127,hl#1,hl,2016713,3362,1,0.9,0.9473684211,350.975,0.05950261227,0.8420138889,96,,,,,,0,0,0,0,0,,,,,,,,,,0,,,,,,,,,,576,1,0,1,0,36,0.121033087,540,0.2771564422,0.000691301266,0.003362030195,0.01807495662,,,,11.48828125,39.18578125,50.6740625,1129.354492,0.625,0,1129.979492,0.625,1.229492188,36,5.078125,24.63671875,0,2.032226562,29.71484375,2016713,285.921948,7.053368984,0.009297,1.780727,0,1.790024
127,hl#2,hl,2016713,3362,0.9756097561,1,0.987654321,27.1,0.005303899128,0.9516666667,192,,,,,,0,0,0,0,0,,,,,,,,,,0,,,,,,,,,,1152,1,0,1,0,41,0.1344430268,1111,0.4005299713,0.0004643862831,0.003279098216,0.01808140276,,,,22.75,78.64591797,101.395918,2254.485352,0.671875,0,2255.157227,0.671875,1.360351562,41,5.078125,37.6953125,0,2.375976562,42.7734375,2016713,274.961607,7.334525798,0.012568,3.626216,0,3.638784
127,hl#3,hl,2016713,3362,0.9756097561,1,0.987654321,19.2,0.003572741417,0.97,384,,,,,,0,0,0,0,0,,,,,,,,,,0,,,,,,,,,,2304,1,0,1,0,41,0.1343393929,2263,0.5136596035,0.0002812495644,0.003276570558,0.01807198149,,,,45.2734375,165.522793,210.7962305,4504.485352,0.671875,0,4505.157227,0.671875,1.360351562,41,5.078125,60.140625,0,2.375976562,65.21875,2016713,250.13703,8.062432819,0.022767,7.472635,0,7.495402
127,ss[policy=difficulty],ss,2016713,3362,0.8888888889,1,0.9411764706,169.05,0.03136613865,1,1942,1942,,,,,0,0,0,0,0,,,,0.0002479281881,0,,1942,0,0,0,1942,1942,1942,1942,0,0,1,1,0,45,1,40,1,0.1360600145,5,0.008761782167,0,0,8.993732761e-05,0.0001388397853,0.0002975138257,,,,82.30824219,145.8247461,228.1329883,4557.301758,5.375,0,4562.676758,1.859375,2.614257812,45,5.46875,14.3984375,9.65625,1.20703125,19.8671875,2016713,238.771705,8.446197593,0.023376,53.943554,0.01269,53.97962
127,hybrid[head=topn-frontier reducer=streaming],hybrid,2016713,3362,0.9523809524,1,0.9756097561,114.8,0.02183444754,1,1428,1463,600,828,600,863,213,387,387,9640,7780,0.8070539419,0,17.064074,0.0006941989267,1,863,863,0,1,863,863,863,863,863,1,1,0.9594438007,0.9594438007,0.0414015367,42,1,40,1,0.1349840062,2,0.004004040238,0,0,8.294968807e-05,0.0006034572098,0.0006941989267,,,,49.5234375,78.51591797,128.0393555,2368.695312,950.328125,941.40625,3319.023438,8.921875,15.3203125,387,5.46875,77.0234375,133.8378906,1.524414062,133.8378906,2016713,330.832664,6.095870268,0.127231,13.589347,0.46117,14.177748
128,hl,hl,1993487,3323,1,0.6052631579,0.7540983607,2064.710526,0.2458806062,0.9722222222,48,,,,,,0,0,0,0,0,,,,,,,,,,0,,,,,,,,,,288,0.9473684211,0,1,0,23,0.07738199446,265,0.1632355767,0.0008354776775,0.003364434542,0.01278011846,,,,5.857421875,19.92701172,25.78443359,566.4316406,0.421875,0,566.8535156,0.421875,0.806640625,23,5.078125,18.22460938,0,1.336914062,23.30273438,1993487,287.300781,6.938675882,0.010252,0.948438,0,0.95869
128,hl#1,hl,1993487,3323,1,0.9473684211,0.972972973,331.4473684,0.04536751349,0.8541666667,96,,,,,,0,0,0,0,0,,,,,,,,,,0,,,,,,,,,,576,1,0,1,0,36,0.1244763573,540,0.2726263076,0.0006894143487,0.00345767659,0.01706156097,,,,11.48828125,39.13845703,50.62673828,1129.326172,0.59375,0,1129.919922,0.59375,1.201171875,36,5.078125,24.32421875,0,2.099609375,29.40234375,1993487,294.269934,6.774348208,0.005123,1.775892,0,1.781015
128,hl#2,hl,1993487,3323,1,1,1,31.21052632,0.006182596447,0.9433333333,192,,,,,,0,0,0,0,0,,,,,,,,,,0,,,,,,,,,,1152,1,0,1,0,38,0.1324147085,1114,0.3989000179,0.0004612107,0.003484597592,0.01736605255,,,,22.75,78.56035156,101.3103516,2254.392578,0.625,0,2255.017578,0.625,1.267578125,38,5.078125,38.2421875,0,2.212890625,43.3203125,1993487,285.442057,6.983858724,0.015692,3.725528,0,3.74122
128,hl#3,hl,1993487,3323,1,1,1,11.39473684,0.00218308001,0.9683333333,384,,,,,,0,0,0,0,0,,,,,,,,,,0,,,,,,,,,,2304,1,0,1,0,38,0.1325596806,2266,0.5119712343,0.0002797443207,0.003488412647,0.01736153785,,,,45.2734375,165.5437891,210.8172266,4504.392578,0.625,0,4505.017578,0.625,1.267578125,38,5.078125,60.296875,0,2.212890625,65.375,1993487,262.772207,7.586369284,0.02107,7.57008,0,7.59115
128,ss[policy=difficulty],ss,1993487,3323,0.8837209302,1,0.9382716049,159.6842105,0.03090120357,1,1942,1949,,,,,0,0,0,0,0,,,,0.0002508167849,1,1949,1949,0,1,1949,1949,1949,1949,1949,1,1,0.9964084146,0.9964084146,0.003598050656,43,1,38,1,0.1355218268,5,0.008632612101,0,0,9.177561146e-05,0.0001804877584,0.0003009801418,,,,82.30738281,145.6982031,228.0055859,4557.052734,5.15625,0,4562.208984,1.640625,2.365234375,43,5.46875,14.3984375,9.65625,1.254882812,19.8671875,1993487,257.493137,7.741903428,0.024731,48.491287,0.015439,48.531457
128,hybrid[head=topn-frontier reducer=streaming],hybrid,1993487,3323,0.9743589744,1,0.987012987,31.05263158,0.008028107664,1,1463,1463,600,863,600,863,208,392,392,9640,7880,0.8174273859,0,17.143224,0.0002508167849,0,,863,0,0,0,863,863,863,863,0,0,1,1,0,39,1,38,1,0.1330698419,1,0.001697026366,0,0,2.16088307e-05,0.0002508167849,0.0002508167849,,,,50.42195313,45.81601562,96.23796875,2442.779297,950.3125,941.40625,3393.091797,8.90625,15.36523438,392,5.46875,76.5234375,133.3525391,1.586914062,133.3525391,1993487,1646.308292,1.210883168,0.216151,14.101236,0.465493,14.78288
129,hl,hl,1962677,3272,1,0.5833333333,0.7368421053,1416.666667,0.2570186217,0.9548611111,48,,,,,,0,0,0,0,0,,,,,,,,,,0,,,,,,,,,,288,0.9444444444,0,1,0,21,0.07090621636,267,0.1691016912,0.0008333607902,0.003376486493,0.01624363051,,,,5.857421875,19.8528125,25.71023437,566.3652344,0.390625,0,566.7558594,0.390625,0.740234375,21,5.078125,18.69335938,0,1.223632812,23.77148438,1962677,276.361378,7.101849811,0.002784,0.925877,0,0.928661
129,hl#1,hl,1962677,3272,1,0.8888888889,0.9411764706,262.5555556,0.06326671559,0.8420138889,96,,,,,,0,0,0,0,0,,,,,,,,,,0,,,,,,,,,,576,0.9722222222,0,1,0,32,0.1022292512,544,0.2831978976,0.0006691443554,0.003194664099,0.01719844885,,,,11.48828125,39.15398438,50.64226563,1129.225586,0.5625,0,1129.788086,0.5625,1.100585938,32,5.078125,25.49609375,0,1.8125,30.57421875,1962677,290.766852,6.750002576,0.008292,1.764639,0,1.772931
129,hl#2,hl,1962677,3272,1,1,1,39.19444444,0.008196884013,0.9433333333,192,,,,,,0,0,0,0,0,,,,,,,,,,0,,,,,,,,,,1152,1,0,1,0,36,0.1113581094,1116,0.4083351463,0.0004511226178,0.003093280815,0.01727436557,,,,22.75,78.60847656,101.3584766,2254.327148,0.59375,0,2254.920898,0.59375,1.202148438,36,5.078125,36.6796875,0,2.100585938,41.7578125,1962677,282.246988,6.953757111,0.011549,3.689901,0,3.70145
129,hl#3,hl,1962677,3272,1,1,1,16.33333333,0.003220384665,0.9833333333,384,,,,,,0,0,0,0,0,,,,,,,,,,0,,,,,,,,,,2304,1,0,1,0,36,0.1112078044,2268,0.5268008949,0.000276913498,0.003089105679,0.0172387,,,,45.2734375,162.5177344,207.7911719,4504.327148,0.59375,0,4504.920898,0.59375,1.202148438,36,5.078125,61.3125,0,2.100585938,66.390625,1962677,254.888654,7.70013482,0.022385,7.554763,0,7.577148
129,ss[policy=difficulty],ss,1962677,3272,0.9230769231,1,0.96,172.0555556,0.03713229642,1,1949,1987,,,,,0,0,0,0,0,,,,0.0002547540935,1,1987,1987,0,0,1987,1987,1987,1987,1987,1,1,0.980875692,0.980875692,0.01930954304,39,1,36,1,0.1144615237,3,0.005134314001,0,0,9.787782916e-05,0.0002204472089,0.0003046858958,,,,82.48617187,145.9044531,228.390625,4573.424805,5.1875,0,4578.612305,1.671875,2.331054688,39,5.46875,14.3984375,9.65625,1.09765625,19.8671875,1962677,247.428199,7.932309284,0.023769,48.65674,0.014868,48.695377
129,hybrid[head=topn-frontier reducer=streaming],hybrid,1962677,3272,0.8780487805,1,0.9350649351,44.44444444,0.01018492559,1,1463,1463,600,863,600,863,210,390,390,9640,7840,0.8132780083,0,17.405359,0.0006623606431,0,,863,0,0,0,863,863,863,863,0,0,1,1,0,41,1,36,1,0.1121208431,5,0.009289862774,0,0,7.561847117e-05,0.0004570288438,0.0006623606431,,,,50.415625,45.82349609,96.23912109,2451.574219,950.4375,941.40625,3402.011719,9.03125,15.49609375,390,5.46875,76.5234375,133.4257812,1.49609375,133.4257812,1962677,1615.389085,1.214987162,0.156698,14.286484,0.461084,14.904266
130,hl,hl,1981686,3303,0.9655172414,0.7567567568,0.8484848485,1366.243243,0.1953542565,0.9652777778,48,,,,,,0,0,0,0,0,,,,,,,,,,0,,,,,,,,,,288,0.972972973,0,1,0,29,0.09185764041,259,0.1601182024,0.0008749161208,0.003167504842,0.01335630367,,,,5.857421875,19.71332031,25.57074219,566.6259766,0.515625,0,567.1416016,0.515625,1.000976562,29,5.078125,19.86523438,0,1.670898438,24.94335938,1981686,277.293681,7.146524194,0.00296,0.952702,0,0.955662
130,hl#1,hl,1981686,3303,1,0.9189189189,0.9577464789,225.1891892,0.04295053751,0.8454861111,96,,,,,,0,0,0,0,0,,,,,,,,,,0,,,,,,,,,,576,1,0,1,0,34,0.1160410882,542,0.2752827643,0.0006793816884,0.003412973184,0.01799982439,,,,11.48828125,39.16939453,50.65767578,1129.293945,0.59375,0,1129.887695,0.59375,1.168945312,34,5.078125,25.65234375,0,1.956054688,30.73046875,1981686,287.555188,6.89149799,0.004879,1.818782,0,1.823661
130,hl#2,hl,1981686,3303,0.9736842105,1,0.9866666667,28.81081081,0.005909759127,0.94,192,,,,,,0,0,0,0,0,,,,,,,,,,0,,,,,,,,,,1152,1,0,1,0,38,0.1255143348,1114,0.4011634537,0.0004571855803,0.00330300881,0.01801849536,,,,22.75,78.64761719,101.3976172,2254.393555,0.625,0,2255.018555,0.625,1.268554688,38,5.078125,36.3671875,0,2.213867188,41.4453125,1981686,280.369242,7.068129107,0.011875,3.776103,0,3.787978
130,hl#3,hl,1981686,3303,1,1,1,18.2972973,0.003421438774,0.975,384,,,,,,0,0,0,0,0,,,,,,,,,,0,,,,,,,,,,2304,1,0,1,0,37,0.1239015666,2267,0.5148898463,0.0002772532174,0.00334869099,0.01802000922,,,,45.2734375,162.4642969,207.7377344,4504.361328,0.609375,0,4504.970703,0.609375,1.236328125,37,5.078125,59.203125,0,2.158203125,64.28125,1981686,256.218732,7.734352538,0.020804,7.737925,0,7.758729
130,ss[policy=difficulty],ss,1981686,3303,0.8604651163,1,0.925,160.3513514,0.03029724163,1,1987,2006,,,,,0,0,0,0,0,,,,0.0002523104064,1,2006,2006,0,0,2006,2006,2006,2006,2006,1,1,0.9905284148,0.9905284148,0.00951672597,43,1,37,1,0.1269252546,6,0.01050065449,0,0,9.309667227e-05,0.0001682069376,0.0002523104064,,,,83.45113281,149.810918,233.2620508,4662.612305,5.25,0,4667.862305,1.734375,2.456054688,43,5.46875,14.3984375,9.65625,1.194335938,19.8671875,1981686,248.453943,7.976069834,0.038315,49.846042,0.013569,49.897926
130,hybrid[head=topn-frontier reducer=streaming],hybrid,1981686,3303,0.9024390244,1,0.9487179487,48.10810811,0.00814356336,1,1463,1463,600,863,600,863,212,388,388,9640,7800,0.8091286307,0,17.129437,0.0004440663152,0,,863,0,0,0,863,863,863,863,0,0,1,1,0,41,1,37,1,0.1248295643,4,0.007090931661,0,0,5.021592478e-05,0.0002901569674,0.0004440663152,,,,50.41632812,45.85466797,96.27099609,2449.570312,950.3125,941.40625,3399.882812,8.90625,15.3046875,388,5.46875,76.5234375,133.3818359,1.692382812,133.3818359,1981686,1631.297477,1.214791311,0.110566,14.163638,0.473095,14.747299
131,hl,hl,1978251,3298,1,0.6666666667,0.8,1207.969697,0.1779661921,0.9756944444,48,,,,,,0,0,0,0,0,,,,,,,,,,0,,,,,,,,,,288,1,0,1,0,22,0.08739487557,266,0.1707053352,0.0008961812873,0.003972494344,0.01873018136,,,,5.857421875,19.91199219,25.76941406,566.3974609,0.40625,0,566.8037109,0.40625,0.7724609375,22,5.078125,19.16210938,0,1.217773438,24.24023438,1978251,286.813912,6.89733279,0.002845,0.945742,0,0.948587
131,hl#1,hl,1978251,3298,1,0.9090909091,0.9523809524,253.9090909,0.04237593218,0.8541666667,96,,,,,,0,0,0,0,0,,,,,,,,,,0,,,,,,,,,,576,1,0,1,0,30,0.1124771326,546,0.2900329635,0.0006988022501,0.003749237753,0.01993579177,,,,11.48828125,39.13636719,50.62464844,1129.15918,0.53125,0,1129.69043,0.53125,1.034179688,30,5.078125,24.87109375,0,1.728515625,29.94921875,1978251,301.341525,6.564813794,0.004992,1.780511,0,1.785503
131,hl#2,hl,1978251,3298,1,1,1,38.15151515,0.00686601606,0.945,192,,,,,,0,0,0,0,0,,,,,,,,,,0,,,,,,,,,,1152,1,0,1,0,33,0.1210144719,1119,0.4100622216,0.0004610040742,0.003667105208,0.01998886896,,,,22.75,78.68759766,101.4375977,2254.226562,0.546875,0,2254.773438,0.546875,1.1015625,33,5.078125,36.6015625,0,1.9296875,41.6796875,1978251,294.42378,6.719059853,0.012235,3.675936,0,3.688171
131,hl#3,hl,1978251,3298,1,1,1,16.90909091,0.002851368933,0.98,384,,,,,,0,0,0,0,0,,,,,,,,,,0,,,,,,,,,,2304,1,0,1,0,33,0.1210442962,2271,0.5234527873,0.000279729637,0.003668008976,0.01997673703,,,,45.2734375,172.6411523,217.9145898,4504.226562,0.546875,0,4504.773438,0.546875,1.1015625,33,5.078125,59.984375,0,1.9296875,65.0625,1978251,264.807795,7.470516493,0.021016,7.605879,0,7.626895
131,ss[policy=difficulty],ss,1978251,3298,0.9428571429,1,0.9705882353,156.6969697,0.02906910465,1,2006,2029,,,,,0,0,0,0,0,,,,0.0002527485137,1,2029,2029,0,0,2029,2029,2029,2029,2029,1,1,0.9886643667,0.9886643667,0.0114003713,35,1,33,1,0.1237795406,2,0.00346568762,0,0,8.190496122e-05,0.0001263742569,0.0002527485137,,,,83.93324219,170.6149609,254.5482031,4706.789062,5.03125,0,4711.820312,1.515625,2.1015625,35,5.46875,14.3984375,9.65625,0.97265625,19.8671875,1978251,253.739918,7.79637282,0.026518,50.958128,0.016599,51.001245
131,hybrid[head=topn-frontier reducer=streaming],hybrid,1978251,3298,1,1,1,33.33333333,0.002716050656,1,1463,1294,600,863,600,694,202,398,398,9640,8000,0.8298755187,0,17.040982,0.0004043976219,0,,694,1,0,0,694,694,694,694,0,0,1.24351585,1.24351585,-0.2179427306,33,1,33,1,0.1217216622,0,0,0,0,1.684990091e-05,0,0.0004043976219,,,,50.41984375,45.80722656,96.22707031,2447.756836,950.375,941.40625,3398.131836,8.96875,15.53027344,398,5.46875,76.2734375,132.9462891,1.34375,132.9462891,1978251,1633.224786,1.211254579,0.11496,14.122447,0.463868,14.701275
132,hl,hl,2004517,3341,1,0.75,0.8571428571,1730.527778,0.195354341,0.9756944444,48,,,,,,0,0,0,0,0,,,,,,,,,,0,,,,,,,,,,288,0.9722222222,0,1,0,27,0.1037421982,261,0.1588063359,0.0009116268546,0.003842303639,0.02045430395,,,,5.857421875,19.63126953,25.48869141,566.5585938,0.484375,0,567.0429688,0.484375,0.93359375,27,5.078125,18.84960938,0,1.555664062,23.92773438,2004517,267.050651,7.506130363,0.00321,0.959985,0,0.963195
132,hl#1,hl,2004517,3341,1,0.9166666667,0.9565217391,463.1111111,0.06797070598,0.8420138889,96,,,,,,0,0,0,0,0,,,,,,,,,,0,,,,,,,,,,576,1,0,1,0,33,0.1322602901,543,0.2784022286,0.0007129557616,0.00400788758,0.02114324797,,,,11.48828125,39.150625,50.63890625,1129.254883,0.578125,0,1129.833008,0.578125,1.129882812,33,5.078125,24.32421875,0,1.89453125,29.40234375,2004517,278.064694,7.208815226,0.010547,1.789126,0,1.799673
132,hl#2,hl,2004517,3341,1,1,1,45.80555556,0.007492048501,0.9433333333,192,,,,,,0,0,0,0,0,,,,,,,,,,0,,,,,,,,,,1152,1,0,1,0,36,0.1436116531,1116,0.3993745127,0.0004713421578,0.003989212586,0.02114723896,,,,22.75,78.78224609,101.5322461,2254.323242,0.59375,0,2254.916992,0.59375,1.198242188,36,5.078125,36.9921875,0,2.096679688,42.0703125,2004517,270.441446,7.412018497,0.013344,3.700588,0,3.713932
132,hl#3,hl,2004517,3341,1,1,1,14.30555556,0.002425852074,0.9666666667,384,,,,,,0,0,0,0,0,,,,,,,,,,0,,,,,,,,,,2304,1,0,1,0,36,0.1437842632,2268,0.5094893184,0.0002835388809,0.003994007312,0.02109735163,,,,45.2734375,170.9395508,216.2129883,4504.323242,0.59375,0,4504.916992,0.59375,1.198242188,36,5.078125,61.390625,0,2.096679688,66.46875,2004517,242.213263,8.275835002,0.021524,7.64902,0,7.670544
132,ss[policy=difficulty],ss,2004517,3341,0.9,1,0.9473684211,169.5277778,0.03066790862,1,2029,2029,,,,,0,0,0,0,0,,,,0.0002494366473,0,,2029,0,0,0,2029,2029,2029,2029,0,0,1,1,0,40,1,36,1,0.1469112011,4,0.006856514562,0,0,9.482334148e-05,0.0001870774855,0.0002494366473,,,,84.51730469,158.4017773,242.919082,4760.856445,5.109375,0,4765.96582,1.59375,2.262695312,40,5.46875,14.3984375,9.65625,1.122070312,19.8671875,2004517,232.279331,8.629769129,0.023909,50.868522,0.0091,50.901531
132,hybrid[head=topn-frontier reducer=streaming],hybrid,2004517,3341,0.9230769231,1,0.96,163.8333333,0.03617407607,1,1294,1433,600,694,600,833,228,372,372,9640,7480,0.77593361,1,2.560303,0.0007996938913,1,833,833,0,1,833,833,833,833,833,1,1,0.8331332533,0.8331332533,0.1825616817,39,1,36,1,0.146808932,3,0.005351413832,0,0,0.0001019236516,0.0003442225733,0.0007996938913,,,,38.12164062,42.69224609,80.81388672,2048.224609,739.15625,730.46875,2787.380859,8.6875,14.84960938,372,5.46875,77.0234375,133.9013672,1.415039062,133.9013672,2004517,386.849722,5.181642602,0.093405,11.62607,0.450778,12.170253
133,hl,hl,1961529,3270,1,0.7567567568,0.8615384615,1482.513514,0.1670204712,0.9756944444,48,,,,,,0,0,0,0,0,,,,,,,,,,0,,,,,,,,,,288,1,0,1,0,28,0.1022044538,260,0.155341063,0.0008942552666,0.003650159063,0.02068233506,,,,5.857421875,19.81144531,25.66886719,566.6298828,0.53125,0,567.1611328,0.53125,1.004882812,28,5.078125,18.53710938,0,1.5859375,23.61523438,1961529,263.824918,7.434964881,0.003384,0.955006,0,0.95839
133,hl#1,hl,1961529,3270,1,1,1,265.6216216,0.03218305935,0.8489583333,96,,,,,,0,0,0,0,0,,,,,,,,,,0,,,,,,,,,,576,1,0,1,0,37,0.1368009344,539,0.2710890331,0.0007081423046,0.003697322551,0.02117480802,,,,11.48828125,39.19283203,50.68111328,1129.419922,0.671875,0,1130.091797,0.671875,1.294921875,37,5.078125,25.80859375,0,2.08984375,30.88671875,1961529,274.146891,7.155029163,0.008502,1.821199,0,1.829701
133,hl#2,hl,1961529,3270,1,1,1,37.27027027,0.00698776723,0.935,192,,,,,,0,0,0,0,0,,,,,,,,,,0,,,,,,,,,,1152,1,0,1,0,37,0.1411368376,1115,0.3917229875,0.0004625519316,0.003814509125,0.0211972395,,,,22.75,78.92541016,101.6754102,2254.357422,0.609375,0,2254.966797,0.609375,1.232421875,37,5.078125,37.4609375,0,2.154296875,42.5390625,1961529,265.506363,7.387879439,0.012784,3.719426,0,3.73221
133,hl#3,hl,1961529,3270,1,1,1,13.7027027,0.002735436727,0.9783333333,384,,,,,,0,0,0,0,0,,,,,,,,,,0,,,,,,,,,,2304,1,0,1,0,37,0.1411378573,2267,0.5037524299,0.0002799002982,0.003814536683,0.02115849422,,,,45.2734375,167.4426562,212.7160937,4504.357422,0.609375,0,4504.966797,0.609375,1.232421875,37,5.078125,59.515625,0,2.154296875,64.59375,1961529,238.513652,8.223969503,0.021638,7.714398,0,7.736036
133,ss[policy=difficulty],ss,1961529,3270,0.925,1,0.961038961,175.7027027,0.03414303066,1,2029,2069,,,,,0,0,0,0,0,,,,0.0002549031903,1,2069,2069,0,0,2069,2069,2069,2069,2069,1,1,0.9806669889,0.9806669889,0.01952233792,40,1,37,1,0.1444240692,3,0.0050735931,0,0,9.176514851e-05,0.0001187848867,0.0002549031903,,,,84.51757812,165.5366016,250.0541797,4760.799805,5.046875,0,4765.84668,1.53125,2.206054688,40,5.46875,14.3984375,9.65625,1.118164062,19.8671875,1961529,233.116773,8.414362359,0.025798,50.670801,0.017935,50.714534
133,hybrid[head=topn-frontier reducer=streaming],hybrid,1961529,3270,0.9487179487,1,0.9736842105,76.32432432,0.01205638645,1,1433,1433,600,833,600,833,233,367,367,9640,7380,0.765560166,1,2.92842,0.0006566306183,0,,833,0,0,0,833,833,833,833,0,0,1,1,0,39,1,37,1,0.1425495111,2,0.003740449415,0,0,6.593495856e-05,0.0005658850825,0.0006566306183,,,,49.65507813,53.78992187,103.445,2375.091797,729.3125,720.703125,3104.404297,8.609375,14.65429688,367,5.46875,76.5234375,133.3427734,1.346679688,133.3427734,1961529,607.528184,3.22870453,0.11615,13.704064,0.461595,14.281809
134,hl,hl,1996285,3328,0.9655172414,0.7567567568,0.8484848485,1198.216216,0.1704199886,0.9722222222,48,,,,,,0,0,0,0,0,,,,,,,,,,0,,,,,,,,,,288,1,0,1,0,29,0.1097473557,259,0.1564130372,0.000924168031,0.003784391576,0.01930385691,,,,5.857421875,19.55550781,25.41292969,566.6582031,0.546875,0,567.2050781,0.546875,1.033203125,29,5.078125,19.24023438,0,1.638671875,24.31835938,1996285,262.478887,7.605506953,0.009564,0.933824,0,0.943388
134,hl#1,hl,1996285,3328,1,0.9459459459,0.9722222222,170.2972973,0.0375014388,0.8368055556,96,,,,,,0,0,0,0,0,,,,,,,,,,0,,,,,,,,,,576,1,0,1,0,35,0.1365381196,541,0.2740896215,0.0007128953837,0.00390108913,0.02041191513,,,,11.48828125,39.15072266,50.63900391,1129.289062,0.578125,0,1129.867188,0.578125,1.1640625,35,5.078125,25.10546875,0,2.0390625,30.18359375,1996285,274.627067,7.269075921,0.004701,1.788473,0,1.793174
134,hl#2,hl,1996285,3328,1,0.972972973,0.9863013699,35.18918919,0.00572632726,0.9333333333,192,,,,,,0,0,0,0,0,,,,,,,,,,0,,,,,,,,,,1152,1,0,1,0,36,0.1393257977,1116,0.400590597,0.000468677426,0.003870161046,0.02037985558,,,,22.75,78.98414062,101.7341406,2254.322266,0.59375,0,2254.916016,0.59375,1.197265625,36,5.078125,37.1484375,0,2.095703125,42.2265625,1996285,266.441551,7.492393707,0.012759,3.650162,0,3.662921
134,hl#3,hl,1996285,3328,1,1,1,21.27027027,0.003973226814,0.9783333333,384,,,,,,0,0,0,0,0,,,,,,,,,,0,,,,,,,,,,2304,1,0,1,0,37,0.1411251399,2267,0.5095685235,0.0002824191248,0.003814192972,0.02038987419,,,,45.2734375,165.0122461,210.2856836,4504.356445,0.609375,0,4504.96582,0.609375,1.231445312,37,5.078125,60.53125,0,2.153320312,65.609375,1996285,242.087927,8.24611547,0.020147,7.573349,0,7.593496
134,ss[policy=difficulty],ss,1996285,3328,0.925,1,0.961038961,196.8108108,0.03569474239,1,2069,2073,,,,,0,0,0,0,0,,,,0.0002504652392,1,2073,2073,0,0,2073,2073,2073,2073,2073,1,1,0.9980704293,0.9980704293,0.00193143469,40,1,37,1,0.1448265153,3,0.005217691863,0,0,0.0001008122588,0.0001282382025,0.0002504652392,,,,85.53214844,149.1137305,234.6458789,4854.703125,5.203125,0,4859.90625,1.6875,2.359375,40,5.46875,14.3984375,9.65625,1.120117188,19.8671875,1996285,229.690663,8.691189158,0.025049,51.666662,0.010375,51.702086
134,hybrid[head=topn-frontier reducer=streaming],hybrid,1996285,3328,0.925,1,0.961038961,67.56756757,0.01333986515,1,1433,1433,600,833,600,833,223,377,377,9640,7580,0.7863070539,1,2.666758,0.0006522114828,0,,833,0,0,0,833,833,833,833,0,0,1,1,0,40,1,37,1,0.1424310657,3,0.005782741442,0,0,7.391229208e-05,0.0005680551625,0.0006522114828,,,,49.6546875,53.34001953,102.994707,2389.870117,749.125,740.234375,3138.995117,8.890625,15.13574219,377,5.46875,76.5234375,133.3769531,1.432617188,133.3769531,1996285,603.868498,3.305827356,0.105492,13.794897,0.453319,14.353708
135,hl,hl,1976998,3295,1,0.7714285714,0.8709677419,781.4,0.1208946022,0.9826388889,48,,,,,,0,0,0,0,0,,,,,,,,,,0,,,,,,,,,,288,0.9714285714,0,1,0,27,0.1031720821,261,0.1591043592,0.000910682088,0.003821188227,0.01777341201,,,,5.857421875,19.63394531,25.49136719,566.5644531,0.484375,0,567.0488281,0.484375,0.939453125,27,5.078125,19.08398438,0,1.530273438,24.16210938,1976998,272.388935,7.257996732,0.009797,0.928153,0,0.93795
135,hl#1,hl,1976998,3295,1,0.9142857143,0.9552238806,168.9428571,0.04037846973,0.8385416667,96,,,,,,0,0,0,0,0,,,,,,,,,,0,,,,,,,,,,576,1,0,1,0,32,0.1215843415,544,0.2774342716,0.0006927406477,0.003799510672,0.01890897209,,,,11.48828125,39.15253906,50.64082031,1129.223633,0.5625,0,1129.786133,0.5625,1.098632812,32,5.078125,26.12109375,0,1.841796875,31.19921875,1976998,283.309744,6.978220982,0.004787,1.788085,0,1.792872
135,hl#2,hl,1976998,3295,0.9722222222,1,0.985915493,35.37142857,0.007060120994,0.9416666667,192,,,,,,0,0,0,0,0,,,,,,,,,,0,,,,,,,,,,1152,1,0,1,0,36,0.1286652794,1116,0.4004440065,0.0004592962551,0.003574035538,0.01889430338,,,,22.75,78.84246094,101.5924609,2254.356445,0.625,0,2254.981445,0.625,1.231445312,36,5.078125,37.1484375,0,2.065429688,42.2265625,1976998,276.109356,7.160199236,0.013535,3.708876,0,3.722411
135,hl#3,hl,1976998,3295,0.9714285714,0.9714285714,0.9714285714,21.31428571,0.004343286719,0.975,384,,,,,,0,0,0,0,0,,,,,,,,,,0,,,,,,,,,,2304,1,0,1,0,35,0.127126077,2269,0.5206742748,0.0002811633472,0.003632173629,0.01892111171,,,,45.2734375,167.2790234,212.5524609,4504.294922,0.578125,0,4504.873047,0.578125,1.169921875,35,5.078125,61.078125,0,2.044921875,66.15625,1976998,249.038919,7.938510205,0.020909,7.582566,0,7.603475
135,ss[policy=difficulty],ss,1976998,3295,0.9210526316,1,0.9589041096,223.6,0.04408314999,1,2073,2098,,,,,0,0,0,0,0,,,,0.000252908703,1,2098,2098,0,0,2098,2098,2098,2098,2098,1,1,0.9880838894,0.9880838894,0.01198767652,38,1,35,1,0.1310314932,3,0.005169453889,0,0,0.0001161516496,0.0001517452218,0.000252908703,,,,85.63296875,148.6810156,234.3139844,4863.827148,4.984375,0,4868.811523,1.46875,2.108398438,38,5.46875,14.3984375,9.65625,1.07421875,19.8671875,1976998,233.063986,8.482640471,0.027646,51.790526,0.014009,51.832181
135,hybrid[head=topn-frontier reducer=streaming],hybrid,1976998,3295,0.9210526316,1,0.9589041096,80,0.01331028296,1,1433,1433,600,833,600,833,211,389,389,9640,7820,0.8112033195,0,17.141357,0.0006069808872,0,,833,0,0,0,833,833,833,833,0,0,1,1,0,38,1,35,1,0.1284892549,3,0.00555539257,0,0,6.789933126e-05,0.0003879619504,0.0006069808872,,,,49.65382812,51.38771484,101.041543,2374.318359,950.421875,941.40625,3324.740234,9.015625,15.40429688,389,5.46875,76.5234375,133.3085938,1.498046875,133.3085938,1976998,607.709987,3.253193204,0.108492,13.680709,0.732827,14.522028
136,hl,hl,2046368,3411,0.9677419355,0.7894736842,0.8695652174,1212.315789,0.1582140869,0.9826388889,48,,,,,,0,0,0,0,0,,,,,,,,,,0,,,,,,,,,,288,1,0,1,0,31,0.1091421484,257,0.1651560228,0.0009524242056,0.003520714466,0.01734194436,,,,5.857421875,19.63796875,25.49539062,566.6875,0.546875,0,567.234375,0.546875,1.0625,31,5.078125,17.75585938,0,1.779296875,22.83398438,2046368,274.650709,7.450801811,0.002985,0.926062,0,0.929047
136,hl#1,hl,2046368,3411,0.9714285714,0.8947368421,0.9315068493,264.6315789,0.04843989162,0.8385416667,96,,,,,,0,0,0,0,0,,,,,,,,,,0,,,,,,,,,,576,1,0,1,0,35,0.1308088281,541,0.2824941555,0.0007175399021,0.003737395089,0.0184854337,,,,11.48828125,39.14839844,50.63667969,1129.288086,0.578125,0,1129.866211,0.578125,1.163085938,35,5.078125,24.32421875,0,2.038085938,29.40234375,2046368,284.038731,7.204538595,0.009599,1.756053,0,1.765652
136,hl#2,hl,2046368,3411,0.9736842105,0.9736842105,0.9736842105,75.89473684,0.01757121372,0.94,192,,,,,,0,0,0,0,0,,,,,,,,,,0,,,,,,,,,,1152,1,0,1,0,38,0.1385669635,1114,0.4004817315,0.0004679242145,0.00364649904,0.01846588688,,,,22.75,78.58173828,101.3317383,2254.387695,0.625,0,2255.012695,0.625,1.262695312,38,5.078125,36.8359375,0,2.208007812,41.9140625,2046368,277.307547,7.379416904,0.012442,3.683346,0,3.695788
136,hl#3,hl,2046368,3411,1,1,1,17.47368421,0.003540275388,0.9716666667,384,,,,,,0,0,0,0,0,,,,,,,,,,0,,,,,,,,,,2304,1,0,1,0,38,0.1386402641,2266,0.5155372836,0.0002839312273,0.003648428003,0.01846344353,,,,45.2734375,163.0402148,208.3136523,4504.389648,0.625,0,4505.014648,0.625,1.264648438,38,5.078125,59.359375,0,2.209960938,64.4375,2046368,252.073941,8.118125943,0.021148,7.605408,0,7.626556
136,ss[policy=difficulty],ss,2046368,3411,0.9743589744,1,0.987012987,188.7368421,0.03685702796,1,2098,2098,,,,,0,0,0,0,0,,,,0.0002443353297,0,,2098,0,0,0,2098,2098,2098,2098,0,0,1,1,0,39,1,38,1,0.1422486083,1,0.001860857871,0,0,9.487728803e-05,0.0001954682638,0.0002443353297,,,,86.26835938,149.2935547,235.5619141,4922.420898,4.96875,0,4927.389648,1.453125,2.108398438,39,5.46875,14.3984375,9.65625,1.161132812,19.8671875,2046368,234.751015,8.717184886,0.032772,52.699048,0.022923,52.754743
136,hybrid[head=topn-frontier reducer=streaming],hybrid,2046368,3411,0.95,1,0.9743589744,63.15789474,0.01560550531,1,1433,1353,600,833,600,753,222,378,378,9640,7600,0.7883817427,1,10.260474,0.0005375377254,0,,753,1,0,0,753,753,753,753,0,0,1.1062417,1.1062417,-0.1009684144,40,1,38,1,0.1399166719,2,0.004011986114,0,0,5.253209589e-05,0.0004642371265,0.0005375377254,,,,49.86765625,57.11699219,106.9846484,2377.460938,750.875,742.1875,3128.335938,8.6875,14.9375,378,5.46875,77.0234375,133.8427734,1.513671875,133.8427734,2046368,615.566893,3.32436332,0.487834,25.499529,1.233913,27.221276
137,hl,hl,2023078,3372,1,0.7291666667,0.843373494,1294.354167,0.1887600856,0.9826388889,48,,,,,,0,0,0,0,0,,,,,,,,,,0,,,,,,,,,,288,1,0,1,0,35,0.1067857987,253,0.1586439079,0.0009216309257,0.003051022819,0.01177512681,,,,5.857421875,19.71728516,25.57470703,566.8554688,0.640625,0,567.4960938,0.640625,1.23046875,35,5.078125,19.39648438,0,1.979492188,24.47460938,2023078,285.438825,7.08760625,0.00318,0.941375,0,0.944555
137,hl#1,hl,2023078,3372,1,0.8958333333,0.9450549451,236.5833333,0.05108770619,0.8524305556,96,,,,,,0,0,0,0,0,,,,,,,,,,0,,,,,,,,,,576,1,0,1,0,43,0.1407834992,533,0.267939249,0.0007095881045,0.003274034865,0.01782086504,,,,11.48828125,39.17130859,50.65958984,1129.583984,0.734375,0,1130.318359,0.734375,1.458984375,43,5.078125,25.57421875,0,2.393554688,30.65234375,2023078,294.013399,6.880904091,0.004964,1.800279,0,1.805243
137,hl#2,hl,2023078,3372,0.9791666667,0.9791666667,0.9791666667,36.875,0.007548944147,0.945,192,,,,,,0,0,0,0,0,,,,,,,,,,0,,,,,,,,,,1152,1,0,1,0,48,0.1508908702,1104,0.3883265994,0.0004680707202,0.003143559797,0.0177986217,,,,22.75,78.69099609,101.4409961,2254.71875,0.78125,0,2255.5,0.78125,1.59375,48,5.078125,37.8515625,0,2.7734375,42.9296875,2023078,285.278105,7.091599266,0.01328,3.70068,0,3.71396
137,hl#3,hl,2023078,3372,0.9795918367,1,0.9896907216,19.97916667,0.004100885564,0.9766666667,384,,,,,,0,0,0,0,0,,,,,,,,,,0,,,,,,,,,,2304,1,0,1,0,49,0.1528690441,2255,0.5001433459,0.0002834255165,0.00311977641,0.0177719297,,,,45.2734375,167.2776367,212.5510742,4504.751953,0.796875,0,4505.548828,0.796875,1.626953125,49,5.078125,59.125,0,2.830078125,64.203125,2023078,261.587724,7.733841516,0.02199,7.644745,0,7.666735
137,ss[policy=difficulty],ss,2023078,3372,0.9411764706,1,0.9696969697,164.2083333,0.03224345483,1,2098,2087,,,,,0,0,0,0,0,,,,0.0002471481574,0,,2087,1,0,0,2087,2087,2087,2087,0,0,1.005270724,1.005270724,-0.005256881879,51,1,48,1,0.1550320848,3,0.00522174627,0,0,8.705430392e-05,0.0001812419821,0.0002471481574,,,,86.26769531,149.2390625,235.5067578,4923.223633,5.5625,0,4928.786133,2.046875,2.911132812,51,5.46875,14.3984375,9.65625,1.346679688,19.8671875,2023078,241.629279,8.372652554,0.02408,52.511098,0.013259,52.548437
137,hybrid[head=topn-frontier reducer=streaming],hybrid,2023078,3372,0.96,1,0.9795918367,110.8125,0.01777033375,1,1353,1438,600,753,600,838,226,374,374,9640,7520,0.7800829876,1,2.721734,0.0007414444722,1,838,838,0,1,838,838,838,838,838,1,1,0.8985680191,0.8985680191,0.1069528727,50,1,48,1,0.1537652033,2,0.003400758646,0,0,5.776346735e-05,0.0001295056345,0.0007414444722,,,,47.62414063,55.75777344,103.3819141,2202.123047,743.0625,734.375,2945.185547,8.6875,14.84960938,374,5.46875,77.0234375,134.1259766,1.704101562,134.1259766,2023078,420.4676,4.811495583,0.164487,12.55854,0.448497,13.171524
138,hl,hl,2056579,3428,1,0.6363636364,0.7777777778,1502.363636,0.1921227265,0.9791666667,48,,,,,,0,0,0,0,0,,,,,,,,,,0,,,,,,,,,,288,0.9772727273,0,1,0,28,0.1082700932,260,0.1644235403,0.0009468528939,0.003866789043,0.01655905268,,,,5.857421875,19.89207031,25.74949219,566.6318359,0.53125,0,567.1630859,0.53125,1.006835938,28,5.078125,18.22460938,0,1.555664062,23.30273438,2056579,276.485245,7.438295667,0.00979,0.928995,0,0.938785
138,hl#1,hl,2056579,3428,0.9761904762,0.9318181818,0.9534883721,373.3409091,0.04059450241,0.8385416667,96,,,,,,0,0,0,0,0,,,,,,,,,,0,,,,,,,,,,576,1,0,1,0,42,0.1496485182,534,0.2621299741,0.0007148932159,0.003563059958,0.01666165025,,,,11.48828125,39.20671875,50.695,1129.556641,0.71875,0,1130.275391,0.71875,1.431640625,42,5.078125,25.02734375,0,2.375,30.10546875,2056579,283.85327,7.24521863,0.013316,1.773042,0,1.786358
138,hl#2,hl,2056579,3428,1,1,1,34.29545455,0.00599203789,0.945,192,,,,,,0,0,0,0,0,,,,,,,,,,0,,,,,,,,,,1152,1,0,1,0,44,0.1595508852,1108,0.3791373927,0.0004676113524,0.003626156483,0.01672048582,,,,22.75,78.61050781,101.3605078,2254.59375,0.71875,0,2255.3125,0.71875,1.46875,44,5.078125,36.6015625,0,2.5546875,41.6796875,2056579,276.582711,7.435674459,0.010938,3.65985,0,3.670788
138,hl#3,hl,2056579,3428,1,1,1,17.38636364,0.003502918494,0.9783333333,384,,,,,,0,0,0,0,0,,,,,,,,,,0,,,,,,,,,,2304,1,0,1,0,44,0.1597171808,2260,0.4933941268,0.0002834684495,0.003629935928,0.01672777948,,,,45.2734375,158.8584961,204.1319336,4504.59375,0.71875,0,4505.3125,0.71875,1.46875,44,5.078125,60.6875,0,2.5546875,65.765625,2056579,251.607851,8.173747329,0.020125,7.457189,0,7.477314
138,ss[policy=difficulty],ss,2056579,3428,0.88,1,0.9361702128,183.0227273,0.03431546097,1,2087,2087,,,,,0,0,0,0,0,,,,0.0002431221947,0,,2087,0,0,0,2087,2087,2087,2087,0,0,1,1,0,50,1,44,1,0.1635448966,6,0.01041486858,0,0,9.581931936e-05,0.0001458733168,0.0002431221947,,,,85.98757812,149.0989453,235.0865234,4897.193359,5.328125,0,4902.521484,1.8125,2.662109375,50,5.46875,14.3984375,9.65625,1.358398438,19.8671875,2056579,233.423256,8.810514579,0.030525,52.580388,0.01513,52.626043
138,hybrid[head=topn-frontier reducer=streaming],hybrid,2056579,3428,0.9565217391,1,0.9777777778,49.90909091,0.009736525205,1,1438,1438,600,838,600,838,206,394,394,9640,7920,0.8215767635,0,17.310726,0.0006321177062,0,,838,0,0,0,838,838,838,838,0,0,1,1,0,46,1,44,1,0.1606969633,2,0.003953166885,0,0,4.963920983e-05,0.0006078054867,0.0006321177062,,,,49.77914062,55.80464844,105.5837891,2386.400391,950.375,941.40625,3336.775391,8.96875,15.48632812,394,5.46875,76.5234375,133.5478516,1.518554688,133.5478516,2056579,656.58938,3.13221484,0.107671,13.850151,0.456672,14.414494
139,hl,hl,2010379,3351,1,0.6111111111,0.7586206897,1322.694444,0.2146611935,0.9583333333,48,,,,,,0,0,0,0,0,,,,,,,,,,0,,,,,,,,,,288,0.9722222222,0,1,0,22,0.09530441772,266,0.166038344,0.0009074401449,0.004332018987,0.01257424595,,,,5.857421875,19.72994141,25.58736328,566.4023438,0.40625,0,566.8085938,0.40625,0.77734375,22,5.078125,19.39648438,0,1.252929688,24.47460938,2010379,270.769865,7.424677779,0.002903,0.946491,0,0.949394
139,hl#1,hl,2010379,3351,0.9705882353,0.9166666667,0.9428571429,311.6666667,0.05894841596,0.8194444444,96,,,,,,0,0,0,0,0,,,,,,,,,,0,,,,,,,,,,576,1,0,1,0,34,0.1275789291,542,0.2696740266,0.0006896752705,0.003752321446,0.01522001573,,,,11.48828125,39.17976563,50.66804688,1129.296875,0.59375,0,1129.890625,0.59375,1.171875,34,5.078125,25.49609375,0,1.959960938,30.57421875,2010379,279.413182,7.195004135,0.009078,1.84871,0,1.857788
139,hl#2,hl,2010379,3351,0.9722222222,0.9722222222,0.9722222222,29,0.005689774561,0.9333333333,192,,,,,,0,0,0,0,0,,,,,,,,,,0,,,,,,,,,,1152,1,0,1,0,36,0.1341816643,1116,0.391763941,0.0004565500046,0.003727268451,0.01518221191,,,,22.75,78.61607422,101.3660742,2254.333008,0.59375,0,2254.926758,0.59375,1.208007812,36,5.078125,37.2265625,0,2.106445312,42.3046875,2010379,273.824792,7.341844343,0.012812,3.756885,0,3.769697
139,hl#3,hl,2010379,3351,0.972972973,1,0.9863013699,16.33333333,0.003002864127,0.975,384,,,,,,0,0,0,0,0,,,,,,,,,,0,,,,,,,,,,2304,1,0,1,0,37,0.1360609119,2267,0.506100591,0.0002787159301,0.003677321943,0.01518071966,,,,45.2734375,163.1126758,208.3861133,4504.365234,0.609375,0,4504.974609,0.609375,1.240234375,37,5.078125,60.21875,0,2.162109375,65.296875,2010379,251.438403,7.995512921,0.02004,7.662888,0,7.682928
139,ss[policy=difficulty],ss,2010379,3351,0.9,1,0.9473684211,164.6388889,0.03069696133,1,2087,2087,,,,,0,0,0,0,0,,,,0.000248709323,0,,2087,0,0,0,2087,2087,2087,2087,0,0,1,1,0,40,1,36,1,0.1371462794,4,0.007027033211,0,0,9.36017537e-05,0.0001989674584,0.000248709323,,,,85.98964844,149.681875,235.6715234,4896.741211,5.046875,0,4901.788086,1.53125,2.209960938,40,5.46875,14.3984375,9.65625,1.155273438,19.8671875,2010379,233.817051,8.598085518,0.035236,52.175203,0.011631,52.22207
139,hybrid[head=topn-frontier reducer=streaming],hybrid,2010379,3351,0.9230769231,1,0.96,55.55555556,0.01070833202,1,1438,1438,600,838,600,838,208,392,392,9640,7880,0.8174273859,0,17.043233,0.0005471605105,0,,838,0,0,0,838,838,838,838,0,0,1,1,0,39,1,36,1,0.1351929164,3,0.005681515774,0,0,5.48435943e-05,0.0003813542952,0.0005471605105,,,,49.97234375,54.57314453,104.5454883,2383.908203,950.5,941.40625,3334.408203,9.09375,15.50976562,392,5.46875,77.0234375,133.7939453,1.415039062,133.7939453,2010379,666.977993,3.014160918,0.10673,13.740384,0.482015,14.329129
140,hl,hl,1777865,2964,1,0.625,0.7692307692,1305.25,0.2263239184,0.9756944444,48,,,,,,0,0,0,0,0,,,,,,,,,,0,,,,,,,,,,288,0.975,0,1,0,25,0.08753251794,263,0.1551866987,0.0008427750576,0.003501300717,0.01621157962,,,,5.857421875,19.58175781,25.43917969,566.53125,0.484375,0,567.015625,0.484375,0.90625,25,5.078125,19.24023438,0,1.384765625,24.31835938,1777865,255.658189,6.954070225,0.009653,0.980689,0,0.990342
140,hl#1,hl,1777865,2964,0.9736842105,0.925,0.9487179487,398.85,0.05934487885,0.8333333333,96,,,,,,0,0,0,0,0,,,,,,,,,,0,,,,,,,,,,576,1,0,1,0,38,0.1229497178,538,0.2629890346,0.0006700325562,0.003235518889,0.01711716019,,,,11.48828125,39.20638672,50.69466797,1129.422852,0.65625,0,1130.079102,0.65625,1.297851562,38,5.078125,25.80859375,0,2.147460938,30.88671875,1777865,265.940399,6.68520092,0.004675,1.843401,0,1.848076
140,hl#2,hl,1777865,2964,1,0.975,0.9873417722,46,0.01128099997,0.9333333333,192,,,,,,0,0,0,0,0,,,,,,,,,,0,,,,,,,,,,1152,1,0,1,0,39,0.1317417239,1113,0.3909627559,0.0004537365276,0.003377992921,0.01716665776,,,,22.75,79.34173828,102.0917383,2254.427734,0.640625,0,2255.068359,0.640625,1.302734375,39,5.078125,38.2421875,0,2.271484375,43.3203125,1777865,258.598299,6.875006552,0.012514,3.762622,0,3.775136
140,hl#3,hl,1777865,2964,0.9523809524,1,0.9756097561,16.625,0.004163789997,0.9783333333,384,,,,,,0,0,0,0,0,,,,,,,,,,0,,,,,,,,,,2304,1,0,1,0,42,0.1368579729,2262,0.5035500446,0.0002779548687,0.003258523164,0.01709409882,,,,45.2734375,157.1553906,202.4288281,4504.523438,0.6875,0,4505.210938,0.6875,1.3984375,42,5.078125,59.28125,0,2.4375,64.359375,1777865,230.194154,7.723328195,0.022095,7.858324,0,7.880419
140,ss[policy=difficulty],ss,1777865,2964,0.9090909091,1,0.9523809524,156.075,0.03582767681,1,2087,2087,,,,,0,0,0,0,0,,,,0.0002249889615,0,,2087,0,0,0,2087,2087,2087,2087,0,0,1,1,0,44,1,40,1,0.1370554007,4,0.007261518732,0,0,9.564587556e-05,0.000174225827,0.0002626746125,,,,85.98828125,149.1174609,235.1057422,4896.993164,5.234375,0,4902.227539,1.71875,2.461914062,44,5.46875,14.3984375,9.65625,1.245117188,19.8671875,1777865,232.302438,7.653234358,0.027297,52.398019,0.021481,52.446797
140,hybrid[head=topn-frontier reducer=streaming],hybrid,1777865,2964,1,1,1,37.45,0.01161702575,1,1438,1438,600,838,600,838,203,397,397,9640,7980,0.8278008299,0,17.153103,0.0005062251633,0,,838,0,0,0,838,838,838,838,0,0,1,1,0,40,1,40,1,0.1343864692,0,0,0,0,2.106459152e-05,0,0.0005062251633,,,,49.7853125,45.03787109,94.82318359,2383.162109,950.515625,941.40625,3333.677734,9.109375,15.66210938,397,5.46875,76.2734375,132.9902344,1.473632812,132.9902344,1777865,627.289852,2.834200162,0.109807,13.716483,0.463873,14.290163
141,hl,hl,2006100,3344,0.9565217391,0.6875,0.8,1168.78125,0.1603839756,0.96875,48,,,,,,0,0,0,0,0,,,,,,,,,,0,,,,,,,,,,288,1,0,1,0,23,0.08223817357,265,0.1633881661,0.0008528692349,0.003575572764,0.01551368327,,,,5.857421875,19.81595703,25.67337891,566.4013672,0.390625,0,566.7919922,0.390625,0.7763671875,23,5.078125,18.77148438,0,1.370117188,23.84960938,2006100,272.706302,7.356265643,0.002915,0.930999,0,0.933914
141,hl#1,hl,2006100,3344,1,0.9375,0.9677419355,255.75,0.04780324187,0.8315972222,96,,,,,,0,0,0,0,0,,,,,,,,,,0,,,,,,,,,,576,1,0,1,0,30,0.1056951299,546,0.2778360999,0.0006658528294,0.003523170995,0.01792383231,,,,11.48828125,39.18441406,50.67269531,1129.131836,0.5,0,1129.631836,0.5,1.006835938,30,5.078125,25.96484375,0,1.764648438,31.04296875,2006100,282.628922,7.097999687,0.004944,1.777058,0,1.782002
141,hl#2,hl,2006100,3344,1,1,1,30.3125,0.005048093825,0.9433333333,192,,,,,,0,0,0,0,0,,,,,,,,,,0,,,,,,,,,,1152,1,0,1,0,32,0.1119739794,1120,0.409340013,0.0004525295072,0.003499186855,0.01789940681,,,,22.75,78.54037109,101.2903711,2254.199219,0.53125,0,2254.730469,0.53125,1.07421875,32,5.078125,36.5234375,0,1.87890625,41.6015625,2006100,277.890142,7.219039818,0.012583,3.678845,0,3.691428
141,hl#3,hl,2006100,3344,1,1,1,14.8125,0.002733232611,0.98,384,,,,,,0,0,0,0,0,,,,,,,,,,0,,,,,,,,,,2304,1,0,1,0,32,0.1118892378,2272,0.5273600518,0.0002774519486,0.003496538682,0.01791336424,,,,45.2734375,157.735293,203.0087305,4504.199219,0.53125,0,4504.730469,0.53125,1.07421875,32,5.078125,61.703125,0,1.87890625,66.78125,2006100,254.13356,7.893880682,0.021007,7.503905,0,7.524912
141,ss[policy=difficulty],ss,2006100,3344,0.8888888889,1,0.9411764706,197.75,0.03591893713,1,2087,2084,,,,,0,0,0,0,0,,,,0.0002492398186,0,,2084,1,0,0,2084,2084,2084,2084,0,0,1.001439539,1.001439539,-0.001438504204,36,1,32,1,0.1150745227,4,0.00733512786,0,0,0.0001139302904,0.0002367778276,0.0002492398186,,,,85.98851563,157.0062695,242.9947852,4896.545898,4.921875,0,4901.467773,1.40625,2.014648438,36,5.46875,14.3984375,9.65625,1.061523438,19.8671875,2006100,237.86653,8.433721213,0.027706,54.669434,0.025182,54.722322
141,hybrid[head=topn-frontier reducer=streaming],hybrid,2006100,3344,0.9142857143,1,0.9552238806,0,0,1,1438,1270,600,838,600,670,212,388,388,9640,7800,0.8091286307,0,34.582809,0.0003987837097,0,,670,1,0,0,670,670,670,670,0,0,1.250746269,1.250746269,-0.2237403881,35,1,32,1,0.1119201436,3,0.005276905438,0,0,2.298703241e-05,0.0002681820448,0.0003987837097,,,,49.78515625,52.59943359,102.3845898,2403.195312,950.3125,941.40625,3353.507812,8.90625,15.3515625,388,5.46875,76.2734375,133.0244141,1.295898438,133.0244141,2006100,667.453772,3.005601413,0.238975,19.704616,0.647664,20.591255
142,hl,hl,2028478,3381,1,0.7804878049,0.8767123288,1353.268293,0.1987292659,0.9722222222,48,,,,,,0,0,0,0,0,,,,,,,,,,0,,,,,,,,,,288,0.9756097561,0,1,0,32,0.09453048049,256,0.1576354291,0.000875576075,0.002954077515,0.01521386971,,,,5.857421875,19.68609375,25.54351563,566.7666016,0.59375,0,567.3603516,0.59375,1.141601562,32,5.078125,19.47460938,0,1.817382812,24.55273438,2028478,271.452224,7.472688822,0.015308,0.9394,0,0.954708
142,hl#1,hl,2028478,3381,1,0.9268292683,0.9620253165,240.7560976,0.0446080467,0.8263888889,96,,,,,,0,0,0,0,0,,,,,,,,,,0,,,,,,,,,,576,1,0,1,0,38,0.1221294981,538,0.2755696636,0.0006904499334,0.00321393416,0.01821957152,,,,11.48828125,39.21703125,50.7053125,1129.429688,0.65625,0,1130.085938,0.65625,1.3046875,38,5.078125,26.12109375,0,2.186523438,31.19921875,2028478,279.400996,7.260095809,0.004802,1.789559,0,1.794361
142,hl#2,hl,2028478,3381,1,1,1,37.85365854,0.007351459291,0.9366666667,192,,,,,,0,0,0,0,0,,,,,,,,,,0,,,,,,,,,,1152,1,0,1,0,41,0.1302444493,1111,0.3973816822,0.0004580087947,0.003176693885,0.01826344678,,,,22.75,78.62611328,101.3761133,2254.49707,0.671875,0,2255.168945,0.671875,1.372070312,41,5.078125,37.3828125,0,2.387695312,42.4609375,2028478,273.944465,7.404705184,0.014739,3.668513,0,3.683252
142,hl#3,hl,2028478,3381,1,1,1,17.43902439,0.003124235857,0.9766666667,384,,,,,,0,0,0,0,0,,,,,,,,,,0,,,,,,,,,,2304,1,0,1,0,41,0.1302952263,2263,0.5147189173,0.0002799540554,0.003177932348,0.01821612066,,,,45.2734375,157.1186328,202.3920703,4504.49707,0.671875,0,4505.168945,0.671875,1.372070312,41,5.078125,59.515625,0,2.387695312,64.59375,2028478,251.898498,8.052759409,0.020963,7.498947,0,7.51991
142,ss[policy=difficulty],ss,2028478,3381,0.8541666667,1,0.9213483146,151.6341463,0.02843658634,1,2084,2084,,,,,0,0,0,0,0,,,,0.0002464902257,0,,2084,0,0,0,2084,2084,2084,2084,0,0,1,1,0,48,1,41,1,0.1335035431,7,0.01211252969,0,0,8.652833964e-05,0.0001555001195,0.0002464902257,,,,85.91363281,153.8427539,239.7563867,4890.191406,5.390625,0,4895.582031,1.875,2.69140625,48,5.46875,14.3984375,9.65625,1.340820312,19.8671875,2028478,232.817684,8.712731633,0.025125,54.466249,0.017557,54.508931
142,hybrid[head=topn-frontier reducer=streaming],hybrid,2028478,3381,0.9111111111,1,0.9534883721,78.04878049,0.01336193991,1,1270,1492,600,670,600,892,234,366,366,9640,7360,0.7634854772,1,3.772086,0.0008873648124,1,892,892,0,1,892,892,892,892,892,1,1,0.7511210762,0.7511210762,0.2861884202,45,1,41,1,0.132016221,4,0.008352567787,0,0,0.0001011376784,0.0007434145206,0.0008873648124,,,,37.543125,40.85363281,78.39675781,1999.5,727.1875,718.75,2726.6875,8.4375,14.484375,366,5.46875,77.0234375,133.9892578,1.551757812,133.9892578,2028478,388.67693,5.218930797,0.095307,11.249255,0.468693,11.813255
143,hl,hl,2143481,3573,1,0.7111111111,0.8311688312,1396,0.2006836811,0.9583333333,48,,,,,,0,0,0,0,0,,,,,,,,,,0,,,,,,,,,,288,0.9333333333,0,1,0,32,0.1175335821,256,0.1621922471,0.0009712702401,0.003672924439,0.02340585244,,,,5.857421875,19.74173828,25.59916016,566.6933594,0.53125,0,567.2246094,0.53125,1.068359375,32,5.078125,18.53710938,0,1.873046875,23.61523438,2143481,294.412869,7.280527537,0.00931,0.936309,0,0.945619
143,hl#1,hl,2143481,3573,1,0.9333333333,0.9655172414,275.4666667,0.05421086871,0.828125,96,,,,,,0,0,0,0,0,,,,,,,,,,0,,,,,,,,,,576,1,0,1,0,42,0.1508816733,534,0.2680662903,0.0007273402146,0.003592420793,0.02362838766,,,,11.48828125,39.19091797,50.67919922,1129.550781,0.71875,0,1130.269531,0.71875,1.42578125,42,5.078125,24.40234375,0,2.400390625,29.48046875,2143481,310.08017,6.912667134,0.004835,1.783622,0,1.788457
143,hl#2,hl,2143481,3573,1,1,1,34.11111111,0.006699241599,0.9416666667,192,,,,,,0,0,0,0,0,,,,,,,,,,0,,,,,,,,,,1152,1,0,1,0,45,0.1589643202,1107,0.3915266802,0.0004778567712,0.003532540449,0.02362232275,,,,22.75,78.43068359,101.1806836,2254.620117,0.734375,0,2255.354492,0.734375,1.495117188,45,5.078125,37.4609375,0,2.604492188,42.5390625,2143481,298.541106,7.179852144,0.014081,3.648485,0,3.662566
143,hl#3,hl,2143481,3573,1,1,1,15.77777778,0.003261595502,0.9816666667,384,,,,,,0,0,0,0,0,,,,,,,,,,0,,,,,,,,,,2304,1,0,1,0,45,0.1591430015,2259,0.5055804087,0.0002885084246,0.003536511144,0.02362325582,,,,45.2734375,157.1475781,202.4210156,4504.620117,0.734375,0,4505.354492,0.734375,1.495117188,45,5.078125,59.28125,0,2.604492188,64.359375,2143481,275.048992,7.793088004,0.020837,7.552928,0,7.573765
143,ss[policy=difficulty],ss,2143481,3573,0.8823529412,1,0.9375,192.7111111,0.03774229161,1,2084,2084,,,,,0,0,0,0,0,,,,0.000233265422,0,,2084,0,0,0,2084,2084,2084,2084,0,0,1,1,0,51,1,45,1,0.1632410084,6,0.01042136599,0,0,9.945339874e-05,0.0001710613095,0.000233265422,,,,85.91242188,149.1498242,235.0622461,4890.463867,5.625,0,4896.088867,2.109375,2.963867188,51,5.46875,14.3984375,9.65625,1.346679688,19.8671875,2143481,250.537568,8.555527289,0.026224,54.198028,0.024355,54.248607
143,hybrid[head=topn-frontier reducer=streaming],hybrid,2143481,3573,0.9375,1,0.9677419355,135.2444444,0.02612983355,1,1492,1492,600,892,600,892,207,393,393,9640,7900,0.8195020747,0,31.311432,0.0005598370128,0,,892,0,0,0,892,892,892,892,0,0,1,1,0,48,1,45,1,0.1620345597,3,0.005267599759,0,0,9.024456013e-05,0.00049747739,0.0005598370128,,,,51.3621875,70.64017578,122.0023633,2522.670898,950.359375,941.40625,3473.030273,8.953125,15.37402344,393,5.46875,77.0234375,133.9160156,1.533203125,133.9160156,2143481,357.115955,6.002198922,0.136493,25.817376,0.834277,26.788146
144,hl,hl,1795418,2993,0.9310344828,0.84375,0.8852459016,1166.34375,0.1662439415,0.9618055556,48,,,,,,0,0,0,0,0,,,,,,,,,,0,,,,,,,,,,288,1,0,1,0,29,0.08668733409,259,0.1549867496,0.0008391461239,0.002989218417,0.01989230363,,,,5.857421875,19.57730469,25.43472656,566.6552734,0.546875,0,567.2021484,0.546875,1.030273438,29,5.078125,20.41210938,0,1.606445312,25.49023438,1795418,235.160486,7.634862602,0.003445,0.977543,0,0.980988
144,hl#1,hl,1795418,2993,0.935483871,0.90625,0.9206349206,457.46875,0.05473826815,0.8211805556,96,,,,,,0,0,0,0,0,,,,,,,,,,0,,,,,,,,,,576,1,0,1,0,31,0.1006941002,545,0.281937688,0.000664291299,0.003248196781,0.02074113103,,,,11.48828125,39.19882812,50.68710937,1129.19043,0.546875,0,1129.737305,0.546875,1.065429688,31,5.078125,25.88671875,0,1.783203125,30.96484375,1795418,248.10134,7.236631612,0.008785,1.831958,0,1.840743
144,hl#2,hl,1795418,2993,1,1,1,37.28125,0.0069541,0.9516666667,192,,,,,,0,0,0,0,0,,,,,,,,,,0,,,,,,,,,,1152,1,0,1,0,32,0.1088242404,1120,0.4125663216,0.0004525959739,0.003400757512,0.02070548474,,,,22.75,79.35351562,102.1035156,2254.227539,0.5625,0,2254.790039,0.5625,1.102539062,32,5.078125,38.0078125,0,1.84375,43.0859375,1795418,238.943506,7.513985335,0.012883,3.711829,0,3.724712
144,hl#3,hl,1795418,2993,1,1,1,14.46875,0.00297406305,0.9766666667,384,,,,,,0,0,0,0,0,,,,,,,,,,0,,,,,,,,,,2304,1,0,1,0,32,0.1091183223,2272,0.5318009511,0.000278176768,0.003409947572,0.02072999157,,,,45.2734375,157.1475781,202.4210156,4504.196289,0.53125,0,4504.727539,0.53125,1.071289062,32,5.078125,59.90625,0,1.875976562,64.984375,1795418,212.368185,8.454270116,0.021114,7.577031,0,7.598145
144,ss[policy=difficulty],ss,1795418,2993,0.7804878049,1,0.8767123288,164.5625,0.03458197171,1,2084,2084,,,,,0,0,0,0,0,,,,0.0002227893449,0,,2084,0,0,0,2084,2084,2084,2084,0,0,1,1,0,41,1,32,1,0.1120552428,9,0.01555403811,0,0,9.847560738e-05,0.0001227197975,0.0002239032916,,,,85.91265625,149.0555273,234.9681836,4889.834961,5.15625,0,4894.991211,1.640625,2.334960938,41,5.46875,14.3984375,9.65625,1.14453125,19.8671875,1795418,207.63285,8.647080652,0.024764,52.659179,0.01478,52.698723
144,hybrid[head=topn-frontier reducer=streaming],hybrid,1795418,2993,0.9411764706,1,0.9696969697,12.5,0.002407111629,1,1492,1492,600,892,600,892,204,396,396,9640,7960,0.8257261411,0,17.170311,0.0003898813535,0,,892,0,0,0,892,892,892,892,0,0,1,1,0,34,1,32,1,0.1093450105,2,0.003684378791,0,0,2.129604032e-05,0.000250638013,0.0003898813535,,,,51.1559375,71.61892578,122.7748633,2517.967773,950.53125,941.40625,3468.499023,9.125,15.62402344,396,5.46875,76.2734375,132.8339844,1.396484375,132.8339844,1795418,302.394441,5.937337982,0.120143,14.433816,0.462807,15.016766
145,hl,hl,2076886,3462,1,0.7941176471,0.8852459016,1825.382353,0.1639317172,0.9618055556,48,,,,,,0,0,0,0,0,,,,,,,,,,0,,,,,,,,,,288,1,0,1,0,27,0.1019502274,261,0.1678806636,0.0009369128162,0.003775934348,0.0172450486,,,,5.857421875,19.68353516,25.54095703,566.6259766,0.546875,0,567.1728516,0.546875,1.000976562,27,5.078125,18.38085938,0,1.49609375,23.45898438,2076886,280.872086,7.394419394,0.002879,0.924756,0,0.927635
145,hl#1,hl,2076886,3462,1,0.9411764706,0.9696969697,373.3823529,0.04441610993,0.8385416667,96,,,,,,0,0,0,0,0,,,,,,,,,,0,,,,,,,,,,576,1,0,1,0,32,0.1313480855,544,0.2800591848,0.0007142487332,0.004104627673,0.02066988751,,,,11.48828125,39.20476563,50.69304688,1129.260742,0.59375,0,1129.854492,0.59375,1.135742188,32,5.078125,26.19921875,0,1.810546875,31.27734375,2076886,287.445024,7.225332939,0.004926,1.79329,0,1.798216
145,hl#2,hl,2076886,3462,1,1,1,39.23529412,0.005772889737,0.945,192,,,,,,0,0,0,0,0,,,,,,,,,,0,,,,,,,,,,1152,1,0,1,0,34,0.1398598671,1118,0.4033606081,0.0004715455514,0.004113525504,0.02069540649,,,,22.75,78.556875,101.306875,2254.263672,0.5625,0,2254.826172,0.5625,1.138671875,34,5.078125,38.3203125,0,1.990234375,43.3984375,2076886,279.741607,7.424301384,0.012919,3.619421,0,3.63234
145,hl#3,hl,2076886,3462,1,1,1,18.85294118,0.003159075413,0.97,384,,,,,,0,0,0,0,0,,,,,,,,,,0,,,,,,,,,,2304,1,0,1,0,34,0.1395627878,2270,0.5166918165,0.0002848327275,0.004104787875,0.02066507261,,,,45.2734375,159.485957,204.7593945,4504.263672,0.5625,0,4504.826172,0.5625,1.138671875,34,5.078125,61,0,1.990234375,66.078125,2076886,256.94801,8.082903619,0.020811,7.594766,0,7.615577
145,ss[policy=difficulty],ss,2076886,3462,0.8947368421,1,0.9444444444,181.4411765,0.03096157584,1,2084,2046,,,,,0,0,0,0,0,,,,0.0002407450385,0,,2046,1,0,0,2046,2046,2046,2046,0,0,1.018572825,1.018572825,-0.01840245636,38,1,34,1,0.1425306926,4,0.006981124626,0,0,0.0001009608667,0.0002165501621,0.0002407450385,,,,85.91214844,150.6226172,236.5347656,4889.704102,5.078125,0,4894.782227,1.5625,2.204101562,38,5.46875,14.3984375,9.65625,1.077148438,19.8671875,2076886,235.808856,8.807497883,0.034448,51.67679,0.017196,51.728434
145,hybrid[head=topn-frontier reducer=streaming],hybrid,2076886,3462,0.9444444444,1,0.9714285714,94.23529412,0.02016026165,1,1492,1492,600,892,600,892,212,388,388,9640,7800,0.8091286307,0,17.19629,0.0005325280251,0,,892,0,0,0,892,892,892,892,0,0,1,1,0,36,1,34,1,0.1411030745,2,0.003497062429,0,0,6.566989661e-05,0.0004107110357,0.0005325280251,,,,51.15625,70.63724609,121.7934961,2527.413086,950.3125,941.40625,3477.725586,8.90625,15.31152344,388,5.46875,76.5234375,133.2548828,1.373046875,133.2548828,2076886,341.050148,6.089679222,0.117041,14.467104,0.446096,15.030241
146,hl,hl,1988292,3314,1,0.6578947368,0.7936507937,1382.421053,0.2069737516,0.9618055556,48,,,,,,0,0,0,0,0,,,,,,,,,,0,,,,,,,,,,288,1,0,1,0,25,0.07251299105,263,0.1682977148,0.0008361482843,0.002900519642,0.01392049055,,,,5.857421875,19.59085938,25.44828125,566.5039062,0.453125,0,566.9570312,0.453125,0.87890625,25,5.078125,19.47460938,0,1.456054688,24.55273438,1988292,276.626207,7.18764871,0.002812,0.936844,0,0.939656
146,hl#1,hl,1988292,3314,1,0.7894736842,0.8823529412,398.4210526,0.07606533804,0.8333333333,96,,,,,,0,0,0,0,0,,,,,,,,,,0,,,,,,,,,,576,1,0,1,0,30,0.09434781209,546,0.2937239601,0.0006737357155,0.00314492707,0.02072733784,,,,11.48828125,39.23271484,50.72099609,1129.164062,0.53125,0,1129.695312,0.53125,1.0390625,30,5.078125,25.18359375,0,1.731445312,30.26171875,1988292,285.441448,6.965673745,0.005026,1.770454,0,1.77548
146,hl#2,hl,1988292,3314,1,0.9210526316,0.9589041096,44.07894737,0.01071825948,0.94,192,,,,,,0,0,0,0,0,,,,,,,,,,0,,,,,,,,,,1152,1,0,1,0,35,0.1077366906,1117,0.4159987567,0.0004546314647,0.00307819116,0.02075600566,,,,22.75,78.693125,101.443125,2254.300781,0.578125,0,2254.878906,0.578125,1.17578125,35,5.078125,39.0234375,0,2.05078125,44.1015625,1988292,278.934025,7.128180221,0.011781,3.654413,0,3.666194
146,hl#3,hl,1988292,3314,1,1,1,12.52631579,0.002664479938,0.9816666667,384,,,,,,0,0,0,0,0,,,,,,,,,,0,,,,,,,,,,2304,1,0,1,0,38,0.1127002472,2266,0.5294061436,0.0002786920099,0.00296579598,0.02073538494,,,,45.2734375,161.902793,207.1762305,4504.398438,0.625,0,4505.023438,0.625,1.2734375,38,5.078125,61.3125,0,2.21875,66.390625,1988292,253.814965,7.833627934,0.023399,7.512568,0,7.535967
146,ss[policy=difficulty],ss,1988292,3314,0.9047619048,1,0.95,167.4473684,0.03572563811,1,2046,2059,,,,,0,0,0,0,0,,,,0.0002514721178,1,2059,2059,0,1,2059,2059,2059,2059,2059,1,1,0.9936862555,0.9936862555,0.006333760516,42,1,38,1,0.1158491811,4,0.007115655045,0,0,9.415834581e-05,0.0001886040883,0.0002514721178,,,,84.94921875,158.5351172,243.4843359,4800.870117,5.234375,0,4806.104492,1.71875,2.432617188,42,5.46875,14.3984375,9.65625,1.169921875,19.8671875,1988292,235.890197,8.428887785,0.040781,51.688545,0.013711,51.743037
146,hybrid[head=topn-frontier reducer=streaming],hybrid,1988292,3314,0.9047619048,1,0.95,15.78947368,0.003996562766,1,1492,1383,600,892,600,783,198,402,402,9640,8080,0.8381742739,0,17.072275,0.0005029442356,0,,783,1,0,0,783,783,783,783,0,0,1.139208174,1.139208174,-0.1303334366,42,1,38,1,0.1129507135,4,0.007302247356,0,0,4.168449724e-05,0.0003622455857,0.0005029442356,,,,51.150625,70.65638672,121.8070117,2517.65625,950.625,941.40625,3468.28125,9.21875,15.8828125,402,5.46875,76.5234375,133.4453125,1.619140625,133.4453125,1988292,343.083338,5.795361592,0.115594,14.559535,0.464091,15.13922
147,hl,hl,2008854,3349,1,0.7941176471,0.8852459016,1364.205882,0.1721179078,0.9791666667,48,,,,,,0,0,0,0,0,,,,,,,,,,0,,,,,,,,,,288,0.9705882353,0,1,0,27,0.07934424304,261,0.1627161556,0.0008404874952,0.002938675668,0.01207404819,,,,5.857421875,19.60238281,25.45980469,566.5283203,0.453125,0,566.9814453,0.453125,0.9033203125,27,5.078125,18.30273438,0,1.590820312,23.38085938,2008854,271.495151,7.399226073,0.003048,0.941904,0,0.944952
147,hl#1,hl,2008854,3349,1,0.8823529412,0.9375,321.0294118,0.06443981422,0.8541666667,96,,,,,,0,0,0,0,0,,,,,,,,,,0,,,,,,,,,,576,1,0,1,0,30,0.09933773186,546,0.2852556731,0.0006676968837,0.003311257729,0.01891327095,,,,11.48828125,39.22275391,50.71103516,1129.162109,0.53125,0,1129.693359,0.53125,1.037109375,30,5.078125,24.71484375,0,1.729492188,29.79296875,2008854,281.441332,7.137736258,0.00877,1.741899,0,1.750669
147,hl#2,hl,2008854,3349,0.9714285714,1,0.9855072464,37.94117647,0.007595929183,0.945,192,,,,,,0,0,0,0,0,,,,,,,,,,0,,,,,,,,,,1152,1,0,1,0,35,0.1107775876,1117,0.4111936457,0.0004531000289,0.003165073932,0.01894562771,,,,22.75,78.56429687,101.3142969,2254.293945,0.578125,0,2254.87207,0.578125,1.168945312,35,5.078125,37.9296875,0,2.043945312,43.0078125,2008854,275.295936,7.297071033,0.011998,3.581078,0,3.593076
147,hl#3,hl,2008854,3349,1,1,1,16.35294118,0.003369465853,0.98,384,,,,,,0,0,0,0,0,,,,,,,,,,0,,,,,,,,,,2304,1,0,1,0,34,0.1089775564,2270,0.5337505862,0.0002789618674,0.003205222246,0.01897400209,,,,45.2734375,157.7237305,202.997168,4504.262695,0.5625,0,4504.825195,0.5625,1.137695312,34,5.078125,59.90625,0,1.989257812,64.984375,2008854,252.471125,7.956767333,0.019624,7.399042,0,7.418666
147,ss[policy=difficulty],ss,2008854,3349,0.85,1,0.9189189189,199.2941176,0.04044004108,1,2059,2059,,,,,0,0,0,0,0,,,,0.000248898128,0,,2059,0,0,0,2059,2059,2059,2059,0,0,1,1,0,40,1,34,1,0.1123924387,6,0.01058912196,0,0,0.0001117054798,0.0001825252939,0.000248898128,,,,85.278125,153.7228711,239.0009961,4831.207031,5.140625,0,4836.347656,1.625,2.30078125,40,5.46875,14.3984375,9.65625,1.120117188,19.8671875,2008854,230.3026,8.722671824,0.024392,51.337536,0.017995,51.379923
147,hybrid[head=topn-frontier reducer=streaming],hybrid,2008854,3349,0.9444444444,1,0.9714285714,23.67647059,0.005848241074,1,1383,1477,600,783,600,877,214,386,386,9640,7760,0.8049792531,0,17.163551,0.000746694384,1,877,877,0,1,877,877,877,877,877,1,1,0.8928164196,0.8928164196,0.1133742964,36,1,34,1,0.1094200972,2,0.00423873512,0,0,5.123153134e-05,0.0007218045712,0.000746694384,,,,48.38867188,67.93046875,116.3191406,2261.762695,950.3125,941.40625,3212.075195,8.90625,15.31738281,386,5.46875,76.2734375,133.1513672,1.317382812,133.1513672,2008854,327.303437,6.137589078,0.1002,12.908217,0.465188,13.473605
148,hl,hl,2061388,3436,1,0.7209302326,0.8378378378,1303.511628,0.1692049267,0.96875,48,,,,,,0,0,0,0,0,,,,,,,,,,0,,,,,,,,,,288,1,0,1,0,31,0.09570493279,257,0.1599140967,0.0008875660747,0.003087255897,0.01374268212,,,,5.857421875,19.71511719,25.57253906,566.6611328,0.515625,0,567.1767578,0.515625,1.036132812,31,5.078125,18.38085938,0,1.817382812,23.45898438,2061388,277.341223,7.432677976,0.003082,0.951866,0,0.954948
148,hl#1,hl,2061388,3436,1,0.8372093023,0.9113924051,350.8837209,0.06627835413,0.8402777778,96,,,,,,0,0,0,0,0,,,,,,,,,,0,,,,,,,,,,576,1,0,1,0,36,0.1209102799,540,0.2778487116,0.0006922899158,0.003358618885,0.01793063703,,,,11.48828125,39.18582031,50.67410156,1129.325195,0.59375,0,1129.918945,0.59375,1.200195312,36,5.078125,24.01171875,0,2.098632812,29.08984375,2061388,289.351599,7.124163153,0.009349,1.761452,0,1.770801
148,hl#2,hl,2061388,3436,1,0.976744186,0.9882352941,39.53488372,0.008079510442,0.9466666667,192,,,,,,0,0,0,0,0,,,,,,,,,,0,,,,,,,,,,1152,1,0,1,0,42,0.1349949646,1110,0.3995298314,0.0004639972187,0.003214165823,0.01787436426,,,,22.75,78.45072266,101.2007227,2254.553711,0.71875,0,2255.272461,0.71875,1.428710938,42,5.078125,36.6796875,0,2.404296875,41.7578125,2061388,280.987187,7.336234873,0.00906,3.620877,0,3.629937
148,hl#3,hl,2061388,3436,1,1,1,22.90697674,0.004578502236,0.9783333333,384,,,,,,0,0,0,0,0,,,,,,,,,,0,,,,,,,,,,2304,1,0,1,0,43,0.1367927823,2261,0.5163016375,0.0002834611197,0.003181227496,0.01787873025,,,,45.2734375,158.3269141,203.6003516,4504.555664,0.703125,0,4505.258789,0.703125,1.430664062,43,5.078125,58.890625,0,2.493164062,63.96875,2061388,257.501271,8.005350777,0.021139,7.533897,0,7.555036
148,ss[policy=difficulty],ss,2061388,3436,0.8958333333,1,0.9450549451,184.2093023,0.03658028754,1,2059,2059,,,,,0,0,0,0,0,,,,0.0002425550163,0,,2059,0,0,0,2059,2059,2059,2059,0,0,1,1,0,48,1,43,1,0.1405805215,5,0.008503008652,0,0,9.822467515e-05,0.0001744455677,0.0002425550163,,,,85.27902344,167.1108789,252.3899023,4831.658203,5.453125,0,4837.111328,1.9375,2.751953125,48,5.46875,14.3984375,9.65625,1.27734375,19.8671875,2061388,233.833352,8.815628662,0.025169,51.62321,0.0143,51.662679
148,hybrid[head=topn-frontier reducer=streaming],hybrid,2061388,3436,0.9347826087,1,0.9662921348,46.13953488,0.007870654547,1,1477,1477,600,877,600,877,196,404,404,9640,8120,0.8423236515,0,17.14952,0.0005258592754,0,,877,0,0,0,877,877,877,877,0,0,1,1,0,46,1,43,1,0.1377004232,3,0.005382780922,0,0,3.746947709e-05,0.0002537125471,0.0005258592754,,,,50.77523437,70.31771484,121.0929492,2477.289062,950.59375,941.40625,3427.882812,9.1875,15.828125,404,5.46875,76.5234375,133.5820312,1.676757812,133.5820312,2061388,346.850443,5.943160926,0.189479,13.995538,0.48236,14.667377
149,hl,hl,2038331,3398,1,0.7142857143,0.8333333333,1736.085714,0.1737100598,0.9652777778,48,,,,,,0,0,0,0,0,,,,,,,,,,0,,,,,,,,,,288,1,0,1,0,25,0.08119436931,263,0.1642893132,0.0008523738975,0.003247774773,0.01524384411,,,,5.857421875,19.66777344,25.52519531,566.5048828,0.453125,0,566.9580078,0.453125,0.8798828125,25,5.078125,19.00585938,0,1.423828125,24.08398438,2038331,278.396668,7.321678864,0.003311,0.948137,0,0.951448
149,hl#1,hl,2038331,3398,1,0.9428571429,0.9705882353,501.9714286,0.04330934783,0.8402777778,96,,,,,,0,0,0,0,0,,,,,,,,,,0,,,,,,,,,,576,1,0,1,0,33,0.1132838582,543,0.2779926322,0.0006792994625,0.003432844188,0.0170374684,,,,11.48828125,39.20400391,50.69228516,1129.230469,0.546875,0,1129.777344,0.546875,1.10546875,33,5.078125,24.87109375,0,1.93359375,29.94921875,2038331,285.500984,7.139488528,0.009036,1.762402,0,1.771438
149,hl#2,hl,2038331,3398,0.9714285714,0.9714285714,0.9714285714,23.51428571,0.004897062338,0.9366666667,192,,,,,,0,0,0,0,0,,,,,,,,,,0,,,,,,,,,,1152,1,0,1,0,35,0.1241810089,1117,0.4045653037,0.0004589811741,0.003548028825,0.01702373167,,,,22.75,78.55242187,101.3024219,2254.294922,0.578125,0,2254.873047,0.578125,1.169921875,35,5.078125,37.9296875,0,2.044921875,43.0078125,2038331,277.029822,7.357803522,0.009104,3.627868,0,3.636972
149,hl#3,hl,2038331,3398,1,1,1,17.74285714,0.003533366346,0.975,384,,,,,,0,0,0,0,0,,,,,,,,,,0,,,,,,,,,,2304,1,0,1,0,35,0.1243424154,2269,0.5210483479,0.0002801175188,0.003552640441,0.01700999494,,,,45.2734375,157.1146484,202.3880859,4504.295898,0.578125,0,4504.874023,0.578125,1.170898438,35,5.078125,60.375,0,2.045898438,65.453125,2038331,254.735269,8.001762017,0.02268,7.473932,0,7.496612
149,ss[policy=difficulty],ss,2038331,3398,0.875,1,0.9333333333,142.8285714,0.02771871259,1,2059,2059,,,,,0,0,0,0,0,,,,0.0002452987272,0,,2059,0,0,0,2059,2059,2059,2059,0,0,1,1,0,40,1,35,1,0.1266227124,5,0.008619306678,0,0,7.970982142e-05,0.0001471792363,0.0002452987272,,,,85.27925781,173.9258008,259.2050586,4831.112305,5.046875,0,4836.15918,1.53125,2.206054688,40,5.46875,14.3984375,9.65625,1.08984375,19.8671875,2038331,233.618681,8.725034279,0.025463,52.109414,0.019172,52.154049
149,hybrid[head=topn-frontier reducer=streaming],hybrid,2038331,3398,0.9459459459,1,0.9722222222,33.94285714,0.006746077657,1,1477,1477,600,877,600,877,197,403,403,9640,8100,0.8402489627,0,17.113155,0.000441537709,0,,877,0,0,0,877,877,877,877,0,0,1,1,0,37,1,35,1,0.1247530455,2,0.003520036736,0,0,3.013859497e-05,0.0002661491191,0.000441537709,,,,50.76859375,70.36761719,121.1362109,2476.756836,950.609375,941.40625,3427.366211,9.203125,15.84277344,403,5.46875,76.2734375,133.0537109,1.4609375,133.0537109,2038331,340.840469,5.980308048,0.113039,13.994696,0.46095,14.568685
150,hl,hl,2005777,3343,1,0.7380952381,0.8493150685,877.3571429,0.137518128,0.9618055556,48,,,,,,0,0,0,0,0,,,,,,,,,,0,,,,,,,,,,288,1,0,1,0,31,0.09060927511,257,0.1572931587,0.0008607723397,0.002922879842,0.01407983041,,,,5.857421875,19.58330078,25.44072266,566.6904297,0.546875,0,567.2373047,0.546875,1.065429688,31,5.078125,19.24023438,0,1.717773438,24.31835938,2005777,284.495145,7.05030309,0.003181,0.930289,0,0.93347
150,hl#1,hl,2005777,3343,0.975,0.9285714286,0.9512195122,209.9761905,0.03902307627,0.8541666667,96,,,,,,0,0,0,0,0,,,,,,,,,,0,,,,,,,,,,576,1,0,1,0,40,0.1167193561,536,0.2711667349,0.0006734133525,0.002917983903,0.01574352483,,,,11.48828125,39.19316406,50.68144531,1129.484375,0.6875,0,1130.171875,0.6875,1.359375,40,5.078125,24.48046875,0,2.287109375,29.55859375,2005777,293.930306,6.823988405,0.004989,1.721138,0,1.726127
150,hl#2,hl,2005777,3343,1,0.9761904762,0.9879518072,41.42857143,0.009995231671,0.9433333333,192,,,,,,0,0,0,0,0,,,,,,,,,,0,,,,,,,,,,1152,1,0,1,0,41,0.1208878155,1111,0.4036839589,0.0004553574431,0.002948483306,0.0157898909,,,,22.75,78.49181641,101.2418164,2254.490234,0.671875,0,2255.162109,0.671875,1.365234375,41,5.078125,36.9921875,0,2.380859375,42.0703125,2005777,288.126697,6.961440994,0.011918,3.642508,0,3.654426
150,hl#3,hl,2005777,3343,1,1,1,21.85714286,0.0048104154,0.98,384,,,,,,0,0,0,0,0,,,,,,,,,,0,,,,,,,,,,2304,1,0,1,0,42,0.1227399656,2262,0.519055209,0.0002785569334,0.002922380134,0.01581332322,,,,45.2734375,157.7237891,202.9972266,4504.523438,0.6875,0,4505.210938,0.6875,1.3984375,42,5.078125,60.375,0,2.4375,65.453125,2005777,261.171321,7.679928226,0.019767,7.541605,0,7.561372
150,ss[policy=difficulty],ss,2005777,3343,0.9130434783,1,0.9545454545,186.8571429,0.04308169127,1,2059,2057,,,,,0,0,0,0,0,,,,0.0002492799549,0,,2057,1,0,0,2057,2057,2057,2057,0,0,1.00097229,1.00097229,-0.0009718173748,46,1,42,1,0.1266347156,4,0.007097498875,0,0,0.0001010667643,0.0001840932467,0.0002492799549,,,,85.27832031,176.5048437,261.7831641,4831.652344,5.484375,0,4837.136719,1.96875,2.74609375,46,5.46875,14.3984375,9.65625,1.229492188,19.8671875,2005777,244.601681,8.200176678,0.024906,51.94999,0.012807,51.987703
150,hybrid[head=topn-frontier reducer=streaming],hybrid,2005777,3343,0.9333333333,1,0.9655172414,124.6190476,0.03224286753,1,1477,1477,600,877,600,877,194,406,406,9640,8160,0.846473029,0,17.060659,0.0005982718916,0,,877,0,0,0,877,877,877,877,0,0,1,1,0,45,1,42,1,0.12533148,3,0.005403392301,0,0,7.780858324e-05,0.0002973078928,0.0005982718916,,,,50.77054688,70.34566406,121.1162109,2482.385742,950.65625,941.40625,3433.041992,9.25,15.92480469,406,5.46875,77.0234375,133.8818359,1.6875,133.8818359,2005777,350.4364,5.723654849,0.119927,14.033115,0.476512,14.629554
151,hl,hl,2098295,3498,1,0.7619047619,0.8648648649,1194.52381,0.1634519154,0.9722222222,48,,,,,,0,0,0,0,0,,,,,,,,,,0,,,,,,,,,,288,0.9761904762,0,1,0,32,0.102944057,256,0.1613052502,0.0009175323166,0.00321700178,0.01386887926,,,,5.857421875,19.86722656,25.72464844,566.7558594,0.59375,0,567.3496094,0.59375,1.130859375,32,5.078125,18.69335938,0,1.744140625,23.77148438,2098295,283.987928,7.388676747,0.003596,0.924857,0,0.928453
151,hl#1,hl,2098295,3498,1,0.9047619048,0.95,229.5952381,0.03389250072,0.859375,96,,,,,,0,0,0,0,0,,,,,,,,,,0,,,,,,,,,,576,1,0,1,0,38,0.1275297325,538,0.27906038,0.0007058856119,0.003356045591,0.01403139215,,,,11.48828125,39.16503906,50.65332031,1129.389648,0.625,0,1130.014648,0.625,1.264648438,38,5.078125,25.18359375,0,2.209960938,30.26171875,2098295,289.294929,7.253134396,0.009402,1.784571,0,1.793973
151,hl#2,hl,2098295,3498,0.9761904762,0.9761904762,0.9761904762,30.04761905,0.006011363759,0.94,192,,,,,,0,0,0,0,0,,,,,,,,,,0,,,,,,,,,,1152,1,0,1,0,42,0.1376369862,1110,0.4004822963,0.0004671174328,0.0032770711,0.01401852456,,,,22.75,78.3878125,101.1378125,2254.520508,0.6875,0,2255.208008,0.6875,1.395507812,42,5.078125,38.0859375,0,2.434570312,43.1640625,2098295,281.424511,7.455978133,0.009927,3.630057,0,3.639984
151,hl#3,hl,2098295,3498,1,1,1,19.16666667,0.003730428061,0.9716666667,384,,,,,,0,0,0,0,0,,,,,,,,,,0,,,,,,,,,,2304,1,0,1,0,42,0.1377180044,2262,0.5154117986,0.000283476477,0.003279000104,0.01401471194,,,,45.2734375,157.0851563,202.3585938,4504.518555,0.6875,0,4505.206055,0.6875,1.393554688,42,5.078125,61,0,2.432617188,66.078125,2098295,257.904415,8.135940596,0.019939,7.52474,0,7.544679
151,ss[policy=difficulty],ss,2098295,3498,0.875,1,0.9333333333,182.5952381,0.03510465873,1,2057,2057,,,,,0,0,0,0,0,,,,0.0002382887058,0,,2057,0,0,0,2057,2057,2057,2057,0,0,1,1,0,48,1,42,1,0.1412303799,6,0.01039796597,0,0,9.401482315e-05,0.0001429732235,0.000285946447,,,,85.22761719,190.4119531,275.6395703,4826.936523,5.421875,0,4832.358398,1.90625,2.717773438,48,5.46875,14.3984375,9.65625,1.309570312,19.8671875,2098295,236.08053,8.888047651,0.030806,51.43783,0.017787,51.486423
151,hybrid[head=topn-frontier reducer=streaming],hybrid,2098295,3498,0.976744186,1,0.9882352941,73.16666667,0.0109655128,1,1477,1462,600,877,600,862,211,389,389,9640,7820,0.8112033195,0,18.564619,0.0006424263509,0,,862,1,0,0,862,862,862,862,0,0,1.017401392,1.017401392,-0.01725172171,43,1,42,1,0.1390400301,1,0.001770961662,0,0,4.292521664e-05,0.0003812619293,0.0006424263509,,,,50.76757812,70.368125,121.1357031,2481.44043,950.203125,941.40625,3431.643555,8.796875,15.22949219,389,5.46875,76.5234375,133.4160156,1.588867188,133.4160156,2098295,343.213762,6.113668018,0.123405,13.981635,0.476533,14.581573
152,hl,hl,2083050,3472,1,0.7380952381,0.8493150685,1370.952381,0.170021476,0.9618055556,48,,,,,,0,0,0,0,0,,,,,,,,,,0,,,,,,,,,,288,0.9761904762,0,1,0,31,0.0962036437,257,0.1567677204,0.000878372792,0.003103343345,0.01118360097,,,,5.857421875,19.80357422,25.66099609,566.6845703,0.546875,0,567.2314453,0.546875,1.059570312,31,5.078125,18.84960938,0,1.77734375,23.92773438,2083050,279.808395,7.444558624,0.003004,0.940567,0,0.943571
152,hl#1,hl,2083050,3472,1,0.9523809524,0.9756097561,279.9285714,0.03633384988,0.8315972222,96,,,,,,0,0,0,0,0,,,,,,,,,,0,,,,,,,,,,576,1,0,1,0,40,0.1271212885,536,0.2727759775,0.0006942660869,0.003178032212,0.01599433523,,,,11.48828125,39.17962891,50.66791016,1129.476562,0.6875,0,1130.164062,0.6875,1.3515625,40,5.078125,24.24609375,0,2.278320312,29.32421875,2083050,286.986413,7.258357559,0.009155,1.733747,0,1.742902
152,hl#2,hl,2083050,3472,0.976744186,1,0.9882352941,26.78571429,0.005082400532,0.94,192,,,,,,0,0,0,0,0,,,,,,,,,,0,,,,,,,,,,1152,1,0,1,0,43,0.1373812438,1109,0.3998790235,0.0004663717599,0.003194912648,0.01599241497,,,,22.75,78.46306641,101.2130664,2254.572266,0.734375,0,2255.306641,0.734375,1.447265625,43,5.078125,38.1640625,0,2.447265625,43.2421875,2083050,279.980969,7.439969965,0.00918,3.564963,0,3.574143
152,hl#3,hl,2083050,3472,1,1,1,19.78571429,0.004293251672,0.9783333333,384,,,,,,0,0,0,0,0,,,,,,,,,,0,,,,,,,,,,2304,1,0,1,0,42,0.13566165,2262,0.5187038237,0.0002840127924,0.003230039285,0.01600537673,,,,45.2734375,157.091875,202.3653125,4504.509766,0.6875,0,4505.197266,0.6875,1.384765625,42,5.078125,60.765625,0,2.423828125,65.84375,2083050,255.721785,8.145766697,0.020596,7.430886,0,7.451482
152,ss[policy=difficulty],ss,2083050,3472,0.9333333333,1,0.9655172414,159.3809524,0.03304988754,1,2057,2057,,,,,0,0,0,0,0,,,,0.0002400326444,0,,2057,0,0,0,2057,2057,2057,2057,0,0,1,1,0,45,1,42,1,0.1388737668,3,0.005184225055,0,0,7.888006102e-05,0.0001120152341,0.0002837185857,,,,85.22734375,172.9004297,258.1277734,4826.636719,5.1875,0,4831.824219,1.671875,2.41796875,45,5.46875,14.3984375,9.65625,1.26953125,19.8671875,2083050,233.61402,8.916630945,0.025973,51.488912,0.012855,51.52774
152,hybrid[head=topn-frontier reducer=streaming],hybrid,2083050,3472,0.9545454545,1,0.976744186,33.52380952,0.007227836749,1,1462,1462,600,862,600,862,215,385,385,9640,7740,0.8029045643,0,17.03751,0.0002880391733,0,,862,0,0,0,862,862,862,862,0,0,1,1,0,44,1,42,1,0.1363361417,2,0.003598569405,0,0,2.736372147e-05,0.0002640359089,0.0002880391733,,,,50.39453125,73.11109375,123.505625,2444.720703,950.296875,941.40625,3395.017578,8.890625,15.25195312,385,5.46875,76.5234375,133.4941406,1.514648438,133.4941406,2083050,338.969426,6.145244498,0.111734,14.099608,0.471721,14.683063
153,hl,hl,2066186,3444,1,0.7368421053,0.8484848485,1439.894737,0.1800450296,0.9652777778,48,,,,,,0,0,0,0,0,,,,,,,,,,0,,,,,,,,,,288,0.9736842105,0,1,0,28,0.08487280429,260,0.1643777472,0.0008654533038,0.003031171582,0.01392420624,,,,5.857421875,19.80041016,25.65783203,566.5908203,0.5,0,567.0908203,0.5,0.9658203125,28,5.078125,18.53710938,0,1.611328125,23.61523438,2066186,296.408293,6.970742887,0.00312,0.92905,0,0.93217
153,hl#1,hl,2066186,3444,0.9166666667,0.8684210526,0.8918918919,400.7631579,0.06877718535,0.8489583333,96,,,,,,0,0,0,0,0,,,,,,,,,,0,,,,,,,,,,576,1,0,1,0,36,0.112303539,540,0.2837745489,0.0006876355692,0.00311954275,0.01646269987,,,,11.48828125,39.16416016,50.65244141,1129.318359,0.59375,0,1129.912109,0.59375,1.193359375,36,5.078125,23.93359375,0,2.091796875,29.01171875,2066186,301.991046,6.841878352,0.008492,1.735909,0,1.744401
153,hl#2,hl,2066186,3444,0.9743589744,1,0.987012987,30.47368421,0.006195703203,0.94,192,,,,,,0,0,0,0,0,,,,,,,,,,0,,,,,,,,,,1152,1,0,1,0,39,0.1224855846,1113,0.4104857936,0.0004626487658,0.003140656014,0.01641091364,,,,22.75,78.44210938,101.1921094,2254.419922,0.640625,0,2255.060547,0.640625,1.294921875,39,5.078125,37.3828125,0,2.263671875,42.4609375,2066186,295.135515,7.000804359,0.013486,3.616708,0,3.630194
153,hl#3,hl,2066186,3444,1,1,1,18.23684211,0.003736928785,0.9816666667,384,,,,,,0,0,0,0,0,,,,,,,,,,0,,,,,,,,,,2304,1,0,1,0,38,0.1206982334,2266,0.5298864671,0.0002823718318,0.003176269299,0.01639881405,,,,45.2734375,157.0652148,202.3386523,4504.386719,0.625,0,4505.011719,0.625,1.26171875,38,5.078125,59.671875,0,2.20703125,64.75,2066186,269.397143,7.669665598,0.023208,7.43487,0,7.458078
153,ss[policy=difficulty],ss,2066186,3444,0.9268292683,1,0.9620253165,147.3421053,0.03136261098,1,2057,2057,,,,,0,0,0,0,0,,,,0.0002419917665,0,,2057,0,0,0,2057,2057,2057,2057,0,0,1,1,0,41,1,38,1,0.1235063058,3,0.005444814746,0,0,8.025863513e-05,0.0001935934132,0.0002419917665,,,,85.22730469,180.5584961,265.7858008,4826.513672,5.125,0,4831.638672,1.609375,2.294921875,41,5.46875,14.3984375,9.65625,1.145507812,19.8671875,2066186,247.370034,8.352612346,0.033776,51.60399,0.015866,51.653632
153,hybrid[head=topn-frontier reducer=streaming],hybrid,2066186,3444,0.9047619048,1,0.95,60.47368421,0.01211909454,1,1462,1462,600,862,600,862,211,389,389,9640,7820,0.8112033195,0,17.984139,0.0006291785928,0,,862,0,0,0,862,862,862,862,0,0,1,1,0,42,1,38,1,0.1219086762,4,0.007688562404,0,0,6.567195605e-05,0.0004115069989,0.0006291785928,,,,50.38960937,47.07869141,97.46830078,2452.739258,950.265625,941.40625,3403.004883,8.859375,15.28613281,389,5.46875,76.5234375,133.4550781,1.611328125,133.4550781,2066186,1509.462749,1.36882212,0.212393,14.192398,0.747143,15.151934
154,hl,hl,2082890,3472,0.9666666667,0.6744186047,0.7945205479,1126.55814,0.1622049415,0.9652777778,48,,,,,,0,0,0,0,0,,,,,,,,,,0,,,,,,,,,,288,1,0,1,0,30,0.08723552372,258,0.1658109646,0.0008786336399,0.002907850791,0.01496478451,,,,5.857421875,19.66857422,25.52599609,566.6552734,0.53125,0,567.1865234,0.53125,1.030273438,30,5.078125,18.53710938,0,1.69140625,23.61523438,2082890,284.223196,7.32836035,0.009003,0.916308,0,0.925311
154,hl#1,hl,2082890,3472,0.9756097561,0.9302325581,0.9523809524,257.6511628,0.04538456019,0.8385416667,96,,,,,,0,0,0,0,0,,,,,,,,,,0,,,,,,,,,,576,1,0,1,0,41,0.1193337142,535,0.2809994767,0.0006950229009,0.002910578395,0.01756501784,,,,11.48828125,39.16984375,50.658125,1129.512695,0.703125,0,1130.21582,0.703125,1.387695312,41,5.078125,24.71484375,0,2.305664062,29.79296875,2082890,292.179908,7.128792716,0.008062,1.707013,0,1.715075
154,hl#2,hl,2082890,3472,1,0.976744186,0.9882352941,28.18604651,0.006326120719,0.94,192,,,,,,0,0,0,0,0,,,,,,,,,,0,,,,,,,,,,1152,1,0,1,0,42,0.1244895314,1110,0.4133967708,0.0004669151929,0.002964036461,0.01750260455,,,,22.75,78.45871094,101.2087109,2254.514648,0.6875,0,2255.202148,0.6875,1.389648438,42,5.078125,36.4453125,0,2.428710938,41.5234375,2082890,286.406631,7.272492235,0.009087,3.564697,0,3.573784
154,hl#3,hl,2082890,3472,1,1,1,13.39534884,0.003037290985,0.975,384,,,,,,0,0,0,0,0,,,,,,,,,,0,,,,,,,,,,2304,1,0,1,0,43,0.1260157762,2261,0.5288210131,0.0002842173565,0.002930599446,0.0175338112,,,,45.2734375,157.105918,202.3793555,4504.547852,0.703125,0,4505.250977,0.703125,1.422851562,43,5.078125,60.609375,0,2.485351562,65.6875,2082890,261.409271,7.967927044,0.021136,7.481643,0,7.502779
154,ss[policy=difficulty],ss,2082890,3472,0.914893617,1,0.9555555556,168.8837209,0.03757111419,1,2057,2017,,,,,0,0,0,0,0,,,,0.0002400510829,0,,2017,1,0,0,2017,2017,2017,2017,0,0,1.019831433,1.019831433,-0.0196373517,47,1,43,1,0.1295522087,4,0.007141999818,0,0,9.052479559e-05,0.0001920408663,0.0002702975193,,,,85.23035156,175.8636328,261.0939844,4826.894531,5.40625,0,4832.300781,1.890625,2.67578125,47,5.46875,14.3984375,9.65625,1.254882812,19.8671875,2082890,242.066495,8.604619156,0.024494,51.497482,0.012986,51.534962
154,hybrid[head=topn-frontier reducer=streaming],hybrid,2082890,3472,0.914893617,1,0.9555555556,112.6511628,0.02730058149,1,1462,1462,600,862,600,862,211,389,389,9640,7820,0.8112033195,0,17.156635,0.0006447772086,0,,862,0,0,0,862,862,862,862,0,0,1,1,0,47,1,43,1,0.1283913217,4,0.007465588677,0,0,8.829793874e-05,0.0004560970575,0.0006447772086,,,,50.4940625,46.05628906,96.55035156,2442.797852,950.390625,941.40625,3393.188477,8.984375,15.47753906,389,5.46875,77.0234375,134.140625,1.73828125,134.140625,2082890,1494.661679,1.393552822,0.111159,23.386061,0.477469,23.974689
155,hl,hl,2050580,3418,1,0.6444444444,0.7837837838,1276.733333,0.2171225772,0.9756944444,48,,,,,,0,0,0,0,0,,,,,,,,,,0,,,,,,,,,,288,1,0,1,0,29,0.09460299037,259,0.1620482985,0.0008911503087,0.003262172082,0.01837772728,,,,5.857421875,19.740625,25.59804688,566.65625,0.546875,0,567.203125,0.546875,1.03125,29,5.078125,19.24023438,0,1.575195312,24.31835938,2050580,279.961384,7.324510155,0.010029,0.947667,0,0.957696
155,hl#1,hl,2050580,3418,1,0.9111111111,0.9534883721,280.8888889,0.05176926316,0.8298611111,96,,,,,,0,0,0,0,0,,,,,,,,,,0,,,,,,,,,,576,1,0,1,0,41,0.129475563,535,0.2719674434,0.0006969496638,0.003157940561,0.01930478206,,,,11.48828125,39.17414062,50.66242187,1129.517578,0.703125,0,1130.220703,0.703125,1.392578125,41,5.078125,24.87109375,0,2.344726562,29.94921875,2050580,293.8594,6.97809905,0.009534,1.791748,0,1.801282
155,hl#2,hl,2050580,3418,1,0.9777777778,0.9887640449,30.93333333,0.006254775482,0.935,192,,,,,,0,0,0,0,0,,,,,,,,,,0,,,,,,,,,,1152,1,0,1,0,44,0.1389402023,1108,0.3951930673,0.0004636573521,0.00315773187,0.0192496757,,,,22.75,78.52232422,101.2723242,2254.584961,0.71875,0,2255.303711,0.71875,1.459960938,44,5.078125,36.5234375,0,2.545898438,41.6015625,2050580,283.420793,7.235107835,0.013702,3.643559,0,3.657261
155,hl#3,hl,2050580,3418,1,1,1,18.46666667,0.003635030652,0.975,384,,,,,,0,0,0,0,0,,,,,,,,,,0,,,,,,,,,,2304,1,0,1,0,45,0.1409640199,2259,0.5095416906,0.000282337548,0.003132533776,0.01933794341,,,,45.2734375,164.3266406,209.6000781,4504.617188,0.734375,0,4505.351562,0.734375,1.4921875,45,5.078125,60.21875,0,2.6015625,65.296875,2050580,265.06189,7.736230961,0.020204,7.618644,0,7.638848
155,ss[policy=difficulty],ss,2050580,3418,0.9375,1,0.9677419355,149.1111111,0.03034997095,1,2017,2017,,,,,0,0,0,0,0,,,,0.000243833452,0,,2017,0,0,0,2017,2017,2017,2017,0,0,1,1,0,48,1,45,1,0.1441616518,3,0.005096119147,0,0,7.934746917e-05,0.0001788111981,0.000243833452,,,,84.21285156,168.0223828,252.2352344,4733.087891,5.328125,0,4738.416016,1.8125,2.619140625,48,5.46875,14.3984375,9.65625,1.309570312,19.8671875,2050580,250.261915,8.193735751,0.025122,50.413647,0.008371,50.44714
155,hybrid[head=topn-frontier reducer=streaming],hybrid,2050580,3418,0.9,1,0.9473684211,33.33333333,0.005115751316,1,1462,1439,600,862,600,839,223,377,377,9640,7580,0.7863070539,1,2.558051,0.0006310409738,0,,839,1,0,0,839,839,839,839,0,0,1.027413588,1.027413588,-0.0270445642,50,1,45,1,0.1416209073,5,0.0091091301,0,0,5.064908465e-05,0.0003601907753,0.0006310409738,,,,50.386875,45.95935547,96.34623047,2452.84668,749.03125,740.234375,3201.87793,8.796875,14.95605469,377,5.46875,77.0234375,134.0673828,1.836914062,134.0673828,2050580,1517.442952,1.351339105,0.190954,14.196768,0.475317,14.863039
156,hl,hl,2036907,3395,1,0.6,0.75,1461.475,0.2173651826,0.9791666667,48,,,,,,0,0,0,0,0,,,,,,,,,,0,,,,,,,,,,288,1,0,1,0,24,0.08321882148,264,0.1659049726,0.0008650131738,0.003467450895,0.01893999088,,,,5.857421875,19.58623047,25.44365234,566.4355469,0.40625,0,566.8417969,0.40625,0.810546875,24,5.078125,20.49023438,0,1.427734375,25.56835938,2036907,266.142111,7.653456239,0.002742,0.950709,0,0.953451
156,hl#1,hl,2036907,3395,1,0.875,0.9333333333,225.175,0.04535349127,0.8107638889,96,,,,,,0,0,0,0,0,,,,,,,,,,0,,,,,,,,,,576,1,0,1,0,35,0.1191404419,541,0.2815995036,0.0006957290719,0.003404012624,0.02019139804,,,,11.48828125,39.20070312,50.68898437,1129.324219,0.609375,0,1129.933594,0.609375,1.19921875,35,5.078125,25.57421875,0,1.977539062,30.65234375,2036907,275.64222,7.389677097,0.009829,1.735073,0,1.744902
156,hl#2,hl,2036907,3395,1,1,1,26.85,0.005453928408,0.9566666667,192,,,,,,0,0,0,0,0,,,,,,,,,,0,,,,,,,,,,1152,1,0,1,0,40,0.1309721062,1112,0.4058241245,0.0004659689503,0.003274302656,0.02021741788,,,,22.75,78.6503125,101.4003125,2254.457031,0.65625,0,2255.113281,0.65625,1.33203125,40,5.078125,37.4609375,0,2.32421875,42.5390625,2036907,267.3735,7.618208237,0.012506,3.726322,0,3.738828
156,hl#3,hl,2036907,3395,1,0.975,0.9873417722,15.85,0.003146496185,0.9716666667,384,,,,,,0,0,0,0,0,,,,,,,,,,0,,,,,,,,,,2304,1,0,1,0,39,0.1291202789,2265,0.5241692429,0.0002835457994,0.003310776383,0.02019287086,,,,45.2734375,161.9635742,207.2370117,4504.423828,0.640625,0,4505.064453,0.640625,1.298828125,39,5.078125,59.515625,0,2.267578125,64.59375,2036907,243.515331,8.364594507,0.025094,7.470588,0,7.495682
156,ss[policy=difficulty],ss,2036907,3395,0.9756097561,1,0.987654321,140,0.02788101287,1,2017,2017,,,,,0,0,0,0,0,,,,0.0002454702154,0,,2017,0,0,0,2017,2017,2017,2017,0,0,1,1,0,41,1,40,1,0.1336163114,1,0.001687362261,0,0,7.06475254e-05,0.0001472821292,0.0002945642585,,,,84.21523437,180.0762305,264.2914648,4732.958984,5.3125,0,4738.271484,1.796875,2.490234375,41,5.46875,14.3984375,9.65625,1.114257812,19.8671875,2036907,231.676023,8.792049232,0.025759,50.504894,0.012419,50.543072
156,hybrid[head=topn-frontier reducer=streaming],hybrid,2036907,3395,0.9302325581,1,0.9638554217,55,0.008888531677,1,1439,1465,600,839,600,865,201,399,399,9640,8020,0.8319502075,0,17.066414,0.0006873166031,1,865,865,0,1,865,865,865,865,865,1,1,0.9699421965,0.9699421965,0.03051880046,43,1,40,1,0.1319471139,3,0.00526533612,0,0,5.70860966e-05,0.0004582110687,0.0006873166031,,,,49.81054688,52.93609375,102.7466406,2390.069336,950.546875,941.40625,3340.616211,9.140625,15.77246094,399,5.46875,76.5234375,133.3623047,1.482421875,133.3623047,2036907,650.500658,3.131291222,0.110971,13.847921,0.464247,14.423139
157,hl,hl,2090159,3484,1,0.6818181818,0.8108108108,1407.318182,0.1703393415,0.9722222222,48,,,,,,0,0,0,0,0,,,,,,,,,,0,,,,,,,,,,288,0.9772727273,0,1,0,30,0.1007133907,258,0.1645860435,0.0009211785908,0.003357113023,0.01323057241,,,,5.857421875,19.58144531,25.43886719,566.7167969,0.59375,0,567.3105469,0.59375,1.091796875,30,5.078125,17.75585938,0,1.625976562,22.83398438,2090159,278.602948,7.502286013,0.003397,0.943866,0,0.947263
157,hl#1,hl,2090159,3484,1,0.9090909091,0.9523809524,257.1818182,0.03616866216,0.8402777778,96,,,,,,0,0,0,0,0,,,,,,,,,,0,,,,,,,,,,576,1,0,1,0,40,0.1365977421,536,0.276063687,0.0007164260922,0.003414943552,0.02047786795,,,,11.48828125,39.18234375,50.670625,1129.483398,0.6875,0,1130.170898,0.6875,1.358398438,40,5.078125,25.80859375,0,2.287109375,30.88671875,2090159,284.337249,7.350985519,0.010051,1.789284,0,1.799335
157,hl#2,hl,2090159,3484,1,1,1,32.13636364,0.006746846551,0.9316666667,192,,,,,,0,0,0,0,0,,,,,,,,,,0,,,,,,,,,,1152,1,0,1,0,44,0.1469950372,1108,0.3961373274,0.0004714690665,0.0033407963,0.02042476194,,,,22.75,78.64308594,101.3930859,2254.583008,0.71875,0,2255.301758,0.71875,1.458007812,44,5.078125,37.5390625,0,2.543945312,42.6171875,2090159,276.566843,7.557518383,0.014625,3.654267,0,3.668892
157,hl#3,hl,2090159,3484,1,1,1,20.63636364,0.004122574117,0.9666666667,384,,,,,,0,0,0,0,0,,,,,,,,,,0,,,,,,,,,,2304,1,0,1,0,44,0.1473318537,2260,0.5108506099,0.0002856694721,0.00334845122,0.02046064438,,,,45.2734375,161.3442969,206.6177344,4504.583008,0.71875,0,4505.301758,0.71875,1.458007812,44,5.078125,60.765625,0,2.543945312,65.84375,2090159,253.42495,8.247644914,0.019794,7.502237,0,7.522031
157,ss[policy=difficulty],ss,2090159,3484,0.8979591837,1,0.9462365591,161.3636364,0.03301304044,1,2017,2017,,,,,0,0,0,0,0,,,,0.000239216251,0,,2017,0,0,0,2017,2017,2017,2017,0,0,1,1,0,49,1,44,1,0.1506636576,5,0.008582122221,0,0,7.789662247e-05,8.401274736e-05,0.0002870595012,,,,84.21273437,180.1331055,264.3458398,4733.181641,5.40625,0,4738.587891,1.890625,2.712890625,49,5.46875,14.3984375,9.65625,1.331054688,19.8671875,2090159,242.710307,8.611743876,0.025263,50.401612,0.013345,50.44022
157,hybrid[head=topn-frontier reducer=streaming],hybrid,2090159,3484,0.8979591837,1,0.9462365591,48.09090909,0.01059010495,1,1465,1465,600,865,600,865,207,393,393,9640,7900,0.8195020747,0,17.229237,0.0006219622526,0,,865,0,0,0,865,865,865,865,0,0,1,1,0,49,1,44,1,0.1482791501,5,0.009084954781,0,0,6.844513958e-05,0.000468289733,0.0006219622526,,,,50.50992188,45.82003906,96.32996094,2456.023438,950.515625,941.40625,3406.539062,9.109375,15.59375,393,5.46875,77.0234375,134.0527344,1.6484375,134.0527344,2090159,1929.770342,1.083112822,0.134423,14.194328,0.476423,14.805174
158,hl,hl,2085626,3477,1,0.7692307692,0.8695652174,1096.076923,0.1846245656,0.9652777778,48,,,,,,0,0,0,0,0,,,,,,,,,,0,,,,,,,,,,288,0.9743589744,0,1,0,30,0.1363278939,258,0.149703734,0.0009931653747,0.004544263129,0.04906248771,,,,5.857421875,19.79398438,25.65140625,566.6611328,0.53125,0,567.1923828,0.53125,1.036132812,30,5.078125,18.30273438,0,1.697265625,23.38085938,2085626,281.999073,7.395861191,0.003003,0.936915,0,0.939918
158,hl#1,hl,2085626,3477,0.9722222222,0.8974358974,0.9333333333,403.4871795,0.06378524855,0.8142361111,96,,,,,,0,0,0,0,0,,,,,,,,,,0,,,,,,,,,,576,1,0,1,0,36,0.1535462254,540,0.2598860007,0.0007177642814,0.004265172929,0.04904810354,,,,11.48828125,39.17433594,50.66261719,1129.360352,0.625,0,1129.985352,0.625,1.235351562,36,5.078125,25.41796875,0,2.069335938,30.49609375,2085626,287.149233,7.263212854,0.008898,1.751023,0,1.759921
158,hl#2,hl,2085626,3477,1,1,1,26.51282051,0.004904690494,0.9433333333,192,,,,,,0,0,0,0,0,,,,,,,,,,0,,,,,,,,,,1152,1,0,1,0,39,0.1641737301,1113,0.384569429,0.0004763395479,0.004209582823,0.04907591294,,,,22.75,78.59957031,101.3495703,2254.429688,0.640625,0,2255.070312,0.640625,1.3046875,39,5.078125,39.0234375,0,2.2734375,44.1015625,2085626,281.93737,7.397479802,0.009468,3.655879,0,3.665347
158,hl#3,hl,2085626,3477,1,1,1,16.79487179,0.003243864771,0.9666666667,384,,,,,,0,0,0,0,0,,,,,,,,,,0,,,,,,,,,,2304,1,0,1,0,39,0.16402845,2265,0.4956449526,0.000286316581,0.004205857692,0.04905721352,,,,45.2734375,161.9164844,207.1899219,4504.429688,0.640625,0,4505.070312,0.640625,1.3046875,39,5.078125,60.921875,0,2.2734375,66,2085626,263.81852,7.90553294,0.022515,7.572496,0,7.595011
158,ss[policy=difficulty],ss,2085626,3477,0.829787234,1,0.9069767442,153.7948718,0.02987860926,1,2017,1976,,,,,0,0,0,0,0,,,,0.0002397361751,0,,1976,1,0,0,1976,1976,1976,1976,0,0,1.020748988,1.020748988,-0.02053665965,47,1,39,1,0.1669968633,8,0.01395408381,0,0,8.457076136e-05,0.0001373688284,0.0002397361751,,,,84.21199219,176.9197656,261.1317578,4733.219727,5.46875,0,4738.688477,1.953125,2.750976562,47,5.46875,14.3984375,9.65625,1.319335938,19.8671875,2085626,249.691443,8.352813276,0.024602,50.341846,0.013084,50.379532
158,hybrid[head=topn-frontier reducer=streaming],hybrid,2085626,3477,0.975,1,0.9873417722,55.61538462,0.01182817731,1,1465,1465,600,865,600,865,188,412,412,9640,8280,0.8589211618,0,17.253545,0.0004315251152,0,,865,0,0,0,865,865,865,865,0,0,1,1,0,40,1,39,1,0.1651609637,1,0.001680071115,0,0,3.108179511e-05,0.0002032962765,0.0004315251152,,,,50.46726563,45.84982422,96.31708984,2447.158203,950.8125,941.40625,3397.970703,9.40625,16.21289062,412,5.46875,76.5234375,133.3769531,1.622070312,133.3769531,2085626,1979.273972,1.053732848,0.142458,13.961494,0.485589,14.589541
159,hl,hl,2044401,3408,1,0.6041666667,0.7532467532,1056.8125,0.1951930499,0.9895833333,48,,,,,,0,0,0,0,0,,,,,,,,,,0,,,,,,,,,,288,0.9583333333,0,1,0,29,0.09087992033,259,0.165589334,0.0008905182442,0.003133790356,0.01641703364,,,,5.857421875,19.57880859,25.43623047,566.6542969,0.546875,0,567.2011719,0.546875,1.029296875,29,5.078125,18.84960938,0,1.572265625,23.92773438,2044401,275.681083,7.415818952,0.002806,0.921187,0,0.923993
159,hl#1,hl,2044401,3408,1,0.9166666667,0.9565217391,355.4166667,0.06377229084,0.8246527778,96,,,,,,0,0,0,0,0,,,,,,,,,,0,,,,,,,,,,576,1,0,1,0,44,0.1253237501,532,0.2711591317,0.0006883383364,0.002848267047,0.01813342881,,,,11.48828125,39.16052734,50.64880859,1129.615234,0.75,0,1130.365234,0.75,1.490234375,44,5.078125,25.80859375,0,2.479492188,30.88671875,2044401,284.216554,7.193110223,0.025372,1.730905,0,1.756277
159,hl#2,hl,2044401,3408,1,0.9583333333,0.9787234043,40.54166667,0.009146199473,0.94,192,,,,,,0,0,0,0,0,,,,,,,,,,0,,,,,,,,,,1152,1,0,1,0,46,0.1338749101,1106,0.3977844855,0.000461509892,0.002910324132,0.01813196139,,,,22.75,78.55888672,101.3088867,2254.649414,0.75,0,2255.399414,0.75,1.524414062,46,5.078125,38.6328125,0,2.657226562,43.7109375,2044401,278.802452,7.332794189,0.019691,3.62247,0,3.642161
159,hl#3,hl,2044401,3408,0.9791666667,0.9791666667,0.9791666667,18.72916667,0.004163257771,0.97,384,,,,,,0,0,0,0,0,,,,,,,,,,0,,,,,,,,,,2304,1,0,1,0,48,0.1374779214,2256,0.5125036624,0.0002821100624,0.002864123363,0.01812217857,,,,45.2734375,158.3017578,203.5751953,4504.714844,0.78125,0,4505.496094,0.78125,1.58984375,48,5.078125,61.46875,0,2.76953125,66.546875,2044401,256.383178,7.974006001,0.020469,7.488698,0,7.509167
159,ss[policy=difficulty],ss,2044401,3408,0.8727272727,1,0.932038835,166.4166667,0.03645546596,1,1976,1976,,,,,0,0,0,0,0,,,,0.0002445704145,0,,1976,0,0,0,1976,1976,1976,1976,0,0,1,1,0,55,1,48,1,0.1412829479,7,0.01207835449,0,0,9.134482645e-05,0.0001595297875,0.0002934844974,,,,83.171875,146.5933008,229.7651758,4637.380859,5.59375,0,4642.974609,2.078125,3.005859375,55,5.46875,14.3984375,9.65625,1.50390625,19.8671875,2044401,246.600499,8.290336022,0.023925,70.938271,0.013524,70.97572
159,hybrid[head=topn-frontier reducer=streaming],hybrid,2044401,3408,0.9230769231,1,0.96,47.91666667,0.007237586681,1,1465,1465,600,865,600,865,206,394,394,9640,7920,0.8215767635,0,17.198668,0.0006339265144,0,,865,0,0,0,865,865,865,865,0,0,1,1,0,52,1,48,1,0.1385007149,4,0.007581193709,0,0,5.734235565e-05,0.0004641946467,0.0006339265144,,,,50.46285156,45.85167969,96.31453125,2470.859375,950.375,941.40625,3421.234375,8.96875,15.46875,394,5.46875,77.0234375,134.1113281,1.751953125,134.1113281,2044401,1971.658111,1.036894271,0.567599,16.024928,0.457282,17.049809
160,hl,hl,2021051,3369,1,0.8157894737,0.8985507246,1451.763158,0.1478282766,0.9791666667,48,,,,,,0,0,0,0,0,,,,,,,,,,0,,,,,,,,,,288,0.9736842105,0,1,0,31,0.1000370599,257,0.1560574177,0.000889216936,0.003227001933,0.01795105616,,,,5.857421875,19.66703125,25.52445313,566.7207031,0.578125,0,567.2988281,0.578125,1.095703125,31,5.078125,18.45898438,0,1.747070312,23.53710938,2021051,278.825724,7.248438096,0.002828,0.938094,0,0.940922
160,hl#1,hl,2021051,3369,0.9705882353,0.8684210526,0.9166666667,618.9736842,0.05599556272,0.859375,96,,,,,,0,0,0,0,0,,,,,,,,,,0,,,,,,,,,,576,1,0,1,0,34,0.1161687657,542,0.2820171287,0.0006912949555,0.003416728402,0.0181603532,,,,11.48828125,39.19505859,50.68333984,1129.291016,0.59375,0,1129.884766,0.59375,1.166015625,34,5.078125,24.87109375,0,1.884765625,29.94921875,2021051,283.544082,7.12781937,0.005167,1.735935,0,1.741102
160,hl#2,hl,2021051,3369,1,0.9736842105,0.9866666667,53.18421053,0.008562618732,0.95,192,,,,,,0,0,0,0,0,,,,,,,,,,0,,,,,,,,,,1152,1,0,1,0,37,0.1312970331,1115,0.4016741784,0.0004626486211,0.003548568462,0.0181603532,,,,22.75,78.76763672,101.5176367,2254.356445,0.609375,0,2254.96582,0.609375,1.231445312,37,5.078125,36.9140625,0,2.153320312,41.9921875,2021051,277.611987,7.280128722,0.011449,3.61711,0,3.628559
160,hl#3,hl,2021051,3369,1,1,1,21.36842105,0.00473157496,0.9733333333,384,,,,,,0,0,0,0,0,,,,,,,,,,0,,,,,,,,,,2304,1,0,1,0,38,0.1333519045,2266,0.5151468221,0.0002814664612,0.003509260645,0.0181544157,,,,45.2734375,165.5760938,210.8495313,4504.387695,0.625,0,4505.012695,0.625,1.262695312,38,5.078125,59.984375,0,2.208007812,65.0625,2021051,253.731099,7.965326316,0.021545,7.472498,0,7.494043
160,ss[policy=difficulty],ss,2021051,3369,0.9047619048,1,0.95,174.9473684,0.0381021918,1,1976,1976,,,,,0,0,0,0,0,,,,0.0002473960331,0,,1976,0,0,0,1976,1976,1976,1976,0,0,1,1,0,42,1,38,1,0.1366957093,4,0.006915213916,0,0,9.363350813e-05,0.0001608074215,0.0002473960331,,,,83.171875,147.5686133,230.7404883,4636.675781,5.109375,0,4641.785156,1.59375,2.30078125,42,5.46875,14.3984375,9.65625,1.168945312,19.8671875,2021051,248.095168,8.146273127,0.023919,49.275801,0.016878,49.316598
160,hybrid[head=topn-frontier reducer=streaming],hybrid,2021051,3369,0.9743589744,1,0.987012987,39.34210526,0.008150161253,1,1465,1322,600,865,600,722,196,404,404,9640,8120,0.8423236515,0,18.445941,0.0004453128595,0,,722,1,0,0,722,722,722,722,0,0,1.198060942,1.198060942,-0.180704368,39,1,38,1,0.1341460458,1,0.001667944055,0,0,3.038530765e-05,0.0004453128595,0.0004453128595,,,,50.4684375,45.82828125,96.29671875,2444.654297,950.59375,941.40625,3395.248047,9.1875,15.83398438,404,5.46875,76.2734375,133.0634766,1.484375,133.0634766,2021051,1935.701547,1.044092259,0.14285,13.906667,0.483648,14.533165
161,hl,hl,2064468,3441,1,0.7435897436,0.8529411765,2127.589744,0.2223010794,0.9652777778,48,,,,,,0,0,0,0,0,,,,,,,,,,0,,,,,,,,,,288,0.9487179487,0,1,0,29,0.09175826411,259,0.1610884741,0.0008779400633,0.003164078073,0.01159330152,,,,5.857421875,19.96064453,25.81806641,566.6230469,0.515625,0,567.1386719,0.515625,0.998046875,29,5.078125,18.22460938,0,1.638671875,23.30273438,2064468,273.000163,7.562149331,0.003172,0.935024,0,0.938196
161,hl#1,hl,2064468,3441,1,0.9487179487,0.9736842105,535.7692308,0.04853071454,0.8628472222,96,,,,,,0,0,0,0,0,,,,,,,,,,0,,,,,,,,,,576,1,0,1,0,37,0.1287939556,539,0.2789357839,0.0007078641312,0.00348091772,0.01686729947,,,,11.48828125,39.21716797,50.70544922,1129.351562,0.609375,0,1129.960938,0.609375,1.2265625,37,5.078125,24.40234375,0,2.1484375,29.48046875,2064468,279.899731,7.375741279,0.004683,1.782256,0,1.786939
161,hl#2,hl,2064468,3441,1,0.9743589744,0.987012987,44.30769231,0.007553944325,0.9483333333,192,,,,,,0,0,0,0,0,,,,,,,,,,0,,,,,,,,,,1152,1,0,1,0,38,0.1389399109,1114,0.4014520932,0.0004690902814,0.003656313445,0.02133334108,,,,22.75,78.70003906,101.4500391,2254.385742,0.625,0,2255.010742,0.625,1.260742188,38,5.078125,36.0546875,0,2.206054688,41.1328125,2064468,271.88683,7.593115121,0.012283,3.663026,0,3.675309
161,hl#3,hl,2064468,3441,1,1,1,14.82051282,0.003165223509,0.9766666667,384,,,,,,0,0,0,0,0,,,,,,,,,,0,,,,,,,,,,2304,1,0,1,0,39,0.1407132491,2265,0.5114465325,0.0002830554608,0.003608032029,0.02150190751,,,,45.2734375,165.0226758,210.2961133,4504.417969,0.640625,0,4505.058594,0.640625,1.29296875,39,5.078125,58.890625,0,2.26171875,63.96875,2064468,247.133457,8.353656462,0.020753,7.581724,0,7.602477
161,ss[policy=difficulty],ss,2064468,3441,0.9285714286,1,0.962962963,156.4871795,0.03205459417,1,1976,1976,,,,,0,0,0,0,0,,,,0.0002421931461,0,,1976,0,0,0,1976,1976,1976,1976,0,0,1,1,0,42,1,39,1,0.1438205872,3,0.005395094523,0,0,8.307224912e-05,0.0001776083072,0.0002906317754,,,,83.171875,147.7167773,230.8886523,4636.734375,5.171875,0,4641.90625,1.65625,2.359375,42,5.46875,14.3984375,9.65625,1.168945312,19.8671875,2064468,233.419332,8.844460235,0.024099,49.503101,0.008535,49.535735
161,hybrid[head=topn-frontier reducer=streaming],hybrid,2064468,3441,0.975,1,0.9873417722,93.66666667,0.02136587179,1,1322,1468,600,722,600,868,222,378,378,9640,7600,0.7883817427,1,2.709941,0.0008006905411,1,868,868,0,1,868,868,868,868,868,1,1,0.831797235,0.831797235,0.1841665758,40,1,39,1,0.1426338408,1,0.001742337493,0,0,6.311553388e-05,0.0007551582296,0.0008006905411,,,,38.8459375,42.13316406,80.97910156,2126.876953,751.125,742.1875,2878.001953,8.9375,15.24414062,378,5.46875,76.5234375,133.4501953,1.37890625,133.4501953,2064468,404.618435,5.102258873,0.099018,12.07807,0.465462,12.64255
162,hl,hl,2059878,3434,1,0.6666666667,0.8,1577.422222,0.2281098095,0.9722222222,48,,,,,,0,0,0,0,0,,,,,,,,,,0,,,,,,,,,,288,0.9333333333,0,1,0,30,0.09363855529,258,0.1520560926,0.0008531064164,0.003121285176,0.01172205344,,,,5.857421875,19.64878906,25.50621094,566.6591797,0.53125,0,567.1904297,0.53125,1.034179688,30,5.078125,18.53710938,0,1.662109375,23.61523438,2059878,294.812105,6.987087589,0.007937,0.943206,0,0.951143
162,hl#1,hl,2059878,3434,1,0.8888888889,0.9411764706,348.3333333,0.06147229161,0.8420138889,96,,,,,,0,0,0,0,0,,,,,,,,,,0,,,,,,,,,,576,1,0,1,0,40,0.1291576491,536,0.2627247827,0.0006803514442,0.003228941229,0.015444604,,,,11.48828125,39.23320313,50.72148438,1129.482422,0.6875,0,1130.169922,0.6875,1.357421875,40,5.078125,25.33984375,0,2.286132812,30.41796875,2059878,296.717752,6.942213555,0.008737,1.762314,0,1.771051
162,hl#2,hl,2059878,3434,1,0.9777777778,0.9887640449,34.95555556,0.006782731548,0.9466666667,192,,,,,,0,0,0,0,0,,,,,,,,,,0,,,,,,,,,,1152,1,0,1,0,44,0.140753967,1108,0.3858908149,0.0004571569287,0.003198953795,0.01543440922,,,,22.75,78.50101562,101.2510156,2254.583008,0.71875,0,2255.301758,0.71875,1.458007812,44,5.078125,37.3046875,0,2.543945312,42.3828125,2059878,293.225952,7.024882982,0.01441,3.66495,0,3.67936
162,hl#3,hl,2059878,3434,1,0.9777777778,0.9887640449,16.15555556,0.003122847645,0.9783333333,384,,,,,,0,0,0,0,0,,,,,,,,,,0,,,,,,,,,,2304,1,0,1,0,44,0.1409699992,2260,0.5023122729,0.000279202375,0.003203863618,0.01541401967,,,,45.2734375,157.8191211,203.0925586,4504.585938,0.71875,0,4505.304688,0.71875,1.4609375,44,5.078125,59.671875,0,2.546875,64.75,2059878,267.424732,7.702645842,0.021449,7.780049,0,7.801498
162,ss[policy=difficulty],ss,2059878,3434,0.9574468085,1,0.9782608696,150.8222222,0.02886976019,1,1976,1948,,,,,0,0,0,0,0,,,,0.000242732822,0,,1948,1,0,0,1948,1948,1948,1948,0,0,1.014373717,1.014373717,-0.01427139411,47,1,45,1,0.1458736877,2,0.003547297461,0,0,7.956472035e-05,0.000222343265,0.0002912793864,,,,83.1715625,146.6952344,229.8667969,4636.992188,5.34375,0,4642.335938,1.828125,2.6171875,47,5.46875,14.3984375,9.65625,1.28515625,19.8671875,2059878,260.928859,7.894404658,0.02294,49.105001,0.013275,49.141216
162,hybrid[head=topn-frontier reducer=streaming],hybrid,2059878,3434,0.9574468085,1,0.9782608696,66.66666667,0.01290556596,1,1468,1468,600,868,600,868,204,396,396,9640,7960,0.8257261411,0,17.09917,0.0005718785287,0,,868,0,0,0,868,868,868,868,0,0,1,1,0,47,1,45,1,0.1440352293,2,0.003604582407,0,0,4.842261573e-05,0.0004097330036,0.0005718785287,,,,50.5540625,49.47519531,100.0292578,2454.154297,950.46875,941.40625,3404.623047,9.0625,15.59179688,396,5.46875,77.0234375,134.0429688,1.571289062,134.0429688,2059878,3371.849949,0.6109044089,0.12475,14.265989,0.496749,14.887488
163,hl,hl,1574114,2624,1,0.5714285714,0.7272727273,1115.404762,0.2574608646,0.9583333333,48,,,,,,0,0,0,0,0,,,,,,,,,,0,,,,,,,,,,288,0.9285714286,0,1,0,24,0.07737559033,264,0.1572637052,0.000814719776,0.003223982931,0.0122341838,,,,5.857421875,19.58648438,25.44390625,566.4628906,0.4375,0,566.9003906,0.4375,0.837890625,24,5.078125,21.50585938,0,1.327148438,26.58398438,1574114,224.373233,7.01560511,0.009037,1.03711,0,1.046147
163,hl#1,hl,1574114,2624,1,0.8333333333,0.9090909091,302.0238095,0.07612195582,0.8263888889,96,,,,,,0,0,0,0,0,,,,,,,,,,0,,,,,,,,,,576,1,0,1,0,35,0.1077475964,541,0.2658422452,0.0006485934751,0.003078502755,0.01424928563,,,,11.48828125,39.54041016,51.02869141,1129.324219,0.609375,0,1129.933594,0.609375,1.19921875,35,5.078125,26.19921875,0,1.943359375,31.27734375,1574114,237.20236,6.636165003,0.004896,1.854158,0,1.859054
163,hl#2,hl,1574114,2624,1,1,1,32.66666667,0.008611481239,0.9366666667,192,,,,,,0,0,0,0,0,,,,,,,,,,0,,,,,,,,,,1152,1,0,1,0,42,0.1249350428,1110,0.3868296705,0.0004442402026,0.002974643877,0.01452436101,,,,22.75,79.31164062,102.0616406,2254.556641,0.71875,0,2255.275391,0.71875,1.431640625,42,5.078125,37.0703125,0,2.408203125,42.1484375,1574114,231.001079,6.814314491,0.012388,3.770616,0,3.783004
163,hl#3,hl,1574114,2624,1,1,1,18.92857143,0.004501609595,0.9666666667,384,,,,,,0,0,0,0,0,,,,,,,,,,0,,,,,,,,,,2304,1,0,1,0,42,0.1249699831,2262,0.5077656383,0.0002746248357,0.002975475788,0.0144493982,,,,45.2734375,157.2177539,202.4911914,4504.525391,0.6875,0,4505.212891,0.6875,1.400390625,42,5.078125,59.828125,0,2.439453125,64.90625,1574114,204.195106,7.708872317,0.023031,7.720465,0,7.743496
163,ss[policy=difficulty],ss,1574114,2624,0.976744186,1,0.9882352941,146.1190476,0.03956867864,1,1948,2047,,,,,0,0,0,0,0,,,,0.0002541112016,1,1981,2047,0,1,1981,2047,2047,2047,2047,1,1,0.9516365413,0.9516365413,0.04957210146,43,1,42,1,0.1287956273,1,0.001711438943,0,0,9.509963981e-05,0.0001905834012,0.0002541112016,,,,82.46082031,145.6723242,228.1331445,4571.276367,5.3125,0,4576.588867,1.796875,2.526367188,43,5.46875,14.3984375,9.65625,1.190429688,19.8671875,1574114,207.960202,7.569304054,0.024177,48.906737,0.009856,48.94077
163,hybrid[head=topn-frontier reducer=streaming],hybrid,1574114,2624,0.976744186,1,0.9882352941,47.61904762,0.01598397869,1,1468,1468,600,868,600,868,209,391,391,9640,7860,0.8153526971,0,17.043543,0.000635278004,0,,868,0,0,0,868,868,868,868,0,0,1,1,0,43,1,42,1,0.1261674822,1,0.001816895091,0,0,4.294774785e-05,0.0005761971496,0.000635278004,,,,50.5390625,45.94978516,96.48884766,2458.695312,950.171875,941.40625,3408.867188,8.765625,15.1796875,391,5.46875,76.5234375,133.2695312,1.611328125,133.2695312,1574114,2791.96859,0.5638007554,0.211919,14.267024,0.456281,14.935224
164,hl,hl,2055105,3426,1,0.7857142857,0.88,676.2857143,0.1224418126,0.96875,48,,,,,,0,0,0,0,0,,,,,,,,,,0,,,,,,,,,,288,0.9761904762,0,1,0,33,0.1025597232,255,0.1590020948,0.000908200757,0.003107870401,0.0160006423,,,,5.857421875,19.57455078,25.43197266,566.7519531,0.578125,0,567.3300781,0.578125,1.126953125,33,5.078125,19.24023438,0,1.794921875,24.31835938,2055105,283.016656,7.261427751,0.003273,0.935241,0,0.938514
164,hl#1,hl,2055105,3426,1,0.880952381,0.9367088608,207.3571429,0.04037220356,0.828125,96,,,,,,0,0,0,0,0,,,,,,,,,,0,,,,,,,,,,576,1,0,1,0,37,0.1167925726,539,0.2794845032,0.0006879810345,0.003156556017,0.01692176312,,,,11.48828125,39.17693359,50.66521484,1129.381836,0.640625,0,1130.022461,0.640625,1.256835938,37,5.078125,24.79296875,0,2.114257812,29.87109375,2055105,292.499803,7.026004732,0.004989,1.752219,0,1.757208
164,hl#2,hl,2055105,3426,1,0.9761904762,0.9879518072,28.73809524,0.00603991392,0.9433333333,192,,,,,,0,0,0,0,0,,,,,,,,,,0,,,,,,,,,,1152,1,0,1,0,41,0.1260840687,1111,0.4063597724,0.0004621908343,0.003075221188,0.01683952888,,,,22.75,78.41208984,101.1620898,2254.481445,0.671875,0,2255.15332,0.671875,1.356445312,41,5.078125,37.2265625,0,2.372070312,42.3046875,2055105,286.434451,7.174782896,0.0134,3.683575,0,3.696975
164,hl#3,hl,2055105,3426,0.976744186,1,0.9882352941,18.38095238,0.003783842058,0.975,384,,,,,,0,0,0,0,0,,,,,,,,,,0,,,,,,,,,,2304,1,0,1,0,43,0.1294259904,2261,0.5219796555,0.0002827281449,0.003009906753,0.01685461327,,,,45.2734375,157.097832,202.3712695,4504.544922,0.703125,0,4505.248047,0.703125,1.419921875,43,5.078125,59.28125,0,2.482421875,64.359375,2055105,263.9781,7.785134449,0.021321,7.653241,0,7.674562
164,ss[policy=difficulty],ss,2055105,3426,0.9545454545,1,0.976744186,190.9285714,0.04085614145,1,2047,2047,,,,,0,0,0,0,0,,,,0.0002432965712,0,,2047,0,0,0,2047,2047,2047,2047,0,0,1,1,0,44,1,42,1,0.1316803764,2,0.003502010846,0,0,9.421106774e-05,0.0001216482856,0.0002432965712,,,,84.973125,182.2287695,267.2018945,4803.263672,5.265625,0,4808.529297,1.75,2.482421875,44,5.46875,14.3984375,9.65625,1.212890625,19.8671875,2055105,259.915715,7.906813176,0.024018,51.465541,0.010506,51.500065
164,hybrid[head=topn-frontier reducer=streaming],hybrid,2055105,3426,0.9333333333,1,0.9655172414,66.66666667,0.01403317437,1,1468,1468,600,868,600,868,207,393,393,9640,7900,0.8195020747,0,17.075402,0.0005508234372,0,,868,0,0,0,868,868,868,868,0,0,1,1,0,45,1,42,1,0.1291408468,3,0.005732553811,0,0,5.87263857e-05,0.0004267421859,0.0005508234372,,,,50.8309375,45.92214844,96.75308594,2462.055664,950.359375,941.40625,3412.415039,8.953125,15.50878906,393,5.46875,77.0234375,134.0136719,1.5859375,134.0136719,2055105,3359.105961,0.6118011828,0.110821,14.200061,0.464285,14.775167
165,hl,hl,2034529,3391,1,0.7428571429,0.8524590164,1700.342857,0.2013738476,0.9618055556,48,,,,,,0,0,0,0,0,,,,,,,,,,0,,,,,,,,,,288,0.9714285714,0,1,0,26,0.07962432583,262,0.1620930446,0.0008392964252,0.00306247407,0.01026625819,,,,5.857421875,19.73892578,25.59634766,566.5302734,0.46875,0,566.9990234,0.46875,0.9052734375,26,5.078125,19.16210938,0,1.506835938,24.24023438,2034529,280.803853,7.245374229,0.002829,0.938169,0,0.940998
165,hl#1,hl,2034529,3391,0.96875,0.8857142857,0.9253731343,451.7714286,0.06185437547,0.8229166667,96,,,,,,0,0,0,0,0,,,,,,,,,,0,,,,,,,,,,576,1,0,1,0,32,0.1063690908,544,0.2799871616,0.0006707573828,0.003324034088,0.01703490095,,,,11.48828125,39.19865234,50.68693359,1129.226562,0.5625,0,1129.789062,0.5625,1.1015625,32,5.078125,25.41796875,0,1.809570312,30.49609375,2034529,288.511227,7.051819165,0.007873,1.761026,0,1.768899
165,hl#2,hl,2034529,3391,1,1,1,47.62857143,0.008169575391,0.9266666667,192,,,,,,0,0,0,0,0,,,,,,,,,,0,,,,,,,,,,1152,1,0,1,0,35,0.1172512164,1117,0.4089378918,0.0004567613786,0.003350034754,0.01704522275,,,,22.75,78.48589844,101.2358984,2254.293945,0.578125,0,2254.87207,0.578125,1.168945312,35,5.078125,36.7578125,0,2.043945312,41.8359375,2034529,281.353776,7.231212706,0.011313,3.647015,0,3.658328
165,hl#3,hl,2034529,3391,1,1,1,17,0.003399815609,0.965,384,,,,,,0,0,0,0,0,,,,,,,,,,0,,,,,,,,,,2304,1,0,1,0,35,0.1178498807,2269,0.526098178,0.0002794913449,0.00336713945,0.01705357849,,,,45.2734375,157.1525586,202.4259961,4504.293945,0.578125,0,4504.87207,0.578125,1.168945312,35,5.078125,59.75,0,2.043945312,64.828125,2034529,258.555692,7.868823093,0.020604,7.448164,0,7.468768
165,ss[policy=difficulty],ss,2034529,3391,0.875,1,0.9333333333,171.4,0.03576458161,1,2047,2047,,,,,0,0,0,0,0,,,,0.0002457571261,0,,2047,0,0,0,2047,2047,2047,2047,0,0,1,1,0,40,1,35,1,0.1206623253,5,0.008679650179,0,0,9.249069441e-05,0.0001502067555,0.0002457571261,,,,84.97363281,169.3922461,254.3658789,4803.140625,5.203125,0,4808.34375,1.6875,2.359375,40,5.46875,14.3984375,9.65625,1.122070312,19.8671875,2034529,250.797116,8.112250382,0.024263,51.763082,0.011857,51.799202
165,hybrid[head=topn-frontier reducer=streaming],hybrid,2034529,3391,0.8974358974,1,0.9459459459,2.857142857,0.0005682463916,1,1468,1418,600,868,600,818,199,401,401,9640,8060,0.8360995851,0,17.132464,0.0005898171026,0,,818,1,0,0,818,818,818,818,0,0,1.061124694,1.061124694,-0.05932937806,39,1,35,1,0.1177628827,4,0.007147600255,0,0,4.41102534e-05,0.0004177871144,0.0005898171026,,,,50.54453125,46.39771484,96.94224609,2453.533203,950.546875,941.40625,3404.080078,9.140625,15.72070312,401,5.46875,76.5234375,133.4111328,1.390625,133.4111328,2034529,3339.314712,0.6092654258,0.121534,14.122335,0.493438,14.737307
166,hl,hl,2047878,3414,0.9310344828,0.7105263158,0.8059701493,1397.763158,0.1866305594,0.9652777778,48,,,,,,0,0,0,0,0,,,,,,,,,,0,,,,,,,,,,288,0.9736842105,0,1,0,29,0.09405443098,259,0.1617943061,0.0008883636704,0.003243256241,0.01510685695,,,,5.857421875,19.88916016,25.74658203,566.6640625,0.546875,0,567.2109375,0.546875,1.0390625,29,5.078125,20.33398438,0,1.578125,25.41210938,2047878,282.300799,7.254240892,0.010162,1.000069,0,1.010231
166,hl#1,hl,2047878,3414,0.9714285714,0.8947368421,0.9315068493,450.1842105,0.06141313797,0.8298611111,96,,,,,,0,0,0,0,0,,,,,,,,,,0,,,,,,,,,,576,1,0,1,0,35,0.1186159527,541,0.2759446608,0.0006850010651,0.00338902722,0.0173667572,,,,11.48828125,39.19408203,50.68236328,1129.298828,0.578125,0,1129.876953,0.578125,1.173828125,35,5.078125,25.02734375,0,2.048828125,30.10546875,2047878,294.235317,6.960000658,0.00482,1.765226,0,1.770046
166,hl#2,hl,2047878,3414,1,0.9736842105,0.9866666667,35.71052632,0.006333011554,0.925,192,,,,,,0,0,0,0,0,,,,,,,,,,0,,,,,,,,,,1152,1,0,1,0,37,0.1275818188,1115,0.4003075379,0.0004582372888,0.003448157266,0.01741754147,,,,22.75,78.42546875,101.1754687,2254.362305,0.609375,0,2254.97168,0.609375,1.237304688,37,5.078125,36.6015625,0,2.159179688,41.6796875,2047878,286.490667,7.148149088,0.012235,3.653031,0,3.665266
166,hl#3,hl,2047878,3414,1,0.9736842105,0.9866666667,15.76315789,0.002785263282,0.9683333333,384,,,,,,0,0,0,0,0,,,,,,,,,,0,,,,,,,,,,2304,1,0,1,0,37,0.1277024315,2267,0.5175430372,0.0002800544569,0.003451417067,0.01737798834,,,,45.2734375,157.1676172,202.4410547,4504.362305,0.609375,0,4504.97168,0.609375,1.237304688,37,5.078125,60.453125,0,2.159179688,65.53125,2047878,266.790264,7.675984758,0.020833,7.483825,0,7.504658
166,ss[policy=difficulty],ss,2047878,3414,0.9268292683,1,0.9620253165,173.3421053,0.03091770916,1,2047,2047,,,,,0,0,0,0,0,,,,0.0002441551694,0,,2047,0,0,0,2047,2047,2047,2047,0,0,1,1,0,41,1,38,1,0.1325801635,3,0.005299632107,0,0,8.917023187e-05,0.0001464931016,0.0002866381689,,,,84.974375,174.2563867,259.2307617,4803.208008,5.25,0,4808.458008,1.734375,2.426757812,41,5.46875,14.3984375,9.65625,1.147460938,19.8671875,2047878,245.240779,8.350479102,0.023606,51.122556,0.022491,51.168653
166,hybrid[head=topn-frontier reducer=streaming],hybrid,2047878,3414,0.8636363636,1,0.9268292683,74,0.01496176857,1,1418,1447,600,818,600,847,209,391,391,9640,7860,0.8153526971,0,25.623696,0.0006894941984,1,847,847,0,1,847,847,847,847,847,1,1,0.9657615112,0.9657615112,0.03483835805,44,1,38,1,0.1307367919,6,0.01118572493,0,0,9.603066731e-05,0.0004753701148,0.0006894941984,,,,49.2721875,44.56113281,93.83332031,2335.3125,950.234375,941.40625,3285.546875,8.828125,15.2890625,391,5.46875,77.0234375,133.9208984,1.637695312,133.9208984,2047878,541.736469,3.780210706,0.199364,24.476855,0.787858,25.464077
167,hl,hl,2070849,3452,0.9655172414,0.6511627907,0.7777777778,1180.581395,0.1713768588,0.9583333333,48,,,,,,0,0,0,0,0,,,,,,,,,,0,,,,,,,,,,288,0.976744186,0,1,0,29,0.0958085307,259,0.1602820872,0.0008892035344,0.003303742438,0.01395273146,,,,5.857421875,19.81820313,25.675625,566.6318359,0.515625,0,567.1474609,0.515625,1.006835938,29,5.078125,19.86523438,0,1.61328125,24.94335938,2070849,271.161232,7.636965597,0.003481,0.942727,0,0.946208
167,hl#1,hl,2070849,3452,0.9743589744,0.8837209302,0.9268292683,257.6744186,0.05534541578,0.8159722222,96,,,,,,0,0,0,0,0,,,,,,,,,,0,,,,,,,,,,576,1,0,1,0,39,0.1281493726,537,0.269190559,0.0006898262701,0.003285881347,0.01898206967,,,,11.48828125,39.193125,50.68140625,1129.453125,0.671875,0,1130.125,0.671875,1.328125,39,5.078125,25.41796875,0,2.234375,30.49609375,2070849,279.760504,7.402220722,0.00827,1.740783,0,1.749053
167,hl#2,hl,2070849,3452,1,0.976744186,0.9882352941,34.48837209,0.007289011572,0.9333333333,192,,,,,,0,0,0,0,0,,,,,,,,,,0,,,,,,,,,,1152,1,0,1,0,42,0.1349929425,1110,0.398583383,0.0004631738936,0.003214117679,0.01897530916,,,,22.75,78.45447266,101.2044727,2254.523438,0.6875,0,2255.210938,0.6875,1.3984375,42,5.078125,36.4453125,0,2.4375,41.5234375,2070849,273.243414,7.578770041,0.010328,3.5797,0,3.590028
167,hl#3,hl,2070849,3452,1,0.976744186,0.9882352941,18.6744186,0.003981134226,0.9716666667,384,,,,,,0,0,0,0,0,,,,,,,,,,0,,,,,,,,,,2304,1,0,1,0,42,0.1348403481,2262,0.5137443628,0.0002815037808,0.003210484478,0.01897337759,,,,45.2734375,157.7453711,203.0188086,4504.523438,0.6875,0,4505.210938,0.6875,1.3984375,42,5.078125,60.0625,0,2.4375,65.140625,2070849,250.332474,8.272394576,0.020066,7.463082,0,7.483148
167,ss[policy=difficulty],ss,2070849,3452,0.9347826087,1,0.9662921348,200.1627907,0.04060320403,1,2047,2012,,,,,0,0,0,0,0,,,,0.0002414468655,0,,2012,1,0,0,2012,2012,2012,2012,0,0,1.017395626,1.017395626,-0.01724605444,46,1,43,1,0.1407485529,3,0.005385713782,0,0,0.0001019010749,0.0001770610347,0.0002892533449,,,,84.97109375,183.8585938,268.8296875,4803.40332,5.359375,0,4808.762695,1.84375,2.622070312,46,5.46875,14.3984375,9.65625,1.263671875,19.8671875,2070849,235.593212,8.789934915,0.024524,51.438168,0.011386,51.474078
167,hybrid[head=topn-frontier reducer=streaming],hybrid,2070849,3452,1,1,1,106.7209302,0.02542490843,1,1447,1447,600,847,600,847,198,402,402,9640,8080,0.8381742739,0,17.054925,0.0005794724772,0,,847,0,0,0,847,847,847,847,0,0,1,1,0,43,1,43,1,0.1388082859,0,0,0,0,5.153486818e-05,0,0.0005794724772,,,,50.01070312,58.24402344,108.2547266,2417.15625,950.625,941.40625,3367.78125,9.21875,15.828125,402,5.46875,76.5234375,133.4453125,1.513671875,133.4453125,2070849,780.486501,2.653279714,0.10975,13.734911,0.475524,14.320185
168,hl,hl,2074378,3458,1,0.6904761905,0.8169014085,1546.571429,0.2038166455,0.9513888889,48,,,,,,0,0,0,0,0,,,,,,,,,,0,,,,,,,,,,288,0.9761904762,0,1,0,29,0.09682275844,259,0.1631920508,0.0009028291988,0.003338715808,0.01319961936,,,,5.857421875,19.58798828,25.44541016,566.625,0.515625,0,567.140625,0.515625,1,29,5.078125,19.47460938,0,1.670898438,24.55273438,2074378,274.948403,7.544608288,0.003885,0.946266,0,0.950151
168,hl#1,hl,2074378,3458,0.9756097561,0.9523809524,0.9638554217,211.7857143,0.03613110853,0.8263888889,96,,,,,,0,0,0,0,0,,,,,,,,,,0,,,,,,,,,,576,1,0,1,0,41,0.1381652717,535,0.2671885259,0.000703739232,0.003369884676,0.02020220037,,,,11.48828125,39.18476562,50.67304687,1129.477539,0.671875,0,1130.149414,0.671875,1.352539062,41,5.078125,25.88671875,0,2.368164062,30.96484375,2074378,283.37684,7.320210078,0.004831,1.77389,0,1.778721
168,hl#2,hl,2074378,3458,0.976744186,1,0.9882352941,31.16666667,0.006021080863,0.9383333333,192,,,,,,0,0,0,0,0,,,,,,,,,,0,,,,,,,,,,1152,1,0,1,0,43,0.1444514934,1109,0.3937686381,0.0004672049753,0.003359337056,0.02013856684,,,,22.75,78.41119141,101.1611914,2254.543945,0.703125,0,2255.24707,0.703125,1.418945312,43,5.078125,36.9140625,0,2.481445312,41.9921875,2074378,276.557833,7.500702394,0.013184,3.626302,0,3.639486
168,hl#3,hl,2074378,3458,0.9545454545,1,0.976744186,17.92857143,0.003047421721,0.97,384,,,,,,0,0,0,0,0,,,,,,,,,,0,,,,,,,,,,2304,1,0,1,0,44,0.1460736664,2260,0.506414935,0.0002831981777,0.003319856055,0.02015351108,,,,45.2734375,157.0858594,202.3592969,4504.576172,0.71875,0,4505.294922,0.71875,1.451171875,44,5.078125,59.28125,0,2.537109375,64.359375,2074378,254.560157,8.148871467,0.020292,7.589464,0,7.609756
168,ss[policy=difficulty],ss,2074378,3458,0.8076923077,1,0.8936170213,164.2857143,0.02819020864,1,2012,2012,,,,,0,0,0,0,0,,,,0.0002410361082,0,,2012,0,0,0,2012,2012,2012,2012,0,0,1,1,0,52,1,42,1,0.146137782,10,0.01742257197,0,0,9.363325741e-05,0.0001542631092,0.0002410361082,,,,84.14359375,151.5268164,235.6704102,4721.770508,5.671875,0,4727.442383,2.15625,3.020507812,52,5.46875,14.3984375,9.65625,1.400390625,19.8671875,2074378,241.636704,8.584697464,0.024411,50.312575,0.010118,50.347104
168,hybrid[head=topn-frontier reducer=streaming],hybrid,2074378,3458,0.9333333333,1,0.9655172414,114.2857143,0.01614527735,1,1447,1447,600,847,600,847,198,402,402,9640,8080,0.8381742739,0,17.039866,0.0006266938813,0,,847,0,0,0,847,847,847,847,0,0,1,1,0,45,1,42,1,0.1451254304,3,0.005699057742,0,0,7.606028302e-05,0.0003695886992,0.0006266938813,,,,50.00820313,59.91658203,109.9247852,2417.266602,950.5625,941.40625,3367.829102,9.15625,15.79785156,402,5.46875,77.0234375,134.0136719,1.506835938,134.0136719,2074378,779.624088,2.660741288,0.130685,13.754646,0.464881,14.350212
169,hl,hl,2033789,3390,1,0.6666666667,0.8,1756.027778,0.2209961176,0.9791666667,48,,,,,,0,0,0,0,0,,,,,,,,,,0,,,,,,,,,,288,0.9722222222,0,1,0,24,0.07950677283,264,0.1641256787,0.0008459460123,0.003312782201,0.01872072275,,,,5.857421875,19.67083984,25.52826172,566.4951172,0.46875,0,566.9638672,0.46875,0.8701171875,24,5.078125,18.53710938,0,1.359375,23.61523438,2033789,279.004516,7.289448318,0.004347,1.167125,0,1.171472
169,hl#1,hl,2033789,3390,1,0.8611111111,0.9253731343,554.6388889,0.06985107138,0.8298611111,96,,,,,,0,0,0,0,0,,,,,,,,,,0,,,,,,,,,,576,1,0,1,0,31,0.1071768015,545,0.2832820907,0.0006778800213,0.003457316178,0.02112559366,,,,11.48828125,39.19632813,50.68460938,1129.19043,0.546875,0,1129.737305,0.546875,1.065429688,31,5.078125,24.87109375,0,1.783203125,29.94921875,2033789,285.475592,7.124213267,0.011668,1.7878,0,1.799468
169,hl#2,hl,2033789,3390,1,0.9722222222,0.985915493,33.77777778,0.007258520615,0.9416666667,192,,,,,,0,0,0,0,0,,,,,,,,,,0,,,,,,,,,,1152,1,0,1,0,35,0.1213665724,1117,0.4099510815,0.0004612132412,0.003467616355,0.02118213836,,,,22.75,78.45150391,101.2015039,2254.292969,0.578125,0,2254.871094,0.578125,1.16796875,35,5.078125,37.7734375,0,2.04296875,42.8515625,2033789,279.824398,7.268090326,0.009527,3.695324,0,3.704851
169,hl#3,hl,2033789,3390,1,0.9722222222,0.985915493,17.30555556,0.003538211208,0.975,384,,,,,,0,0,0,0,0,,,,,,,,,,0,,,,,,,,,,2304,1,0,1,0,35,0.1216488043,2269,0.5272538105,0.0002816417599,0.003475680122,0.02115755371,,,,45.2734375,158.940918,204.2143555,4504.293945,0.578125,0,4504.87207,0.578125,1.168945312,35,5.078125,60.21875,0,2.043945312,65.296875,2033789,257.293875,7.904537176,0.023527,7.701856,0,7.725383
169,ss[policy=difficulty],ss,2033789,3390,0.9473684211,1,0.972972973,188.6944444,0.04099744211,1,2012,2012,,,,,0,0,0,0,0,,,,0.0002458465455,0,,2012,0,0,0,2012,2012,2012,2012,0,0,1,1,0,38,1,36,1,0.1266075291,2,0.003412350052,0,0,9.307232642e-05,9.833861821e-05,0.0002458465455,,,,84.08515625,170.6398047,254.7249609,4720.921875,5.046875,0,4725.96875,1.53125,2.171875,38,5.46875,14.3984375,9.65625,1.075195312,19.8671875,2033789,243.927775,8.337668804,0.0273,50.450261,0.019282,50.496843
169,hybrid[head=topn-frontier reducer=streaming],hybrid,2033789,3390,0.9,1,0.9473684211,33.33333333,0.008660313376,1,1447,1447,600,847,600,847,208,392,392,9640,7880,0.8174273859,0,17.172868,0.0005900317093,0,,847,0,0,0,847,847,847,847,0,0,1,1,0,40,1,36,1,0.1238574896,4,0.007178227437,0,0,5.900317093e-05,0.000442523782,0.0005900317093,,,,50.00710937,53.60322266,103.610332,2405.354492,950.40625,941.40625,3355.760742,9,15.42480469,392,5.46875,76.5234375,133.4013672,1.411132812,133.4013672,2033789,789.967703,2.574521708,0.112684,13.784144,0.458574,14.355402
170,hl,hl,1994720,3325,1,0.75,0.8571428571,1415.5,0.1733878239,0.96875,48,,,,,,0,0,0,0,0,,,,,,,,,,0,,,,,,,,,,288,0.9444444444,0,1,0,27,0.08175282746,261,0.1585360351,0.0008343363285,0.003027882499,0.01080903585,,,,5.857421875,19.55558594,25.41300781,566.5917969,0.515625,0,567.1074219,0.515625,0.966796875,27,5.078125,19.00585938,0,1.43359375,24.08398438,1994720,262.646371,7.594698501,0.002769,0.930152,0,0.932921
170,hl#1,hl,1994720,3325,1,0.8611111111,0.9253731343,253.6944444,0.05113307923,0.84375,96,,,,,,0,0,0,0,0,,,,,,,,,,0,,,,,,,,,,576,1,0,1,0,31,0.1043910925,545,0.2834026831,0.0006732530826,0.003367454596,0.02083550574,,,,11.48828125,39.1496875,50.63796875,1129.19043,0.546875,0,1129.737305,0.546875,1.065429688,31,5.078125,24.24609375,0,1.749023438,29.32421875,1994720,273.225264,7.300642594,0.008355,1.742203,0,1.750558
170,hl#2,hl,1994720,3325,1,1,1,30.38888889,0.006289229381,0.9383333333,192,,,,,,0,0,0,0,0,,,,,,,,,,0,,,,,,,,,,1152,1,0,1,0,36,0.1155846435,1116,0.4098424842,0.0004560999372,0.003210684541,0.02084302559,,,,22.75,78.52958984,101.2795898,2254.320312,0.59375,0,2254.914062,0.59375,1.1953125,36,5.078125,37.0703125,0,2.09375,42.1484375,1994720,267.078286,7.468671564,0.008891,3.632445,0,3.641336
170,hl#3,hl,1994720,3325,1,1,1,15.52777778,0.003113050652,0.9783333333,384,,,,,,0,0,0,0,0,,,,,,,,,,0,,,,,,,,,,2304,1,0,1,0,36,0.1156082057,2268,0.5288642015,0.0002797189267,0.003211339046,0.02084152162,,,,45.2734375,159.4508008,204.7242383,4504.320312,0.59375,0,4504.914062,0.59375,1.1953125,36,5.078125,60.0625,0,2.09375,65.140625,1994720,243.083329,8.205910328,0.02209,7.524876,0,7.546966
170,ss[policy=difficulty],ss,1994720,3325,0.9473684211,1,0.972972973,184.3333333,0.03774547524,1,2012,2018,,,,,0,0,0,0,0,,,,0.000250661747,1,2018,2018,0,0,2018,2018,2018,2018,2018,1,1,0.9970267592,0.9970267592,0.002977669694,38,1,36,1,0.1189334844,2,0.003357864763,0,0,9.546254744e-05,0.0001503970482,0.000250661747,,,,84.0859375,167.3695508,251.4554883,4720.978516,5.109375,0,4726.087891,1.59375,2.228515625,38,5.46875,14.3984375,9.65625,1.075195312,19.8671875,1994720,232.877152,8.565546181,0.02401,50.242705,0.013371,50.280086
170,hybrid[head=topn-frontier reducer=streaming],hybrid,1994720,3325,1,1,1,16.66666667,0.00273807568,1,1447,1246,600,847,600,646,204,396,396,9640,7960,0.8257261411,0,17.066041,0.0003007940964,0,,646,1,0,0,646,646,646,646,0,0,1.311145511,1.311145511,-0.2709011909,36,1,36,1,0.1159074958,0,0,0,0,8.355391567e-06,0,0.0003007940964,,,,50.01367188,47.79433594,97.80800781,2410.795898,950.40625,941.40625,3361.202148,9,15.53808594,396,5.46875,76.0859375,132.8417969,1.442382812,132.8417969,1994720,765.761138,2.604885389,0.195465,13.841174,0.457144,14.493783
171,hl,hl,2007883,3347,1,0.6097560976,0.7575757576,1531.414634,0.220817337,0.9722222222,48,,,,,,0,0,0,0,0,,,,,,,,,,0,,,,,,,,,,288,0.9512195122,0,1,0,25,0.07789398087,263,0.1700562234,0.0008609382093,0.003115759235,0.01248279905,,,,5.857421875,19.73181641,25.58923828,566.5,0.453125,0,566.953125,0.453125,0.875,25,5.078125,19.24023438,0,1.357421875,24.31835938,2007883,265.564507,7.560810828,0.003318,0.941718,0,0.945036
171,hl#1,hl,2007883,3347,1,0.8536585366,0.9210526316,364.5365854,0.07314318517,0.8333333333,96,,,,,,0,0,0,0,0,,,,,,,,,,0,,,,,,,,,,576,1,0,1,0,35,0.1143971038,541,0.2786621531,0.0006823945433,0.00326848868,0.01876105331,,,,11.48828125,39.15515625,50.6434375,1129.326172,0.609375,0,1129.935547,0.609375,1.201171875,35,5.078125,24.24609375,0,2.01171875,29.32421875,2007883,274.321697,7.319446555,0.007941,1.770961,0,1.778902
171,hl#2,hl,2007883,3347,1,1,1,39.07317073,0.008259880235,0.9333333333,192,,,,,,0,0,0,0,0,,,,,,,,,,0,,,,,,,,,,1152,1,0,1,0,41,0.129022956,1111,0.3981994967,0.0004576583791,0.003146901366,0.01882779026,,,,22.75,78.53900391,101.2890039,2254.493164,0.671875,0,2255.165039,0.671875,1.368164062,41,5.078125,39.6484375,0,2.383789062,44.7265625,2007883,267.398842,7.508944261,0.012241,3.706812,0,3.719053
171,hl#3,hl,2007883,3347,1,1,1,18.95121951,0.003977568078,0.97,384,,,,,,0,0,0,0,0,,,,,,,,,,0,,,,,,,,,,2304,1,0,1,0,41,0.1289836111,2263,0.5166331903,0.0002802156256,0.003145941734,0.01881135504,,,,45.2734375,158.3108398,203.5842773,4504.493164,0.671875,0,4505.165039,0.671875,1.368164062,41,5.078125,60.0625,0,2.383789062,65.140625,2007883,243.978559,8.229751861,0.02056,7.702831,0,7.723391
171,ss[policy=difficulty],ss,2007883,3347,0.9318181818,1,0.9647058824,165.8292683,0.03529504717,1,2018,2018,,,,,0,0,0,0,0,,,,0.0002490184936,0,,2018,0,0,0,2018,2018,2018,2018,0,0,1,1,0,44,1,41,1,0.1323832116,3,0.005254788252,0,0,9.054086047e-05,0.0001992147949,0.0002983241553,,,,84.23738281,169.0553906,253.2927734,4735.435547,5.390625,0,4740.826172,1.875,2.623046875,44,5.46875,14.3984375,9.65625,1.21875,19.8671875,2007883,231.156308,8.686256574,0.023738,50.473909,0.012992,50.510639
171,hybrid[head=topn-frontier reducer=streaming],hybrid,2007883,3347,0.9111111111,1,0.9534883721,94.12195122,0.01694943019,1,1246,1516,600,646,600,916,239,361,361,9640,7260,0.7531120332,1,2.761438,0.0009447761647,1,916,916,0,1,916,916,916,916,916,1,1,0.7052401747,0.7052401747,0.3492168609,45,1,41,1,0.1309189828,4,0.007899862691,0,0,9.228071999e-05,0.0005576769164,0.0009447761647,,,,36.91,40.18771484,77.09771484,1935.256836,717.40625,708.984375,2652.663086,8.421875,14.46777344,361,5.46875,77.0234375,134.1455078,1.524414062,134.1455078,2007883,372.280921,5.393461998,0.082653,10.978788,0.472588,11.534029
172,hl,hl,2018636,3365,1,0.641025641,0.78125,1946.179487,0.2283076242,0.9652777778,48,,,,,,0,0,0,0,0,,,,,,,,,,0,,,,,,,,,,288,0.9487179487,0,1,0,25,0.08021307457,263,0.1648266453,0.0008508323607,0.003208522983,0.01189961935,,,,5.857421875,19.73111328,25.58853516,566.53125,0.484375,0,567.015625,0.484375,0.90625,25,5.078125,19.47460938,0,1.356445312,24.55273438,2018636,280.549441,7.195295035,0.004048,0.957887,0,0.961935
172,hl#1,hl,2018636,3365,0.9696969697,0.8205128205,0.8888888889,405.2051282,0.05574542964,0.8420138889,96,,,,,,0,0,0,0,0,,,,,,,,,,0,,,,,,,,,,576,1,0,1,0,33,0.1178830656,543,0.2811210144,0.0006927154166,0.003572214109,0.01884638934,,,,11.48828125,39.16648438,50.65476563,1129.258789,0.578125,0,1129.836914,0.578125,1.133789062,33,5.078125,24.40234375,0,1.899414062,29.48046875,2018636,285.578502,7.068585296,0.00871,1.767789,0,1.776499
172,hl#2,hl,2018636,3365,1,1,1,45.23076923,0.008951527366,0.9433333333,192,,,,,,0,0,0,0,0,,,,,,,,,,0,,,,,,,,,,1152,1,0,1,0,39,0.1338948676,1113,0.3968526272,0.0004607183115,0.003433201734,0.018813694,,,,22.75,78.63351563,101.3835156,2254.452148,0.671875,0,2255.124023,0.671875,1.327148438,39,5.078125,37.5390625,0,2.232421875,42.6171875,2018636,280.706266,7.191275167,0.009329,3.676348,0,3.685677
172,hl#3,hl,2018636,3365,1,0.9743589744,0.987012987,12.97435897,0.002662767446,0.9733333333,384,,,,,,0,0,0,0,0,,,,,,,,,,0,,,,,,,,,,2304,1,0,1,0,38,0.1320713591,2266,0.5144161701,0.0002805935457,0.003475562081,0.01879041095,,,,45.2734375,158.9123047,204.1857422,4504.388672,0.625,0,4505.013672,0.625,1.263671875,38,5.078125,59.828125,0,2.208984375,64.90625,2018636,254.445214,7.933479936,0.020705,7.504714,0,7.525419
172,ss[policy=difficulty],ss,2018636,3365,0.9069767442,1,0.9512195122,181.1025641,0.03960506588,1,2018,2009,,,,,0,0,0,0,0,,,,0.0002476920059,0,,2009,1,0,0,2009,2009,2009,2009,0,0,1.004479841,1.004479841,-0.004469836099,43,1,39,1,0.1372233528,4,0.006872462395,0,0,9.289026249e-05,0.0001238460029,0.000296239639,,,,84.23761719,167.0023828,251.24,4735.272461,5.25,0,4740.522461,1.734375,2.459960938,43,5.46875,14.3984375,9.65625,1.194335938,19.8671875,2018636,241.988131,8.341880206,0.023889,50.974559,0.018548,51.016996
172,hybrid[head=topn-frontier reducer=streaming],hybrid,2018636,3365,0.9512195122,1,0.975,46.12820513,0.0109370252,1,1516,1516,600,916,600,916,185,415,415,9640,8340,0.8651452282,0,17.670993,0.0003963072094,0,,916,0,0,0,916,916,916,916,0,0,1,1,0,41,1,39,1,0.1346156514,2,0.003664850919,0,0,3.740753416e-05,0.0003212565316,0.0003963072094,,,,51.76265625,71.24246094,123.0051172,2560.986328,950.796875,941.40625,3511.783203,9.390625,16.18945312,415,5.46875,76.5234375,133.5234375,1.560546875,133.5234375,2018636,348.741144,5.788350571,0.122404,14.897153,0.673463,15.69302
173,hl,hl,2014787,3358,1,0.7105263158,0.8307692308,941.1578947,0.1701067403,0.9583333333,48,,,,,,0,0,0,0,0,,,,,,,,,,0,,,,,,,,,,288,0.9473684211,0,1,0,27,0.09710257213,261,0.1637264882,0.0009056564595,0.00359639156,0.01639974846,,,,5.857421875,19.713125,25.57054688,566.5654297,0.484375,0,567.0498047,0.484375,0.9404296875,27,5.078125,18.61523438,0,1.498046875,23.69335938,2014787,266.573862,7.558081595,0.008942,0.951419,0,0.960361
173,hl#1,hl,2014787,3358,0.9722222222,0.9210526316,0.9459459459,313.4210526,0.05943739488,0.8333333333,96,,,,,,0,0,0,0,0,,,,,,,,,,0,,,,,,,,,,576,1,0,1,0,36,0.1181167041,540,0.2708460001,0.0006752824726,0.00328101956,0.01829424153,,,,11.48828125,39.16876953,50.65705078,1129.328125,0.59375,0,1129.921875,0.59375,1.203125,36,5.078125,26.19921875,0,2.1015625,31.27734375,2014787,273.916169,7.355487657,0.004916,1.793252,0,1.798168
173,hl#2,hl,2014787,3358,0.9743589744,1,0.987012987,40.02631579,0.008455037322,0.9383333333,192,,,,,,0,0,0,0,0,,,,,,,,,,0,,,,,,,,,,1152,1,0,1,0,39,0.127227841,1113,0.3998670827,0.0004575476768,0.003262252332,0.01832799199,,,,22.75,78.50482422,101.2548242,2254.429688,0.640625,0,2255.070312,0.640625,1.3046875,39,5.078125,38.9453125,0,2.2734375,44.0234375,2014787,268.839357,7.494390042,0.013054,3.619915,0,3.632969
173,hl#3,hl,2014787,3358,1,1,1,17.84210526,0.003299824939,0.97,384,,,,,,0,0,0,0,0,,,,,,,,,,0,,,,,,,,,,2304,1,0,1,0,38,0.12587137,2266,0.5164129012,0.0002787692149,0.003312404474,0.01831756905,,,,45.2734375,158.9728711,204.2463086,4504.397461,0.625,0,4505.022461,0.625,1.272460938,38,5.078125,61,0,2.217773438,66.078125,2014787,243.874099,8.261586648,0.020411,7.477081,0,7.497492
173,ss[policy=difficulty],ss,2014787,3358,0.9268292683,1,0.9620253165,151.3684211,0.02932385035,1,2009,2009,,,,,0,0,0,0,0,,,,0.0002481651907,0,,2009,0,0,0,2009,2009,2009,2009,0,0,1,1,0,41,1,38,1,0.128622033,3,0.005262094703,0,0,8.415826368e-05,0.0001985321525,0.0002481651907,,,,84.00761719,156.6746875,240.6823047,4714.055664,5.15625,0,4719.211914,1.640625,2.336914062,41,5.46875,14.3984375,9.65625,1.14453125,19.8671875,2014787,231.673724,8.696657373,0.023688,50.272582,0.013011,50.309281
173,hybrid[head=topn-frontier reducer=streaming],hybrid,2014787,3358,0.95,1,0.9743589744,31.57894737,0.004427364315,1,1516,1516,600,916,600,916,198,402,402,9640,8080,0.8381742739,0,17.057874,0.0004466973432,0,,916,0,0,0,916,916,916,916,0,0,1,1,0,40,1,38,1,0.1263627371,2,0.003629167748,0,0,3.03878276e-05,0.0003099583231,0.0004466973432,,,,51.75867187,71.21375,122.9724219,2577.244141,950.53125,941.40625,3527.775391,9.125,15.72851562,402,5.46875,76.2734375,133.0488281,1.50390625,133.0488281,2014787,333.850993,6.034988789,0.118521,14.873508,0.4793,15.471329
174,hl,hl,2027114,3379,1,0.6388888889,0.7796610169,1343.944444,0.2269018979,0.9722222222,48,,,,,,0,0,0,0,0,,,,,,,,,,0,,,,,,,,,,288,0.9722222222,0,1,0,23,0.08021403828,265,0.1693925453,0.0008666895262,0.003487566882,0.01567548742,,,,5.857421875,19.88333984,25.74076172,566.4287109,0.421875,0,566.8505859,0.421875,0.8037109375,23,5.078125,18.92773438,0,1.301757812,24.00585938,2027114,268.296545,7.555497966,0.00348,0.954271,0,0.957751
174,hl#1,hl,2027114,3379,0.9677419355,0.8333333333,0.8955223881,459.1111111,0.0799676178,0.8454861111,96,,,,,,0,0,0,0,0,,,,,,,,,,0,,,,,,,,,,576,1,0,1,0,31,0.102579332,545,0.2865018938,0.0006754882393,0.00330901071,0.01661574041,,,,11.48828125,39.18183594,50.67011719,1129.160156,0.515625,0,1129.675781,0.515625,1.03515625,31,5.078125,24.87109375,0,1.81640625,29.94921875,2027114,278.294843,7.284051613,0.005114,1.782335,0,1.787449
174,hl#2,hl,2027114,3379,1,1,1,49.58333333,0.01029944981,0.9483333333,192,,,,,,0,0,0,0,0,,,,,,,,,,0,,,,,,,,,,1152,1,0,1,0,36,0.1168197743,1116,0.4091402852,0.0004565625516,0.003244993731,0.01657874199,,,,22.75,78.46425781,101.2142578,2254.328125,0.59375,0,2254.921875,0.59375,1.203125,36,5.078125,37.7734375,0,2.1015625,42.8515625,2027114,271.569043,7.464451683,0.01241,3.673959,0,3.686369
174,hl#3,hl,2027114,3379,1,1,1,19.52777778,0.003517881965,0.9816666667,384,,,,,,0,0,0,0,0,,,,,,,,,,0,,,,,,,,,,2304,1,0,1,0,36,0.1170526177,2268,0.5254341887,0.0002788571208,0.003251461602,0.01655308976,,,,45.2734375,157.8011328,203.0745703,4504.328125,0.59375,0,4504.921875,0.59375,1.203125,36,5.078125,60.21875,0,2.1015625,65.296875,2027114,247.796525,8.180558626,0.021354,7.759366,0,7.78072
174,ss[policy=difficulty],ss,2027114,3379,0.9230769231,1,0.96,142.6666667,0.02748681347,1,2009,2009,,,,,0,0,0,0,0,,,,0.0002466560835,0,,2009,0,0,0,2009,2009,2009,2009,0,0,1,1,0,39,1,36,1,0.1197041706,3,0.0051654717,0,0,8.009365747e-05,0.0001966671172,0.0002466560835,,,,84.00851563,151.4925195,235.5010352,4713.987305,5.125,0,4719.112305,1.609375,2.268554688,39,5.46875,14.3984375,9.65625,1.099609375,19.8671875,2027114,234.496067,8.644554367,0.027934,50.431342,0.008835,50.468111
174,hybrid[head=topn-frontier reducer=streaming],hybrid,2027114,3379,0.972972973,1,0.9863013699,81.86111111,0.01461622951,1,1516,1516,600,916,600,916,207,393,393,9640,7900,0.8195020747,0,17.031431,0.000505151659,0,,916,0,0,0,916,916,916,916,0,0,1,1,0,37,1,36,1,0.1186243102,1,0.001794176351,0,0,4.72646387e-05,0.0002950006758,0.000505151659,,,,51.81148437,71.22222656,123.0337109,2578.038086,950.359375,941.40625,3528.397461,8.953125,15.43652344,393,5.46875,76.5234375,133.2841797,1.352539062,133.2841797,2027114,336.782997,6.019050896,0.118761,14.920391,0.467353,15.506505
175,hl,hl,2031953,3387,0.9375,0.652173913,0.7692307692,1009.456522,0.202696133,0.9618055556,48,,,,,,0,0,0,0,0,,,,,,,,,,0,,,,,,,,,,288,0.9565217391,0,1,0,32,0.09772076421,256,0.1602497696,0.00089573102,0.003053773882,0.01489995093,,,,5.857421875,19.71132813,25.56875,566.71875,0.5625,0,567.28125,0.5625,1.09375,32,5.078125,21.11523438,0,1.705078125,26.19335938,2031953,266.49059,7.624858349,0.00329,0.971865,0,0.975155
175,hl#1,hl,2031953,3387,0.95,0.8260869565,0.8837209302,282.1086957,0.06273345753,0.8385416667,96,,,,,,0,0,0,0,0,,,,,,,,,,0,,,,,,,,,,576,1,0,1,0,40,0.120881733,536,0.2723173223,0.0006826372488,0.003022043325,0.0161888587,,,,11.48828125,39.14818359,50.63646484,1129.447266,0.65625,0,1130.103516,0.65625,1.322265625,40,5.078125,24.48046875,0,2.314453125,29.55859375,2031953,275.858751,7.36591822,0.005111,1.795446,0,1.800557
175,hl#2,hl,2031953,3387,1,0.9347826087,0.9662921348,49.47826087,0.01051475369,0.9383333333,192,,,,,,0,0,0,0,0,,,,,,,,,,0,,,,,,,,,,1152,1,0,1,0,43,0.128093514,1109,0.400925612,0.0004592179913,0.00297891893,0.01605401306,,,,22.75,78.4559375,101.2059375,2254.549805,0.703125,0,2255.25293,0.703125,1.424804688,43,5.078125,37.2265625,0,2.487304688,42.3046875,2031953,268.539554,7.566680475,0.094184,3.679871,0,3.774055
175,hl#3,hl,2031953,3387,0.9787234043,1,0.9892473118,15.67391304,0.003290109946,0.98,384,,,,,,0,0,0,0,0,,,,,,,,,,0,,,,,,,,,,2304,1,0,1,0,47,0.1350277295,2257,0.5099911268,0.0002799561008,0.002872930414,0.01611405382,,,,45.2734375,157.0920508,202.3654883,4504.680664,0.765625,0,4505.446289,0.765625,1.555664062,47,5.078125,59.75,0,2.711914062,64.828125,2031953,245.727284,8.269138725,0.022922,7.910601,0,7.933523
175,ss[policy=difficulty],ss,2031953,3387,0.9019607843,1,0.9484536082,159.173913,0.03466502099,1,2009,2009,,,,,0,0,0,0,0,,,,0.0002460686837,0,,2009,0,0,0,2009,2009,2009,2009,0,0,1,1,0,51,1,46,1,0.137046477,5,0.008545473247,0,0,8.030523865e-05,9.842747347e-05,0.0002460686837,,,,84.00976562,147.9207617,231.9305273,4714.649414,5.59375,0,4720.243164,2.078125,2.930664062,51,5.46875,14.3984375,9.65625,1.408203125,19.8671875,2031953,233.17822,8.714162927,0.038899,50.71528,0.011328,50.765507
175,hybrid[head=topn-frontier reducer=streaming],hybrid,2031953,3387,0.92,1,0.9583333333,39.13043478,0.00806044289,1,1516,1397,600,916,600,797,204,396,396,9640,7960,0.8257261411,0,17.07398,0.0004921373674,0,,797,1,0,0,797,797,797,797,0,0,1.149309912,1.149309912,-0.1391616859,50,1,46,1,0.1343288944,4,0.00747753516,0,0,4.921373674e-05,0.0003937098939,0.0004921373674,,,,51.75796875,71.23519531,122.9931641,2573.910156,950.5625,941.40625,3524.472656,9.15625,15.67578125,396,5.46875,77.0234375,134.0234375,1.76953125,134.0234375,2031953,335.562203,6.055369114,0.128726,15.056431,0.479223,15.66438
176,hl,hl,2043909,3407,0.96875,0.756097561,0.8493150685,1204.170732,0.1879501671,0.9826388889,48,,,,,,0,0,0,0,0,,,,,,,,,,0,,,,,,,,,,288,0.9512195122,0,1,0,32,0.1036895478,256,0.1549261733,0.000897971254,0.003240298369,0.01360481313,,,,5.857421875,19.77162109,25.62904297,566.7646484,0.59375,0,567.3583984,0.59375,1.139648438,32,5.078125,19.63085938,0,1.815429688,24.70898438,2043909,271.228499,7.535745718,0.00288,0.956196,0,0.959076
176,hl#1,hl,2043909,3407,1,0.9024390244,0.9487179487,195.8536585,0.03843761279,0.8472222222,96,,,,,,0,0,0,0,0,,,,,,,,,,0,,,,,,,,,,576,1,0,1,0,37,0.1264028878,539,0.2768073334,0.0007000177451,0.003416294265,0.0172013529,,,,11.48828125,39.13279297,50.62107422,1129.393555,0.640625,0,1130.03418,0.640625,1.268554688,37,5.078125,25.10546875,0,2.126953125,30.18359375,2043909,279.010748,7.325556505,0.00521,1.777705,0,1.782915
176,hl#2,hl,2043909,3407,1,0.9756097561,0.987654321,29.48780488,0.006267592568,0.95,192,,,,,,0,0,0,0,0,,,,,,,,,,0,,,,,,,,,,1152,1,0,1,0,40,0.1336585924,1112,0.4024543167,0.0004653757892,0.003341464811,0.01720233141,,,,22.75,78.42779297,101.177793,2254.462891,0.65625,0,2255.119141,0.65625,1.337890625,40,5.078125,37.3046875,0,2.330078125,42.3828125,2043909,270.808787,7.547424966,0.012153,3.677307,0,3.68946
176,hl#3,hl,2043909,3407,1,1,1,15.97560976,0.003015270291,0.9733333333,384,,,,,,0,0,0,0,0,,,,,,,,,,0,,,,,,,,,,2304,1,0,1,0,41,0.135360723,2263,0.5161961712,0.0002827937909,0.003301481049,0.01719694957,,,,45.2734375,159.4214062,204.6948437,4504.495117,0.671875,0,4505.166992,0.671875,1.370117188,41,5.078125,60.0625,0,2.385742188,65.140625,2043909,245.91519,8.31143859,0.021061,7.617876,0,7.638937
176,ss[policy=difficulty],ss,2043909,3407,0.9318181818,1,0.9647058824,168.5365854,0.03403451797,1,2009,1988,,,,,0,0,0,0,0,,,,0.0002446292863,0,,1988,1,0,0,1988,1988,1988,1988,0,0,1.01056338,1.01056338,-0.0105079776,44,1,41,1,0.1386881706,3,0.005336832511,0,0,9.129120185e-05,0.0002120120482,0.0002935551436,,,,84.00972656,161.5245898,245.5343164,4714.185547,5.234375,0,4719.419922,1.71875,2.466796875,44,5.46875,14.3984375,9.65625,1.18359375,19.8671875,2043909,234.803948,8.704747162,0.023674,50.141953,0.016182,50.181809
176,hybrid[head=topn-frontier reducer=streaming],hybrid,2043909,3407,0.9761904762,1,0.9879518072,35.53658537,0.004342202513,1,1397,1453,600,797,600,853,224,376,376,9640,7560,0.7842323651,1,2.77592,0.0007128497404,1,853,853,0,1,853,853,853,853,853,1,1,0.9343493552,0.9343493552,0.0679048687,42,1,41,1,0.1360202436,1,0.001716319073,0,0,3.187170131e-05,0.0006257617144,0.0007128497404,,,,48.74367187,68.21568359,116.9593555,2292.897461,746.96875,738.28125,3039.866211,8.6875,14.84277344,376,5.46875,76.2734375,133.0878906,1.431640625,133.0878906,2043909,326.772727,6.254833501,0.164745,13.392257,0.465942,14.022944
177,hl,hl,2023201,3373,1,0.6428571429,0.7826086957,1359.928571,0.195705165,0.9861111111,48,,,,,,0,0,0,0,0,,,,,,,,,,0,,,,,,,,,,288,1,0,1,0,27,0.0849791988,261,0.1639955694,0.0008644957229,0.003147377733,0.01547349967,,,,5.857421875,19.71070312,25.568125,566.6279297,0.546875,0,567.1748047,0.546875,1.002929688,27,5.078125,18.84960938,0,1.467773438,23.92773438,2023201,270.214315,7.487393849,0.003088,0.930536,0,0.933624
177,hl#1,hl,2023201,3373,0.9756097561,0.9523809524,0.9638554217,279.5714286,0.04661234408,0.8472222222,96,,,,,,0,0,0,0,0,,,,,,,,,,0,,,,,,,,,,576,1,0,1,0,41,0.1250879176,535,0.2718197549,0.0006890758204,0.00305092482,0.0174421622,,,,11.48828125,39.14882813,50.63710938,1129.519531,0.703125,0,1130.222656,0.703125,1.39453125,41,5.078125,24.55859375,0,2.346679688,29.63671875,2023201,276.821732,7.308678352,0.00577,1.735596,0,1.741366
177,hl#2,hl,2023201,3373,1,1,1,35,0.007698234341,0.9383333333,192,,,,,,0,0,0,0,0,,,,,,,,,,0,,,,,,,,,,1152,1,0,1,0,42,0.1313705361,1110,0.3966081472,0.0004583148292,0.003127869907,0.01735813693,,,,22.75,78.53335938,101.2833594,2254.521484,0.6875,0,2255.208984,0.6875,1.396484375,42,5.078125,36.1328125,0,2.435546875,41.2109375,2023201,269.276915,7.513458775,0.013127,3.602411,0,3.615538
177,hl#3,hl,2023201,3373,1,1,1,21.02380952,0.004531918132,0.9716666667,384,,,,,,0,0,0,0,0,,,,,,,,,,0,,,,,,,,,,2304,1,0,1,0,42,0.1308026242,2262,0.512060344,0.0002790203855,0.003114348194,0.01738186171,,,,45.2734375,160.674668,205.9481055,4504.521484,0.6875,0,4505.208984,0.6875,1.396484375,42,5.078125,59.984375,0,2.435546875,65.0625,2023201,246.404318,8.210899129,0.020495,7.619348,0,7.639843
177,ss[policy=difficulty],ss,2023201,3373,0.9130434783,1,0.9545454545,175.2857143,0.03743076407,1,1988,1988,,,,,0,0,0,0,0,,,,0.0002471331321,0,,1988,0,0,0,1988,1988,1988,1988,0,0,1,1,0,46,1,42,1,0.1347908586,4,0.006907371042,0,0,0.0001005939297,0.0002471331321,0.0002965597585,,,,83.47492188,146.7864062,230.2613281,4665.085938,5.328125,0,4670.414062,1.8125,2.5859375,46,5.46875,14.3984375,9.65625,1.26171875,19.8671875,2023201,236.975746,8.537586796,0.03061,49.856467,0.013032,49.900109
177,hybrid[head=topn-frontier reducer=streaming],hybrid,2023201,3373,0.976744186,1,0.9882352941,54.76190476,0.01062349072,1,1453,1453,600,853,600,853,214,386,386,9640,7760,0.8049792531,0,17.059717,0.0005950965821,0,,853,0,0,0,853,853,853,853,0,0,1,1,0,43,1,42,1,0.1322888828,1,0.001715103937,0,0,4.027695325e-05,0.0005950965821,0.0005950965821,,,,50.1584375,49.69271484,99.85115234,2427.061523,950.375,941.40625,3377.436523,8.96875,15.31152344,386,5.46875,76.2734375,133.1513672,1.473632812,133.1513672,2023201,921.899326,2.194600802,0.111832,14.059705,0.468338,14.639875
178,hl,hl,2078356,3464,0.9411764706,0.7272727273,0.8205128205,1325.363636,0.2071763042,0.9479166667,48,,,,,,0,0,0,0,0,,,,,,,,,,0,,,,,,,,,,288,0.9318181818,0,1,0,34,0.1128180158,254,0.1530940801,0.0009233058886,0.003318176935,0.01371083683,,,,5.857421875,19.77972656,25.63714844,566.8134766,0.625,0,567.4384766,0.625,1.188476562,34,5.078125,19.00585938,0,1.915039062,24.08398438,2078356,273.004706,7.612894409,0.0029,0.943033,0,0.945933
178,hl#1,hl,2078356,3464,1,0.8636363636,0.9268292683,338.25,0.05345419022,0.8368055556,96,,,,,,0,0,0,0,0,,,,,,,,,,0,,,,,,,,,,576,1,0,1,0,38,0.1323392143,538,0.2744818501,0.00070628657,0.003482610902,0.01724680469,,,,11.48828125,39.13087891,50.61916016,1129.381836,0.625,0,1130.006836,0.625,1.256835938,38,5.078125,23.93359375,0,2.202148438,29.01171875,2078356,281.343655,7.387250301,0.008514,1.749076,0,1.75759
178,hl#2,hl,2078356,3464,1,0.9318181818,0.9647058824,35.04545455,0.007405461386,0.94,192,,,,,,0,0,0,0,0,,,,,,,,,,0,,,,,,,,,,1152,1,0,1,0,41,0.1418818528,1111,0.3965201342,0.0004673628359,0.003460532994,0.01731272217,,,,22.75,78.39337891,101.1433789,2254.482422,0.671875,0,2255.154297,0.671875,1.357421875,41,5.078125,36.9921875,0,2.373046875,42.0703125,2078356,274.572187,7.569433826,0.012147,3.719117,0,3.731264
178,hl#3,hl,2078356,3464,1,1,1,16.20454545,0.002779118835,0.9766666667,384,,,,,,0,0,0,0,0,,,,,,,,,,0,,,,,,,,,,2304,1,0,1,0,44,0.1467631147,2260,0.5054971333,0.000283099066,0.003335525334,0.01725931457,,,,45.2734375,157.6899414,202.9633789,4504.578125,0.71875,0,4505.296875,0.71875,1.453125,44,5.078125,60.0625,0,2.5390625,65.140625,2078356,250.788659,8.287280646,0.020635,7.616663,0,7.637298
178,ss[policy=difficulty],ss,2078356,3464,0.88,1,0.9361702128,151.6136364,0.02845744294,1,1988,1988,,,,,0,0,0,0,0,,,,0.000240574762,0,,1988,0,0,0,1988,1988,1988,1988,0,0,1,1,0,50,1,44,1,0.1500609135,6,0.01058432723,0,0,8.24786514e-05,0.0001523640159,0.0002886897144,,,,83.47628906,146.7907422,230.2670313,4665.268555,5.453125,0,4670.72168,1.9375,2.768554688,50,5.46875,14.3984375,9.65625,1.38671875,19.8671875,2078356,242.186504,8.58163426,0.02416,49.791775,0.024361,49.840296
178,hybrid[head=topn-frontier reducer=streaming],hybrid,2078356,3464,0.9565217391,1,0.9777777778,22.72727273,0.004352702222,1,1453,1453,600,853,600,853,218,382,382,9640,7680,0.7966804979,1,2.636735,0.0006577313992,0,,853,0,0,0,853,853,853,853,0,0,1,1,0,46,1,44,1,0.1473323146,2,0.004004126338,0,0,2.789621262e-05,0.0004010381282,0.0006577313992,,,,50.16601562,55.16371094,105.3297266,2432.325195,758.6875,750,3191.012695,8.6875,14.99707031,382,5.46875,76.5234375,133.5185547,1.638671875,133.5185547,2078356,927.452144,2.240930719,0.119706,13.978023,0.470935,14.568664
179,hl,hl,2065386,3443,1,0.6904761905,0.8169014085,1044.119048,0.1750348157,0.96875,48,,,,,,0,0,0,0,0,,,,,,,,,,0,,,,,,,,,,288,0.9523809524,0,1,0,29,0.1114285659,259,0.1617552361,0.0009485548679,0.003842364341,0.01653686042,,,,5.857421875,19.65177734,25.50919922,566.5976562,0.484375,0,567.0820312,0.484375,0.97265625,29,5.078125,18.77148438,0,1.70703125,23.84960938,2065386,269.202208,7.672247621,0.002848,0.921532,0,0.92438
179,hl#1,hl,2065386,3443,0.975,0.9285714286,0.9512195122,220.1666667,0.03074262589,0.84375,96,,,,,,0,0,0,0,0,,,,,,,,,,0,,,,,,,,,,576,1,0,1,0,40,0.1397738728,536,0.2736040624,0.0007176700263,0.003494346819,0.01883812517,,,,11.48828125,39.15845703,50.64673828,1129.484375,0.6875,0,1130.171875,0.6875,1.359375,40,5.078125,24.63671875,0,2.288085938,29.71484375,2065386,277.484696,7.443242924,0.009312,1.713313,0,1.722625
179,hl#2,hl,2065386,3443,1,1,1,31.33333333,0.006076402638,0.945,192,,,,,,0,0,0,0,0,,,,,,,,,,0,,,,,,,,,,1152,1,0,1,0,42,0.1462559541,1110,0.3957696043,0.0004705082972,0.003482284621,0.01882844175,,,,22.75,78.49955078,101.2495508,2254.518555,0.6875,0,2255.206055,0.6875,1.393554688,42,5.078125,37.3828125,0,2.432617188,42.4609375,2065386,269.625957,7.660189779,0.011795,3.605695,0,3.61749
179,hl#3,hl,2065386,3443,0.976744186,1,0.9882352941,13.21428571,0.002580844694,0.9783333333,384,,,,,,0,0,0,0,0,,,,,,,,,,0,,,,,,,,,,2304,1,0,1,0,43,0.1480745004,2261,0.505195639,0.0002835373869,0.003443593032,0.01884684025,,,,45.2734375,160.1201367,205.3935742,4504.550781,0.703125,0,4505.253906,0.703125,1.42578125,43,5.078125,59.203125,0,2.48828125,64.28125,2065386,246.880892,8.365920843,0.020032,7.507582,0,7.527614
179,ss[policy=difficulty],ss,2065386,3443,0.9545454545,1,0.976744186,172.7380952,0.03453344191,1,1988,1988,,,,,0,0,0,0,0,,,,0.0002420854988,0,,1988,0,0,0,1988,1988,1988,1988,0,0,1,1,0,44,1,42,1,0.1497918549,2,0.003601748051,0,0,8.973669285e-05,0.0002178769489,0.0002420854988,,,,83.47550781,146.8189453,230.2944531,4664.926758,5.203125,0,4670.129883,1.6875,2.426757812,44,5.46875,14.3984375,9.65625,1.247070312,19.8671875,2065386,238.81464,8.648489892,0.037649,49.689163,0.010347,49.737159
179,hybrid[head=topn-frontier reducer=streaming],hybrid,2065386,3443,0.976744186,1,0.9882352941,35.28571429,0.008114625027,1,1453,1453,600,853,600,853,219,381,381,9640,7660,0.7946058091,1,2.756689,0.0005325880973,0,,853,0,0,0,853,853,853,853,0,0,1,1,0,43,1,42,1,0.1469967357,1,0.001937168161,0,0,2.907277944e-05,0.0005325880973,0.0005325880973,,,,50.16578125,47.35017578,97.51595703,2424.524414,756.875,748.046875,3181.399414,8.828125,15.08691406,381,5.46875,76.5234375,133.3720703,1.541992188,133.3720703,2065386,920.702514,2.243271815,0.110932,13.892525,0.449006,14.452463
180,hl,hl,2028071,3381,1,0.6571428571,0.7931034483,1306.314286,0.1971239486,0.9479166667,48,,,,,,0,0,0,0,0,,,,,,,,,,0,,,,,,,,,,288,1,0,1,0,23,0.08083987198,265,0.167133695,0.0008610193299,0.003514777042,0.01557835007,,,,5.857421875,19.64771484,25.50513672,566.4638672,0.453125,0,566.9169922,0.453125,0.8388671875,23,5.078125,18.77148438,0,1.272460938,23.84960938,2028071,272.628313,7.438959577,0.002926,0.95516,0,0.958086
180,hl#1,hl,2028071,3381,1,0.9428571429,0.9705882353,369.1714286,0.05672614887,0.8368055556,96,,,,,,0,0,0,0,0,,,,,,,,,,0,,,,,,,,,,576,1,0,1,0,33,0.1091258639,543,0.2811119532,0.0006774962103,0.003306844362,0.0197320508,,,,11.48828125,39.14794922,50.63623047,1129.257812,0.578125,0,1129.835938,0.578125,1.1328125,33,5.078125,24.63671875,0,1.896484375,29.71484375,2028071,282.830393,7.170626107,0.005815,1.791143,0,1.796958
180,hl#2,hl,2028071,3381,1,0.9714285714,0.9855072464,58.65714286,0.01128200413,0.9366666667,192,,,,,,0,0,0,0,0,,,,,,,,,,0,,,,,,,,,,1152,1,0,1,0,34,0.1153805759,1118,0.4114703085,0.0004573358372,0.003393546351,0.01970986223,,,,22.75,78.39404297,101.144043,2254.260742,0.5625,0,2254.823242,0.5625,1.135742188,34,5.078125,36.9921875,0,1.987304688,42.0703125,2028071,277.062479,7.319904909,0.011549,3.6431,0,3.654649
180,hl#3,hl,2028071,3381,1,1,1,17.48571429,0.003717463315,0.9716666667,384,,,,,,0,0,0,0,0,,,,,,,,,,0,,,,,,,,,,2304,1,0,1,0,35,0.1173356357,2269,0.5289869043,0.0002805219358,0.003352446734,0.01970690375,,,,45.2734375,157.0361328,202.3095703,4504.293945,0.578125,0,4504.87207,0.578125,1.168945312,35,5.078125,59.75,0,2.043945312,64.828125,2028071,252.295947,8.038460483,0.020663,7.534078,0,7.554741
180,ss[policy=difficulty],ss,2028071,3381,0.9210526316,1,0.9589041096,178.4,0.03677378782,1,1988,1975,,,,,0,0,0,0,0,,,,0.0002465396922,0,,1975,1,0,0,1975,1975,1975,1975,0,0,1.006582278,1.006582278,-0.006560709881,38,1,35,1,0.1204390773,3,0.00518127817,0,0,9.788923356e-05,0.0002136677332,0.0002465396922,,,,83.47621094,146.794043,230.2702539,4664.734375,5.109375,0,4669.84375,1.59375,2.234375,38,5.46875,14.3984375,9.65625,1.073242188,19.8671875,2028071,240.845658,8.420625129,0.024533,49.574209,0.016643,49.615385
180,hybrid[head=topn-frontier reducer=streaming],hybrid,2028071,3381,1,1,1,42.74285714,0.009626827191,1,1453,1279,600,853,600,679,210,390,390,9640,7840,0.8132780083,0,17.595782,0.0003944635074,0,,679,1,0,0,679,679,679,679,0,0,1.256259205,1.256259205,-0.2281384199,35,1,35,1,0.1180979364,0,0,0,0,2.107562168e-05,0,0.0003944635074,,,,50.16601562,47.07429688,97.2403125,2429.582031,950.34375,941.40625,3379.925781,8.9375,15.36328125,390,5.46875,76.1484375,132.7822266,1.359375,132.7822266,2028071,930.287629,2.180047264,0.112423,13.860532,0.47803,14.450985
181,hl,hl,2051868,3420,1,0.7948717949,0.8857142857,1216.076923,0.1499501563,0.96875,48,,,,,,0,0,0,0,0,,,,,,,,,,0,,,,,,,,,,288,1,0,1,0,31,0.106182269,257,0.1559335201,0.0009101242678,0.003425234485,0.01652250535,,,,5.857421875,19.87671875,25.73414062,566.7314453,0.578125,0,567.3095703,0.578125,1.106445312,31,5.078125,19.16210938,0,1.756835938,24.24023438,2051868,271.304282,7.562976835,0.003955,0.935066,0,0.939021
181,hl#1,hl,2051868,3420,0.9487179487,0.9487179487,0.9487179487,182.3846154,0.03138866572,0.8333333333,96,,,,,,0,0,0,0,0,,,,,,,,,,0,,,,,,,,,,576,1,0,1,0,39,0.1371481986,537,0.2641354122,0.0006966729355,0.003516620477,0.01949930502,,,,11.48828125,39.18884766,50.67712891,1129.425781,0.640625,0,1130.066406,0.640625,1.30078125,39,5.078125,24.79296875,0,2.26953125,29.87109375,2051868,279.11072,7.351448199,0.008355,1.770712,0,1.779067
181,hl#2,hl,2051868,3420,0.9512195122,1,0.975,27.07692308,0.005468320823,0.9516666667,192,,,,,,0,0,0,0,0,,,,,,,,,,0,,,,,,,,,,1152,1,0,1,0,41,0.1429058789,1111,0.3889265781,0.000461660119,0.003485509242,0.0194734749,,,,22.75,78.40777344,101.1577734,2254.492188,0.671875,0,2255.164062,0.671875,1.3671875,41,5.078125,37.6953125,0,2.3828125,42.7734375,2051868,271.641649,7.55358395,0.012218,3.668022,0,3.68024
181,hl#3,hl,2051868,3420,0.975,1,0.9873417722,19.17948718,0.003590555077,0.9783333333,384,,,,,,0,0,0,0,0,,,,,,,,,,0,,,,,,,,,,2304,1,0,1,0,40,0.1413575337,2264,0.5046489345,0.0002803847518,0.003533938343,0.01949638086,,,,45.2734375,158.3245508,203.5979883,4504.458984,0.65625,0,4505.115234,0.65625,1.333984375,40,5.078125,60.921875,0,2.326171875,66,2051868,248.437281,8.259098601,0.023099,7.557344,0,7.580443
181,ss[policy=difficulty],ss,2051868,3420,0.9069767442,1,0.9512195122,163.9487179,0.02972140416,1,1975,1975,,,,,0,0,0,0,0,,,,0.0002436803927,0,,1975,0,0,0,1975,1975,1975,1975,0,0,1,1,0,43,1,39,1,0.1427611328,4,0.007192957832,0,0,9.06037702e-05,0.0001949443142,0.0002924164712,,,,83.19105469,146.5583203,229.749375,4634.430664,5.1875,0,4639.618164,1.671875,2.399414062,43,5.46875,14.3984375,9.65625,1.189453125,19.8671875,2051868,236.185775,8.687517273,0.026181,49.10465,0.009298,49.140129
181,hybrid[head=topn-frontier reducer=streaming],hybrid,2051868,3420,0.975,1,0.9873417722,166.3589744,0.02875199532,1,1279,1483,600,679,600,883,232,368,368,9640,7400,0.7676348548,1,2.616297,0.0008660401156,1,883,883,0,1,883,883,883,883,883,1,1,0.7689694224,0.7689694224,0.262704073,40,1,39,1,0.1428069447,1,0.001979172149,0,0,9.365855893e-05,0.0005843455817,0.0008660401156,,,,37.743125,41.85183594,79.59496094,2024.007812,731.21875,722.65625,2755.226562,8.5625,14.734375,368,5.46875,76.5234375,133.4599609,1.475585938,133.4599609,2051868,389.141327,5.272809279,0.088427,11.557021,0.45345,12.098898
182,hl,hl,2066489,3445,1,0.6,0.75,1180.533333,0.1791366977,0.9722222222,48,,,,,,0,0,0,0,0,,,,,,,,,,0,,,,,,,,,,288,1,0,1,0,27,0.0892392846,261,0.1681146137,0.0008935899247,0.003305158689,0.01642302475,,,,5.857421875,19.65490234,25.51232422,566.5546875,0.484375,0,567.0390625,0.484375,0.9296875,27,5.078125,19.31835938,0,1.553710938,24.39648438,2066489,275.232436,7.508159394,0.00287,0.942007,0,0.944877
182,hl#1,hl,2066489,3445,1,0.9555555556,0.9772727273,234.5333333,0.03521624092,0.8298611111,96,,,,,,0,0,0,0,0,,,,,,,,,,0,,,,,,,,,,576,1,0,1,0,43,0.1298158374,533,0.2735819063,0.0007003433051,0.003018972963,0.01855465962,,,,11.48828125,39.16435547,50.65263672,1129.549805,0.703125,0,1130.25293,0.703125,1.424804688,43,5.078125,25.41796875,0,2.487304688,30.49609375,2066489,283.943559,7.277816082,0.005206,1.800836,0,1.806042
182,hl#2,hl,2066489,3445,0.9782608696,1,0.989010989,33.82222222,0.006691671613,0.9416666667,192,,,,,,0,0,0,0,0,,,,,,,,,,0,,,,,,,,,,1152,1,0,1,0,46,0.1390271131,1106,0.398082932,0.0004662413586,0.003022328546,0.01858901741,,,,22.75,78.38191406,101.1319141,2254.649414,0.75,0,2255.399414,0.75,1.524414062,46,5.078125,37.5390625,0,2.657226562,42.6171875,2066489,275.041399,7.513374378,0.012311,3.577353,0,3.589664
182,hl#3,hl,2066489,3445,1,0.9777777778,0.9887640449,17.51111111,0.003587920556,0.9716666667,384,,,,,,0,0,0,0,0,,,,,,,,,,0,,,,,,,,,,2304,1,0,1,0,44,0.1356208526,2260,0.517594819,0.0002835137464,0.003082292104,0.01855804701,,,,45.2734375,157.6865039,202.9599414,4504.583984,0.71875,0,4505.302734,0.71875,1.458984375,44,5.078125,60.375,0,2.544921875,65.453125,2066489,251.178648,8.227168258,0.020123,7.559065,0,7.579188
182,ss[policy=difficulty],ss,2066489,3445,0.9183673469,1,0.9574468085,164.4444444,0.03520809842,1,1975,1975,,,,,0,0,0,0,0,,,,0.0002419562843,0,,1975,0,0,0,1975,1975,1975,1975,0,0,1,1,0,49,1,45,1,0.1409555047,4,0.007021087458,0,0,8.986947703e-05,0.0002056628417,0.0002903475412,,,,83.14648438,146.5671289,229.7136133,4634.710938,5.375,0,4640.085938,1.859375,2.6796875,49,5.46875,14.3984375,9.65625,1.333984375,19.8671875,2066489,237.238098,8.710611902,0.024449,48.894173,0.013981,48.932603
182,hybrid[head=topn-frontier reducer=streaming],hybrid,2066489,3445,0.8823529412,1,0.9375,26.66666667,0.005130050636,1,1483,1483,600,883,600,883,198,402,402,9640,8080,0.8381742739,0,17.19546,0.0005806950823,0,,883,0,0,0,883,883,883,883,0,0,1,1,0,51,1,45,1,0.1379552468,6,0.01042299282,0,0,5.621925429e-05,0.0003810811478,0.0005806950823,,,,50.92539062,70.43185547,121.3572461,2496.420898,950.625,941.40625,3447.045898,9.21875,15.80371094,402,5.46875,77.0234375,134.1015625,1.674804688,134.1015625,2066489,339.077687,6.094441124,0.222485,14.46259,0.641111,15.326186
183,hl,hl,2007011,3346,0.962962963,0.7222222222,0.8253968254,1332.194444,0.2140145926,0.9722222222,48,,,,,,0,0,0,0,0,,,,,,,,,,0,,,,,,,,,,288,0.9444444444,0,1,0,27,0.08606131207,261,0.1594525391,0.00085247865,0.003187456003,0.01540400127,,,,5.857421875,19.64277344,25.50019531,566.5888672,0.515625,0,567.1044922,0.515625,0.9638671875,27,5.078125,18.92773438,0,1.491210938,24.00585938,2007011,268.870402,7.464603709,0.003027,0.955121,0,0.958148
183,hl#1,hl,2007011,3346,1,0.9166666667,0.9565217391,326.8055556,0.06627882653,0.84375,96,,,,,,0,0,0,0,0,,,,,,,,,,0,,,,,,,,,,576,1,0,1,0,33,0.10850663,543,0.2787069926,0.0006722458726,0.003288079697,0.01802431576,,,,11.48828125,39.15941406,50.64769531,1129.256836,0.578125,0,1129.834961,0.578125,1.131835938,33,5.078125,25.57421875,0,1.861328125,30.65234375,2007011,278.319283,7.211181986,0.005068,1.772446,0,1.777514
183,hl#2,hl,2007011,3346,0.972972973,1,0.9863013699,32.30555556,0.006340680832,0.945,192,,,,,,0,0,0,0,0,,,,,,,,,,0,,,,,,,,,,1152,1,0,1,0,37,0.1183107616,1115,0.404432761,0.0004537704189,0.003197588152,0.01803477908,,,,22.75,78.47078125,101.2207813,2254.354492,0.609375,0,2254.963867,0.609375,1.229492188,37,5.078125,36.8359375,0,2.151367188,41.9140625,2007011,270.8903,7.408943768,0.012597,3.641448,0,3.654045
183,hl#3,hl,2007011,3346,0.972972973,1,0.9863013699,18.05555556,0.003234684144,0.975,384,,,,,,0,0,0,0,0,,,,,,,,,,0,,,,,,,,,,2304,1,0,1,0,37,0.1185843027,2267,0.5264201342,0.0002799498424,0.003204981155,0.01803826686,,,,45.2734375,159.4975391,204.7709766,4504.354492,0.609375,0,4504.963867,0.609375,1.229492188,37,5.078125,59.671875,0,2.151367188,64.75,2007011,246.283246,8.149198261,0.020385,7.595976,0,7.616361
183,ss[policy=difficulty],ss,2007011,3346,0.9473684211,1,0.972972973,143.5277778,0.02832470495,1,1975,1975,,,,,0,0,0,0,0,,,,0.0002491266864,0,,1975,0,0,0,1975,1975,1975,1975,0,0,1,1,0,38,1,36,1,0.1193381601,2,0.003638246128,0,0,7.692769837e-05,0.0001743886805,0.0002491266864,,,,83.14621094,148.579668,231.7258789,4634.356445,5.203125,0,4639.55957,1.6875,2.325195312,38,5.46875,14.3984375,9.65625,1.04296875,19.8671875,2007011,234.436531,8.560999395,0.03187,53.136777,0.017411,53.186058
183,hybrid[head=topn-frontier reducer=streaming],hybrid,2007011,3346,0.8780487805,1,0.9350649351,51.88888889,0.01178079662,1,1483,1483,600,883,600,883,183,417,417,9640,8380,0.8692946058,0,17.643623,0.0005979040474,0,,883,0,0,0,883,883,883,883,0,0,1,1,0,41,1,36,1,0.1176944222,5,0.008914749346,0,0,6.608541076e-05,0.0003557529082,0.0005979040474,,,,50.92140625,70.45449219,121.3758984,2506.295898,950.734375,941.40625,3457.030273,9.328125,16.19433594,417,5.46875,77.0234375,133.7158203,1.489257812,133.7158203,2007011,334.051172,6.008094472,0.310169,25.08577,0.487169,25.883108
184,hl,hl,2004373,3341,1,0.7142857143,0.8333333333,1203.314286,0.1851415119,0.96875,48,,,,,,0,0,0,0,0,,,,,,,,,,0,,,,,,,,,,288,0.9714285714,0,1,0,25,0.08067759843,263,0.1606921466,0.0008380893925,0.003227103937,0.01101790934,,,,5.857421875,19.77666016,25.63408203,566.4931641,0.453125,0,566.9462891,0.453125,0.8681640625,25,5.078125,20.41210938,0,1.413085938,25.49023438,2004373,269.800018,7.42910625,0.022077,1.266745,0,1.288822
184,hl#1,hl,2004373,3341,0.96875,0.8857142857,0.9253731343,239.8285714,0.0579246044,0.8090277778,96,,,,,,0,0,0,0,0,,,,,,,,,,0,,,,,,,,,,576,1,0,1,0,32,0.1051446013,544,0.2773575577,0.0006640662483,0.003285768792,0.01785645686,,,,11.48828125,39.14955078,50.63783203,1129.22168,0.5625,0,1129.78418,0.5625,1.096679688,32,5.078125,24.63671875,0,1.837890625,29.71484375,2004373,279.324297,7.1757918,0.030811,2.224243,0,2.255054
184,hl#2,hl,2004373,3341,1,0.9428571429,0.9705882353,51.88571429,0.01193238311,0.9266666667,192,,,,,,0,0,0,0,0,,,,,,,,,,0,,,,,,,,,,1152,1,0,1,0,33,0.1076561099,1119,0.4071966645,0.0004469208111,0.003262306361,0.01783749831,,,,22.75,78.47226563,101.2222656,2254.223633,0.546875,0,2254.770508,0.546875,1.098632812,33,5.078125,35.9765625,0,1.926757812,41.0546875,2004373,272.973424,7.342740442,0.051416,4.448764,0,4.50018
184,hl#3,hl,2004373,3341,1,1,1,19.51428571,0.004002121976,0.965,384,,,,,,0,0,0,0,0,,,,,,,,,,0,,,,,,,,,,2304,1,0,1,0,35,0.1114173859,2269,0.5286116905,0.0002777903978,0.003183353882,0.01784597977,,,,45.2734375,157.63375,202.9071875,4504.289062,0.578125,0,4504.867188,0.578125,1.1640625,35,5.078125,59.28125,0,2.0390625,64.359375,2004373,248.205592,8.075454642,0.023368,7.494733,0,7.518101
184,ss[policy=difficulty],ss,2004373,3341,0.9459459459,1,0.9722222222,170.9142857,0.03455965453,1,1975,1973,,,,,0,0,0,0,0,,,,0.0002494545676,0,,1973,1,0,0,1973,1973,1973,1973,0,0,1.001013685,1.001013685,-0.001013171313,37,1,35,1,0.1144183243,2,0.003410542848,0,0,8.462577655e-05,7.333964287e-05,0.0002494545676,,,,83.14441406,146.5145117,229.6589258,4634.199219,5.0625,0,4639.261719,1.546875,2.16796875,37,5.46875,14.3984375,9.65625,1.047851562,19.8671875,2004373,233.61371,8.579860317,0.027429,48.689834,0.015419,48.732682
184,hybrid[head=topn-frontier reducer=streaming],hybrid,2004373,3341,0.9210526316,1,0.9589041096,17.14285714,0.004529057756,1,1483,1483,600,883,600,883,192,408,408,9640,8200,0.8506224066,0,17.226364,0.0005986909622,0,,883,0,0,0,883,883,883,883,0,0,1,1,0,38,1,35,1,0.1117331954,3,0.005544377219,0,0,4.070048208e-05,0.0004157576126,0.0005986909622,,,,50.92570312,70.35556641,121.2812695,2491.149414,950.78125,941.40625,3441.930664,9.375,16.09472656,408,5.46875,76.5234375,133.2744141,1.647460938,133.2744141,2004373,333.748892,6.005631923,0.112409,14.19993,0.457232,14.769571
185,hl,hl,1982847,3305,1,0.6315789474,0.7741935484,1076.789474,0.1972328848,0.9548611111,48,,,,,,0,0,0,0,0,,,,,,,,,,0,,,,,,,,,,288,0.9736842105,0,1,0,24,0.07931020396,264,0.1659235433,0.0008515060668,0.003304591832,0.01394106555,,,,5.857421875,19.65693359,25.51435547,566.4960938,0.46875,0,566.9648438,0.46875,0.87109375,24,5.078125,19.55273438,0,1.333007812,24.63085938,1982847,278.555377,7.118322473,0.003407,0.991469,0,0.994876
185,hl#1,hl,1982847,3305,1,0.8421052632,0.9142857143,338.3684211,0.07595741408,0.8350694444,96,,,,,,0,0,0,0,0,,,,,,,,,,0,,,,,,,,,,576,1,0,1,0,32,0.1016099578,544,0.2806545336,0.0006636536309,0.003175311181,0.01757624265,,,,11.48828125,39.16951172,50.65779297,1129.193359,0.53125,0,1129.724609,0.53125,1.068359375,32,5.078125,24.94921875,0,1.873046875,30.02734375,1982847,288.265072,6.878554472,0.004781,1.748027,0,1.752808
185,hl#2,hl,1982847,3305,1,0.9736842105,0.9866666667,47.02631579,0.01019849833,0.93,192,,,,,,0,0,0,0,0,,,,,,,,,,0,,,,,,,,,,1152,1,0,1,0,37,0.1129925809,1115,0.4040886664,0.0004488552494,0.003053853537,0.01755405233,,,,22.75,78.55933594,101.3093359,2254.388672,0.640625,0,2255.029297,0.640625,1.263671875,37,5.078125,38.3984375,0,2.122070312,43.4765625,1982847,282.578777,7.016970705,0.014659,3.810063,0,3.824722
185,hl#3,hl,1982847,3305,1,1,1,15.76315789,0.003260230258,0.9633333333,384,,,,,,0,0,0,0,0,,,,,,,,,,0,,,,,,,,,,2304,1,0,1,0,38,0.1147985699,2266,0.5205570576,0.0002757619911,0.003021014998,0.01753740959,,,,45.2734375,161.3264648,206.5999023,4504.389648,0.625,0,4505.014648,0.625,1.264648438,38,5.078125,59.671875,0,2.209960938,64.75,1982847,257.132767,7.711374257,0.020904,7.5619,0,7.582804
185,ss[policy=difficulty],ss,1982847,3305,0.8837209302,1,0.9382716049,153.1315789,0.03255705207,1,1973,1991,,,,,0,0,0,0,0,,,,0.0002521626732,1,1991,1991,0,1,1991,1991,1991,1991,1991,1,1,0.9909593169,0.9909593169,0.009081798042,43,1,38,1,0.1178618421,5,0.008661283498,0,0,9.405081284e-05,0.0002219031524,0.0002521626732,,,,83.09542969,146.4433398,229.5387695,4629.767578,5.21875,0,4634.986328,1.703125,2.423828125,43,5.46875,14.3984375,9.65625,1.193359375,19.8671875,1982847,242.426686,8.179161431,0.024032,53.314514,0.015923,53.354469
185,hybrid[head=topn-frontier reducer=streaming],hybrid,1982847,3305,0.9268292683,1,0.9620253165,97.05263158,0.02067085897,1,1483,1476,600,883,600,876,185,415,415,9640,8340,0.8651452282,0,17.175453,0.0006556229502,0,,876,1,0,0,876,876,876,876,0,0,1.007990868,1.007990868,-0.007959109668,41,1,38,1,0.1167871248,3,0.005274738797,0,0,8.36565044e-05,0.000523321601,0.0006556229502,,,,51.13257813,70.45181641,121.5843945,2489.447266,950.796875,941.40625,3440.244141,9.390625,16.21289062,415,5.46875,77.0234375,133.8623047,1.577148438,133.8623047,1982847,345.063892,5.746318424,0.116944,14.239653,0.467008,14.823605
186,hl,hl,1995625,3327,1,0.7179487179,0.8358208955,1404.846154,0.1777003176,0.9756944444,48,,,,,,0,0,0,0,0,,,,,,,,,,0,,,,,,,,,,288,1,0,1,0,28,0.08923369872,260,0.161172565,0.0008694661934,0.003186917811,0.01234700908,,,,5.857421875,19.82615234,25.68357422,566.6894531,0.59375,0,567.2832031,0.59375,1.064453125,28,5.078125,19.00585938,0,1.486328125,24.08398438,1995625,273.287413,7.302293867,0.010568,0.950842,0,0.96141
186,hl#1,hl,1995625,3327,1,0.8717948718,0.9315068493,371.4102564,0.04551690203,0.8541666667,96,,,,,,0,0,0,0,0,,,,,,,,,,0,,,,,,,,,,576,1,0,1,0,34,0.1161385531,542,0.2794212339,0.0006867357414,0.003415839797,0.01545731287,,,,11.48828125,39.20253906,50.69082031,1129.258789,0.5625,0,1129.821289,0.5625,1.133789062,34,5.078125,24.79296875,0,1.985351562,29.87109375,1995625,281.947072,7.078012855,0.005327,1.799663,0,1.80499
186,hl#2,hl,1995625,3327,1,1,1,28.82051282,0.005896617461,0.9533333333,192,,,,,,0,0,0,0,0,,,,,,,,,,0,,,,,,,,,,1152,1,0,1,0,39,0.1305425619,1113,0.3981709991,0.0004589527438,0.003347245176,0.01543526464,,,,22.75,78.50408203,101.254082,2254.423828,0.640625,0,2255.064453,0.640625,1.298828125,39,5.078125,38.0859375,0,2.267578125,43.1640625,1995625,275.519946,7.243123516,0.013744,3.668036,0,3.68178
186,hl#3,hl,1995625,3327,0.9743589744,0.9743589744,0.9743589744,15.58974359,0.003233551762,0.9833333333,384,,,,,,0,0,0,0,0,,,,,,,,,,0,,,,,,,,,,2304,1,0,1,0,39,0.1305661134,2265,0.5115399937,0.0002786918868,0.003347849061,0.01544979643,,,,45.2734375,159.5618945,204.835332,4504.423828,0.640625,0,4505.064453,0.640625,1.298828125,39,5.078125,60.921875,0,2.267578125,66,1995625,251.355819,7.939442214,0.021527,7.637571,0,7.659098
186,ss[policy=difficulty],ss,1995625,3327,0.9069767442,1,0.9512195122,158.2051282,0.03219301716,1,1991,1996,,,,,0,0,0,0,0,,,,0.0002505480739,1,1996,1996,0,0,1996,1996,1996,1996,1996,1,1,0.99749499,0.99749499,0.002508152807,43,1,39,1,0.1336433448,4,0.007062449107,0,0,8.938156869e-05,0.0001879110554,0.0003006576887,,,,83.55273438,148.8526367,232.4053711,4671.863281,5.125,0,4676.988281,1.609375,2.33203125,43,5.46875,14.3984375,9.65625,1.193359375,19.8671875,1995625,238.173252,8.37887959,0.027909,49.857748,0.011973,49.89763
186,hybrid[head=topn-frontier reducer=streaming],hybrid,1995625,3327,0.9285714286,1,0.962962963,71.79487179,0.01076042082,1,1476,1476,600,876,600,876,197,403,403,9640,8100,0.8402489627,0,17.0586,0.0006514249922,0,,876,0,0,0,876,876,876,876,0,0,1,1,0,42,1,39,1,0.1319546508,3,0.00582373943,0,0,7.079772717e-05,0.0005234784424,0.0006514249922,,,,50.74382813,70.35185547,121.0956836,2479.321289,950.515625,941.40625,3429.836914,9.109375,15.74316406,403,5.46875,77.0234375,133.7792969,1.778320312,133.7792969,1995625,339.612973,5.87617423,0.133951,14.205527,0.463888,14.803366
187,hl,hl,1989934,3317,1,0.6829268293,0.8115942029,1206.341463,0.1937439321,0.9826388889,48,,,,,,0,0,0,0,0,,,,,,,,,,0,,,,,,,,,,288,1,0,1,0,28,0.08604405975,260,0.1614525909,0.0008593633703,0.003073002134,0.01375070731,,,,5.857421875,19.59246094,25.44988281,566.6259766,0.53125,0,567.1572266,0.53125,1.000976562,28,5.078125,19.00585938,0,1.583984375,24.08398438,1989934,268.041123,7.423987699,0.009409,0.945055,0,0.954464
187,hl#1,hl,1989934,3317,1,0.9024390244,0.9487179487,180.3902439,0.0299592207,0.8298611111,96,,,,,,0,0,0,0,0,,,,,,,,,,0,,,,,,,,,,576,1,0,1,0,37,0.1158475608,539,0.2731904676,0.0006754132437,0.003131015156,0.01440952313,,,,11.48828125,39.15755859,50.64583984,1129.385742,0.640625,0,1130.026367,0.640625,1.260742188,37,5.078125,25.57421875,0,2.119140625,30.65234375,1989934,278.132956,7.154614213,0.004819,1.773025,0,1.777844
187,hl#2,hl,1989934,3317,1,0.9756097561,0.987654321,38.24390244,0.008546232691,0.9433333333,192,,,,,,0,0,0,0,0,,,,,,,,,,0,,,,,,,,,,1152,1,0,1,0,40,0.1236437992,1112,0.398479045,0.0004532316357,0.003091094981,0.01444721282,,,,22.75,78.39974609,101.1497461,2254.455078,0.65625,0,2255.111328,0.65625,1.330078125,40,5.078125,38.1640625,0,2.322265625,43.2421875,1989934,270.538593,7.355453349,0.012802,3.628927,0,3.641729
187,hl#3,hl,1989934,3317,1,0.9756097561,0.987654321,23.70731707,0.005249409987,0.9683333333,384,,,,,,0,0,0,0,0,,,,,,,,,,0,,,,,,,,,,2304,1,0,1,0,40,0.1237970707,2264,0.5129114835,0.0002763491989,0.003094926766,0.01444067994,,,,45.2734375,158.2972656,203.5707031,4504.455078,0.65625,0,4505.111328,0.65625,1.330078125,40,5.078125,60.375,0,2.322265625,65.453125,1989934,249.461338,7.976923462,0.021018,7.487282,0,7.5083
187,ss[policy=difficulty],ss,1989934,3317,0.9111111111,1,0.9534883721,189.902439,0.04333734278,1,1996,2007,,,,,0,0,0,0,0,,,,0.0002512646148,1,2007,2007,0,0,2007,2007,2007,2007,2007,1,1,0.9945191829,0.9945191829,0.005495891925,45,1,41,1,0.1293128315,4,0.006785652187,0,0,0.000103688531,0.0001883228288,0.0003015175378,,,,83.67855469,146.9850586,230.6636133,4683.801758,5.3125,0,4689.114258,1.796875,2.551757812,45,5.46875,14.3984375,9.65625,1.208007812,19.8671875,1989934,235.311096,8.456609288,0.023837,52.629999,0.022065,52.675901
187,hybrid[head=topn-frontier reducer=streaming],hybrid,1989934,3317,0.9111111111,1,0.9534883721,39.02439024,0.01074824487,1,1476,1476,600,876,600,876,198,402,402,9640,8080,0.8381742739,0,17.079952,0.0006035376048,0,,876,0,0,0,876,876,876,876,0,0,1,1,0,45,1,41,1,0.1262041857,4,0.007290694063,0,0,5.015241712e-05,0.0003632030007,0.0006035376048,,,,50.74882813,70.27419922,121.0230273,2484.852539,950.625,941.40625,3435.477539,9.21875,15.82128906,402,5.46875,76.5234375,133.3671875,1.669921875,133.3671875,1989934,334.800085,5.943648431,0.113004,14.156803,0.458936,14.728743
188,hl,hl,2002697,3338,0.9642857143,0.75,0.84375,1283.527778,0.2185282606,0.96875,48,,,,,,0,0,0,0,0,,,,,,,,,,0,,,,,,,,,,288,0.9444444444,0,1,0,28,0.08700018026,260,0.1546664323,0.0008391201825,0.003107149295,0.0132521295,,,,5.857421875,19.77326172,25.63068359,566.5595703,0.46875,0,567.0283203,0.46875,0.9345703125,28,5.078125,19.47460938,0,1.645507812,24.55273438,2002697,268.535878,7.45783772,0.002735,0.960443,0,0.963178
188,hl#1,hl,2002697,3338,1,0.9166666667,0.9565217391,291.1666667,0.06057372915,0.8246527778,96,,,,,,0,0,0,0,0,,,,,,,,,,0,,,,,,,,,,576,1,0,1,0,33,0.1073117901,543,0.2732205621,0.0006606464447,0.003251872426,0.01632498576,,,,11.48828125,39.13417969,50.62246094,1129.255859,0.578125,0,1129.833984,0.578125,1.130859375,33,5.078125,24.87109375,0,1.861328125,29.94921875,2002697,278.621526,7.187876072,0.00511,1.771594,0,1.776704
188,hl#2,hl,2002697,3338,1,1,1,38.38888889,0.008239289609,0.9433333333,192,,,,,,0,0,0,0,0,,,,,,,,,,0,,,,,,,,,,1152,1,0,1,0,36,0.1150912994,1116,0.4041689781,0.0004507467687,0.003196980538,0.0164043787,,,,22.75,78.36378906,101.1137891,2254.322266,0.59375,0,2254.916016,0.59375,1.197265625,36,5.078125,37.4609375,0,2.095703125,42.5390625,2002697,272.941732,7.337452523,0.013795,3.726365,0,3.74016
188,hl#3,hl,2002697,3338,1,0.9722222222,0.985915493,12.86111111,0.002764008995,0.9733333333,384,,,,,,0,0,0,0,0,,,,,,,,,,0,,,,,,,,,,2304,1,0,1,0,35,0.113724143,2269,0.5212635761,0.0002756023086,0.003249261228,0.01641686186,,,,45.2734375,157.0796484,202.3530859,4504.291992,0.578125,0,4504.870117,0.578125,1.166992188,35,5.078125,60.21875,0,2.041992188,65.296875,2002697,249.377001,8.030800723,0.020862,7.696534,0,7.717396
188,ss[policy=difficulty],ss,2002697,3338,0.9,1,0.9473684211,171.1111111,0.03763985287,1,2007,2007,,,,,0,0,0,0,0,,,,0.000249663329,0,,2007,0,0,0,2007,2007,2007,2007,0,0,1,1,0,40,1,36,1,0.1185486372,4,0.007042003858,0,0,9.686937165e-05,0.0001997306632,0.000249663329,,,,83.96007812,147.2207031,231.1807812,4709.230469,5.046875,0,4714.277344,1.53125,2.19921875,40,5.46875,14.3984375,9.65625,1.149414062,19.8671875,2002697,237.907024,8.417981808,0.02733,50.519083,0.011717,50.55813
188,hybrid[head=topn-frontier reducer=streaming],hybrid,2002697,3338,0.9473684211,1,0.972972973,55.08333333,0.01359033922,1,1476,1476,600,876,600,876,188,412,412,9640,8280,0.8589211618,0,17.116648,0.0005407707706,0,,876,0,0,0,876,876,876,876,0,0,1,1,0,38,1,36,1,0.1164629497,2,0.003724976869,0,0,4.313919522e-05,0.0003245623277,0.0005407707706,,,,50.74859375,70.32720703,121.0758008,2482.245117,950.8125,941.40625,3433.057617,9.40625,16.20605469,412,5.46875,76.5234375,133.3183594,1.334960938,133.3183594,2002697,337.035925,5.942087628,0.120176,14.088277,0.464343,14.672796
189,hl,hl,2059146,3432,1,0.6666666667,0.8,1813.694444,0.2307310818,0.9652777778,48,,,,,,0,0,0,0,0,,,,,,,,,,0,,,,,,,,,,288,1,0,1,0,24,0.08481234454,264,0.1633274183,0.0008615963986,0.003533847689,0.01467307321,,,,5.857421875,19.95650391,25.81392578,566.4716797,0.4375,0,566.9091797,0.4375,0.8466796875,24,5.078125,20.56835938,0,1.400390625,25.64648438,2059146,274.71186,7.49565745,0.003161,0.98484,0,0.988001
189,hl#1,hl,2059146,3432,0.9705882353,0.9166666667,0.9428571429,379.4444444,0.05195217533,0.8402777778,96,,,,,,0,0,0,0,0,,,,,,,,,,0,,,,,,,,,,576,1,0,1,0,34,0.1213381664,542,0.2728864296,0.0006844177014,0.0035687696,0.01560209912,,,,11.48828125,39.18242188,50.67070313,1129.268555,0.5625,0,1129.831055,0.5625,1.143554688,34,5.078125,25.49609375,0,1.995117188,30.57421875,2059146,285.429051,7.214213104,0.008272,1.836003,0,1.844275
189,hl#2,hl,2059146,3432,1,1,1,47.63888889,0.006263367737,0.9466666667,192,,,,,,0,0,0,0,0,,,,,,,,,,0,,,,,,,,,,1152,1,0,1,0,36,0.129278837,1116,0.4005888849,0.0004599546197,0.003591078804,0.01563657944,,,,22.75,78.4059375,101.1559375,2254.335938,0.59375,0,2254.929688,0.59375,1.2109375,36,5.078125,37.8515625,0,2.109375,42.9296875,2059146,274.963817,7.48878897,0.009311,3.715187,0,3.724498
189,hl#3,hl,2059146,3432,1,1,1,16.25,0.003226519166,0.9766666667,384,,,,,,0,0,0,0,0,,,,,,,,,,0,,,,,,,,,,2304,1,0,1,0,36,0.1296051858,2268,0.5146128541,0.0002796085243,0.003600144051,0.01563512252,,,,45.2734375,157.1494922,202.4229297,4504.335938,0.59375,0,4504.929688,0.59375,1.2109375,36,5.078125,60.765625,0,2.109375,65.84375,2059146,251.728,8.180043539,0.021132,7.649108,0,7.67024
189,ss[policy=difficulty],ss,2059146,3432,0.9473684211,1,0.972972973,145.6944444,0.02782493154,1,2007,1979,,,,,0,0,0,0,0,,,,0.0002428191104,0,,1979,1,0,0,1979,1979,1979,1979,0,0,1.01414856,1.01414856,-0.01404940319,38,1,36,1,0.1321868386,2,0.003525247845,0,0,7.597682166e-05,0.0001699733773,0.0002428191104,,,,83.95863281,147.84125,231.7998828,4709.211914,5.046875,0,4714.258789,1.53125,2.180664062,38,5.46875,14.3984375,9.65625,1.073242188,19.8671875,2059146,238.804599,8.622723384,0.024235,50.181843,0.019901,50.225979
189,hybrid[head=topn-frontier reducer=streaming],hybrid,2059146,3432,0.9230769231,1,0.96,67.11111111,0.01384747079,1,1476,1358,600,876,600,758,191,409,409,9640,8220,0.8526970954,0,17.347523,0.0004856382209,0,,758,1,0,0,758,758,758,758,0,0,1.155672823,1.155672823,-0.1446827053,39,1,36,1,0.1308129681,3,0.005320652348,0,0,6.121532036e-05,0.0004046985174,0.0004856382209,,,,50.74359375,70.37167969,121.1152734,2471.426758,950.703125,941.40625,3422.129883,9.296875,16.06738281,409,5.46875,77.0234375,133.8525391,1.448242188,133.8525391,2059146,338.473912,6.083618049,0.147251,14.114616,0.491235,14.753102
190,hl,hl,2039842,3400,1,0.6904761905,0.8169014085,1141,0.1772843925,0.9756944444,48,,,,,,0,0,0,0,0,,,,,,,,,,0,,,,,,,,,,288,1,0,1,0,29,0.08837743315,259,0.1607354883,0.0008649754218,0.003047497695,0.01686601217,,,,5.857421875,19.66523438,25.52265625,566.6611328,0.546875,0,567.2080078,0.546875,1.036132812,29,5.078125,20.25585938,0,1.641601562,25.33398438,2039842,271.391228,7.516241461,0.009983,0.93648,0,0.946463
190,hl#1,hl,2039842,3400,1,0.9047619048,0.95,333.8571429,0.0430609501,0.8159722222,96,,,,,,0,0,0,0,0,,,,,,,,,,0,,,,,,,,,,576,1,0,1,0,38,0.1152613781,538,0.2723132478,0.0006728726144,0.00303319416,0.01700523864,,,,11.48828125,39.19484375,50.683125,1129.394531,0.625,0,1130.019531,0.625,1.26953125,38,5.078125,25.57421875,0,2.21484375,30.65234375,2039842,280.72387,7.266364631,0.004763,1.793574,0,1.798337
190,hl#2,hl,2039842,3400,1,1,1,35.69047619,0.006149992438,0.93,192,,,,,,0,0,0,0,0,,,,,,,,,,0,,,,,,,,,,1152,1,0,1,0,42,0.1274275164,1110,0.3982578062,0.0004563240648,0.003033988487,0.01706063509,,,,22.75,78.49691406,101.2469141,2254.526367,0.6875,0,2255.213867,0.6875,1.401367188,42,5.078125,38.0859375,0,2.440429688,43.1640625,2039842,273.899493,7.447410646,0.013244,3.633321,0,3.646565
190,hl#3,hl,2039842,3400,1,1,1,18.14285714,0.003541706628,0.9733333333,384,,,,,,0,0,0,0,0,,,,,,,,,,0,,,,,,,,,,2304,1,0,1,0,42,0.1274838934,2262,0.5147575155,0.0002787506115,0.003035330794,0.01702926011,,,,45.2734375,157.7313867,203.0048242,4504.526367,0.6875,0,4505.213867,0.6875,1.401367188,42,5.078125,60.53125,0,2.440429688,65.609375,2039842,249.536552,8.174521863,0.020405,7.5144,0,7.534805
190,ss[policy=difficulty],ss,2039842,3400,0.9130434783,1,0.9545454545,163.3095238,0.03145468895,1,1979,1979,,,,,0,0,0,0,0,,,,0.0002451170238,0,,1979,0,0,0,1979,1979,1979,1979,0,0,1,1,0,46,1,42,1,0.1308875884,4,0.006782388048,0,0,8.268969511e-05,0.0001103026607,0.0002872771519,,,,83.24625,146.6399609,229.8862109,4644.089844,5.421875,0,4649.511719,1.90625,2.68359375,46,5.46875,14.3984375,9.65625,1.259765625,19.8671875,2039842,237.535052,8.587541008,0.0244,49.466266,0.015238,49.505904
190,hybrid[head=topn-frontier reducer=streaming],hybrid,2039842,3400,0.9130434783,1,0.9545454545,49.85714286,0.00922651323,1,1358,1441,600,758,600,841,236,364,364,9640,7320,0.7593360996,1,2.888075,0.0007392729437,1,841,841,0,1,841,841,841,841,841,1,1,0.9013079667,0.9013079667,0.1039082743,46,1,42,1,0.1285516231,4,0.007261836946,0,0,6.82277907e-05,0.0005279820692,0.0007392729437,,,,47.74804688,78.84126953,126.5893164,2210.144531,723.3125,714.84375,2933.457031,8.46875,14.44921875,364,5.46875,77.0234375,133.9160156,1.551757812,133.9160156,2039842,325.996116,6.257258599,0.102626,12.66448,0.445597,13.212703
191,hl,hl,1982493,3305,0.9642857143,0.7941176471,0.8709677419,834.6764706,0.1286063175,0.9583333333,48,,,,,,0,0,0,0,0,,,,,,,,,,0,,,,,,,,,,288,1,0,1,0,28,0.09257283632,260,0.1558532615,0.0008625906175,0.003306172726,0.01715163685,,,,5.857421875,19.57351562,25.4309375,566.5947266,0.5,0,567.0947266,0.5,0.9697265625,28,5.078125,19.39648438,0,1.6171875,24.47460938,1982493,266.139624,7.449071169,0.003247,0.959493,0,0.96274
191,hl#1,hl,1982493,3305,1,0.9117647059,0.9538461538,278.6764706,0.0430475365,0.8315972222,96,,,,,,0,0,0,0,0,,,,,,,,,,0,,,,,,,,,,576,1,0,1,0,31,0.1052276099,545,0.2726612402,0.0006560570313,0.003394439028,0.01885151675,,,,11.48828125,39.15693359,50.64521484,1129.225586,0.578125,0,1129.803711,0.578125,1.100585938,31,5.078125,25.65234375,0,1.752929688,30.73046875,1982493,277.104723,7.154309672,0.008444,1.787933,0,1.796377
191,hl#2,hl,1982493,3305,0.9428571429,0.9705882353,0.9565217391,29.41176471,0.006314091246,0.93,192,,,,,,0,0,0,0,0,,,,,,,,,,0,,,,,,,,,,1152,1,0,1,0,35,0.1158344569,1117,0.398909353,0.0004468262239,0.003309555912,0.01883487104,,,,22.75,78.47021484,101.2202148,2254.295898,0.578125,0,2254.874023,0.578125,1.170898438,35,5.078125,37.4609375,0,2.045898438,42.5390625,1982493,270.766572,7.321778997,0.011531,3.69862,0,3.710151
191,hl#3,hl,1982493,3305,0.9714285714,1,0.9855072464,17.05882353,0.003298959178,0.975,384,,,,,,0,0,0,0,0,,,,,,,,,,0,,,,,,,,,,2304,1,0,1,0,35,0.1159126413,2269,0.5152689064,0.0002739503245,0.003311789752,0.01883184455,,,,45.2734375,157.6981641,202.9716016,4504.295898,0.578125,0,4504.874023,0.578125,1.170898438,35,5.078125,60.140625,0,2.045898438,65.21875,1982493,247.942921,7.99576367,0.020997,7.676476,0,7.697473
191,ss[policy=difficulty],ss,1982493,3305,0.85,1,0.9189189189,170.8235294,0.03158078828,1,1979,1997,,,,,0,0,0,0,0,,,,0.0002522077001,1,1997,1997,0,1,1997,1997,1997,1997,1997,1,1,0.9909864797,0.9909864797,0.009054387813,40,1,34,1,0.1171146632,6,0.0106023073,0,0,0.0001009839631,0.0001849523134,0.0002849947011,,,,83.24761719,146.5945703,229.8421875,4643.769531,5.203125,0,4648.972656,1.6875,2.36328125,40,5.46875,14.3984375,9.65625,1.090820312,19.8671875,1982493,238.589573,8.309218945,0.023247,49.41499,0.012565,49.450802
191,hybrid[head=topn-frontier reducer=streaming],hybrid,1982493,3305,0.9714285714,1,0.9855072464,29.41176471,0.007544200645,1,1441,1441,600,841,600,841,205,395,395,9640,7940,0.8236514523,0,17.133107,0.0004539738602,0,,841,0,0,0,841,841,841,841,0,0,1,1,0,35,1,34,1,0.114689434,1,0.001720056515,0,0,1.873542915e-05,0.0001513246201,0.0004539738602,,,,49.86132812,53.81464844,103.6759766,2398.217773,950.484375,941.40625,3348.702148,9.078125,15.61621094,395,5.46875,76.2734375,132.9804688,1.2890625,132.9804688,1982493,690.145174,2.87257388,0.168891,14.0323,0.718101,14.919292
192,hl,hl,2018382,3364,1,0.7567567568,0.8615384615,1138.648649,0.1453405019,0.9722222222,48,,,,,,0,0,0,0,0,,,,,,,,,,0,,,,,,,,,,288,1,0,1,0,28,0.09736313542,260,0.1563420601,0.0008809208179,0.003477254837,0.01811797767,,,,5.857421875,19.67804687,25.53546875,566.6318359,0.53125,0,567.1630859,0.53125,1.006835938,28,5.078125,18.22460938,0,1.495117188,23.30273438,2018382,287.653982,7.016701059,0.002964,0.937991,0,0.940955
192,hl#1,hl,2018382,3364,0.9714285714,0.9189189189,0.9444444444,201.5675676,0.03483032183,0.8350694444,96,,,,,,0,0,0,0,0,,,,,,,,,,0,,,,,,,,,,576,1,0,1,0,35,0.1242529908,541,0.2672838937,0.0006797515356,0.00355008545,0.02034104545,,,,11.48828125,39.20316406,50.69144531,1129.295898,0.578125,0,1129.874023,0.578125,1.170898438,35,5.078125,25.26171875,0,2.045898438,30.33984375,2018382,296.537979,6.80648734,0.004723,1.800232,0,1.804955
192,hl#2,hl,2018382,3364,0.9736842105,1,0.9866666667,28.48648649,0.005080457241,0.9483333333,192,,,,,,0,0,0,0,0,,,,,,,,,,0,,,,,,,,,,1152,1,0,1,0,38,0.1318016114,1114,0.3956748524,0.0004578788748,0.003468463458,0.0203351001,,,,22.75,78.52498047,101.2749805,2254.395508,0.625,0,2255.020508,0.625,1.270507812,38,5.078125,37.9296875,0,2.215820312,43.0078125,2018382,291.683018,6.919778922,0.012808,3.63301,0,3.645818
192,hl#3,hl,2018382,3364,1,0.972972973,0.9863013699,20.35135135,0.003551131098,0.975,384,,,,,,0,0,0,0,0,,,,,,,,,,0,,,,,,,,,,2304,1,0,1,0,36,0.1282779969,2268,0.5179738028,0.0002804912325,0.003563277693,0.02028951903,,,,45.2734375,158.8916992,204.1651367,4504.332031,0.59375,0,4504.925781,0.59375,1.20703125,36,5.078125,59.984375,0,2.10546875,65.0625,2018382,262.509448,7.688797548,0.021569,7.62711,0,7.648679
192,ss[policy=difficulty],ss,2018382,3364,0.925,1,0.961038961,144.9189189,0.02588212804,1,1997,1997,,,,,0,0,0,0,0,,,,0.0002477231763,0,,1997,0,0,0,1997,1997,1997,1997,0,0,1,1,0,40,1,37,1,0.1327910178,3,0.00513183332,0,0,8.020037832e-05,0.0001838105968,0.0002541639789,,,,83.70214844,150.3245898,234.0267383,4685.895508,5.140625,0,4691.036133,1.625,2.301757812,40,5.46875,14.3984375,9.65625,1.091796875,19.8671875,2018382,249.422897,8.09220815,0.023795,50.002916,0.011037,50.037748
192,hybrid[head=topn-frontier reducer=streaming],hybrid,2018382,3364,1,1,1,59.45945946,0.008065412098,1,1441,1441,600,841,600,841,189,411,411,9640,8260,0.856846473,0,17.048379,0.0004459017173,0,,841,0,0,0,841,841,841,841,0,0,1,1,0,37,1,37,1,0.1312244164,0,0,0,0,2.945897232e-05,0,0.0004459017173,,,,49.86125,53.81984375,103.6810938,2408.466797,950.734375,941.40625,3359.201172,9.328125,16.07617188,411,5.46875,76.5234375,133.2695312,1.364257812,133.2695312,2018382,704.436481,2.865243431,0.107196,13.743059,0.468916,14.319171
193,hl,hl,2030031,3384,1,0.6666666667,0.8,1317.722222,0.2061751557,0.9583333333,48,,,,,,0,0,0,0,0,,,,,,,,,,0,,,,,,,,,,288,1,0,1,0,24,0.08128595081,264,0.1632955359,0.0008492412732,0.003386914617,0.01761401673,,,,5.857421875,19.79353516,25.65095703,566.4960938,0.46875,0,566.9648438,0.46875,0.87109375,24,5.078125,19.16210938,0,1.295898438,24.24023438,2030031,273.183403,7.431018787,0.002962,0.940564,0,0.943526
193,hl#1,hl,2030031,3384,0.9714285714,0.9444444444,0.9577464789,280.2777778,0.04377664611,0.8229166667,96,,,,,,0,0,0,0,0,,,,,,,,,,0,,,,,,,,,,576,1,0,1,0,35,0.1134563955,541,0.2716692504,0.000668620913,0.0032416113,0.01993959698,,,,11.48828125,39.16052734,50.64880859,1129.327148,0.609375,0,1129.936523,0.609375,1.202148438,35,5.078125,25.96484375,0,2.01171875,31.04296875,2030031,281.534942,7.210582763,0.004777,1.775775,0,1.780552
193,hl#2,hl,2030031,3384,1,1,1,34.16666667,0.005965519783,0.94,192,,,,,,0,0,0,0,0,,,,,,,,,,0,,,,,,,,,,1152,1,0,1,0,36,0.1185730661,1116,0.4047834737,0.000454302552,0.003293696281,0.01998393128,,,,22.75,78.38576172,101.1357617,2254.332031,0.59375,0,2254.925781,0.59375,1.20703125,36,5.078125,38.8671875,0,2.10546875,43.9453125,2030031,274.124304,7.405512647,0.012107,3.608233,0,3.62034
193,hl#3,hl,2030031,3384,1,1,1,15.75,0.002727790671,0.98,384,,,,,,0,0,0,0,0,,,,,,,,,,0,,,,,,,,,,2304,1,0,1,0,36,0.1188474462,2268,0.5223575404,0.0002783007754,0.003301317949,0.01995831591,,,,45.2734375,157.1269141,202.4003516,4504.332031,0.59375,0,4504.925781,0.59375,1.20703125,36,5.078125,60.0625,0,2.10546875,65.140625,2030031,250.518737,8.103310053,0.022218,7.555585,0,7.577803
193,ss[policy=difficulty],ss,2030031,3384,0.9,1,0.9473684211,133.1388889,0.02287846441,1,1997,1997,,,,,0,0,0,0,0,,,,0.0002463016575,0,,1997,0,0,0,1997,1997,1997,1997,0,0,1,1,0,40,1,36,1,0.1211291847,4,0.007107280628,0,0,7.873032481e-05,0.000197041326,0.0002463016575,,,,83.70453125,147.0937305,230.7982617,4685.898438,5.140625,0,4691.039062,1.625,2.3046875,40,5.46875,14.3984375,9.65625,1.122070312,19.8671875,2030031,239.108342,8.49000492,0.024322,50.478003,0.011967,50.514292
193,hybrid[head=topn-frontier reducer=streaming],hybrid,2030031,3384,0.9230769231,1,0.96,16.66666667,0.003282043496,1,1441,1441,600,841,600,841,190,410,410,9640,8240,0.8547717842,0,17.065824,0.0006354582763,0,,841,0,0,0,841,841,841,841,0,0,1,1,0,39,1,36,1,0.119063699,3,0.005467896796,0,0,3.632633676e-05,0.0003737217149,0.0006354582763,,,,49.86117187,50.85310547,100.7142773,2403.288086,950.71875,941.40625,3354.006836,9.3125,16.02246094,410,5.46875,76.5234375,133.2353516,1.5078125,133.2353516,2030031,697.063986,2.912259191,0.109197,13.762032,0.46286,14.334089
194,hl,hl,2144664,3575,1,0.6857142857,0.813559322,1317.6,0.1965780629,0.9618055556,48,,,,,,0,0,0,0,0,,,,,,,,,,0,,,,,,,,,,288,1,0,1,0,24,0.08564744874,264,0.1601518933,0.0008534699375,0.003568643697,0.01692339686,,,,5.857421875,19.51804687,25.37546875,566.4921875,0.46875,0,566.9609375,0.46875,0.8671875,24,5.078125,19.63085938,0,1.291015625,24.70898438,2144664,286.535096,7.484821336,0.01278,1.531403,0,1.544183
194,hl#1,hl,2144664,3575,1,0.9142857143,0.9552238806,373,0.0584187345,0.8211805556,96,,,,,,0,0,0,0,0,,,,,,,,,,0,,,,,,,,,,576,1,0,1,0,32,0.1104779117,544,0.2658197275,0.0006532945124,0.00345243474,0.01870735929,,,,11.48828125,39.24615234,50.73443359,1129.220703,0.5625,0,1129.783203,0.5625,1.095703125,32,5.078125,24.32421875,0,1.8359375,29.40234375,2144664,295.146968,7.266427348,0.013773,2.778288,0,2.792061
194,hl#2,hl,2144664,3575,1,1,1,43.22857143,0.007364651555,0.9266666667,192,,,,,,0,0,0,0,0,,,,,,,,,,0,,,,,,,,,,1152,1,0,1,0,35,0.1196914761,1117,0.3878714801,0.000440592844,0.003419756461,0.01871528594,,,,22.75,78.49832031,101.2483203,2254.289062,0.578125,0,2254.867188,0.578125,1.1640625,35,5.078125,36.4453125,0,2.0390625,41.5234375,2144664,291.237278,7.363974882,0.019961,5.484835,0,5.504796
194,hl#3,hl,2144664,3575,1,1,1,22.97142857,0.004024976555,0.9533333333,384,,,,,,0,0,0,0,0,,,,,,,,,,0,,,,,,,,,,2304,1,0,1,0,35,0.1203587135,2269,0.5006891522,0.0002695520251,0.003438820387,0.01872134749,,,,45.2734375,157.3557227,202.6291602,4504.289062,0.578125,0,4504.867188,0.578125,1.1640625,35,5.078125,59.359375,0,2.0390625,64.4375,2144664,270.780607,7.920301323,0.030125,11.435869,0,11.465994
194,ss[policy=difficulty],ss,2144664,3575,0.9210526316,1,0.9589041096,165.1142857,0.02908623524,1,1997,1997,,,,,0,0,0,0,0,,,,0.0002331367524,0,,1997,0,0,0,1997,1997,1997,1997,0,0,1,1,0,38,1,35,1,0.1229432676,3,0.005039950314,0,0,8.072666812e-05,0.0001243396013,0.0002797641029,,,,83.70453125,147.2060547,230.9105859,4685.760742,5.046875,0,4690.807617,1.53125,2.166992188,38,5.46875,14.3984375,9.65625,1.04296875,19.8671875,2144664,256.990929,8.345290662,0.069875,72.248118,0.020593,72.338586
194,hybrid[head=topn-frontier reducer=streaming],hybrid,2144664,3575,0.8974358974,1,0.9459459459,52.51428571,0.00857358594,1,1441,1345,600,841,600,745,175,425,425,9640,8540,0.8858921162,0,33.028962,0.0005129008553,0,,745,1,0,0,745,745,745,745,0,0,1.12885906,1.12885906,-0.1212074416,39,1,35,1,0.1211056837,4,0.007045858932,0,0,5.848743553e-05,0.000355999821,0.0005129008553,,,,49.8928125,52.16396484,102.0567773,2398.40332,950.921875,941.40625,3349.325195,9.515625,16.53613281,425,5.46875,76.5234375,133.2060547,1.385742188,133.2060547,2144664,757.87957,2.82982163,0.167322,20.256045,0.695868,21.119235
195,hl,hl,1882115,3137,1,0.7105263158,0.8307692308,1489.710526,0.1822295617,0.9756944444,48,,,,,,0,0,0,0,0,,,,,,,,,,0,,,,,,,,,,288,1,0,1,0,27,0.0871843644,261,0.1457955545,0.0008089580516,0.003229050533,0.01683744086,,,,5.857421875,19.84082031,25.69824219,566.6591797,0.578125,0,567.2373047,0.578125,1.034179688,27,5.078125,21.34960938,0,1.431640625,26.42773438,1882115,264.470384,7.11654353,0.00757,1.002489,0,1.010059
195,hl#1,hl,1882115,3137,1,0.9210526316,0.9589041096,283.6578947,0.04167377628,0.8298611111,96,,,,,,0,0,0,0,0,,,,,,,,,,0,,,,,,,,,,576,1,0,1,0,35,0.1211551898,541,0.2519346586,0.0006477254312,0.003461576851,0.01709512968,,,,11.48828125,39.27677734,50.76505859,1129.295898,0.578125,0,1129.874023,0.578125,1.170898438,35,5.078125,25.80859375,0,2.045898438,30.88671875,1882115,276.047505,6.818083721,0.004645,1.849026,0,1.853671
195,hl#2,hl,1882115,3137,1,1,1,65.10526316,0.008495372651,0.93,192,,,,,,0,0,0,0,0,,,,,,,,,,0,,,,,,,,,,1152,1,0,1,0,38,0.1299091713,1114,0.3686692896,0.0004327938029,0.003418662403,0.01706059407,,,,22.75,78.78955078,101.5395508,2254.393555,0.625,0,2255.018555,0.625,1.268554688,38,5.078125,36.8359375,0,2.213867188,41.9140625,1882115,271.620008,6.929220766,0.018611,3.654781,0,3.673392
195,hl#3,hl,1882115,3137,1,1,1,19.47368421,0.004104160495,0.965,384,,,,,,0,0,0,0,0,,,,,,,,,,0,,,,,,,,,,2304,1,0,1,0,38,0.1303352877,2266,0.4795567752,0.0002647100968,0.003429875992,0.01705103036,,,,45.2734375,160.3788086,205.6522461,4504.393555,0.625,0,4505.018555,0.625,1.268554688,38,5.078125,59.671875,0,2.213867188,64.75,1882115,250.014729,7.528016479,0.049067,7.61537,0,7.664437
195,ss[policy=difficulty],ss,1882115,3137,0.9047619048,1,0.95,180.4210526,0.04143988793,1,1997,2123,,,,,0,0,0,0,0,,,,0.0002656585809,1,2123,2123,0,0,2123,2123,2123,2123,2123,1,1,0.9406500236,0.9406500236,0.06118412829,42,1,38,1,0.1341777734,4,0.006903403883,0,0,0.0001019116918,0.0001593951485,0.0003166650284,,,,83.70355469,147.1667773,230.870332,4686.055664,5.265625,0,4691.321289,1.75,2.461914062,42,5.46875,14.3984375,9.65625,1.169921875,19.8671875,1882115,241.621153,7.78952909,0.038756,51.251486,0.00994,51.300182
195,hybrid[head=topn-frontier reducer=streaming],hybrid,1882115,3137,0.95,1,0.9743589744,91.68421053,0.01969354716,1,1345,1540,600,745,600,940,182,418,418,9640,8400,0.8713692946,0,17.015501,0.0008410750671,1,940,940,0,1,940,940,940,940,940,1,1,0.7925531915,0.7925531915,0.2324956569,40,1,38,1,0.1323861719,2,0.003865863669,0,0,7.151528998e-05,0.0005047513037,0.0008410750671,,,,39.41953125,42.665,82.08453125,2138.723633,950.875,941.40625,3089.598633,9.46875,16.38769531,418,5.46875,76.5234375,133.2841797,1.389648438,133.2841797,1882115,434.819635,4.328495883,0.09624,12.220737,0.473226,12.790203
196,hl,hl,2153830,3590,1,0.7419354839,0.8518518519,1643.322581,0.1859573279,0.96875,48,,,,,,0,0,0,0,0,,,,,,,,,,0,,,,,,,,,,288,1,0,1,0,23,0.0793976312,265,0.1491900475,0.0007937072177,0.003452070922,0.01208684065,,,,5.857421875,19.57220703,25.42962891,566.4316406,0.421875,0,566.8535156,0.421875,0.806640625,23,5.078125,18.61523438,0,1.3046875,23.69335938,2153830,302.37808,7.122970025,0.003169,0.96678,0,0.969949
196,hl#1,hl,2153830,3590,0.9655172414,0.9032258065,0.9333333333,172.4516129,0.03441991513,0.8402777778,96,,,,,,0,0,0,0,0,,,,,,,,,,0,,,,,,,,,,576,1,0,1,0,29,0.1055867919,547,0.257662861,0.0006306417586,0.003640923859,0.016704661,,,,11.48828125,39.31197266,50.80025391,1129.097656,0.484375,0,1129.582031,0.484375,0.97265625,29,5.078125,24.55859375,0,1.70703125,29.63671875,2153830,310.271484,6.94175943,0.00477,1.767221,0,1.771991
196,hl#2,hl,2153830,3590,1,1,1,44.87096774,0.008702928669,0.945,192,,,,,,0,0,0,0,0,,,,,,,,,,0,,,,,,,,,,1152,1,0,1,0,31,0.1101990408,1121,0.3758291044,0.0004218994316,0.003554807767,0.01670744673,,,,22.75,78.60613281,101.3561328,2254.164062,0.515625,0,2254.679688,0.515625,1.0390625,31,5.078125,35.8203125,0,1.8203125,40.8984375,2153830,306.490362,7.027398793,0.012231,3.491838,0,3.504069
196,hl#3,hl,2153830,3590,1,1,1,19.58064516,0.003495842645,0.9666666667,384,,,,,,0,0,0,0,0,,,,,,,,,,0,,,,,,,,,,2304,1,0,1,0,31,0.1102501126,2273,0.48323591,0.0002575894195,0.003556455245,0.01670373242,,,,45.2734375,157.5217773,202.7952148,4504.164062,0.515625,0,4504.679688,0.515625,1.0390625,31,5.078125,59.515625,0,1.8203125,64.59375,2153830,286.237998,7.524612438,0.020815,7.395779,0,7.416594
196,ss[policy=difficulty],ss,2153830,3590,0.9117647059,1,0.9538461538,195.7741935,0.03470910965,1,2123,2123,,,,,0,0,0,0,0,,,,0.0002321445982,0,,2123,0,0,0,2123,2123,2123,2123,0,0,1,1,0,34,1,31,1,0.1131240627,3,0.00521164623,0,0,9.789674263e-05,0.000170239372,0.0002785735179,,,,86.90316406,150.4825977,237.3857617,4980.946289,4.984375,0,4985.930664,1.46875,2.040039062,34,5.46875,14.3984375,9.65625,0.978515625,19.8671875,2153830,282.174033,7.632984428,0.025054,52.782402,0.018651,52.826107
196,hybrid[head=topn-frontier reducer=streaming],hybrid,2153830,3590,0.96875,1,0.9841269841,135.6774194,0.02183816522,1,1540,1540,600,940,600,940,173,427,427,9640,8580,0.8900414938,0,17.130872,0.0006035759554,0,,940,0,0,0,940,940,940,940,0,0,1,1,0,32,1,31,1,0.1122590919,1,0.001716477159,0,0,6.537772248e-05,0.0001392867589,0.0006035759554,,,,52.37140625,71.76083984,124.1322461,2588.704102,951.046875,941.40625,3539.750977,9.640625,16.66503906,427,5.46875,73.8359375,130.4404297,1.245117188,130.4404297,2153830,402.580579,5.350059373,0.125998,15.103961,0.463514,15.693473
197,hl,hl,2239479,3733,0.96,0.7058823529,0.813559322,1718.794118,0.1481922494,0.9791666667,48,,,,,,0,0,0,0,0,,,,,,,,,,0,,,,,,,,,,288,1,0,1,0,25,0.1091307398,263,0.1485211516,0.0008946246228,0.004365229591,0.02004439425,,,,5.857421875,19.56763672,25.42505859,566.4990234,0.453125,0,566.9521484,0.453125,0.8740234375,25,5.078125,18.45898438,0,1.419921875,23.53710938,2239479,297.379714,7.530705339,0.003406,0.945733,0,0.949139
197,hl#1,hl,2239479,3733,1,0.8823529412,0.9375,322.5294118,0.04206881521,0.8298611111,96,,,,,,0,0,0,0,0,,,,,,,,,,0,,,,,,,,,,576,1,0,1,0,30,0.134972018,546,0.2496781618,0.000667795451,0.004499067268,0.03135461418,,,,11.48828125,39.29318359,50.78146484,1129.133789,0.5,0,1129.633789,0.5,1.008789062,30,5.078125,24.32421875,0,1.766601562,29.40234375,2239479,306.396785,7.309081262,0.004893,1.754291,0,1.759184
197,hl#2,hl,2239479,3733,1,1,1,130.3235294,0.01664892912,0.9283333333,192,,,,,,0,0,0,0,0,,,,,,,,,,0,,,,,,,,,,1152,1,0,1,0,34,0.1441991642,1118,0.3607205069,0.0004382983256,0.004241151888,0.03236154481,,,,22.75,78.56736328,101.3173633,2254.266602,0.5625,0,2254.829102,0.5625,1.141601562,34,5.078125,35.8203125,0,1.993164062,40.8984375,2239479,303.497715,7.378899047,0.011698,3.432444,0,3.444142
197,hl#3,hl,2239479,3733,1,1,1,21.70588235,0.004302065037,0.9683333333,384,,,,,,0,0,0,0,0,,,,,,,,,,0,,,,,,,,,,2304,1,0,1,0,34,0.1454114997,2270,0.4669277988,0.000265772265,0.004276808816,0.03239637434,,,,45.2734375,157.4485547,202.7219922,4504.266602,0.5625,0,4504.829102,0.5625,1.141601562,34,5.078125,59.75,0,1.993164062,64.828125,2239479,283.849683,7.88966532,0.021323,7.098286,0,7.119609
197,ss[policy=difficulty],ss,2239479,3733,0.85,1,0.9189189189,216.3529412,0.03747052668,1,2123,2010,,,,,0,0,0,0,0,,,,0.000223266215,0,,2010,1,0,0,2010,2010,2010,2010,0,0,1.056218905,1.056218905,-0.05469546065,40,1,34,1,0.1487086952,6,0.01041938772,0,0,9.99786111e-05,0.0001190753147,0.000223266215,,,,86.90398437,150.4622656,237.36625,4981.111328,5.046875,0,4986.158203,1.53125,2.205078125,40,5.46875,14.3984375,9.65625,1.124023438,19.8671875,2239479,276.563986,8.097507678,0.024748,69.971422,0.023461,70.019631
197,hybrid[head=topn-frontier reducer=streaming],hybrid,2239479,3733,0.8947368421,1,0.9444444444,65.05882353,0.01371699054,1,1540,1540,600,940,600,940,167,433,433,9640,8700,0.9024896266,0,31.471412,0.0005804921591,0,,940,0,0,0,940,940,940,940,0,0,1,1,0,38,1,34,1,0.1464117324,4,0.007362426707,0,0,7.660381347e-05,0.0004808037941,0.0005804921591,,,,52.37265625,71.7453125,124.1179687,2611.008789,951.203125,941.40625,3562.211914,9.796875,16.94628906,433,5.46875,76.5234375,133.2011719,1.358398438,133.2011719,2239479,392.138782,5.710934758,0.321252,22.665371,0.69309,23.679713
198,hl,hl,2246933,3745,1,0.8378378378,0.9117647059,1013.216216,0.1006693872,0.9722222222,48,,,,,,0,0,0,0,0,,,,,,,,,,0,,,,,,,,,,288,0.972972973,0,1,0,31,0.09803986145,257,0.1405698345,0.0008285058888,0.003162576176,0.01297412962,,,,5.857421875,19.59113281,25.44855469,566.6962891,0.546875,0,567.2431641,0.546875,1.071289062,31,5.078125,18.77148438,0,1.787109375,23.84960938,2246933,367.649165,6.111622748,0.003592,0.969082,0,0.972674
198,hl#1,hl,2246933,3745,1,0.9459459459,0.9722222222,92.64864865,0.01877946318,0.84375,96,,,,,,0,0,0,0,0,,,,,,,,,,0,,,,,,,,,,576,1,0,1,0,35,0.1169785659,541,0.2468182184,0.0006315916395,0.00334224474,0.01441743034,,,,11.48828125,39.39736328,50.88564453,1129.326172,0.609375,0,1129.935547,0.609375,1.201171875,35,5.078125,23.85546875,0,2.012695312,28.93359375,2246933,381.07623,5.896282222,0.008605,1.747951,0,1.756556
198,hl#2,hl,2246933,3745,1,0.972972973,0.9863013699,33.05405405,0.006257104626,0.945,192,,,,,,0,0,0,0,0,,,,,,,,,,0,,,,,,,,,,1152,1,0,1,0,36,0.118930115,1116,0.362792749,0.0004181622083,0.003303614304,0.01437114502,,,,22.75,78.60865234,101.3586523,2254.327148,0.59375,0,2254.920898,0.59375,1.202148438,36,5.078125,36.0546875,0,2.100585938,41.1328125,2246933,378.047988,5.943512653,0.011062,3.488291,0,3.499353
198,hl#3,hl,2246933,3745,1,1,1,24.43243243,0.004766518954,0.9633333333,384,,,,,,0,0,0,0,0,,,,,,,,,,0,,,,,,,,,,2304,1,0,1,0,37,0.1205714634,2267,0.4655203337,0.0002543801203,0.0032586882,0.01439962829,,,,45.2734375,157.5348047,202.8082422,4504.361328,0.609375,0,4504.970703,0.609375,1.236328125,37,5.078125,58.578125,0,2.158203125,63.65625,2246933,358.037156,6.275697822,0.020846,7.06376,0,7.084606
198,ss[policy=difficulty],ss,2246933,3745,0.9487179487,1,0.9736842105,258.6216216,0.04799632224,1,2010,2147,,,,,0,0,0,0,0,,,,0.0002670306591,1,2147,2147,0,1,2147,2147,2147,2147,2147,1,1,0.9361900326,0.9361900326,0.06593679683,39,1,37,1,0.1247411472,2,0.003389509166,0,0,0.0001171853777,0.0001557678845,0.0002670306591,,,,84.03492187,156.5722852,240.607207,4716.331055,5.125,0,4721.456055,1.609375,2.268554688,39,5.46875,14.3984375,9.65625,1.067382812,19.8671875,2246933,330.222963,6.804290591,0.026716,50.00394,0.019498,50.050154
198,hybrid[head=topn-frontier reducer=streaming],hybrid,2246933,3745,0.9736842105,1,0.9866666667,16.94594595,0.003426901146,1,1540,1540,600,940,600,940,181,419,419,9640,8420,0.8734439834,0,18.456292,0.0005665500484,0,,940,0,0,0,940,940,940,940,0,0,1,1,0,38,1,37,1,0.1207615002,1,0.001786880161,0,0,2.225255493e-05,0.0005665500484,0.0005665500484,,,,52.37484375,88.24443359,140.6192773,2610.185547,951.015625,941.40625,3561.201172,9.609375,16.58398438,419,5.46875,76.5234375,133.3183594,1.451171875,133.3183594,2246933,457.839001,4.907692431,0.150436,15.185613,0.476526,15.812575
199,hl,hl,2235427,3726,1,0.6666666667,0.8,789.5277778,0.1280780847,0.96875,48,,,,,,0,0,0,0,0,,,,,,,,,,0,,,,,,,,,,288,0.9722222222,0,1,0,24,0.08286246878,264,0.1554052089,0.0008273183254,0.003452602866,0.01119920266,,,,5.857421875,19.56853516,25.42595703,566.4648438,0.4375,0,566.9023438,0.4375,0.83984375,24,5.078125,18.77148438,0,1.39453125,23.84960938,2235427,322.348464,6.934815114,0.015564,1.469693,0,1.485257
199,hl#1,hl,2235427,3726,1,0.9444444444,0.9714285714,221.8055556,0.04886101234,0.8350694444,96,,,,,,0,0,0,0,0,,,,,,,,,,0,,,,,,,,,,576,1,0,1,0,34,0.1062061074,542,0.2496323969,0.000617775181,0.003123709041,0.01316974341,,,,11.48828125,39.36652344,50.85480469,1129.265625,0.5625,0,1129.828125,0.5625,1.140625,34,5.078125,24.32421875,0,1.9921875,29.40234375,2235427,329.96313,6.77477814,0.032949,2.395497,0,2.428446
199,hl#2,hl,2235427,3726,1,1,1,35.5,0.006289868251,0.935,192,,,,,,0,0,0,0,0,,,,,,,,,,0,,,,,,,,,,1152,1,0,1,0,36,0.1107193391,1116,0.3647848934,0.0004127640907,0.003075537197,0.01318003227,,,,22.75,78.60072266,101.3507227,2254.332031,0.59375,0,2254.925781,0.59375,1.20703125,36,5.078125,35.8203125,0,2.10546875,40.8984375,2235427,326.310447,6.850614256,0.028186,4.114337,0,4.142523
199,hl#3,hl,2235427,3726,1,1,1,21.66666667,0.003745812214,0.9666666667,384,,,,,,0,0,0,0,0,,,,,,,,,,0,,,,,,,,,,2304,1,0,1,0,36,0.1106611846,2268,0.4700927384,0.0002520633347,0.003073921796,0.01320418873,,,,45.2734375,157.5062695,202.779707,4504.332031,0.59375,0,4504.925781,0.59375,1.20703125,36,5.078125,58.65625,0,2.10546875,63.734375,2235427,306.498368,7.293438509,0.040512,7.644872,0,7.685384
199,ss[policy=difficulty],ss,2235427,3726,0.9,1,0.9473684211,178.2777778,0.03223650511,1,2147,2147,,,,,0,0,0,0,0,,,,0.0002236709139,0,,2147,0,0,0,2147,2147,2147,2147,0,0,1,1,0,40,1,36,1,0.1134955425,4,0.006967796309,0,0,8.879735281e-05,0.0001702135655,0.0002684050967,,,,87.51328125,151.0416211,238.5549023,5037.463867,5.140625,0,5042.604492,1.625,2.307617188,40,5.46875,14.3984375,9.65625,1.154296875,19.8671875,2235427,300.006535,7.45126102,0.046973,53.403972,0.008748,53.459693
199,hybrid[head=topn-frontier reducer=streaming],hybrid,2235427,3726,0.972972973,1,0.9863013699,62.66666667,0.01068409121,1,1540,1360,600,940,600,760,190,410,410,9640,8240,0.8547717842,0,17.117614,0.0004106597979,0,,760,1,0,0,760,760,760,760,0,0,1.236842105,1.236842105,-0.212561442,37,1,36,1,0.1116337058,1,0.001905228844,0,0,3.837467463e-05,0.0004106597979,0.0004106597979,,,,52.375,77.78103516,130.1560352,2614.538086,950.875,941.40625,3565.413086,9.46875,16.22558594,410,5.46875,76.5234375,133.2988281,1.369140625,133.2988281,2235427,426.827516,5.237307615,0.141405,15.308123,0.600604,16.050132
