window,method,method_type,N_global,threshold,hh_precision,hh_recall,hh_f1,aae,are,topk_overlap,q_current,q_next,q_head_current,q_tail_current,q_head_next,q_tail_next,head_overlap_count,head_added_count,head_removed_count,head_full_update_bytes,head_delta_update_bytes,head_delta_ratio,head_delta_selected,head_update_apply_ms,margin_alpha,service_violation,q_up,q_baseline,probe_issued,probe_failed,q_req_unclipped,q_req,q_eff_replay,q_eff_pred,q_eff_pred_tilde,miss_req,miss_eff,over_req,over_eff,calib_bias,candidate_count,candidate_hh_recall,cert_pos_count,cert_pos_precision,cert_pos_mass,ambiguous_count,ambiguous_mass,cert_neg_count,cert_neg_mass,interval_width_avg,interval_width_amb_avg,interval_width_max,completeness_certified,unseen_mass_ub,unseen_ub_over_threshold,mem_worker_algo_kib,mem_worker_key_kib,mem_worker_total_kib,report_volume_kib,control_volume_kib,head_update_volume_kib,total_communication_kib,key_request_volume_kib,key_reply_volume_kib,key_resolution_count,mem_coord_ingress_kib,mem_coord_work_kib,mem_coord_control_peak_kib,mem_coord_resolution_peak_kib,mem_coord_peak_kib,update_events,update_ms,update_mops,report_prepare_ms,reduce_ms,control_ms,aggregation_ms
0,ss[policy=static q=n],ss,120000,601,0.625,1,0.7692307692,15.85,0.02178323998,1,200,200,,,,,0,0,0,0,0,,,,,,,,,,0,,,,,,,,,,57,1,18,1,0.1159916667,39,0.19085,0,0,0.002187573099,0.002947008547,0.003866666667,,,,9.619140625,9.067089844,18.68623047,95.61621094,0.9375,0,96.55371094,0.9375,1.241210938,32,1.09375,5.771484375,0,0.9873046875,6.865234375,120000,63.172752,1.899553149,0.006521,1.72918,0,1.735701
0,ss[policy=static q=2n],ss,120000,601,0.625,1,0.7692307692,15.85,0.02178323998,1,400,400,,,,,0,0,0,0,0,,,,,,,,,,0,,,,,,,,,,57,1,18,1,0.1159916667,39,0.19085,0,0,0.002187573099,0.002947008547,0.003866666667,,,,9.619140625,9.067089844,18.68623047,95.61621094,0.9375,0,96.55371094,0.9375,1.241210938,32,1.09375,5.771484375,0,0.9873046875,6.865234375,120000,50.852294,2.359775549,0.019013,1.693462,0,1.712475
0,ss[policy=static q=4n],ss,120000,601,0.625,1,0.7692307692,15.85,0.02178323998,1,800,800,,,,,0,0,0,0,0,,,,,,,,,,0,,,,,,,,,,57,1,18,1,0.1159916667,39,0.19085,0,0,0.002187573099,0.002947008547,0.003866666667,,,,9.619140625,9.067089844,18.68623047,95.61621094,0.9375,0,96.55371094,0.9375,1.241210938,32,1.09375,5.771484375,0,0.9873046875,6.865234375,120000,45.455476,2.639945955,0.007416,1.694159,0,1.701575
1,ss[policy=static q=n],ss,120000,601,0.5555555556,1,0.7142857143,16.1,0.02202017293,1,200,200,,,,,0,0,0,0,0,,,,,,,,,,0,,,,,,,,,,57,1,16,1,0.103975,41,0.2028166667,0,0,0.002306140351,0.003002235772,0.003875,,,,9.63828125,9.066601563,18.70488281,95.71777344,1,0,96.71777344,1,1.342773438,36,1.09375,5.771484375,0,1.081054688,6.865234375,120000,167.982263,0.7143611347,0.020623,1.778191,0,1.798814
1,ss[policy=static q=2n],ss,120000,601,1,1,1,1.05,0.001451135473,1,400,400,,,,,0,0,0,0,0,,,,,,,,,,0,,,,,,,,,,20,1,20,1,0.1251416667,0,0,0,0,1.541666667e-05,0,6.666666667e-05,,,,18.790625,18.37226563,37.16289063,188.9365234,0.625,0,189.5615234,0.625,0.8115234375,20,1.09375,2.6640625,0,0.7021484375,3.7578125,120000,155.054335,0.7739222512,0.02009,3.868027,0,3.888117
1,ss[policy=static q=4n],ss,120000,601,1,1,1,0.05,6.501950585e-05,1,800,800,,,,,0,0,0,0,0,,,,,,,,,,0,,,,,,,,,,20,1,20,1,0.124975,0,0,0,0,8.333333333e-07,0,8.333333333e-06,,,,36.94648437,37.06699219,74.01347656,376.5302734,0.71875,0,377.2490234,0.71875,0.9052734375,20,1.09375,2.6640625,0,0.6298828125,3.7578125,120000,185.658177,0.6463491236,0.023821,7.901938,0,7.925759
2,ss[policy=static q=n],ss,120000,601,0.625,1,0.7692307692,16.45,0.02248989052,1,200,200,,,,,0,0,0,0,0,,,,,,,,,,0,,,,,,,,,,54,1,17,1,0.1101083333,37,0.1826583333,0,0,0.002147222222,0.00286463964,0.004075,,,,9.609765625,9.20859375,18.81835938,95.67871094,1,0,96.67871094,1,1.303710938,32,1.09375,5.51953125,0,0.9609375,6.61328125,120000,71.03467,1.689315935,0.014052,0.934346,0,0.948398
2,ss[policy=static q=2n],ss,120000,601,1,1,1,0.75,0.001013021026,1,400,400,,,,,0,0,0,0,0,,,,,,,,,,0,,,,,,,,,,20,1,20,1,0.1250666667,0,0,0,0,1.208333333e-05,0,3.333333333e-05,,,,18.78789062,18.37431641,37.16220703,188.9990234,0.6875,0,189.6865234,0.6875,0.8740234375,20,1.09375,2.6640625,0,0.6298828125,3.7578125,120000,65.159962,1.8416217,0.012842,1.940299,0,1.953141
2,ss[policy=static q=4n],ss,120000,601,1,1,1,0,0,1,800,800,,,,,0,0,0,0,0,,,,,,,,,,0,,,,,,,,,,20,1,20,1,0.1249416667,0,0,0,0,4.166666667e-07,0,8.333333333e-06,,,,36.9453125,37.05654297,74.00185547,376.5302734,0.71875,0,377.2490234,0.71875,0.9052734375,20,1.09375,2.6640625,0,0.6298828125,3.7578125,120000,64.470344,1.86132092,0.019481,4.593188,0,4.612669
3,ss[policy=static q=n],ss,120000,601,0.5555555556,1,0.7142857143,15.25,0.02081421653,1,200,200,,,,,0,0,0,0,0,,,,,,,,,,0,,,,,,,,,,57,1,16,1,0.1042333333,41,0.204775,0,0,0.002271345029,0.002961788618,0.003958333333,,,,9.601171875,9.06484375,18.66601562,95.71777344,1,0,96.71777344,1,1.342773438,36,1.09375,5.771484375,0,1.131835938,6.865234375,120000,59.278268,2.024350644,0.004256,1.052879,0,1.057135
3,ss[policy=static q=2n],ss,120000,601,1,1,1,0.8,0.001060627815,1,400,400,,,,,0,0,0,0,0,,,,,,,,,,0,,,,,,,,,,20,1,20,1,0.1251416667,0,0,0,0,1.416666667e-05,0,4.166666667e-05,,,,18.790625,18.36835938,37.15898438,188.9677734,0.65625,0,189.6240234,0.65625,0.8427734375,20,1.09375,2.6640625,0,0.62890625,3.7578125,120000,54.606929,2.197523322,0.010516,1.768729,0,1.779245
3,ss[policy=static q=4n],ss,120000,601,1,1,1,0,0,1,800,800,,,,,0,0,0,0,0,,,,,,,,,,0,,,,,,,,,,20,1,20,1,0.1250083333,0,0,0,0,0,0,0,,,,36.946875,37.07060547,74.01748047,376.5615234,0.75,0,377.3115234,0.75,0.9365234375,20,1.09375,2.6640625,0,0.6298828125,3.7578125,120000,53.89615,2.226504119,0.016929,3.771503,0,3.788432
4,ss[policy=static q=n],ss,120000,601,0.5882352941,1,0.7407407407,14.75,0.0200921532,1,200,200,,,,,0,0,0,0,0,,,,,,,,,,0,,,,,,,,,,55,1,16,1,0.1042666667,39,0.1931083333,0,0,0.002232575758,0.002910683761,0.004116666667,,,,9.6296875,9.062792969,18.69248047,95.72949219,1.03125,0,96.76074219,1.03125,1.354492188,34,1.09375,5.603515625,0,1.009765625,6.697265625,120000,44.000941,2.727214402,0.020782,0.803479,0,0.824261
4,ss[policy=static q=2n],ss,120000,601,1,1,1,0.6,0.0007986500355,1,400,400,,,,,0,0,0,0,0,,,,,,,,,,0,,,,,,,,,,20,1,20,1,0.1251083333,0,0,0,0,1.416666667e-05,0,4.166666667e-05,,,,18.79023438,18.37529297,37.16552734,188.9990234,0.6875,0,189.6865234,0.6875,0.8740234375,20,1.09375,2.6640625,0,0.630859375,3.7578125,120000,39.903448,3.007258922,0.005472,1.698983,0,1.704455
4,ss[policy=static q=4n],ss,120000,601,1,1,1,0,0,1,800,800,,,,,0,0,0,0,0,,,,,,,,,,0,,,,,,,,,,20,1,20,1,0.1250083333,0,0,0,0,0,0,0,,,,36.94609375,37.07138672,74.01748047,376.4990234,0.6875,0,377.1865234,0.6875,0.8740234375,20,1.09375,2.6640625,0,0.62890625,3.7578125,120000,37.310577,3.21624616,0.00884,3.732354,0,3.741194
5,ss[policy=static q=n],ss,120000,601,0.625,1,0.7692307692,13.1,0.01801015808,1,200,200,,,,,0,0,0,0,0,,,,,,,,,,0,,,,,,,,,,51,1,17,1,0.1099333333,34,0.16725,0,0,0.002068627451,0.002856372549,0.0039,,,,9.609765625,9.216210937,18.82597656,95.67871094,1,0,96.67871094,1,1.303710938,32,1.09375,5.267578125,0,0.9375,6.361328125,120000,40.395046,2.970661303,0.010263,1.614079,0,1.624342
5,ss[policy=static q=2n],ss,120000,601,1,1,1,0.6,0.0008350282307,1,400,400,,,,,0,0,0,0,0,,,,,,,,,,0,,,,,,,,,,20,1,20,1,0.1251416667,0,0,0,0,1.125e-05,0,4.166666667e-05,,,,18.78945313,18.37763672,37.16708984,189.0615234,0.75,0,189.8115234,0.75,0.9365234375,20,1.09375,2.6640625,0,0.6298828125,3.7578125,120000,36.675427,3.271945545,0.013672,3.334104,0,3.347776
5,ss[policy=static q=4n],ss,120000,601,1,1,1,0,0,1,800,800,,,,,0,0,0,0,0,,,,,,,,,,0,,,,,,,,,,20,1,20,1,0.1250416667,0,0,0,0,0,0,0,,,,36.9453125,37.06347656,74.00878906,376.5615234,0.75,0,377.3115234,0.75,0.9365234375,20,1.09375,2.6640625,0,0.6552734375,3.7578125,120000,34.247091,3.50394724,0.022906,8.898844,0,8.92175
6,ss[policy=static q=n],ss,120000,601,0.6060606061,1,0.7547169811,14.2,0.01951376784,1,200,200,,,,,0,0,0,0,0,,,,,,,,,,0,,,,,,,,,,53,1,16,1,0.1039583333,37,0.184575,0,0,0.002191666667,0.00291509009,0.004041666667,,,,9.609765625,9.058691406,18.66845703,95.73535156,1.046875,0,96.78222656,1.046875,1.360351562,33,1.09375,5.435546875,0,0.9833984375,6.529296875,120000,79.751463,1.504674591,0.025326,1.983422,0,2.008748
6,ss[policy=static q=2n],ss,120000,601,1,1,1,0.7,0.0009518267567,1,400,400,,,,,0,0,0,0,0,,,,,,,,,,0,,,,,,,,,,20,1,20,1,0.1250166667,0,0,0,0,1.125e-05,0,3.333333333e-05,,,,18.79023438,18.36855469,37.15878906,189.0927734,0.78125,0,189.8740234,0.78125,0.9677734375,20,1.09375,2.6640625,0,0.6298828125,3.7578125,120000,68.0441,1.76356216,0.025913,4.251003,0,4.276916
6,ss[policy=static q=4n],ss,120000,601,1,1,1,0,0,1,800,800,,,,,0,0,0,0,0,,,,,,,,,,0,,,,,,,,,,20,1,20,1,0.1249,0,0,0,0,0,0,0,,,,36.94570313,37.07167969,74.01738281,376.4990234,0.6875,0,377.1865234,0.6875,0.8740234375,20,1.09375,2.6640625,0,0.62890625,3.7578125,120000,57.981359,2.069630689,0.025201,5.125447,0,5.150648
7,ss[policy=static q=n],ss,120000,601,0.625,1,0.7692307692,16.2,0.02213530294,1,200,200,,,,,0,0,0,0,0,,,,,,,,,,0,,,,,,,,,,60,1,18,1,0.1162166667,42,0.2025833333,0,0,0.002337777778,0.003096626984,0.004008333333,,,,9.62890625,9.219824219,18.84873047,95.58496094,0.90625,0,96.49121094,0.90625,1.209960938,32,1.09375,6.0234375,0,0.9609375,7.1171875,120000,51.430304,2.333254729,0.013789,1.261968,0,1.275757
7,ss[policy=static q=2n],ss,120000,601,1,1,1,1.25,0.001736912567,1,400,400,,,,,0,0,0,0,0,,,,,,,,,,0,,,,,,,,,,20,1,20,1,0.1252166667,0,0,0,0,2.333333333e-05,0,6.666666667e-05,,,,18.7890625,18.36855469,37.15761719,188.9990234,0.6875,0,189.6865234,0.6875,0.8740234375,20,1.09375,2.6640625,0,0.630859375,3.7578125,120000,46.834968,2.56218815,0.023373,2.65632,0,2.679693
7,ss[policy=static q=4n],ss,120000,601,1,1,1,0.1,0.0001408520508,1,800,800,,,,,0,0,0,0,0,,,,,,,,,,0,,,,,,,,,,20,1,20,1,0.125025,0,0,0,0,8.333333333e-07,0,8.333333333e-06,,,,36.9453125,37.07158203,74.01689453,376.5302734,0.71875,0,377.2490234,0.71875,0.9052734375,20,1.09375,2.6640625,0,0.60546875,3.7578125,120000,43.810579,2.739064462,0.021616,5.40952,0,5.431136
8,ss[policy=static q=n],ss,120000,601,0.6451612903,1,0.7843137255,15.85,0.02156545848,1,200,200,,,,,0,0,0,0,0,,,,,,,,,,0,,,,,,,,,,53,1,17,1,0.1104166667,36,0.1766,0,0,0.002106446541,0.002858796296,0.003933333333,,,,9.6671875,9.063378906,18.73056641,95.55957031,0.890625,0,96.45019531,0.890625,1.184570312,31,1.09375,5.435546875,0,0.9140625,6.529296875,120000,45.548986,2.634526266,0.006489,1.036387,0,1.042876
8,ss[policy=static q=2n],ss,120000,601,1,1,1,1,0.001376154404,1,400,400,,,,,0,0,0,0,0,,,,,,,,,,0,,,,,,,,,,20,1,20,1,0.1252416667,0,0,0,0,2.125e-05,0,5.833333333e-05,,,,18.78867187,18.375,37.16367187,188.9990234,0.6875,0,189.6865234,0.6875,0.8740234375,20,1.09375,2.6640625,0,0.60546875,3.7578125,120000,41.32612,2.903732555,0.005323,1.690887,0,1.69621
8,ss[policy=static q=4n],ss,120000,601,1,1,1,0,0,1,800,800,,,,,0,0,0,0,0,,,,,,,,,,0,,,,,,,,,,20,1,20,1,0.125075,0,0,0,0,4.166666667e-07,0,8.333333333e-06,,,,36.94492187,37.06738281,74.01230469,376.5302734,0.71875,0,377.2490234,0.71875,0.9052734375,20,1.09375,2.6640625,0,0.6298828125,3.7578125,120000,39.085023,3.07022974,0.015008,3.690296,0,3.705304
9,ss[policy=static q=n],ss,120000,601,0.5405405405,1,0.701754386,15.05,0.02059330428,1,200,200,,,,,0,0,0,0,0,,,,,,,,,,0,,,,,,,,,,55,1,17,1,0.1100166667,38,0.1883166667,0,0,0.002176515152,0.002919517544,0.004,,,,9.62890625,9.065429688,18.69433594,95.71191406,0.984375,0,96.69628906,0.984375,1.336914062,37,1.09375,5.603515625,0,1.130859375,6.697265625,120000,43.499752,2.758636417,0.011591,0.783589,0,0.79518
9,ss[policy=static q=2n],ss,120000,601,1,1,1,0.65,0.0008996912375,1,400,400,,,,,0,0,0,0,0,,,,,,,,,,0,,,,,,,,,,20,1,20,1,0.1251333333,0,0,0,0,1.25e-05,0,3.333333333e-05,,,,18.790625,18.37392578,37.16455078,189.0927734,0.78125,0,189.8740234,0.78125,0.9677734375,20,1.09375,2.6640625,0,0.60546875,3.7578125,120000,39.743789,3.019339701,0.005302,2.30378,0,2.309082
9,ss[policy=static q=4n],ss,120000,601,1,1,1,0,0,1,800,800,,,,,0,0,0,0,0,,,,,,,,,,0,,,,,,,,,,20,1,20,1,0.125025,0,0,0,0,0,0,0,,,,36.94609375,37.06640625,74.0125,376.5302734,0.71875,0,377.2490234,0.71875,0.9052734375,20,1.09375,2.6640625,0,0.6298828125,3.7578125,120000,37.607642,3.19084084,0.019622,4.006307,0,4.025929
10,ss[policy=static q=n],ss,120000,601,0.5882352941,1,0.7407407407,16.25,0.02233180432,1,200,200,,,,,0,0,0,0,0,,,,,,,,,,0,,,,,,,,,,56,1,17,1,0.1100333333,39,0.1911333333,0,0,0.002236904762,0.002968162393,0.003808333333,,,,9.657421875,9.061914062,18.71933594,95.72949219,1.03125,0,96.76074219,1.03125,1.354492188,34,1.09375,5.6875,0,0.984375,6.78125,120000,53.204228,2.255459848,0.006398,1.784236,0,1.790634
10,ss[policy=static q=2n],ss,120000,601,1,1,1,0.45,0.0006177954012,1,400,400,,,,,0,0,0,0,0,,,,,,,,,,0,,,,,,,,,,20,1,20,1,0.1250166667,0,0,0,0,1.5e-05,0,3.333333333e-05,,,,18.78828125,18.67519531,37.46347656,188.9990234,0.6875,0,189.6865234,0.6875,0.8740234375,20,1.09375,2.6640625,0,0.654296875,3.7578125,120000,48.726761,2.46271243,0.009296,3.741891,0,3.751187
10,ss[policy=static q=4n],ss,120000,601,1,1,1,0,0,1,800,800,,,,,0,0,0,0,0,,,,,,,,,,0,,,,,,,,,,20,1,20,1,0.1249416667,0,0,0,0,0,0,0,,,,36.94492187,37.05380859,73.99873047,376.4677734,0.65625,0,377.1240234,0.65625,0.8427734375,20,1.09375,2.6640625,0,0.6298828125,3.7578125,120000,46.201433,2.597322035,0.023095,3.762221,0,3.785316
11,ss[policy=static q=n],ss,120000,601,0.5555555556,1,0.7142857143,15.05,0.02049005751,1,200,200,,,,,0,0,0,0,0,,,,,,,,,,0,,,,,,,,,,54,1,16,1,0.1045083333,38,0.1876833333,0,0,0.002150154321,0.002837719298,0.003983333333,,,,9.64765625,9.058398437,18.70605469,95.81152344,1.09375,0,96.90527344,1.09375,1.436523438,36,1.09375,5.51953125,0,1.081054688,6.61328125,120000,47.541547,2.524108019,0.011471,0.95984,0,0.971311
11,ss[policy=static q=2n],ss,120000,601,1,1,1,0.9,0.001229904354,1,400,400,,,,,0,0,0,0,0,,,,,,,,,,0,,,,,,,,,,20,1,20,1,0.1253083333,0,0,0,0,1.291666667e-05,0,3.333333333e-05,,,,18.78828125,18.37304688,37.16132812,188.9677734,0.65625,0,189.6240234,0.65625,0.8427734375,20,1.09375,2.6640625,0,0.630859375,3.7578125,120000,43.62323,2.750827942,0.018539,3.778191,0,3.79673
11,ss[policy=static q=4n],ss,120000,601,1,1,1,0,0,1,800,800,,,,,0,0,0,0,0,,,,,,,,,,0,,,,,,,,,,20,1,20,1,0.1251583333,0,0,0,0,0,0,0,,,,36.94492187,37.07685547,74.02177734,376.4677734,0.65625,0,377.1240234,0.65625,0.8427734375,20,1.09375,2.6640625,0,0.65234375,3.7578125,120000,40.877207,2.935621311,0.025136,7.262333,0,7.287469
12,ss[policy=static q=n],ss,120000,601,0.6896551724,1,0.8163265306,14.15,0.01923946311,1,200,200,,,,,0,0,0,0,0,,,,,,,,,,0,,,,,,,,,,55,1,17,1,0.1101666667,38,0.1832833333,0,0,0.002188787879,0.002913157895,0.003891666667,,,,9.630078125,9.066699219,18.69677734,95.47753906,0.828125,0,96.30566406,0.828125,1.102539062,29,1.09375,5.603515625,0,0.8916015625,6.697265625,120000,79.12147,1.51665534,0.016103,1.157499,0,1.173602
12,ss[policy=static q=2n],ss,120000,601,1,1,1,0.65,0.0008961003547,1,400,400,,,,,0,0,0,0,0,,,,,,,,,,0,,,,,,,,,,20,1,20,1,0.1252083333,0,0,0,0,1e-05,0,5e-05,,,,18.790625,18.38115234,37.17177734,188.9677734,0.65625,0,189.6240234,0.65625,0.8427734375,20,1.09375,2.6640625,0,0.654296875,3.7578125,120000,63.928487,1.877097451,0.045131,2.089794,0,2.134925
12,ss[policy=static q=4n],ss,120000,601,1,1,1,0,0,1,800,800,,,,,0,0,0,0,0,,,,,,,,,,0,,,,,,,,,,20,1,20,1,0.1251,0,0,0,0,0,0,0,,,,36.94609375,37.07626953,74.02236328,376.4990234,0.6875,0,377.1865234,0.6875,0.8740234375,20,1.09375,2.6640625,0,0.6552734375,3.7578125,120000,67.417809,1.779945118,0.025364,4.65866,0,4.684024
13,ss[policy=static q=n],ss,120000,601,0.5405405405,1,0.701754386,16.8,0.02289558331,1,200,200,,,,,0,0,0,0,0,,,,,,,,,,0,,,,,,,,,,54,1,16,1,0.1045666667,38,0.191,0,0,0.002147685185,0.002831578947,0.003991666667,,,,9.657421875,9.212890625,18.8703125,95.80566406,1.078125,0,96.88378906,1.078125,1.430664062,37,1.09375,5.51953125,0,1.204101562,6.61328125,120000,50.300958,2.385640448,0.010586,0.826784,0,0.83737
13,ss[policy=static q=2n],ss,120000,601,1,1,1,0.7,0.0009829857532,1,400,400,,,,,0,0,0,0,0,,,,,,,,,,0,,,,,,,,,,20,1,20,1,0.1251166667,0,0,0,0,2.125e-05,0,5e-05,,,,18.78867187,18.37568359,37.16435547,188.9990234,0.6875,0,189.6865234,0.6875,0.8740234375,20,1.09375,2.6640625,0,0.654296875,3.7578125,120000,46.105045,2.602752042,0.005494,2.056198,0,2.061692
13,ss[policy=static q=4n],ss,120000,601,1,1,1,0,0,1,800,800,,,,,0,0,0,0,0,,,,,,,,,,0,,,,,,,,,,20,1,20,1,0.125,0,0,0,0,0,0,0,,,,36.94648437,37.07060547,74.01708984,376.4677734,0.65625,0,377.1240234,0.65625,0.8427734375,20,1.09375,2.6640625,0,0.6533203125,3.7578125,120000,43.188125,2.778541555,0.029181,5.124811,0,5.153992
14,ss[policy=static q=n],ss,120000,601,0.6666666667,1,0.8,15.9,0.02148380356,1,200,200,,,,,0,0,0,0,0,,,,,,,,,,0,,,,,,,,,,57,1,16,1,0.1046,41,0.1993583333,0,0,0.002253654971,0.002934756098,0.003991666667,,,,9.67734375,9.068066406,18.74541016,95.56542969,0.90625,0,96.47167969,0.90625,1.190429688,30,1.09375,5.771484375,0,0.9140625,6.865234375,120000,52.100039,2.303261232,0.006764,0.879041,0,0.885805
14,ss[policy=static q=2n],ss,120000,601,1,1,1,1.1,0.001465874074,1,400,400,,,,,0,0,0,0,0,,,,,,,,,,0,,,,,,,,,,20,1,20,1,0.1251833333,0,0,0,0,2e-05,0,4.166666667e-05,,,,18.78867187,18.371875,37.16054687,189.0302734,0.71875,0,189.7490234,0.71875,0.9052734375,20,1.09375,2.6640625,0,0.7041015625,3.7578125,120000,48.667486,2.465711913,0.013184,1.908977,0,1.922161
14,ss[policy=static q=4n],ss,120000,601,1,1,1,0,0,1,800,800,,,,,0,0,0,0,0,,,,,,,,,,0,,,,,,,,,,20,1,20,1,0.125,0,0,0,0,0,0,0,,,,36.9453125,37.06777344,74.01308594,376.5302734,0.71875,0,377.2490234,0.71875,0.9052734375,20,1.09375,2.6640625,0,0.630859375,3.7578125,120000,48.047338,2.497536908,0.018875,4.787009,0,4.805884
15,ss[policy=static q=n],ss,120000,601,0.5882352941,1,0.7407407407,16.2,0.02221563336,1,200,200,,,,,0,0,0,0,0,,,,,,,,,,0,,,,,,,,,,56,1,16,1,0.1045666667,40,0.1980916667,0,0,0.002203125,0.00282875,0.003933333333,,,,9.61875,9.065429688,18.68417969,95.69824219,1,0,96.69824219,1,1.323242188,34,1.09375,5.6875,0,1.008789062,6.78125,120000,63.567031,1.887771037,0.013522,0.866669,0,0.880191
15,ss[policy=static q=2n],ss,120000,601,1,1,1,0.95,0.001299398479,1,400,400,,,,,0,0,0,0,0,,,,,,,,,,0,,,,,,,,,,20,1,20,1,0.125175,0,0,0,0,1.666666667e-05,0,6.666666667e-05,,,,18.7890625,18.37685547,37.16591797,188.9990234,0.6875,0,189.6865234,0.6875,0.8740234375,20,1.09375,2.6640625,0,0.654296875,3.7578125,120000,59.257828,2.02504891,0.012148,2.006438,0,2.018586
15,ss[policy=static q=4n],ss,120000,601,1,1,1,0,0,1,800,800,,,,,0,0,0,0,0,,,,,,,,,,0,,,,,,,,,,20,1,20,1,0.1250166667,0,0,0,0,0,0,0,,,,36.94570313,37.06484375,74.01054688,376.4365234,0.625,0,377.0615234,0.625,0.8115234375,20,1.09375,2.6640625,0,0.6298828125,3.7578125,120000,57.512184,2.086514398,0.019202,4.533311,0,4.552513
16,ss[policy=static q=n],ss,120000,601,0.6666666667,1,0.8,13.9,0.01883927081,1,200,200,,,,,0,0,0,0,0,,,,,,,,,,0,,,,,,,,,,54,1,17,1,0.1101666667,37,0.1814916667,0,0,0.002147067901,0.002879054054,0.00395,,,,9.65703125,9.070898438,18.72792969,95.62792969,0.96875,0,96.59667969,0.96875,1.252929688,30,1.09375,5.51953125,0,0.890625,6.61328125,120000,46.735723,2.567629049,0.009032,0.871974,0,0.881006
16,ss[policy=static q=2n],ss,120000,601,1,1,1,0.8,0.001106442624,1,400,400,,,,,0,0,0,0,0,,,,,,,,,,0,,,,,,,,,,20,1,20,1,0.12515,0,0,0,0,1.416666667e-05,0,5.833333333e-05,,,,18.78984375,18.36689453,37.15673828,188.9990234,0.6875,0,189.6865234,0.6875,0.8740234375,20,1.09375,2.6640625,0,0.654296875,3.7578125,120000,42.751852,2.806895945,0.019231,1.777426,0,1.796657
16,ss[policy=static q=4n],ss,120000,601,1,1,1,0,0,1,800,800,,,,,0,0,0,0,0,,,,,,,,,,0,,,,,,,,,,20,1,20,1,0.1250166667,0,0,0,0,0,0,0,,,,36.946875,37.06757812,74.01445312,376.5302734,0.71875,0,377.2490234,0.71875,0.9052734375,20,1.09375,2.6640625,0,0.6552734375,3.7578125,120000,40.292418,2.978227814,0.018211,4.135768,0,4.153979
17,ss[policy=static q=n],ss,120000,601,0.5555555556,1,0.7142857143,13.6,0.01870264144,1,200,200,,,,,0,0,0,0,0,,,,,,,,,,0,,,,,,,,,,58,1,16,1,0.1043166667,42,0.2081166667,0,0,0.002255890805,0.002921428571,0.003925,,,,9.61953125,9.067089844,18.68662109,95.81152344,1.09375,0,96.90527344,1.09375,1.436523438,36,1.09375,5.85546875,0,1.030273438,6.94921875,120000,51.571629,2.326860763,0.008228,1.065396,0,1.073624
17,ss[policy=static q=2n],ss,120000,601,1,1,1,0.75,0.001049367792,1,400,400,,,,,0,0,0,0,0,,,,,,,,,,0,,,,,,,,,,20,1,20,1,0.1251916667,0,0,0,0,1.5e-05,0,5e-05,,,,18.78984375,18.36962891,37.15947266,188.9677734,0.65625,0,189.6240234,0.65625,0.8427734375,20,1.09375,2.6640625,0,0.654296875,3.7578125,120000,47.308258,2.536555034,0.017369,2.57271,0,2.590079
17,ss[policy=static q=4n],ss,120000,601,1,1,1,0,0,1,800,800,,,,,0,0,0,0,0,,,,,,,,,,0,,,,,,,,,,20,1,20,1,0.1250666667,0,0,0,0,0,0,0,,,,36.94453125,37.06855469,74.01308594,376.4990234,0.6875,0,377.1865234,0.6875,0.8740234375,20,1.09375,2.6640625,0,0.6298828125,3.7578125,120000,45.13945,2.658428492,0.052184,7.797423,0,7.849607
18,ss[policy=static q=n],ss,120000,601,0.625,1,0.7692307692,12.85,0.01768910709,1,200,200,,,,,0,0,0,0,0,,,,,,,,,,0,,,,,,,,,,56,1,16,1,0.1040833333,40,0.1954,0,0,0.002251785714,0.00296625,0.004075,,,,9.64765625,9.063183594,18.71083984,95.67871094,1,0,96.67871094,1,1.303710938,32,1.09375,5.6875,0,0.962890625,6.78125,120000,77.586449,1.54666184,0.012803,0.947701,0,0.960504
18,ss[policy=static q=2n],ss,120000,601,1,1,1,0.65,0.0009155168363,1,400,400,,,,,0,0,0,0,0,,,,,,,,,,0,,,,,,,,,,20,1,20,1,0.12505,0,0,0,0,1.166666667e-05,0,3.333333333e-05,,,,18.78945313,18.68183594,37.47128906,189.0302734,0.71875,0,189.7490234,0.71875,0.9052734375,20,1.09375,2.6640625,0,0.62890625,3.7578125,120000,61.641935,1.946726689,0.012754,3.328832,0,3.341586
18,ss[policy=static q=4n],ss,120000,601,1,1,1,0,0,1,800,800,,,,,0,0,0,0,0,,,,,,,,,,0,,,,,,,,,,20,1,20,1,0.1249416667,0,0,0,0,0,0,0,,,,36.94570313,37.06074219,74.00644531,376.5615234,0.75,0,377.3115234,0.75,0.9365234375,20,1.09375,2.6640625,0,0.6298828125,3.7578125,120000,61.977219,1.936195298,0.047593,4.947204,0,4.994797
19,ss[policy=static q=n],ss,120000,601,0.5714285714,1,0.7272727273,15.2,0.02085696135,1,200,200,,,,,0,0,0,0,0,,,,,,,,,,0,,,,,,,,,,53,1,16,1,0.104425,37,0.1835,0,0,0.002160220126,0.00285990991,0.003991666667,,,,9.648046875,9.066601563,18.71464844,95.69238281,0.984375,0,96.67675781,0.984375,1.317382812,35,1.09375,5.435546875,0,1.032226562,6.529296875,120000,53.169156,2.256947618,0.005933,1.240537,0,1.24647
19,ss[policy=static q=2n],ss,120000,601,1,1,1,0.5,0.0006942570006,1,400,400,,,,,0,0,0,0,0,,,,,,,,,,0,,,,,,,,,,20,1,20,1,0.1251083333,0,0,0,0,1.083333333e-05,0,3.333333333e-05,,,,18.7890625,18.36826172,37.15732422,189.0302734,0.71875,0,189.7490234,0.71875,0.9052734375,20,1.09375,2.6640625,0,0.6298828125,3.7578125,120000,48.728372,2.462631011,0.022855,2.020382,0,2.043237
19,ss[policy=static q=4n],ss,120000,601,1,1,1,0,0,1,800,800,,,,,0,0,0,0,0,,,,,,,,,,0,,,,,,,,,,20,1,20,1,0.125025,0,0,0,0,0,0,0,,,,36.94609375,37.06445312,74.01054688,376.5302734,0.71875,0,377.2490234,0.71875,0.9052734375,20,1.09375,2.6640625,0,0.630859375,3.7578125,120000,45.908768,2.613879771,0.026377,3.939447,0,3.965824
20,ss[policy=static q=n],ss,120000,601,0.4210526316,1,0.5925925926,16.425,0.02605754875,1,200,200,,,,,0,0,0,0,0,,,,,,,,,,0,,,,,,,,,,98,1,4,1,0.0222,94,0.4888916667,0,0,0.001414115646,0.001453812057,0.002975,,,,9.518359375,8.779296875,18.29765625,97.39746094,2.078125,0,99.47558594,2.078125,3.022460938,95,1.09375,9.21484375,0,2.6484375,10.30859375,120000,26.405163,4.544565773,0.01931,1.200585,0,1.219895
20,ss[policy=static q=2n],ss,120000,601,1,1,1,0,0,1,400,400,,,,,0,0,0,0,0,,,,,,,,,,0,,,,,,,,,,40,1,40,1,0.2109416667,0,0,0,0,2.083333333e-07,0,8.333333333e-06,,,,18.8046875,18.08574219,36.89042969,189.7255859,1.21875,0,190.9443359,1.21875,1.600585938,40,1.09375,4.34375,0,1.150390625,5.4375,120000,21.638424,5.545690389,0.015791,2.279698,0,2.295489
20,ss[policy=static q=4n],ss,120000,601,1,1,1,0,0,1,800,800,,,,,0,0,0,0,0,,,,,,,,,,0,,,,,,,,,,40,1,40,1,0.2109416667,0,0,0,0,0,0,0,,,,28.9609375,37.05439453,66.01533203,377.1630859,1.15625,0,378.3193359,1.15625,1.538085938,40,1.09375,4.34375,0,1.149414062,5.4375,120000,18.043388,6.650635679,0.016342,3.624113,0,3.640455
21,ss[policy=static q=n],ss,120000,601,0.4255319149,1,0.5970149254,15.925,0.02527757621,1,200,200,,,,,0,0,0,0,0,,,,,,,,,,0,,,,,,,,,,95,1,5,1,0.027925,90,0.4682,0,0,0.001430964912,0.001483611111,0.002841666667,,,,9.517578125,8.782519531,18.30009766,97.37304688,2.0625,0,99.43554688,2.0625,2.998046875,94,1.09375,8.962890625,0,2.59375,10.05664062,120000,22.634995,5.301525359,0.014967,1.16478,0,1.179747
21,ss[policy=static q=2n],ss,120000,601,1,1,1,0.05,7.87250384e-05,1,400,400,,,,,0,0,0,0,0,,,,,,,,,,0,,,,,,,,,,40,1,40,1,0.2109666667,0,0,0,0,6.25e-07,0,8.333333333e-06,,,,18.80078125,18.08652344,36.88730469,189.6630859,1.15625,0,190.8193359,1.15625,1.538085938,40,1.09375,4.34375,0,1.173828125,5.4375,120000,18.182822,6.599635634,0.011714,2.015666,0,2.02738
21,ss[policy=static q=4n],ss,120000,601,1,1,1,0,0,1,800,800,,,,,0,0,0,0,0,,,,,,,,,,0,,,,,,,,,,40,1,40,1,0.21095,0,0,0,0,0,0,0,,,,28.9578125,36.72314453,65.68095703,377.1630859,1.15625,0,378.3193359,1.15625,1.538085938,40,1.09375,4.34375,0,1.171875,5.4375,120000,14.845898,8.083040851,0.059218,8.630098,0,8.689316
22,ss[policy=static q=n],ss,120000,601,0.3846153846,1,0.5555555556,15.175,0.02406953201,1,200,200,,,,,0,0,0,0,0,,,,,,,,,,0,,,,,,,,,,105,1,1,1,0.0056,104,0.5403333333,0,0,0.001488650794,0.001497916667,0.00275,,,,9.518359375,8.783398438,18.30175781,97.5703125,2.15625,0,99.7265625,2.15625,3.1953125,104,1.09375,9.802734375,0,2.958984375,10.89648438,120000,29.95608,4.005864586,0.010776,1.625377,0,1.636153
22,ss[policy=static q=2n],ss,120000,601,1,1,1,0,0,1,400,400,,,,,0,0,0,0,0,,,,,,,,,,0,,,,,,,,,,40,1,40,1,0.2109333333,0,0,0,0,0,0,0,,,,18.80390625,18.08945312,36.89335938,189.6630859,1.15625,0,190.8193359,1.15625,1.538085938,40,1.09375,4.34375,0,1.19921875,5.4375,120000,24.217335,4.955128217,0.016919,3.650569,0,3.667488
22,ss[policy=static q=4n],ss,120000,601,1,1,1,0,0,1,800,800,,,,,0,0,0,0,0,,,,,,,,,,0,,,,,,,,,,40,1,40,1,0.2109333333,0,0,0,0,0,0,0,,,,28.96015625,36.71289062,65.67304687,377.2255859,1.21875,0,378.4443359,1.21875,1.600585938,40,1.09375,4.34375,0,1.149414062,5.4375,120000,20.350188,5.896751421,0.021184,3.851666,0,3.87285
23,ss[policy=static q=n],ss,120000,601,0.4347826087,1,0.6060606061,16.3,0.02585021053,1,200,200,,,,,0,0,0,0,0,,,,,,,,,,0,,,,,,,,,,98,1,2,1,0.01108333333,96,0.49795,0,0,0.001468027211,0.001488541667,0.003241666667,,,,9.517578125,8.781933594,18.29951172,97.2578125,1.96875,0,99.2265625,1.96875,2.8828125,92,1.09375,9.21484375,0,2.571289062,10.30859375,120000,39.612769,3.029326226,0.008817,1.108131,0,1.116948
23,ss[policy=static q=2n],ss,120000,601,1,1,1,0.05,8.021108315e-05,1,400,400,,,,,0,0,0,0,0,,,,,,,,,,0,,,,,,,,,,40,1,40,1,0.2109166667,0,0,0,0,4.166666667e-07,0,8.333333333e-06,,,,18.803125,18.08603516,36.88916016,189.6318359,1.125,0,190.7568359,1.125,1.506835938,40,1.09375,4.34375,0,1.149414062,5.4375,120000,32.513733,3.690748152,0.008423,2.374487,0,2.38291
23,ss[policy=static q=4n],ss,120000,601,1,1,1,0,0,1,800,800,,,,,0,0,0,0,0,,,,,,,,,,0,,,,,,,,,,40,1,40,1,0.2109,0,0,0,0,0,0,0,,,,28.959375,36.70859375,65.66796875,377.2255859,1.21875,0,378.4443359,1.21875,1.600585938,40,1.09375,4.34375,0,1.124023438,5.4375,120000,26.292351,4.564065039,0.019001,4.901004,0,4.920005
24,ss[policy=static q=n],ss,120000,601,0.404040404,1,0.5755395683,15.725,0.02493503046,1,200,200,,,,,0,0,0,0,0,,,,,,,,,,0,,,,,,,,,,102,1,5,1,0.02760833333,97,0.503375,0,0,0.001462091503,0.00151967354,0.003625,,,,9.518554688,8.783398438,18.30195313,97.46875,2.109375,0,99.578125,2.109375,3.09375,99,1.09375,9.55078125,0,2.864257812,10.64453125,120000,28.948138,4.14534434,0.014376,1.733173,0,1.747549
24,ss[policy=static q=2n],ss,120000,601,1,1,1,0,0,1,400,400,,,,,0,0,0,0,0,,,,,,,,,,0,,,,,,,,,,40,1,40,1,0.2108666667,0,0,0,0,6.25e-07,0,8.333333333e-06,,,,18.8046875,18.09042969,36.89511719,189.6630859,1.15625,0,190.8193359,1.15625,1.538085938,40,1.09375,4.34375,0,1.150390625,5.4375,120000,23.418006,5.124262074,0.008355,1.825832,0,1.834187
24,ss[policy=static q=4n],ss,120000,601,1,1,1,0,0,1,800,800,,,,,0,0,0,0,0,,,,,,,,,,0,,,,,,,,,,40,1,40,1,0.2108666667,0,0,0,0,0,0,0,,,,28.9609375,36.70302734,65.66396484,377.1630859,1.15625,0,378.3193359,1.15625,1.538085938,40,1.09375,4.34375,0,1.201171875,5.4375,120000,19.592403,6.124822973,0.015234,5.34946,0,5.364694
25,ss[policy=static q=n],ss,120000,601,0.4545454545,1,0.625,16.15,0.02563601037,1,200,200,,,,,0,0,0,0,0,,,,,,,,,,0,,,,,,,,,,91,1,0,1,0,91,0.4753083333,0,0,0.001445970696,0.001445970696,0.002883333333,,,,9.516796875,8.782128906,18.29892578,97.12011719,1.875,0,98.99511719,1.875,2.745117188,88,1.09375,8.626953125,0,2.479492188,9.720703125,120000,34.795116,3.448759878,0.011573,1.78104,0,1.792613
25,ss[policy=static q=2n],ss,120000,601,1,1,1,0.1,0.0001575234409,1,400,400,,,,,0,0,0,0,0,,,,,,,,,,0,,,,,,,,,,40,1,40,1,0.210875,0,0,0,0,1.041666667e-06,0,8.333333333e-06,,,,18.80234375,18.08925781,36.89160156,189.6630859,1.15625,0,190.8193359,1.15625,1.538085938,40,1.09375,4.34375,0,1.149414062,5.4375,120000,26.781395,4.480722531,0.021965,2.278514,0,2.300479
25,ss[policy=static q=4n],ss,120000,601,1,1,1,0,0,1,800,800,,,,,0,0,0,0,0,,,,,,,,,,0,,,,,,,,,,40,1,40,1,0.2108416667,0,0,0,0,0,0,0,,,,28.959375,36.70332031,65.66269531,377.2568359,1.25,0,378.5068359,1.25,1.631835938,40,1.09375,4.34375,0,1.150390625,5.4375,120000,22.865162,5.248158749,0.016533,4.736867,0,4.7534
26,ss[policy=static q=n],ss,120000,601,0.4255319149,1,0.5970149254,16.475,0.02610802144,1,200,200,,,,,0,0,0,0,0,,,,,,,,,,0,,,,,,,,,,96,1,0,1,0,96,0.501225,0,0,0.001395138889,0.001395138889,0.003008333333,,,,9.517382812,8.782128906,18.29951172,97.30664062,2,0,99.30664062,2,2.931640625,94,1.09375,9.046875,0,2.62109375,10.140625,120000,29.184603,4.111757148,0.006654,1.271457,0,1.278111
26,ss[policy=static q=2n],ss,120000,601,1,1,1,0.05,7.724444317e-05,1,400,400,,,,,0,0,0,0,0,,,,,,,,,,0,,,,,,,,,,40,1,40,1,0.2108833333,0,0,0,0,6.25e-07,0,8.333333333e-06,,,,18.80234375,18.37558594,37.17792969,189.6943359,1.1875,0,190.8818359,1.1875,1.569335938,40,1.09375,4.34375,0,1.197265625,5.4375,120000,23.625566,5.079243393,0.011364,6.074205,0,6.085569
26,ss[policy=static q=4n],ss,120000,601,1,1,1,0,0,1,800,800,,,,,0,0,0,0,0,,,,,,,,,,0,,,,,,,,,,40,1,40,1,0.2108666667,0,0,0,0,0,0,0,,,,28.95859375,36.70332031,65.66191406,377.1630859,1.15625,0,378.3193359,1.15625,1.538085938,40,1.09375,4.34375,0,1.1484375,5.4375,120000,20.436114,5.871957849,0.055276,12.280507,0,12.335783
27,ss[policy=static q=n],ss,120000,601,0.4347826087,1,0.6060606061,16.725,0.02656100665,1,200,200,,,,,0,0,0,0,0,,,,,,,,,,0,,,,,,,,,,94,1,2,1,0.01105833333,92,0.4798,0,0,0.001398670213,0.00142192029,0.003033333333,,,,9.51796875,8.780664062,18.29863281,97.2265625,1.9375,0,99.1640625,1.9375,2.8515625,92,1.09375,8.87890625,0,2.678710938,9.97265625,120000,27.203771,4.411153145,0.012222,1.022274,0,1.034496
27,ss[policy=static q=2n],ss,120000,601,1,1,1,0.05,7.867937413e-05,1,400,400,,,,,0,0,0,0,0,,,,,,,,,,0,,,,,,,,,,40,1,40,1,0.2108416667,0,0,0,0,6.25e-07,0,8.333333333e-06,,,,18.80390625,18.378125,37.18203125,189.6005859,1.09375,0,190.6943359,1.09375,1.475585938,40,1.09375,4.34375,0,1.150390625,5.4375,120000,22.405626,5.355797691,0.014204,1.975157,0,1.989361
27,ss[policy=static q=4n],ss,120000,601,1,1,1,0,0,1,800,800,,,,,0,0,0,0,0,,,,,,,,,,0,,,,,,,,,,40,1,40,1,0.210825,0,0,0,0,0,0,0,,,,28.96015625,37.31640625,66.2765625,377.1318359,1.125,0,378.2568359,1.125,1.506835938,40,1.09375,4.34375,0,1.150390625,5.4375,120000,18.943309,6.334690523,0.026197,4.701283,0,4.72748
28,ss[policy=static q=n],ss,120000,601,0.4301075269,1,0.6015037594,15.8,0.02511128433,1,200,200,,,,,0,0,0,0,0,,,,,,,,,,0,,,,,,,,,,93,1,3,1,0.016525,90,0.4699833333,0,0,0.001399103943,0.001433055556,0.003033333333,,,,9.516015625,8.781152344,18.29716797,97.34570312,2.046875,0,99.39257812,2.046875,2.970703125,93,1.09375,8.794921875,0,2.700195312,9.888671875,120000,25.880812,4.636639685,0.010285,1.396399,0,1.406684
28,ss[policy=static q=2n],ss,120000,601,1,1,1,0.025,3.805175038e-05,1,400,400,,,,,0,0,0,0,0,,,,,,,,,,0,,,,,,,,,,40,1,40,1,0.2109,0,0,0,0,8.333333333e-07,0,8.333333333e-06,,,,18.80390625,18.07939453,36.88330078,189.6005859,1.09375,0,190.6943359,1.09375,1.475585938,40,1.09375,4.34375,0,1.17578125,5.4375,120000,21.085028,5.691242146,0.017726,3.302253,0,3.319979
28,ss[policy=static q=4n],ss,120000,601,1,1,1,0,0,1,800,800,,,,,0,0,0,0,0,,,,,,,,,,0,,,,,,,,,,40,1,40,1,0.2108916667,0,0,0,0,0,0,0,,,,28.9609375,36.70107422,65.66201172,377.1318359,1.125,0,378.2568359,1.125,1.506835938,40,1.09375,4.34375,0,1.173828125,5.4375,120000,17.414458,6.890826002,0.015048,3.839461,0,3.854509
29,ss[policy=static q=n],ss,120000,601,0.396039604,1,0.5673758865,15.425,0.0244489405,1,200,200,,,,,0,0,0,0,0,,,,,,,,,,0,,,,,,,,,,104,1,2,1,0.01123333333,102,0.529625,0,0,0.001463141026,0.001482434641,0.002883333333,,,,9.5171875,8.786425781,18.30361328,97.52148438,2.140625,0,99.66210938,2.140625,3.146484375,101,1.09375,9.71875,0,2.887695312,10.8125,120000,28.039102,4.279737632,0.006413,0.889933,0,0.896346
29,ss[policy=static q=2n],ss,120000,601,1,1,1,0.025,3.834355828e-05,1,400,400,,,,,0,0,0,0,0,,,,,,,,,,0,,,,,,,,,,40,1,40,1,0.2108583333,0,0,0,0,4.166666667e-07,0,8.333333333e-06,,,,18.8015625,18.08623047,36.88779297,189.6943359,1.1875,0,190.8818359,1.1875,1.569335938,40,1.09375,4.34375,0,1.125,5.4375,120000,22.460226,5.34277794,0.010434,1.862013,0,1.872447
29,ss[policy=static q=4n],ss,120000,601,1,1,1,0,0,1,800,800,,,,,0,0,0,0,0,,,,,,,,,,0,,,,,,,,,,40,1,40,1,0.21085,0,0,0,0,0,0,0,,,,28.95859375,36.69511719,65.65371094,377.1005859,1.09375,0,378.1943359,1.09375,1.475585938,40,1.09375,4.34375,0,1.200195312,5.4375,120000,18.579875,6.45860104,0.016285,3.602325,0,3.61861
30,ss[policy=static q=n],ss,120000,601,0.4166666667,1,0.5882352941,15.55,0.02470364784,1,200,200,,,,,0,0,0,0,0,,,,,,,,,,0,,,,,,,,,,97,1,1,1,0.005566666667,96,0.50025,0,0,0.001481099656,0.001492361111,0.002916666667,,,,9.516210938,8.917578125,18.43378906,97.33007812,2,0,99.33007812,2,2.955078125,96,1.09375,9.130859375,0,2.900390625,10.22460938,120000,31.159042,3.851209546,0.007695,1.753402,0,1.761097
30,ss[policy=static q=2n],ss,120000,601,1,1,1,0.025,4.06504065e-05,1,400,400,,,,,0,0,0,0,0,,,,,,,,,,0,,,,,,,,,,40,1,40,1,0.2108666667,0,0,0,0,2.083333333e-07,0,8.333333333e-06,,,,18.8046875,18.08447266,36.88916016,189.6318359,1.125,0,190.7568359,1.125,1.506835938,40,1.09375,4.34375,0,1.149414062,5.4375,120000,24.778456,4.842916766,0.008373,3.837653,0,3.846026
30,ss[policy=static q=4n],ss,120000,601,1,1,1,0,0,1,800,800,,,,,0,0,0,0,0,,,,,,,,,,0,,,,,,,,,,40,1,40,1,0.2108583333,0,0,0,0,0,0,0,,,,28.9609375,36.69511719,65.65605469,377.1630859,1.15625,0,378.3193359,1.15625,1.538085938,40,1.09375,4.34375,0,1.1484375,5.4375,120000,20.545489,5.84069817,0.020687,7.534354,0,7.555041
31,ss[policy=static q=n],ss,120000,601,0.4395604396,1,0.6106870229,16,0.02536871432,1,200,200,,,,,0,0,0,0,0,,,,,,,,,,0,,,,,,,,,,93,1,0,1,0,93,0.4851666667,0,0,0.001473566308,0.001473566308,0.003166666667,,,,9.5171875,8.784960937,18.30214844,97.23144531,1.953125,0,99.18457031,1.953125,2.856445312,91,1.09375,8.794921875,0,2.7578125,9.888671875,120000,38.028344,3.155541035,0.023796,1.82301,0,1.846806
31,ss[policy=static q=2n],ss,120000,601,1,1,1,0.025,3.918495298e-05,1,400,400,,,,,0,0,0,0,0,,,,,,,,,,0,,,,,,,,,,40,1,40,1,0.211025,0,0,0,0,1.041666667e-06,0,8.333333333e-06,,,,18.80390625,18.38369141,37.18759766,189.6630859,1.15625,0,190.8193359,1.15625,1.538085938,40,1.09375,4.34375,0,1.172851562,5.4375,120000,29.285177,4.097636152,0.018038,3.902869,0,3.920907
31,ss[policy=static q=4n],ss,120000,601,1,1,1,0,0,1,800,800,,,,,0,0,0,0,0,,,,,,,,,,0,,,,,,,,,,40,1,40,1,0.2110166667,0,0,0,0,0,0,0,,,,28.96015625,36.69345703,65.65361328,377.1318359,1.125,0,378.2568359,1.125,1.506835938,40,1.09375,4.34375,0,1.174804688,5.4375,120000,25.794319,4.652187173,0.019534,8.013929,0,8.033463
32,ss[policy=static q=n],ss,120000,601,0.4347826087,1,0.6060606061,15.5,0.02463802175,1,200,200,,,,,0,0,0,0,0,,,,,,,,,,0,,,,,,,,,,93,1,4,1,0.02221666667,89,0.4635583333,0,0,0.001477240143,0.001523127341,0.003308333333,,,,9.5171875,8.786230469,18.30341797,97.34667969,2.0625,0,99.40917969,2.0625,2.971679688,92,1.09375,8.794921875,0,2.548828125,9.888671875,120000,25.3768,4.728728603,0.010749,1.522762,0,1.533511
32,ss[policy=static q=2n],ss,120000,601,1,1,1,0.05,7.912242852e-05,1,400,400,,,,,0,0,0,0,0,,,,,,,,,,0,,,,,,,,,,40,1,40,1,0.2108833333,0,0,0,0,6.25e-07,0,8.333333333e-06,,,,18.80390625,18.08369141,36.88759766,189.6630859,1.15625,0,190.8193359,1.15625,1.538085938,40,1.09375,4.34375,0,1.173828125,5.4375,120000,20.543218,5.841343844,0.028752,3.225869,0,3.254621
32,ss[policy=static q=4n],ss,120000,601,1,1,1,0,0,1,800,800,,,,,0,0,0,0,0,,,,,,,,,,0,,,,,,,,,,40,1,40,1,0.2108666667,0,0,0,0,0,0,0,,,,28.96015625,36.68955078,65.64970703,377.1318359,1.125,0,378.2568359,1.125,1.506835938,40,1.09375,4.34375,0,1.173828125,5.4375,120000,17.054208,7.036386562,0.019246,8.037937,0,8.057183
33,ss[policy=static q=n],ss,120000,601,0.4347826087,1,0.6060606061,17.425,0.02767043374,1,200,200,,,,,0,0,0,0,0,,,,,,,,,,0,,,,,,,,,,94,1,2,1,0.01105833333,92,0.4798,0,0,0.00141356383,0.001435688406,0.003266666667,,,,9.516796875,8.779980469,18.29677734,97.28710938,2,0,99.28710938,2,2.912109375,92,1.09375,8.87890625,0,2.493164062,9.97265625,120000,29.208528,4.108389166,0.005584,1.456098,0,1.461682
33,ss[policy=static q=2n],ss,120000,601,1,1,1,0.025,4.118616145e-05,1,400,400,,,,,0,0,0,0,0,,,,,,,,,,0,,,,,,,,,,40,1,40,1,0.2109333333,0,0,0,0,8.333333333e-07,0,8.333333333e-06,,,,18.803125,18.08554687,36.88867188,189.6318359,1.125,0,190.7568359,1.125,1.506835938,40,1.09375,4.34375,0,1.147460938,5.4375,120000,23.828537,5.035978499,0.013316,2.099655,0,2.112971
33,ss[policy=static q=4n],ss,120000,601,1,1,1,0,0,1,800,800,,,,,0,0,0,0,0,,,,,,,,,,0,,,,,,,,,,40,1,40,1,0.210925,0,0,0,0,0,0,0,,,,28.959375,36.69228516,65.65166016,377.1630859,1.15625,0,378.3193359,1.15625,1.538085938,40,1.09375,4.34375,0,1.124023438,5.4375,120000,19.966248,6.010142717,0.025641,4.276637,0,4.302278
34,ss[policy=static q=n],ss,120000,601,0.4166666667,1,0.5882352941,17.025,0.02699895763,1,200,200,,,,,0,0,0,0,0,,,,,,,,,,0,,,,,,,,,,101,1,3,1,0.01676666667,98,0.50835,0,0,0.001491749175,0.001521768707,0.0031,,,,9.516992187,8.782226562,18.29921875,97.39257812,2.0625,0,99.45507812,2.0625,3.017578125,96,1.09375,9.466796875,0,2.920898438,10.56054688,120000,24.591639,4.879707286,0.013762,0.813842,0,0.827604
34,ss[policy=static q=2n],ss,120000,601,1,1,1,0.025,3.846153846e-05,1,400,400,,,,,0,0,0,0,0,,,,,,,,,,0,,,,,,,,,,40,1,40,1,0.2110166667,0,0,0,0,8.333333333e-07,0,1.666666667e-05,,,,18.803125,18.08417969,36.88730469,189.7255859,1.21875,0,190.9443359,1.21875,1.600585938,40,1.09375,4.34375,0,1.1484375,5.4375,120000,19.736416,6.080131266,0.006003,1.638145,0,1.644148
34,ss[policy=static q=4n],ss,120000,601,1,1,1,0,0,1,800,800,,,,,0,0,0,0,0,,,,,,,,,,0,,,,,,,,,,40,1,40,1,0.2110083333,0,0,0,0,0,0,0,,,,28.96015625,36.69003906,65.65019531,377.1943359,1.1875,0,378.3818359,1.1875,1.569335938,40,1.09375,4.34375,0,1.150390625,5.4375,120000,16.122832,7.442861155,0.015567,4.479586,0,4.495153
35,ss[policy=static q=n],ss,120000,601,0.404040404,1,0.5755395683,16.6,0.02641039305,1,200,200,,,,,0,0,0,0,0,,,,,,,,,,0,,,,,,,,,,100,1,4,1,0.02214166667,96,0.499175,0,0,0.00144325,0.00148671875,0.002866666667,,,,9.518164063,8.784863281,18.30302734,97.37792969,2.015625,0,99.39355469,2.015625,3.002929688,99,1.09375,9.3828125,0,2.814453125,10.4765625,120000,32.984013,3.638126143,0.006042,1.058237,0,1.064279
35,ss[policy=static q=2n],ss,120000,601,1,1,1,0.075,0.0001222278774,1,400,400,,,,,0,0,0,0,0,,,,,,,,,,0,,,,,,,,,,40,1,40,1,0.2111083333,0,0,0,0,8.333333333e-07,0,8.333333333e-06,,,,18.80390625,18.08037109,36.88427734,189.6318359,1.125,0,190.7568359,1.125,1.506835938,40,1.09375,4.34375,0,1.198242188,5.4375,120000,27.156779,4.41878619,0.010872,3.139743,0,3.150615
35,ss[policy=static q=4n],ss,120000,601,1,1,1,0,0,1,800,800,,,,,0,0,0,0,0,,,,,,,,,,0,,,,,,,,,,40,1,40,1,0.2110833333,0,0,0,0,0,0,0,,,,28.96015625,36.68808594,65.64824219,377.1943359,1.1875,0,378.3818359,1.1875,1.569335938,40,1.09375,4.34375,0,1.147460938,5.4375,120000,25.842992,4.643425189,0.024239,6.703698,0,6.727937
36,ss[policy=static q=n],ss,120000,601,0.4166666667,1,0.5882352941,15.55,0.02468792985,1,200,200,,,,,0,0,0,0,0,,,,,,,,,,0,,,,,,,,,,100,1,2,1,0.01119166667,98,0.5091166667,0,0,0.001486083333,0.001505867347,0.002916666667,,,,9.516601562,8.783496094,18.30009766,97.45703125,2.125,0,99.58203125,2.125,3.08203125,96,1.09375,9.3828125,0,2.592773438,10.4765625,120000,58.175976,2.062707122,0.008332,0.871094,0,0.879426
36,ss[policy=static q=2n],ss,120000,601,1,1,1,0.025,3.98089172e-05,1,400,400,,,,,0,0,0,0,0,,,,,,,,,,0,,,,,,,,,,40,1,40,1,0.211025,0,0,0,0,4.166666667e-07,0,8.333333333e-06,,,,18.803125,18.37285156,37.17597656,189.6318359,1.125,0,190.7568359,1.125,1.506835938,40,1.09375,4.34375,0,1.174804688,5.4375,120000,38.78047,3.094341043,0.014273,2.781004,0,2.795277
36,ss[policy=static q=4n],ss,120000,601,1,1,1,0,0,1,800,800,,,,,0,0,0,0,0,,,,,,,,,,0,,,,,,,,,,40,1,40,1,0.2110166667,0,0,0,0,0,0,0,,,,28.959375,37.30380859,66.26318359,377.2255859,1.21875,0,378.4443359,1.21875,1.600585938,40,1.09375,4.34375,0,1.149414062,5.4375,120000,27.851559,4.308555941,0.015027,6.309985,0,6.325012
37,ss[policy=static q=n],ss,120000,601,0.4301075269,1,0.6015037594,15.6,0.02472929714,1,200,200,,,,,0,0,0,0,0,,,,,,,,,,0,,,,,,,,,,96,1,3,1,0.0165,93,0.4835,0,0,0.001397135417,0.001427867384,0.002866666667,,,,9.517773438,8.780859375,18.29863281,97.31445312,2.015625,0,99.33007812,2.015625,2.939453125,93,1.09375,9.046875,0,2.543945312,10.140625,120000,31.305245,3.833223474,0.018275,1.285801,0,1.304076
37,ss[policy=static q=2n],ss,120000,601,1,1,1,0.05,8.078893857e-05,1,400,400,,,,,0,0,0,0,0,,,,,,,,,,0,,,,,,,,,,40,1,40,1,0.2111083333,0,0,0,0,8.333333333e-07,0,8.333333333e-06,,,,18.80390625,18.08955078,36.89345703,189.6318359,1.125,0,190.7568359,1.125,1.506835938,40,1.09375,4.34375,0,1.200195312,5.4375,120000,25.425751,4.719624604,0.016141,2.677898,0,2.694039
37,ss[policy=static q=4n],ss,120000,601,1,1,1,0,0,1,800,800,,,,,0,0,0,0,0,,,,,,,,,,0,,,,,,,,,,40,1,40,1,0.2110916667,0,0,0,0,0,0,0,,,,28.96015625,36.69375,65.65390625,377.1630859,1.15625,0,378.3193359,1.15625,1.538085938,40,1.09375,4.34375,0,1.149414062,5.4375,120000,21.778707,5.50996898,0.028494,5.681226,0,5.70972
38,ss[policy=static q=n],ss,120000,601,0.4255319149,1,0.5970149254,15.675,0.02487933779,1,200,200,,,,,0,0,0,0,0,,,,,,,,,,0,,,,,,,,,,96,1,2,1,0.011025,94,0.4894666667,0,0,0.001461111111,0.001482180851,0.003283333333,,,,9.517578125,8.780175781,18.29775391,97.24707031,1.9375,0,99.18457031,1.9375,2.872070312,94,1.09375,9.046875,0,2.697265625,10.140625,120000,30.609885,3.920302216,0.016478,1.754621,0,1.771099
38,ss[policy=static q=2n],ss,120000,601,1,1,1,0.025,4.111842105e-05,1,400,400,,,,,0,0,0,0,0,,,,,,,,,,0,,,,,,,,,,40,1,40,1,0.211075,0,0,0,0,6.25e-07,0,8.333333333e-06,,,,18.80390625,18.08496094,36.88886719,189.6005859,1.09375,0,190.6943359,1.09375,1.475585938,40,1.09375,4.34375,0,1.173828125,5.4375,120000,25.257928,4.750983533,0.014761,2.860038,0,2.874799
38,ss[policy=static q=4n],ss,120000,601,1,1,1,0,0,1,800,800,,,,,0,0,0,0,0,,,,,,,,,,0,,,,,,,,,,40,1,40,1,0.2110666667,0,0,0,0,0,0,0,,,,28.96015625,36.69296875,65.653125,377.2255859,1.21875,0,378.4443359,1.21875,1.600585938,40,1.09375,4.34375,0,1.125,5.4375,120000,21.291753,5.635984975,0.016802,4.407011,0,4.423813
39,ss[policy=static q=n],ss,120000,601,0.4210526316,1,0.5925925926,16.325,0.02588692268,1,200,200,,,,,0,0,0,0,0,,,,,,,,,,0,,,,,,,,,,96,1,1,1,0.00565,95,0.4953333333,0,0,0.001473350694,0.001482280702,0.002991666667,,,,9.518554688,8.788378906,18.30693359,97.3984375,2.078125,0,99.4765625,2.078125,3.0234375,95,1.09375,9.046875,0,2.646484375,10.140625,120000,30.503019,3.934036824,0.005598,0.819973,0,0.825571
39,ss[policy=static q=2n],ss,120000,601,1,1,1,0.025,3.787878788e-05,1,400,400,,,,,0,0,0,0,0,,,,,,,,,,0,,,,,,,,,,40,1,40,1,0.21105,0,0,0,0,2.083333333e-07,0,8.333333333e-06,,,,18.80390625,18.08652344,36.89042969,189.5693359,1.0625,0,190.6318359,1.0625,1.444335938,40,1.09375,4.34375,0,1.173828125,5.4375,120000,25.302576,4.742600121,0.012758,1.697312,0,1.71007
39,ss[policy=static q=4n],ss,120000,601,1,1,1,0,0,1,800,800,,,,,0,0,0,0,0,,,,,,,,,,0,,,,,,,,,,40,1,40,1,0.2110416667,0,0,0,0,0,0,0,,,,28.96015625,36.69042969,65.65058594,377.1630859,1.15625,0,378.3193359,1.15625,1.538085938,40,1.09375,4.34375,0,1.17578125,5.4375,120000,21.36119,5.617664559,0.015331,3.63688,0,3.652211
40,ss[policy=static q=n],ss,120000,601,0.412371134,1,0.5839416058,15.75,0.02496098585,1,200,200,,,,,0,0,0,0,0,,,,,,,,,,0,,,,,,,,,,97,1,2,1,0.011225,95,0.495075,0,0,0.001360223368,0.00137754386,0.00275,,,,9.516601562,8.781835938,18.2984375,97.38671875,2.046875,0,99.43359375,2.046875,3.01171875,97,1.09375,9.130859375,0,2.694335938,10.22460938,120000,25.246402,4.753152548,0.003735,1.008701,0,1.012436
40,ss[policy=static q=2n],ss,120000,601,1,1,1,0.025,4.006410256e-05,1,400,400,,,,,0,0,0,0,0,,,,,,,,,,0,,,,,,,,,,40,1,40,1,0.211175,0,0,0,0,1.041666667e-06,0,8.333333333e-06,,,,18.8046875,18.084375,36.8890625,189.7255859,1.21875,0,190.9443359,1.21875,1.600585938,40,1.09375,4.34375,0,1.124023438,5.4375,120000,20.371472,5.890590528,0.026496,2.302974,0,2.32947
40,ss[policy=static q=4n],ss,120000,601,1,1,1,0,0,1,800,800,,,,,0,0,0,0,0,,,,,,,,,,0,,,,,,,,,,40,1,40,1,0.2111666667,0,0,0,0,0,0,0,,,,28.9609375,36.68740234,65.64833984,377.1943359,1.1875,0,378.3818359,1.1875,1.569335938,40,1.09375,4.34375,0,1.149414062,5.4375,120000,16.89109,7.104337257,0.022996,4.192919,0,4.215915
41,ss[policy=static q=n],ss,120000,601,0.4301075269,1,0.6015037594,16.05,0.02545597656,1,200,200,,,,,0,0,0,0,0,,,,,,,,,,0,,,,,,,,,,95,1,2,1,0.01119166667,93,0.4847,0,0,0.001389210526,0.001410752688,0.003058333333,,,,9.516796875,8.78046875,18.29726563,97.25097656,1.953125,0,99.20410156,1.953125,2.875976562,93,1.09375,8.962890625,0,2.625,10.05664062,120000,28.589442,4.197353694,0.005097,0.803941,0,0.809038
41,ss[policy=static q=2n],ss,120000,601,1,1,1,0.05,7.788464338e-05,1,400,400,,,,,0,0,0,0,0,,,,,,,,,,0,,,,,,,,,,40,1,40,1,0.2111333333,0,0,0,0,4.166666667e-07,0,8.333333333e-06,,,,18.803125,18.0890625,36.8921875,189.6943359,1.1875,0,190.8818359,1.1875,1.569335938,40,1.09375,4.34375,0,1.125,5.4375,120000,23.144095,5.184907857,0.005431,1.76401,0,1.769441
41,ss[policy=static q=4n],ss,120000,601,1,1,1,0,0,1,800,800,,,,,0,0,0,0,0,,,,,,,,,,0,,,,,,,,,,40,1,40,1,0.2111166667,0,0,0,0,0,0,0,,,,28.959375,36.68779297,65.64716797,377.2255859,1.21875,0,378.4443359,1.21875,1.600585938,40,1.09375,4.34375,0,1.125,5.4375,120000,19.623108,6.115239237,0.015417,4.646149,0,4.661566
42,ss[policy=static q=n],ss,120000,601,0.4395604396,1,0.6106870229,16.2,0.02570077954,1,200,200,,,,,0,0,0,0,0,,,,,,,,,,0,,,,,,,,,,94,1,4,1,0.02206666667,90,0.468825,0,0,0.00147251773,0.00152,0.0032,,,,9.517578125,8.911425781,18.42900391,97.26074219,1.984375,0,99.24511719,1.984375,2.885742188,91,1.09375,8.87890625,0,2.500976562,9.97265625,120000,31.490692,3.810649826,0.014426,1.630701,0,1.645127
42,ss[policy=static q=2n],ss,120000,601,1,1,1,0.025,3.98089172e-05,1,400,400,,,,,0,0,0,0,0,,,,,,,,,,0,,,,,,,,,,40,1,40,1,0.2110833333,0,0,0,0,2.083333333e-07,0,8.333333333e-06,,,,18.803125,18.08242188,36.88554688,189.6943359,1.1875,0,190.8818359,1.1875,1.569335938,40,1.09375,4.34375,0,1.125,5.4375,120000,25.69135,4.67083279,0.01206,3.476696,0,3.488756
42,ss[policy=static q=4n],ss,120000,601,1,1,1,0,0,1,800,800,,,,,0,0,0,0,0,,,,,,,,,,0,,,,,,,,,,40,1,40,1,0.211075,0,0,0,0,0,0,0,,,,28.959375,36.68779297,65.64716797,377.2255859,1.21875,0,378.4443359,1.21875,1.600585938,40,1.09375,4.34375,0,1.172851562,5.4375,120000,21.615787,5.551498079,0.016743,7.159197,0,7.17594
43,ss[policy=static q=n],ss,120000,601,0.4494382022,1,0.6201550388,16.35,0.02594600585,1,200,200,,,,,0,0,0,0,0,,,,,,,,,,0,,,,,,,,,,90,1,2,1,0.01113333333,88,0.4598833333,0,0,0.001461111111,0.001484943182,0.0028,,,,9.5171875,8.779296875,18.29648437,97.20996094,1.953125,0,99.16308594,1.953125,2.834960938,89,1.09375,8.54296875,0,2.40234375,9.63671875,120000,26.352501,4.553647489,0.00386,1.245565,0,1.249425
43,ss[policy=static q=2n],ss,120000,601,1,1,1,0.05,7.785047861e-05,1,400,400,,,,,0,0,0,0,0,,,,,,,,,,0,,,,,,,,,,40,1,40,1,0.211125,0,0,0,0,8.333333333e-07,0,8.333333333e-06,,,,18.8046875,18.08886719,36.89355469,189.6005859,1.09375,0,190.6943359,1.09375,1.475585938,40,1.09375,4.34375,0,1.1484375,5.4375,120000,21.085581,5.691092885,0.0171,2.428133,0,2.445233
43,ss[policy=static q=4n],ss,120000,601,1,1,1,0,0,1,800,800,,,,,0,0,0,0,0,,,,,,,,,,0,,,,,,,,,,40,1,40,1,0.2111083333,0,0,0,0,0,0,0,,,,28.9609375,36.68466797,65.64560547,377.1005859,1.09375,0,378.1943359,1.09375,1.475585938,40,1.09375,4.34375,0,1.149414062,5.4375,120000,17.328115,6.925161796,0.022134,4.242674,0,4.264808
44,ss[policy=static q=n],ss,120000,601,0.4255319149,1,0.5970149254,16.575,0.02624425379,1,200,200,,,,,0,0,0,0,0,,,,,,,,,,0,,,,,,,,,,96,1,2,1,0.01123333333,94,0.4903916667,0,0,0.001439756944,0.001458865248,0.002441666667,,,,9.517578125,8.784863281,18.30244141,97.27636719,1.96875,0,99.24511719,1.96875,2.901367188,94,1.09375,9.046875,0,2.647460938,10.140625,120000,22.678564,5.291340316,0.004231,0.78731,0,0.791541
44,ss[policy=static q=2n],ss,120000,601,1,1,1,0,0,1,400,400,,,,,0,0,0,0,0,,,,,,,,,,0,,,,,,,,,,40,1,40,1,0.2111916667,0,0,0,0,2.083333333e-07,0,8.333333333e-06,,,,18.80390625,18.37060547,37.17451172,189.5380859,1.03125,0,190.5693359,1.03125,1.413085938,40,1.09375,4.34375,0,1.198242188,5.4375,120000,18.221555,6.585606991,0.0061,2.24455,0,2.25065
44,ss[policy=static q=4n],ss,120000,601,1,1,1,0,0,1,800,800,,,,,0,0,0,0,0,,,,,,,,,,0,,,,,,,,,,40,1,40,1,0.2111916667,0,0,0,0,0,0,0,,,,28.96015625,36.68339844,65.64355469,377.1630859,1.15625,0,378.3193359,1.15625,1.538085938,40,1.09375,4.34375,0,1.223632812,5.4375,120000,14.752726,8.13408993,0.019519,7.382334,0,7.401853
45,ss[policy=static q=n],ss,120000,601,0.4285714286,1,0.6,18.36111111,0.02838505762,1,200,200,,,,,0,0,0,0,0,,,,,,,,,,0,,,,,,,,,,89,1,11,1,0.06329166667,78,0.4064083333,0,0,0.001675374532,0.001822970085,0.003541666667,,,,9.51640625,8.843945313,18.36035156,97.08300781,1.875,0,98.95800781,1.875,2.708007812,84,1.09375,8.458984375,0,2.361328125,9.552734375,120000,32.654859,3.674797677,0.009076,0.799058,0,0.808134
45,ss[policy=static q=2n],ss,120000,601,1,1,1,0.1388888889,0.0002113855433,1,400,400,,,,,0,0,0,0,0,,,,,,,,,,0,,,,,,,,,,36,1,36,1,0.1952166667,0,0,0,0,2.777777778e-06,0,1.666666667e-05,,,,18.79296875,18.18330078,36.97626953,189.5615234,1.09375,0,190.6552734,1.09375,1.436523438,36,1.09375,4.0078125,0,1.0546875,5.1015625,120000,25.572119,4.69261073,0.005661,1.790561,0,1.796222
45,ss[policy=static q=4n],ss,120000,601,1,1,1,0,0,1,800,800,,,,,0,0,0,0,0,,,,,,,,,,0,,,,,,,,,,36,1,36,1,0.195175,0,0,0,0,0,0,0,,,,36.95,36.89072266,73.84072266,377.0927734,1.125,0,378.2177734,1.125,1.467773438,36,1.09375,4.0078125,0,1.0546875,5.1015625,120000,22.722569,5.281092996,0.013558,3.594571,0,3.608129
46,ss[policy=static q=n],ss,120000,601,0.45,1,0.6206896552,16.77777778,0.02602471568,1,200,200,,,,,0,0,0,0,0,,,,,,,,,,0,,,,,,,,,,87,1,10,1,0.056975,77,0.4015666667,0,0,0.00170210728,0.001860714286,0.0036,,,,9.515820313,8.847265625,18.36308594,96.97558594,1.8125,0,98.78808594,1.8125,2.600585938,80,1.09375,8.291015625,0,2.212890625,9.384765625,120000,36.364561,3.299916091,0.004294,0.820953,0,0.825247
46,ss[policy=static q=2n],ss,120000,601,1,1,1,0.1388888889,0.0002171516151,1,400,400,,,,,0,0,0,0,0,,,,,,,,,,0,,,,,,,,,,36,1,36,1,0.1952416667,0,0,0,0,3.009259259e-06,0,1.666666667e-05,,,,18.79375,18.18349609,36.97724609,189.5615234,1.09375,0,190.6552734,1.09375,1.436523438,36,1.09375,4.0078125,0,1.055664062,5.1015625,120000,33.279974,3.605772048,0.01137,2.088944,0,2.100314
46,ss[policy=static q=4n],ss,120000,601,1,1,1,0,0,1,800,800,,,,,0,0,0,0,0,,,,,,,,,,0,,,,,,,,,,36,1,36,1,0.1952,0,0,0,0,0,0,0,,,,36.95,36.89863281,73.84863281,377.0615234,1.09375,0,378.1552734,1.09375,1.436523438,36,1.09375,4.0078125,0,1.030273438,5.1015625,120000,28.435635,4.220056981,0.019792,5.2346,0,5.254392
47,ss[policy=static q=n],ss,120000,601,0.4337349398,1,0.6050420168,16.38888889,0.02548811381,1,200,200,,,,,0,0,0,0,0,,,,,,,,,,0,,,,,,,,,,88,1,10,1,0.05735,78,0.40605,0,0,0.001644507576,0.001785470085,0.003433333333,,,,9.51640625,8.846972656,18.36337891,97.02441406,1.828125,0,98.85253906,1.828125,2.649414062,83,1.09375,8.375,0,2.413085938,9.46875,120000,27.785121,4.318858284,0.015307,1.481038,0,1.496345
47,ss[policy=static q=2n],ss,120000,601,1,1,1,0.1388888889,0.0002187223045,1,400,400,,,,,0,0,0,0,0,,,,,,,,,,0,,,,,,,,,,36,1,36,1,0.195175,0,0,0,0,2.777777778e-06,0,1.666666667e-05,,,,18.79375,18.17871094,36.97246094,189.5302734,1.0625,0,190.5927734,1.0625,1.405273438,36,1.09375,4.0078125,0,1.03125,5.1015625,120000,23.248526,5.161617558,0.015083,2.477032,0,2.492115
47,ss[policy=static q=4n],ss,120000,601,1,1,1,0,0,1,800,800,,,,,0,0,0,0,0,,,,,,,,,,0,,,,,,,,,,36,1,36,1,0.1951333333,0,0,0,0,0,0,0,,,,36.95078125,36.9015625,73.85234375,377.0927734,1.125,0,378.2177734,1.125,1.467773438,36,1.09375,4.0078125,0,1.079101562,5.1015625,120000,20.430746,5.873500654,0.01772,4.877341,0,4.895061
48,ss[policy=static q=n],ss,120000,601,0.4285714286,1,0.6,17.77777778,0.02750155227,1,200,200,,,,,0,0,0,0,0,,,,,,,,,,0,,,,,,,,,,93,1,6,1,0.03484166667,87,0.4533083333,0,0,0.001701792115,0.001776915709,0.003275,,,,9.515820313,8.847851563,18.36367188,97.05078125,1.84375,0,98.89453125,1.84375,2.67578125,84,1.09375,8.794921875,0,2.413085938,9.888671875,120000,29.004453,4.137295746,0.004174,0.84314,0,0.847314
48,ss[policy=static q=2n],ss,120000,601,1,1,1,0.1944444444,0.000303728452,1,400,400,,,,,0,0,0,0,0,,,,,,,,,,0,,,,,,,,,,36,1,36,1,0.1952333333,0,0,0,0,2.777777778e-06,0,2.5e-05,,,,18.79296875,18.18798828,36.98095703,189.5302734,1.0625,0,190.5927734,1.0625,1.405273438,36,1.09375,4.0078125,0,1.030273438,5.1015625,120000,24.432155,4.911560196,0.013416,1.774377,0,1.787793
48,ss[policy=static q=4n],ss,120000,601,1,1,1,0,0,1,800,800,,,,,0,0,0,0,0,,,,,,,,,,0,,,,,,,,,,36,1,36,1,0.195175,0,0,0,0,0,0,0,,,,36.94921875,36.89648438,73.84570312,377.0302734,1.0625,0,378.0927734,1.0625,1.405273438,36,1.09375,4.0078125,0,1.055664062,5.1015625,120000,21.640052,5.545273181,0.009213,3.689021,0,3.698234
49,ss[policy=static q=n],ss,120000,601,0.4090909091,1,0.5806451613,16.94444444,0.02618851129,1,200,200,,,,,0,0,0,0,0,,,,,,,,,,0,,,,,,,,,,98,1,10,1,0.05755,88,0.4557666667,0,0,0.001744132653,0.001871117424,0.003308333333,,,,9.516015625,8.848535156,18.36455078,97.12011719,1.875,0,98.99511719,1.875,2.745117188,88,1.09375,9.21484375,0,2.375976562,10.30859375,120000,34.555478,3.472676604,0.014931,1.649449,0,1.66438
49,ss[policy=static q=2n],ss,120000,601,1,1,1,0.2222222222,0.0003431020034,1,400,400,,,,,0,0,0,0,0,,,,,,,,,,0,,,,,,,,,,36,1,36,1,0.1952166667,0,0,0,0,3.472222222e-06,0,2.5e-05,,,,18.7953125,18.18359375,36.97890625,189.5302734,1.0625,0,190.5927734,1.0625,1.405273438,36,1.09375,4.0078125,0,1.0546875,5.1015625,120000,29.073032,4.127536474,0.026808,3.524456,0,3.551264
49,ss[policy=static q=4n],ss,120000,601,1,1,1,0,0,1,800,800,,,,,0,0,0,0,0,,,,,,,,,,0,,,,,,,,,,36,1,36,1,0.19515,0,0,0,0,0,0,0,,,,36.9515625,36.89726563,73.84882813,377.0615234,1.09375,0,378.1552734,1.09375,1.436523438,36,1.09375,4.0078125,0,1.080078125,5.1015625,120000,26.251389,4.57118669,0.023229,7.921793,0,7.945022
50,ss[policy=static q=n],ss,120000,601,0.4838709677,1,0.652173913,16.6,0.02498935384,1,200,200,,,,,0,0,0,0,0,,,,,,,,,,0,,,,,,,,,,80,1,16,1,0.09393333333,64,0.32815,0,0,0.001930520833,0.002264192708,0.003558333333,,,,9.515625,8.902929688,18.41855469,96.50976562,1.53125,0,98.04101562,1.53125,2.134765625,62,1.09375,7.703125,0,1.767578125,8.796875,120000,42.530987,2.82147226,0.018233,1.397442,0,1.415675
50,ss[policy=static q=2n],ss,120000,601,1,1,1,0.3666666667,0.0005468193063,1,400,400,,,,,0,0,0,0,0,,,,,,,,,,0,,,,,,,,,,30,1,30,1,0.1682833333,0,0,0,0,6.388888889e-06,0,2.5e-05,,,,18.78867187,18.19667969,36.98535156,189.3154297,0.90625,0,190.2216797,0.90625,1.190429688,30,1.09375,3.50390625,0,0.8896484375,4.59765625,120000,36.778453,3.262779976,0.020577,1.819805,0,1.840382
50,ss[policy=static q=4n],ss,120000,601,1,1,1,0,0,1,800,800,,,,,0,0,0,0,0,,,,,,,,,,0,,,,,,,,,,30,1,30,1,0.1681916667,0,0,0,0,0,0,0,,,,36.9453125,36.86308594,73.80839844,376.8154297,0.90625,0,377.7216797,0.90625,1.190429688,30,1.09375,3.50390625,0,0.96484375,4.59765625,120000,34.795018,3.448769591,0.028865,4.994175,0,5.02304
51,ss[policy=static q=n],ss,120000,601,0.4615384615,1,0.6315789474,17.73333333,0.02666919661,1,200,200,,,,,0,0,0,0,0,,,,,,,,,,0,,,,,,,,,,82,1,13,1,0.07743333333,69,0.3552916667,0,0,0.001885772358,0.002120531401,0.00355,,,,9.516796875,8.900097656,18.41689453,96.58886719,1.578125,0,98.16699219,1.578125,2.213867188,65,1.09375,7.87109375,0,1.8125,8.96484375,120000,44.673665,2.686146301,0.004516,0.866508,0,0.871024
51,ss[policy=static q=2n],ss,120000,601,1,1,1,0.5333333333,0.0008127158918,1,400,400,,,,,0,0,0,0,0,,,,,,,,,,0,,,,,,,,,,30,1,30,1,0.1683666667,0,0,0,0,8.333333333e-06,0,3.333333333e-05,,,,18.79023438,18.19902344,36.98925781,189.3154297,0.90625,0,190.2216797,0.90625,1.190429688,30,1.09375,3.50390625,0,0.9150390625,4.59765625,120000,39.443234,3.042346883,0.012251,2.372616,0,2.384867
51,ss[policy=static q=4n],ss,120000,601,1,1,1,0,0,1,800,800,,,,,0,0,0,0,0,,,,,,,,,,0,,,,,,,,,,30,1,30,1,0.1682333333,0,0,0,0,0,0,0,,,,36.94570313,36.84804688,73.79375,376.9091797,1,0,377.9091797,1,1.284179688,30,1.09375,3.50390625,0,0.9140625,4.59765625,120000,37.51063,3.199093164,0.021167,4.67912,0,4.700287
52,ss[policy=static q=n],ss,120000,601,0.5,1,0.6666666667,18.76666667,0.02814685912,1,200,200,,,,,0,0,0,0,0,,,,,,,,,,0,,,,,,,,,,81,1,12,1,0.071675,69,0.3541666667,0,0,0.001910802469,0.002128864734,0.003425,,,,9.515039062,8.902050781,18.41708984,96.49121094,1.53125,0,98.02246094,1.53125,2.116210938,60,1.09375,7.787109375,0,1.670898438,8.880859375,120000,41.025359,2.925020108,0.00652,1.83365,0,1.84017
52,ss[policy=static q=2n],ss,120000,601,1,1,1,0.4,0.0005947367417,1,400,400,,,,,0,0,0,0,0,,,,,,,,,,0,,,,,,,,,,30,1,30,1,0.1683583333,0,0,0,0,7.222222222e-06,0,4.166666667e-05,,,,18.78867187,18.20595703,36.99462891,189.3466797,0.9375,0,190.2841797,0.9375,1.221679688,30,1.09375,3.50390625,0,0.939453125,4.59765625,120000,35.940535,3.338848462,0.014327,2.880609,0,2.894936
52,ss[policy=static q=4n],ss,120000,601,1,1,1,0,0,1,800,800,,,,,0,0,0,0,0,,,,,,,,,,0,,,,,,,,,,30,1,30,1,0.1682583333,0,0,0,0,0,0,0,,,,36.94570313,36.84394531,73.78964844,376.8466797,0.9375,0,377.7841797,0.9375,1.221679688,30,1.09375,3.50390625,0,0.865234375,4.59765625,120000,32.945071,3.64242651,0.012132,4.013313,0,4.025445
53,ss[policy=static q=n],ss,120000,601,0.447761194,1,0.618556701,17,0.02540620935,1,200,200,,,,,0,0,0,0,0,,,,,,,,,,0,,,,,,,,,,84,1,12,1,0.07155,72,0.370325,0,0,0.001924603175,0.002149537037,0.003625,,,,9.515234375,8.901464844,18.41669922,96.60644531,1.578125,0,98.18457031,1.578125,2.231445312,67,1.09375,8.0390625,0,1.834960938,9.1328125,120000,41.919846,2.862605936,0.007437,0.795596,0,0.803033
53,ss[policy=static q=2n],ss,120000,601,1,1,1,0.4,0.0005916088377,1,400,400,,,,,0,0,0,0,0,,,,,,,,,,0,,,,,,,,,,30,1,30,1,0.1683583333,0,0,0,0,6.666666667e-06,0,2.5e-05,,,,18.78867187,18.20205078,36.99072266,189.3466797,0.9375,0,190.2841797,0.9375,1.221679688,30,1.09375,3.50390625,0,0.8896484375,4.59765625,120000,33.57607,3.573973964,0.011956,1.661681,0,1.673637
53,ss[policy=static q=4n],ss,120000,601,1,1,1,0,0,1,800,800,,,,,0,0,0,0,0,,,,,,,,,,0,,,,,,,,,,30,1,30,1,0.1682583333,0,0,0,0,0,0,0,,,,36.94492187,36.84716797,73.79208984,376.9091797,1,0,377.9091797,1,1.284179688,30,1.09375,3.50390625,0,0.8896484375,4.59765625,120000,30.421647,3.944559609,0.015754,4.336249,0,4.352003
54,ss[policy=static q=n],ss,120000,601,0.4615384615,1,0.6315789474,19.23333333,0.02880846651,1,200,200,,,,,0,0,0,0,0,,,,,,,,,,0,,,,,,,,,,79,1,16,1,0.09489166667,63,0.3253416667,0,0,0.001823312236,0.002110978836,0.003341666667,,,,9.515429687,8.902050781,18.41748047,96.61816406,1.609375,0,98.22753906,1.609375,2.243164062,65,1.09375,7.619140625,0,1.836914062,8.712890625,120000,34.61733,3.466471851,0.005792,1.639029,0,1.644821
54,ss[policy=static q=2n],ss,120000,601,1,1,1,0.5666666667,0.0008481871414,1,400,400,,,,,0,0,0,0,0,,,,,,,,,,0,,,,,,,,,,30,1,30,1,0.1684916667,0,0,0,0,9.444444444e-06,0,4.166666667e-05,,,,18.790625,18.19785156,36.98847656,189.4091797,1,0,190.4091797,1,1.284179688,30,1.09375,3.50390625,0,0.9140625,4.59765625,120000,29.859341,4.018842881,0.025173,3.648469,0,3.673642
54,ss[policy=static q=4n],ss,120000,601,1,1,1,0,0,1,800,800,,,,,0,0,0,0,0,,,,,,,,,,0,,,,,,,,,,30,1,30,1,0.16835,0,0,0,0,0,0,0,,,,36.94609375,36.85751953,73.80361328,376.9091797,1,0,377.9091797,1,1.284179688,30,1.09375,3.50390625,0,0.890625,4.59765625,120000,27.045398,4.436984067,0.028441,12.081376,0,12.109817
55,ss[policy=static q=n],ss,120000,601,0.5853658537,1,0.7384615385,17.66666667,0.02528914012,1,200,200,,,,,0,0,0,0,0,,,,,,,,,,0,,,,,,,,,,62,1,17,1,0.1050916667,45,0.2267666667,0,0,0.002042473118,0.00257,0.003783333333,,,,9.51484375,9.137988281,18.65283203,95.93847656,1.171875,0,97.11035156,1.171875,1.563476562,41,1.09375,6.19140625,0,1.197265625,7.28515625,120000,54.488017,2.20231909,0.004518,0.919451,0,0.923969
55,ss[policy=static q=2n],ss,120000,601,1,1,1,0.5416666667,0.0007709722509,1,400,400,,,,,0,0,0,0,0,,,,,,,,,,0,,,,,,,,,,24,1,24,1,0.141675,0,0,0,0,1.076388889e-05,0,3.333333333e-05,,,,18.7875,18.31357422,37.10107422,189.1005859,0.75,0,189.8505859,0.75,0.9755859375,24,1.09375,3,0,0.7490234375,4.09375,120000,45.582819,2.632570838,0.005462,1.786358,0,1.79182
55,ss[policy=static q=4n],ss,120000,601,1,1,1,0,0,1,800,800,,,,,0,0,0,0,0,,,,,,,,,,0,,,,,,,,,,24,1,24,1,0.1415666667,0,0,0,0,0,0,0,,,,36.9453125,37.00683594,73.95214844,376.6005859,0.75,0,377.3505859,0.75,0.9755859375,24,1.09375,3,0,0.798828125,4.09375,120000,43.355238,2.767831652,0.026067,4.776887,0,4.802954
56,ss[policy=static q=n],ss,120000,601,0.5454545455,1,0.7058823529,16.20833333,0.02322067886,1,200,200,,,,,0,0,0,0,0,,,,,,,,,,0,,,,,,,,,,64,1,17,1,0.10445,47,0.236725,0,0,0.002120572917,0.002660815603,0.003825,,,,9.515429687,8.992285156,18.50771484,95.95214844,1.15625,0,97.10839844,1.15625,1.577148438,44,1.09375,6.359375,0,1.291015625,7.453125,120000,43.330603,2.769405263,0.015285,0.840872,0,0.856157
56,ss[policy=static q=2n],ss,120000,601,1,1,1,0.5416666667,0.0007665485834,1,400,400,,,,,0,0,0,0,0,,,,,,,,,,0,,,,,,,,,,24,1,24,1,0.1416583333,0,0,0,0,1.354166667e-05,0,5e-05,,,,18.7890625,18.32089844,37.10996094,189.1630859,0.8125,0,189.9755859,0.8125,1.038085938,24,1.09375,3,0,0.7734375,4.09375,120000,38.144174,3.145958804,0.013072,1.717651,0,1.730723
56,ss[policy=static q=4n],ss,120000,601,1,1,1,0,0,1,800,800,,,,,0,0,0,0,0,,,,,,,,,,0,,,,,,,,,,24,1,24,1,0.14155,0,0,0,0,0,0,0,,,,36.94609375,37.01826172,73.96435547,376.6943359,0.84375,0,377.5380859,0.84375,1.069335938,24,1.09375,3,0,0.7236328125,4.09375,120000,34.909969,3.437413537,0.009118,3.678431,0,3.687549
57,ss[policy=static q=n],ss,120000,601,0.5714285714,1,0.7272727273,15.79166667,0.0226216178,1,200,200,,,,,0,0,0,0,0,,,,,,,,,,0,,,,,,,,,,64,1,18,1,0.1106083333,46,0.2288416667,0,0,0.002131380208,0.002741304348,0.0041,,,,9.515625,9.135644531,18.65126953,95.93261719,1.15625,0,97.08886719,1.15625,1.557617188,42,1.09375,6.359375,0,1.272460938,7.453125,120000,42.985547,2.791635989,0.00712,1.66584,0,1.67296
57,ss[policy=static q=2n],ss,120000,601,1,1,1,0.3333333333,0.0004911101322,1,400,400,,,,,0,0,0,0,0,,,,,,,,,,0,,,,,,,,,,24,1,24,1,0.1415666667,0,0,0,0,9.375e-06,0,4.166666667e-05,,,,18.7890625,18.31074219,37.09980469,189.1005859,0.75,0,189.8505859,0.75,0.9755859375,24,1.09375,3,0,0.8251953125,4.09375,120000,37.903812,3.165908484,0.018866,3.13369,0,3.152556
57,ss[policy=static q=4n],ss,120000,601,1,1,1,0,0,1,800,800,,,,,0,0,0,0,0,,,,,,,,,,0,,,,,,,,,,24,1,24,1,0.1415,0,0,0,0,0,0,0,,,,36.9453125,37.0234375,73.96875,376.6005859,0.75,0,377.3505859,0.75,0.9755859375,24,1.09375,3,0,0.7734375,4.09375,120000,34.882622,3.440108373,0.01633,3.385012,0,3.401342
58,ss[policy=static q=n],ss,120000,601,0.5581395349,1,0.7164179104,18.5,0.02647732544,1,200,200,,,,,0,0,0,0,0,,,,,,,,,,0,,,,,,,,,,65,1,15,1,0.093075,50,0.2532833333,0,0,0.002165384615,0.0026365,0.003941666667,,,,9.515039062,8.995507812,18.51054687,95.92675781,1.140625,0,97.06738281,1.140625,1.551757812,43,1.09375,6.443359375,0,1.220703125,7.537109375,120000,42.907363,2.796722791,0.003867,0.826025,0,0.829892
58,ss[policy=static q=2n],ss,120000,601,1,1,1,0.625,0.0008838667005,1,400,400,,,,,0,0,0,0,0,,,,,,,,,,0,,,,,,,,,,24,1,24,1,0.1414833333,0,0,0,0,1.284722222e-05,0,5e-05,,,,18.7890625,18.32099609,37.11005859,189.1630859,0.8125,0,189.9755859,0.8125,1.038085938,24,1.09375,3,0,0.7724609375,4.09375,120000,37.94877,3.162157825,0.015644,1.647143,0,1.662787
58,ss[policy=static q=4n],ss,120000,601,1,1,1,0,0,1,800,800,,,,,0,0,0,0,0,,,,,,,,,,0,,,,,,,,,,24,1,24,1,0.1413583333,0,0,0,0,0,0,0,,,,36.94492187,37.01435547,73.95927734,376.7255859,0.875,0,377.6005859,0.875,1.100585938,24,1.09375,3,0,0.7236328125,4.09375,120000,35.510353,3.379296173,0.013451,4.301279,0,4.31473
59,ss[policy=static q=n],ss,120000,601,0.5454545455,1,0.7058823529,16.29166667,0.02336775815,1,200,200,,,,,0,0,0,0,0,,,,,,,,,,0,,,,,,,,,,66,1,18,1,0.110425,48,0.2391916667,0,0,0.002182449495,0.002748784722,0.003958333333,,,,9.515234375,8.993847656,18.50908203,96.10839844,1.3125,0,97.42089844,1.3125,1.733398438,44,1.09375,6.52734375,0,1.217773438,7.62109375,120000,47.11664,2.546870914,0.012856,0.992437,0,1.005293
59,ss[policy=static q=2n],ss,120000,601,1,1,1,0.5833333333,0.0008269515361,1,400,400,,,,,0,0,0,0,0,,,,,,,,,,0,,,,,,,,,,24,1,24,1,0.1415083333,0,0,0,0,1.111111111e-05,0,2.5e-05,,,,18.78984375,18.31376953,37.10361328,189.1630859,0.8125,0,189.9755859,0.8125,1.038085938,24,1.09375,3,0,0.724609375,4.09375,120000,42.213549,2.842689204,0.008563,1.962559,0,1.971122
59,ss[policy=static q=4n],ss,120000,601,1,1,1,0,0,1,800,800,,,,,0,0,0,0,0,,,,,,,,,,0,,,,,,,,,,24,1,24,1,0.1413916667,0,0,0,0,0,0,0,,,,36.94609375,37.02304687,73.96914062,376.6943359,0.84375,0,377.5380859,0.84375,1.069335938,24,1.09375,3,0,0.7490234375,4.09375,120000,39.927906,3.005416813,0.016772,4.039056,0,4.055828
60,ss[policy=static q=n],ss,120000,601,0.8421052632,1,0.9142857143,10.6875,0.0132610638,1,200,200,,,,,0,0,0,0,0,,,,,,,,,,0,,,,,,,,,,38,1,16,1,0.1114583333,22,0.1008583333,0,0,0.002155482456,0.003422348485,0.004241666667,,,,9.709765625,9.307519531,19.01728516,95.22363281,0.671875,0,95.89550781,0.671875,0.8486328125,19,1.09375,4.17578125,0,0.6064453125,5.26953125,120000,62.902295,1.907720537,0.016566,1.835311,0,1.851877
60,ss[policy=static q=2n],ss,120000,601,1,1,1,0.5625,0.0006906077434,1,400,400,,,,,0,0,0,0,0,,,,,,,,,,0,,,,,,,,,,16,1,16,1,0.1101083333,0,0,0,0,1.510416667e-05,0,4.166666667e-05,,,,18.79453125,18.79238281,37.58691406,188.8662109,0.59375,0,189.4599609,0.59375,0.7412109375,16,1.09375,2.328125,0,0.5595703125,3.421875,120000,54.495534,2.202015306,0.010071,4.262684,0,4.272755
60,ss[policy=static q=4n],ss,120000,601,1,1,1,0,0,1,800,800,,,,,0,0,0,0,0,,,,,,,,,,0,,,,,,,,,,16,1,16,1,0.1100333333,0,0,0,0,0,0,0,,,,36.95078125,37.19863281,74.14941406,376.3662109,0.59375,0,376.9599609,0.59375,0.7412109375,16,1.09375,2.328125,0,0.5341796875,3.421875,120000,54.841941,2.188106362,0.305624,9.403092,0,9.708716
61,ss[policy=static q=n],ss,120000,601,0.7619047619,1,0.8648648649,13.25,0.01660552216,1,200,200,,,,,0,0,0,0,0,,,,,,,,,,0,,,,,,,,,,37,1,16,1,0.1116833333,21,0.09858333333,0,0,0.002158783784,0.003429761905,0.003958333333,,,,9.709375,9.158203125,18.86757813,95.21191406,0.640625,0,95.85253906,0.640625,0.8369140625,21,1.09375,4.091796875,0,0.7041015625,5.185546875,120000,53.792342,2.230800808,0.003584,0.894431,0,0.898015
61,ss[policy=static q=2n],ss,120000,601,1,1,1,0.75,0.0009505216177,1,400,400,,,,,0,0,0,0,0,,,,,,,,,,0,,,,,,,,,,16,1,16,1,0.1100166667,0,0,0,0,1.354166667e-05,0,3.333333333e-05,,,,18.79375,18.47539062,37.26914062,188.8662109,0.59375,0,189.4599609,0.59375,0.7412109375,16,1.09375,2.328125,0,0.51171875,3.421875,120000,49.81208,2.409054189,0.005875,2.488952,0,2.494827
61,ss[policy=static q=4n],ss,120000,601,1,1,1,0,0,1,800,800,,,,,0,0,0,0,0,,,,,,,,,,0,,,,,,,,,,16,1,16,1,0.1099166667,0,0,0,0,0,0,0,,,,36.95234375,37.18349609,74.13583984,376.3662109,0.59375,0,376.9599609,0.59375,0.7412109375,16,1.09375,2.328125,0,0.5107421875,3.421875,120000,47.141526,2.545526422,0.018575,5.843361,0,5.861936
62,ss[policy=static q=n],ss,120000,601,0.6666666667,1,0.8,12.5625,0.01551611399,1,200,200,,,,,0,0,0,0,0,,,,,,,,,,0,,,,,,,,,,37,1,16,1,0.1116666667,21,0.099575,0,0,0.002110810811,0.00340515873,0.003908333333,,,,9.709375,9.154785156,18.86416016,95.35058594,0.75,0,96.10058594,0.75,0.9755859375,24,1.09375,4.091796875,0,0.724609375,5.185546875,120000,60.841755,1.972329694,0.00465,0.880572,0,0.885222
62,ss[policy=static q=2n],ss,120000,601,1,1,1,0.5,0.0005954616263,1,400,400,,,,,0,0,0,0,0,,,,,,,,,,0,,,,,,,,,,16,1,16,1,0.1100583333,0,0,0,0,1.145833333e-05,0,5e-05,,,,18.79140625,18.47783203,37.26923828,188.9287109,0.65625,0,189.5849609,0.65625,0.8037109375,16,1.09375,2.328125,0,0.5107421875,3.421875,120000,55.355874,2.167791624,0.007765,1.864424,0,1.872189
62,ss[policy=static q=4n],ss,120000,601,1,1,1,0,0,1,800,800,,,,,0,0,0,0,0,,,,,,,,,,0,,,,,,,,,,16,1,16,1,0.1099916667,0,0,0,0,0,0,0,,,,36.95,37.20244141,74.15244141,376.3974609,0.625,0,377.0224609,0.625,0.7724609375,16,1.09375,2.328125,0,0.5107421875,3.421875,120000,56.998945,2.105302124,0.016535,3.809131,0,3.825666
63,ss[policy=static q=n],ss,120000,601,0.6666666667,1,0.8,10.9375,0.01364295349,1,200,200,,,,,0,0,0,0,0,,,,,,,,,,0,,,,,,,,,,40,1,16,1,0.1112833333,24,0.11375,0,0,0.002207083333,0.003392013889,0.0041,,,,9.708984375,9.154492188,18.86347656,95.41308594,0.8125,0,96.22558594,0.8125,1.038085938,24,1.09375,4.34375,0,0.7490234375,5.4375,120000,61.653996,1.946345862,0.010231,1.274273,0,1.284504
63,ss[policy=static q=2n],ss,120000,601,1,1,1,0.5,0.0006013424655,1,400,400,,,,,0,0,0,0,0,,,,,,,,,,0,,,,,,,,,,16,1,16,1,0.1098916667,0,0,0,0,1.041666667e-05,0,2.5e-05,,,,18.7953125,18.78994141,37.58525391,188.8349609,0.5625,0,189.3974609,0.5625,0.7099609375,16,1.09375,2.328125,0,0.537109375,3.421875,120000,55.708179,2.154082258,0.012086,3.202131,0,3.214217
63,ss[policy=static q=4n],ss,120000,601,1,1,1,0,0,1,800,800,,,,,0,0,0,0,0,,,,,,,,,,0,,,,,,,,,,16,1,16,1,0.109825,0,0,0,0,0,0,0,,,,36.95078125,37.20322266,74.15400391,376.3037109,0.53125,0,376.8349609,0.53125,0.6787109375,16,1.09375,2.328125,0,0.51171875,3.421875,120000,53.880572,2.227147848,0.023297,4.90005,0,4.923347
64,ss[policy=static q=n],ss,120000,601,0.8421052632,1,0.9142857143,12.125,0.01498682007,1,200,200,,,,,0,0,0,0,0,,,,,,,,,,0,,,,,,,,,,35,1,16,1,0.1114916667,19,0.09018333333,0,0,0.001961190476,0.003248684211,0.003866666667,,,,9.709375,9.15859375,18.86796875,95.16113281,0.609375,0,95.77050781,0.609375,0.7861328125,19,1.09375,3.923828125,0,0.6552734375,5.017578125,120000,72.107328,1.66418592,0.004269,0.829026,0,0.833295
64,ss[policy=static q=2n],ss,120000,601,1,1,1,0.75,0.0009043254587,1,400,400,,,,,0,0,0,0,0,,,,,,,,,,0,,,,,,,,,,16,1,16,1,0.109975,0,0,0,0,1.510416667e-05,0,4.166666667e-05,,,,18.79296875,18.47714844,37.27011719,188.8662109,0.59375,0,189.4599609,0.59375,0.7412109375,16,1.09375,2.328125,0,0.51171875,3.421875,120000,67.480805,1.778283469,0.009546,2.180651,0,2.190197
64,ss[policy=static q=4n],ss,120000,601,1,1,1,0,0,1,800,800,,,,,0,0,0,0,0,,,,,,,,,,0,,,,,,,,,,16,1,16,1,0.109875,0,0,0,0,0,0,0,,,,36.95078125,37.19052734,74.14130859,376.3662109,0.59375,0,376.9599609,0.59375,0.7412109375,16,1.09375,2.328125,0,0.55859375,3.421875,120000,65.163466,1.841522672,0.018613,4.271409,0,4.290022
65,ss[policy=static q=n],ss,120000,601,1,1,1,4.75,0.004704860776,1,200,200,,,,,0,0,0,0,0,,,,,,,,,,0,,,,,,,,,,16,1,8,1,0.07044166667,8,0.03455,0,0,0.0020375,0.0039125,0.004241666667,,,,9.523046875,9.305761719,18.82880859,94.7890625,0.34375,0,95.1328125,0.34375,0.4140625,8,1.09375,2.328125,0,0.322265625,3.421875,120000,56.747689,2.114623558,0.00325,1.212588,0,1.215838
65,ss[policy=static q=2n],ss,120000,601,1,1,1,0.375,0.0003790251605,1,400,400,,,,,0,0,0,0,0,,,,,,,,,,0,,,,,,,,,,8,1,8,1,0.07015,0,0,0,0,6.25e-06,0,2.5e-05,,,,18.7890625,18.96005859,37.74912109,188.5078125,0.3125,0,188.8203125,0.3125,0.3828125,8,1.09375,1.65625,0,0.322265625,2.75,120000,53.980613,2.223020328,0.016159,2.779813,0,2.795972
65,ss[policy=static q=4n],ss,120000,601,1,1,1,0,0,1,800,800,,,,,0,0,0,0,0,,,,,,,,,,0,,,,,,,,,,8,1,8,1,0.070125,0,0,0,0,0,0,0,,,,36.946875,37.35947266,74.30634766,376.0390625,0.34375,0,376.3828125,0.34375,0.4140625,8,1.09375,1.65625,0,0.322265625,2.75,120000,51.688457,2.321601513,0.029392,7.137564,0,7.166956
66,ss[policy=static q=n],ss,120000,601,1,1,1,6.25,0.006252290804,1,200,200,,,,,0,0,0,0,0,,,,,,,,,,0,,,,,,,,,,15,1,8,1,0.07055,7,0.0314,0,0,0.001891111111,0.003830952381,0.004191666667,,,,9.5421875,9.613671875,19.15585937,94.7890625,0.34375,0,95.1328125,0.34375,0.4140625,8,1.09375,2.244140625,0,0.322265625,3.337890625,120000,75.871034,1.581631272,0.003233,0.825105,0,0.828338
66,ss[policy=static q=2n],ss,120000,601,1,1,1,0.5,0.0005214043029,1,400,400,,,,,0,0,0,0,0,,,,,,,,,,0,,,,,,,,,,8,1,8,1,0.07016666667,0,0,0,0,8.333333333e-06,0,2.5e-05,,,,18.78984375,18.64003906,37.42988281,188.5078125,0.3125,0,188.8203125,0.3125,0.3828125,8,1.09375,1.65625,0,0.322265625,2.75,120000,74.886513,1.602424725,0.00701,2.880775,0,2.887785
66,ss[policy=static q=4n],ss,120000,601,1,1,1,0,0,1,800,800,,,,,0,0,0,0,0,,,,,,,,,,0,,,,,,,,,,8,1,8,1,0.07013333333,0,0,0,0,0,0,0,,,,36.946875,37.35410156,74.30097656,375.9765625,0.28125,0,376.2578125,0.28125,0.3515625,8,1.09375,1.65625,0,0.322265625,2.75,120000,69.570907,1.724858927,0.023422,6.034903,0,6.058325
67,ss[policy=static q=n],ss,120000,601,1,1,1,5.125,0.005182950689,1,200,200,,,,,0,0,0,0,0,,,,,,,,,,0,,,,,,,,,,17,1,8,1,0.07050833333,9,0.03906666667,0,0,0.002096568627,0.003819444444,0.004133333333,,,,9.532421875,9.30625,18.83867188,94.7265625,0.28125,0,95.0078125,0.28125,0.3515625,8,1.09375,2.412109375,0,0.3466796875,3.505859375,120000,67.198507,1.78575396,0.016652,1.25099,0,1.267642
67,ss[policy=static q=2n],ss,120000,601,1,1,1,0.375,0.0003941445286,1,400,400,,,,,0,0,0,0,0,,,,,,,,,,0,,,,,,,,,,8,1,8,1,0.07019166667,0,0,0,0,7.291666667e-06,0,2.5e-05,,,,18.7890625,18.96123047,37.75029297,188.4765625,0.28125,0,188.7578125,0.28125,0.3515625,8,1.09375,1.65625,0,0.3466796875,2.75,120000,68.95782,1.740194223,0.014002,1.837478,0,1.85148
67,ss[policy=static q=4n],ss,120000,601,1,1,1,0,0,1,800,800,,,,,0,0,0,0,0,,,,,,,,,,0,,,,,,,,,,8,1,8,1,0.07016666667,0,0,0,0,0,0,0,,,,36.946875,37.35966797,74.30654297,376.0390625,0.34375,0,376.3828125,0.34375,0.4140625,8,1.09375,1.65625,0,0.322265625,2.75,120000,63.826736,1.880089873,0.017066,6.999177,0,7.016243
68,ss[policy=static q=n],ss,120000,601,1,1,1,6,0.005902593251,1,200,200,,,,,0,0,0,0,0,,,,,,,,,,0,,,,,,,,,,16,1,8,1,0.07055,8,0.0361,0,0,0.002020833333,0.003858333333,0.004141666667,,,,9.5328125,9.305957031,18.83876953,94.7890625,0.34375,0,95.1328125,0.34375,0.4140625,8,1.09375,2.328125,0,0.322265625,3.421875,120000,59.668516,2.011110851,0.003536,0.787219,0,0.790755
68,ss[policy=static q=2n],ss,120000,601,1,1,1,0.625,0.0006285369174,1,400,400,,,,,0,0,0,0,0,,,,,,,,,,0,,,,,,,,,,8,1,8,1,0.07019166667,0,0,0,0,1.25e-05,0,4.166666667e-05,,,,18.7890625,18.63857422,37.42763672,188.5390625,0.34375,0,188.8828125,0.34375,0.4140625,8,1.09375,1.65625,0,0.322265625,2.75,120000,55.128915,2.176716157,0.013344,1.596732,0,1.610076
68,ss[policy=static q=4n],ss,120000,601,1,1,1,0,0,1,800,800,,,,,0,0,0,0,0,,,,,,,,,,0,,,,,,,,,,8,1,8,1,0.07015,0,0,0,0,0,0,0,,,,36.946875,37.36884766,74.31572266,376.0703125,0.375,0,376.4453125,0.375,0.4453125,8,1.09375,1.65625,0,0.2978515625,2.75,120000,53.071267,2.261110518,0.018331,4.429697,0,4.448028
69,ss[policy=static q=n],ss,120000,601,1,1,1,7.875,0.007700772833,1,200,200,,,,,0,0,0,0,0,,,,,,,,,,0,,,,,,,,,,19,1,8,1,0.07065,11,0.04655,0,0,0.002344736842,0.003893181818,0.004275,,,,9.5421875,9.457910156,19.00009766,94.7890625,0.34375,0,95.1328125,0.34375,0.4140625,8,1.09375,2.580078125,0,0.322265625,3.673828125,120000,55.481843,2.162869752,0.008941,1.260918,0,1.269859
69,ss[policy=static q=2n],ss,120000,601,1,1,1,0.5,0.0004746394372,1,400,400,,,,,0,0,0,0,0,,,,,,,,,,0,,,,,,,,,,8,1,8,1,0.07015833333,0,0,0,0,1.5625e-05,0,3.333333333e-05,,,,18.78984375,18.63652344,37.42636719,188.5390625,0.34375,0,188.8828125,0.34375,0.4140625,8,1.09375,1.65625,0,0.322265625,2.75,120000,53.513594,2.24242087,0.007413,2.527847,0,2.53526
69,ss[policy=static q=4n],ss,120000,601,1,1,1,0,0,1,800,800,,,,,0,0,0,0,0,,,,,,,,,,0,,,,,,,,,,8,1,8,1,0.070125,0,0,0,0,0,0,0,,,,36.946875,37.35595703,74.30283203,376.0390625,0.34375,0,376.3828125,0.34375,0.4140625,8,1.09375,1.65625,0,0.322265625,2.75,120000,51.76321,2.31824881,0.01598,8.271576,0,8.287556
70,ss[policy=static q=n],ss,120000,601,1,1,1,4.75,0.004777478817,1,200,200,,,,,0,0,0,0,0,,,,,,,,,,0,,,,,,,,,,15,1,8,1,0.07044166667,7,0.030375,0,0,0.001813888889,0.003683333333,0.003941666667,,,,9.532421875,9.461523438,18.99394531,94.7578125,0.3125,0,95.0703125,0.3125,0.3828125,8,1.09375,2.244140625,0,0.322265625,3.337890625,120000,75.76054,1.583938024,0.006189,1.108793,0,1.114982
70,ss[policy=static q=2n],ss,120000,601,1,1,1,0.25,0.0002720961614,1,400,400,,,,,0,0,0,0,0,,,,,,,,,,0,,,,,,,,,,8,1,8,1,0.07014166667,0,0,0,0,8.333333333e-06,0,2.5e-05,,,,18.79140625,18.65146484,37.44287109,188.5078125,0.3125,0,188.8203125,0.3125,0.3828125,8,1.09375,1.65625,0,0.322265625,2.75,120000,71.603505,1.675895614,0.011493,2.327382,0,2.338875
70,ss[policy=static q=4n],ss,120000,601,1,1,1,0,0,1,800,800,,,,,0,0,0,0,0,,,,,,,,,,0,,,,,,,,,,8,1,8,1,0.070125,0,0,0,0,0,0,0,,,,36.94765625,37.37109375,74.31875,375.9765625,0.28125,0,376.2578125,0.28125,0.3515625,8,1.09375,1.65625,0,0.322265625,2.75,120000,71.326098,1.682413638,0.021654,5.043213,0,5.064867
71,ss[policy=static q=n],ss,120000,601,1,1,1,4.5,0.004445839535,1,200,200,,,,,0,0,0,0,0,,,,,,,,,,0,,,,,,,,,,20,1,8,1,0.07043333333,12,0.0513,0,0,0.002412916667,0.003920138889,0.004325,,,,9.5421875,9.303320313,18.84550781,94.7265625,0.28125,0,95.0078125,0.28125,0.3515625,8,1.09375,2.6640625,0,0.3466796875,3.7578125,120000,86.817403,1.382211352,0.013136,0.846253,0,0.859389
71,ss[policy=static q=2n],ss,120000,601,1,1,1,0.25,0.0002354725973,1,400,400,,,,,0,0,0,0,0,,,,,,,,,,0,,,,,,,,,,8,1,8,1,0.07015,0,0,0,0,5.208333333e-06,0,8.333333333e-06,,,,18.78867187,18.64482422,37.43349609,188.5390625,0.34375,0,188.8828125,0.34375,0.4140625,8,1.09375,1.65625,0,0.322265625,2.75,120000,87.314016,1.374349795,0.01638,2.991587,0,3.007967
71,ss[policy=static q=4n],ss,120000,601,1,1,1,0,0,1,800,800,,,,,0,0,0,0,0,,,,,,,,,,0,,,,,,,,,,8,1,8,1,0.07013333333,0,0,0,0,0,0,0,,,,36.9453125,37.36611328,74.31142578,376.0703125,0.375,0,376.4453125,0.375,0.4453125,8,1.09375,1.65625,0,0.2978515625,2.75,120000,83.307012,1.440454976,0.028322,7.944535,0,7.972857
72,ss[policy=static q=n],ss,120000,601,0.8888888889,1,0.9411764706,5.5,0.005401401894,1,200,200,,,,,0,0,0,0,0,,,,,,,,,,0,,,,,,,,,,16,1,8,1,0.07053333333,8,0.036275,0,0,0.0020875,0.003982291667,0.004383333333,,,,9.52421875,9.304394531,18.82861328,94.81445312,0.359375,0,95.17382812,0.359375,0.439453125,9,1.09375,2.328125,0,0.3466796875,3.421875,120000,76.316327,1.572402718,0.00463,0.827436,0,0.832066
72,ss[policy=static q=2n],ss,120000,601,1,1,1,0.5,0.0005243955295,1,400,400,,,,,0,0,0,0,0,,,,,,,,,,0,,,,,,,,,,8,1,8,1,0.0702,0,0,0,0,5.208333333e-06,0,2.5e-05,,,,18.790625,18.65019531,37.44082031,188.5703125,0.375,0,188.9453125,0.375,0.4453125,8,1.09375,1.65625,0,0.2978515625,2.75,120000,72.898164,1.646131993,0.01028,3.584424,0,3.594704
72,ss[policy=static q=4n],ss,120000,601,1,1,1,0,0,1,800,800,,,,,0,0,0,0,0,,,,,,,,,,0,,,,,,,,,,8,1,8,1,0.07016666667,0,0,0,0,0,0,0,,,,36.9484375,37.34677734,74.29521484,376.0390625,0.34375,0,376.3828125,0.34375,0.4140625,8,1.09375,1.65625,0,0.322265625,2.75,120000,71.565416,1.67678757,0.040563,7.485073,0,7.525636
73,ss[policy=static q=n],ss,120000,601,1,1,1,4.875,0.004815748664,1,200,200,,,,,0,0,0,0,0,,,,,,,,,,0,,,,,,,,,,17,1,8,1,0.070475,9,0.03995833333,0,0,0.002155392157,0.003931481481,0.004158333333,,,,9.5421875,9.302441406,18.84462891,94.7265625,0.28125,0,95.0078125,0.28125,0.3515625,8,1.09375,2.412109375,0,0.3466796875,3.505859375,120000,62.47844,1.920662552,0.013007,1.36739,0,1.380397
73,ss[policy=static q=2n],ss,120000,601,1,1,1,0.5,0.0004956034614,1,400,400,,,,,0,0,0,0,0,,,,,,,,,,0,,,,,,,,,,8,1,8,1,0.07018333333,0,0,0,0,5.208333333e-06,0,1.666666667e-05,,,,18.7890625,18.64296875,37.43203125,188.5390625,0.34375,0,188.8828125,0.34375,0.4140625,8,1.09375,1.65625,0,0.322265625,2.75,120000,60.301565,1.989998104,0.013537,3.050133,0,3.06367
73,ss[policy=static q=4n],ss,120000,601,1,1,1,0,0,1,800,800,,,,,0,0,0,0,0,,,,,,,,,,0,,,,,,,,,,8,1,8,1,0.07015,0,0,0,0,0,0,0,,,,36.946875,37.35419922,74.30107422,376.0703125,0.375,0,376.4453125,0.375,0.4453125,8,1.09375,1.65625,0,0.2978515625,2.75,120000,58.236383,2.060567532,0.010004,3.894942,0,3.904946
74,ss[policy=static q=n],ss,120000,601,1,1,1,5.125,0.005127469702,1,200,200,,,,,0,0,0,0,0,,,,,,,,,,0,,,,,,,,,,14,1,8,1,0.07046666667,6,0.02595,0,0,0.001706547619,0.003765277778,0.004016666667,,,,9.5421875,9.462011719,19.00419922,94.7578125,0.3125,0,95.0703125,0.3125,0.3828125,8,1.09375,2.16015625,0,0.322265625,3.25390625,120000,60.843198,1.972282916,0.003769,0.820037,0,0.823806
74,ss[policy=static q=2n],ss,120000,601,1,1,1,0.375,0.0003777968766,1,400,400,,,,,0,0,0,0,0,,,,,,,,,,0,,,,,,,,,,8,1,8,1,0.07015,0,0,0,0,1.041666667e-05,0,4.166666667e-05,,,,18.78984375,18.64570313,37.43554688,188.5390625,0.34375,0,188.8828125,0.34375,0.4140625,8,1.09375,1.65625,0,0.322265625,2.75,120000,58.087544,2.06584737,0.005361,2.398269,0,2.40363
74,ss[policy=static q=4n],ss,120000,601,1,1,1,0,0,1,800,800,,,,,0,0,0,0,0,,,,,,,,,,0,,,,,,,,,,8,1,8,1,0.070125,0,0,0,0,0,0,0,,,,36.946875,37.36044922,74.30732422,376.0390625,0.34375,0,376.3828125,0.34375,0.4140625,8,1.09375,1.65625,0,0.322265625,2.75,120000,55.821985,2.149690664,0.020045,4.571558,0,4.591603
75,ss[policy=static q=n],ss,120000,601,1,1,1,6.5,0.006439732498,1,200,200,,,,,0,0,0,0,0,,,,,,,,,,0,,,,,,,,,,17,1,8,1,0.07055833333,9,0.03905,0,0,0.002117647059,0.003811111111,0.004175,,,,9.5328125,9.302050781,18.83486328,94.8203125,0.375,0,95.1953125,0.375,0.4453125,8,1.09375,2.412109375,0,0.2978515625,3.505859375,120000,68.031312,1.763893661,0.01021,1.462864,0,1.473074
75,ss[policy=static q=2n],ss,120000,601,1,1,1,0.5,0.0004790379477,1,400,400,,,,,0,0,0,0,0,,,,,,,,,,0,,,,,,,,,,8,1,8,1,0.07015833333,0,0,0,0,1.458333333e-05,0,4.166666667e-05,,,,18.78984375,18.64853516,37.43837891,188.5390625,0.34375,0,188.8828125,0.34375,0.4140625,8,1.09375,1.65625,0,0.322265625,2.75,120000,65.640803,1.828131201,0.012769,1.650323,0,1.663092
75,ss[policy=static q=4n],ss,120000,601,1,1,1,0,0,1,800,800,,,,,0,0,0,0,0,,,,,,,,,,0,,,,,,,,,,8,1,8,1,0.070125,0,0,0,0,0,0,0,,,,36.94765625,37.36904297,74.31669922,376.0703125,0.375,0,376.4453125,0.375,0.4453125,8,1.09375,1.65625,0,0.2978515625,2.75,120000,63.653616,1.885203191,0.012789,4.093824,0,4.106613
76,ss[policy=static q=n],ss,120000,601,0.8888888889,1,0.9411764706,7.875,0.007567785807,1,200,200,,,,,0,0,0,0,0,,,,,,,,,,0,,,,,,,,,,16,1,8,1,0.070575,8,0.03561666667,0,0,0.001994791667,0.003783333333,0.004091666667,,,,9.5328125,9.30859375,18.84140625,94.78320312,0.328125,0,95.11132812,0.328125,0.408203125,9,1.09375,2.328125,0,0.3701171875,3.421875,120000,54.819959,2.18898376,0.006145,1.439538,0,1.445683
76,ss[policy=static q=2n],ss,120000,601,1,1,1,0.375,0.0003699482581,1,400,400,,,,,0,0,0,0,0,,,,,,,,,,0,,,,,,,,,,8,1,8,1,0.070075,0,0,0,0,9.375e-06,0,2.5e-05,,,,18.78984375,18.64169922,37.43154297,188.5390625,0.34375,0,188.8828125,0.34375,0.4140625,8,1.09375,1.65625,0,0.322265625,2.75,120000,52.546429,2.283694673,0.017643,3.516095,0,3.533738
76,ss[policy=static q=4n],ss,120000,601,1,1,1,0,0,1,800,800,,,,,0,0,0,0,0,,,,,,,,,,0,,,,,,,,,,8,1,8,1,0.07005,0,0,0,0,0,0,0,,,,36.9453125,37.36074219,74.30605469,376.0390625,0.34375,0,376.3828125,0.34375,0.4140625,8,1.09375,1.65625,0,0.322265625,2.75,120000,50.650727,2.369166389,0.021474,7.227133,0,7.248607
77,ss[policy=static q=n],ss,120000,601,1,1,1,5.75,0.005692289446,1,200,200,,,,,0,0,0,0,0,,,,,,,,,,0,,,,,,,,,,18,1,8,1,0.07045833333,10,0.043025,0,0,0.002212037037,0.003849166667,0.004283333333,,,,9.532421875,9.778515625,19.3109375,94.8203125,0.375,0,95.1953125,0.375,0.4453125,8,1.09375,2.49609375,0,0.2978515625,3.58984375,120000,71.238316,1.684486759,0.006737,0.848977,0,0.855714
77,ss[policy=static q=2n],ss,120000,601,1,1,1,0.375,0.0003746603049,1,400,400,,,,,0,0,0,0,0,,,,,,,,,,0,,,,,,,,,,8,1,8,1,0.0701,0,0,0,0,1.145833333e-05,0,5e-05,,,,18.78984375,18.65068359,37.44052734,188.4765625,0.28125,0,188.7578125,0.28125,0.3515625,8,1.09375,1.65625,0,0.322265625,2.75,120000,67.334326,1.782151944,0.005379,1.886207,0,1.891586
77,ss[policy=static q=4n],ss,120000,601,1,1,1,0,0,1,800,800,,,,,0,0,0,0,0,,,,,,,,,,0,,,,,,,,,,8,1,8,1,0.070075,0,0,0,0,0,0,0,,,,36.946875,37.36748047,74.31435547,376.0390625,0.34375,0,376.3828125,0.34375,0.4140625,8,1.09375,1.65625,0,0.322265625,2.75,120000,68.492745,1.752010377,0.013955,3.995558,0,4.009513
78,ss[policy=static q=n],ss,120000,601,1,1,1,5.375,0.005254233364,1,200,200,,,,,0,0,0,0,0,,,,,,,,,,0,,,,,,,,,,16,1,8,1,0.07035,8,0.03515,0,0,0.002016145833,0.00386875,0.004141666667,,,,9.5328125,9.309375,18.8421875,94.7578125,0.3125,0,95.0703125,0.3125,0.3828125,8,1.09375,2.328125,0,0.3466796875,3.421875,120000,57.562151,2.084703193,0.006021,1.709905,0,1.715926
78,ss[policy=static q=2n],ss,120000,601,1,1,1,0.375,0.0003342133087,1,400,400,,,,,0,0,0,0,0,,,,,,,,,,0,,,,,,,,,,8,1,8,1,0.07001666667,0,0,0,0,6.25e-06,0,2.5e-05,,,,18.7890625,18.64765625,37.43671875,188.5078125,0.3125,0,188.8203125,0.3125,0.3828125,8,1.09375,1.65625,0,0.322265625,2.75,120000,54.826843,2.188708914,0.009579,3.737556,0,3.747135
78,ss[policy=static q=4n],ss,120000,601,1,1,1,0,0,1,800,800,,,,,0,0,0,0,0,,,,,,,,,,0,,,,,,,,,,8,1,8,1,0.06999166667,0,0,0,0,0,0,0,,,,36.94609375,37.35390625,74.3,376.0390625,0.34375,0,376.3828125,0.34375,0.4140625,8,1.09375,1.65625,0,0.322265625,2.75,120000,52.61152,2.280869285,0.023155,4.367035,0,4.39019
79,ss[policy=static q=n],ss,120000,601,1,1,1,5.25,0.00516020064,1,200,200,,,,,0,0,0,0,0,,,,,,,,,,0,,,,,,,,,,18,1,8,1,0.070375,10,0.044675,0,0,0.002241666667,0.003900833333,0.004258333333,,,,9.5328125,9.297851562,18.83066406,94.7890625,0.34375,0,95.1328125,0.34375,0.4140625,8,1.09375,2.49609375,0,0.322265625,3.58984375,120000,60.643432,1.978779829,0.010953,0.883121,0,0.894074
79,ss[policy=static q=2n],ss,120000,601,1,1,1,0.25,0.0002392962308,1,400,400,,,,,0,0,0,0,0,,,,,,,,,,0,,,,,,,,,,8,1,8,1,0.07004166667,0,0,0,0,4.166666667e-06,0,1.666666667e-05,,,,18.78984375,18.64277344,37.43261719,188.5390625,0.34375,0,188.8828125,0.34375,0.4140625,8,1.09375,1.65625,0,0.322265625,2.75,120000,57.790209,2.076476311,0.016427,1.676237,0,1.692664
79,ss[policy=static q=4n],ss,120000,601,1,1,1,0,0,1,800,800,,,,,0,0,0,0,0,,,,,,,,,,0,,,,,,,,,,8,1,8,1,0.070025,0,0,0,0,0,0,0,,,,36.946875,37.35722656,74.30410156,376.0078125,0.3125,0,376.3203125,0.3125,0.3828125,8,1.09375,1.65625,0,0.322265625,2.75,120000,56.246562,2.133463731,0.018183,3.506887,0,3.52507
80,ss[policy=static q=n],ss,120000,601,0.8888888889,1,0.9411764706,5.5,0.005344222078,1,200,200,,,,,0,0,0,0,0,,,,,,,,,,0,,,,,,,,,,18,1,8,1,0.07033333333,10,0.04456666667,0,0,0.002166666667,0.00376,0.004166666667,,,,9.5421875,9.301464844,18.84365234,94.78320312,0.328125,0,95.11132812,0.328125,0.408203125,9,1.09375,2.49609375,0,0.3466796875,3.58984375,120000,58.638671,2.0464311,0.013226,1.697539,0,1.710765
80,ss[policy=static q=2n],ss,120000,601,1,1,1,0.5,0.0004675340412,1,400,400,,,,,0,0,0,0,0,,,,,,,,,,0,,,,,,,,,,8,1,8,1,0.07,0,0,0,0,7.291666667e-06,0,2.5e-05,,,,18.7890625,18.63642578,37.42548828,188.5390625,0.34375,0,188.8828125,0.34375,0.4140625,8,1.09375,1.65625,0,0.322265625,2.75,120000,55.761074,2.152038894,0.015401,1.878586,0,1.893987
80,ss[policy=static q=4n],ss,120000,601,1,1,1,0.125,0.0001207729469,1,800,800,,,,,0,0,0,0,0,,,,,,,,,,0,,,,,,,,,,8,1,8,1,0.069975,0,0,0,0,1.041666667e-06,0,8.333333333e-06,,,,36.94609375,37.36416016,74.31025391,376.0703125,0.375,0,376.4453125,0.375,0.4453125,8,1.09375,1.65625,0,0.2978515625,2.75,120000,53.377833,2.248124235,0.018149,3.425129,0,3.443278
81,ss[policy=static q=n],ss,120000,601,0.8888888889,1,0.9411764706,6,0.005843691862,1,200,200,,,,,0,0,0,0,0,,,,,,,,,,0,,,,,,,,,,17,1,8,1,0.07038333333,9,0.03995,0,0,0.002079901961,0.003756481481,0.003991666667,,,,9.523046875,9.461914062,18.98496094,94.78320312,0.328125,0,95.11132812,0.328125,0.408203125,9,1.09375,2.412109375,0,0.3466796875,3.505859375,120000,61.392489,1.954636503,0.00893,1.260467,0,1.269397
81,ss[policy=static q=2n],ss,120000,601,1,1,1,0.125,0.0001378169791,1,400,400,,,,,0,0,0,0,0,,,,,,,,,,0,,,,,,,,,,8,1,8,1,0.06999166667,0,0,0,0,3.125e-06,0,8.333333333e-06,,,,18.7890625,18.65253906,37.44160156,188.5703125,0.375,0,188.9453125,0.375,0.4453125,8,1.09375,1.65625,0,0.2978515625,2.75,120000,62.296927,1.926258738,0.010978,1.968905,0,1.979883
81,ss[policy=static q=4n],ss,120000,601,1,1,1,0,0,1,800,800,,,,,0,0,0,0,0,,,,,,,,,,0,,,,,,,,,,8,1,8,1,0.06998333333,0,0,0,0,0,0,0,,,,36.94609375,37.35966797,74.30576172,376.0390625,0.34375,0,376.3828125,0.34375,0.4140625,8,1.09375,1.65625,0,0.322265625,2.75,120000,56.098002,2.139113618,0.015301,6.857831,0,6.873132
82,ss[policy=static q=n],ss,120000,601,0.8888888889,1,0.9411764706,7.625,0.007576016846,1,200,200,,,,,0,0,0,0,0,,,,,,,,,,0,,,,,,,,,,16,1,8,1,0.07033333333,8,0.03584166667,0,0,0.001998958333,0.003788541667,0.0044,,,,9.5328125,9.301660156,18.83447266,94.75195312,0.296875,0,95.04882812,0.296875,0.376953125,9,1.09375,2.328125,0,0.37109375,3.421875,120000,58.396285,2.054925241,0.023313,0.826998,0,0.850311
82,ss[policy=static q=2n],ss,120000,601,1,1,1,0.625,0.0006338395613,1,400,400,,,,,0,0,0,0,0,,,,,,,,,,0,,,,,,,,,,8,1,8,1,0.06986666667,0,0,0,0,8.333333333e-06,0,1.666666667e-05,,,,18.7890625,18.96923828,37.75830078,188.5390625,0.34375,0,188.8828125,0.34375,0.4140625,8,1.09375,1.65625,0,0.322265625,2.75,120000,55.695602,2.154568686,0.013131,1.876284,0,1.889415
82,ss[policy=static q=4n],ss,120000,601,1,1,1,0,0,1,800,800,,,,,0,0,0,0,0,,,,,,,,,,0,,,,,,,,,,8,1,8,1,0.069825,0,0,0,0,0,0,0,,,,36.9453125,37.35693359,74.30224609,376.0390625,0.34375,0,376.3828125,0.34375,0.4140625,8,1.09375,1.65625,0,0.322265625,2.75,120000,54.548498,2.199877254,0.026822,3.7457,0,3.772522
83,ss[policy=static q=n],ss,120000,601,1,1,1,6.125,0.006078439003,1,200,200,,,,,0,0,0,0,0,,,,,,,,,,0,,,,,,,,,,16,1,8,1,0.070375,8,0.03440833333,0,0,0.001984895833,0.00380625,0.004008333333,,,,9.55234375,9.308886719,18.86123047,94.7890625,0.34375,0,95.1328125,0.34375,0.4140625,8,1.09375,2.328125,0,0.322265625,3.421875,120000,84.301891,1.423455614,0.013261,1.574467,0,1.587728
83,ss[policy=static q=2n],ss,120000,601,1,1,1,0.25,0.000242248062,1,400,400,,,,,0,0,0,0,0,,,,,,,,,,0,,,,,,,,,,8,1,8,1,0.06998333333,0,0,0,0,4.166666667e-06,0,1.666666667e-05,,,,18.7890625,18.64453125,37.43359375,188.5390625,0.34375,0,188.8828125,0.34375,0.4140625,8,1.09375,1.65625,0,0.322265625,2.75,120000,80.845545,1.484311844,0.010816,6.994623,0,7.005439
83,ss[policy=static q=4n],ss,120000,601,1,1,1,0,0,1,800,800,,,,,0,0,0,0,0,,,,,,,,,,0,,,,,,,,,,8,1,8,1,0.06996666667,0,0,0,0,0,0,0,,,,36.94765625,37.36279297,74.31044922,375.9765625,0.28125,0,376.2578125,0.28125,0.3515625,8,1.09375,1.65625,0,0.3466796875,2.75,120000,79.896875,1.501936089,0.021706,18.649474,0,18.67118
84,ss[policy=static q=n],ss,120000,601,1,1,1,8.25,0.008079971991,1,200,200,,,,,0,0,0,0,0,,,,,,,,,,0,,,,,,,,,,16,1,8,1,0.07048333333,8,0.032525,0,0,0.002083854167,0.003951041667,0.004191666667,,,,9.53359375,9.308203125,18.84179688,94.7578125,0.3125,0,95.0703125,0.3125,0.3828125,8,1.09375,2.328125,0,0.322265625,3.421875,120000,97.695928,1.228300938,0.014532,1.925896,0,1.940428
84,ss[policy=static q=2n],ss,120000,601,1,1,1,0.625,0.0005954533624,1,400,400,,,,,0,0,0,0,0,,,,,,,,,,0,,,,,,,,,,8,1,8,1,0.069975,0,0,0,0,1.041666667e-05,0,2.5e-05,,,,18.78984375,18.64414062,37.43398437,188.5390625,0.34375,0,188.8828125,0.34375,0.4140625,8,1.09375,1.65625,0,0.322265625,2.75,120000,88.856505,1.35049201,0.016459,1.806309,0,1.822768
84,ss[policy=static q=4n],ss,120000,601,1,1,1,0.125,0.0001208897485,1,800,800,,,,,0,0,0,0,0,,,,,,,,,,0,,,,,,,,,,8,1,8,1,0.06994166667,0,0,0,0,1.041666667e-06,0,8.333333333e-06,,,,36.94921875,37.35830078,74.30751953,376.0078125,0.3125,0,376.3203125,0.3125,0.3828125,8,1.09375,1.65625,0,0.3466796875,2.75,120000,89.583308,1.339535263,0.018652,4.541684,0,4.560336
85,ss[policy=static q=n],ss,120000,601,0.8,1,0.8888888889,6.125,0.005978697052,1,200,200,,,,,0,0,0,0,0,,,,,,,,,,0,,,,,,,,,,17,1,8,1,0.070375,9,0.04103333333,0,0,0.002142156863,0.00382962963,0.004241666667,,,,9.5421875,9.305566406,18.84775391,94.87109375,0.40625,0,95.27734375,0.40625,0.49609375,10,1.09375,2.412109375,0,0.369140625,3.505859375,120000,63.664648,1.884876517,0.005579,0.934232,0,0.939811
85,ss[policy=static q=2n],ss,120000,601,1,1,1,0.375,0.0003157263199,1,400,400,,,,,0,0,0,0,0,,,,,,,,,,0,,,,,,,,,,8,1,8,1,0.06999166667,0,0,0,0,4.166666667e-06,0,1.666666667e-05,,,,18.790625,18.64941406,37.44003906,188.5078125,0.3125,0,188.8203125,0.3125,0.3828125,8,1.09375,1.65625,0,0.322265625,2.75,120000,65.005292,1.846003553,0.005167,1.862568,0,1.867735
85,ss[policy=static q=4n],ss,120000,601,1,1,1,0,0,1,800,800,,,,,0,0,0,0,0,,,,,,,,,,0,,,,,,,,,,8,1,8,1,0.06996666667,0,0,0,0,0,0,0,,,,36.946875,37.34882812,74.29570312,376.0390625,0.34375,0,376.3828125,0.34375,0.4140625,8,1.09375,1.65625,0,0.322265625,2.75,120000,59.517201,2.016223848,0.020162,4.486835,0,4.506997
86,ss[policy=static q=n],ss,120000,601,1,1,1,6,0.00604073884,1,200,200,,,,,0,0,0,0,0,,,,,,,,,,0,,,,,,,,,,18,1,8,1,0.07025833333,10,0.04359166667,0,0,0.00219537037,0.003814166667,0.004225,,,,9.532421875,9.30078125,18.83320313,94.7578125,0.3125,0,95.0703125,0.3125,0.3828125,8,1.09375,2.49609375,0,0.322265625,3.58984375,120000,59.991419,2.000286074,0.019644,1.947651,0,1.967295
86,ss[policy=static q=2n],ss,120000,601,1,1,1,0.375,0.0003624874402,1,400,400,,,,,0,0,0,0,0,,,,,,,,,,0,,,,,,,,,,8,1,8,1,0.06988333333,0,0,0,0,5.208333333e-06,0,1.666666667e-05,,,,18.7890625,18.64423828,37.43330078,188.5390625,0.34375,0,188.8828125,0.34375,0.4140625,8,1.09375,1.65625,0,0.322265625,2.75,120000,59.93602,2.002134943,0.027051,3.693555,0,3.720606
86,ss[policy=static q=4n],ss,120000,601,1,1,1,0,0,1,800,800,,,,,0,0,0,0,0,,,,,,,,,,0,,,,,,,,,,8,1,8,1,0.06985833333,0,0,0,0,0,0,0,,,,36.94765625,37.37246094,74.32011719,376.0390625,0.34375,0,376.3828125,0.34375,0.4140625,8,1.09375,1.65625,0,0.322265625,2.75,120000,56.550125,2.122011225,0.02165,3.93291,0,3.95456
87,ss[policy=static q=n],ss,120000,601,0.8888888889,1,0.9411764706,4.75,0.004604019459,1,200,200,,,,,0,0,0,0,0,,,,,,,,,,0,,,,,,,,,,15,1,8,1,0.07026666667,7,0.03186666667,0,0,0.001802222222,0.003671428571,0.004133333333,,,,9.5421875,9.463085938,19.00527344,94.81445312,0.359375,0,95.17382812,0.359375,0.439453125,9,1.09375,2.244140625,0,0.345703125,3.337890625,120000,56.418982,2.12694373,0.004904,1.479218,0,1.484122
87,ss[policy=static q=2n],ss,120000,601,1,1,1,0.125,0.0001373626374,1,400,400,,,,,0,0,0,0,0,,,,,,,,,,0,,,,,,,,,,8,1,8,1,0.06995833333,0,0,0,0,2.083333333e-06,0,1.666666667e-05,,,,18.7890625,18.64951172,37.43857422,188.5390625,0.34375,0,188.8828125,0.34375,0.4140625,8,1.09375,1.65625,0,0.322265625,2.75,120000,53.52098,2.242111411,0.020336,2.351462,0,2.371798
87,ss[policy=static q=4n],ss,120000,601,1,1,1,0,0,1,800,800,,,,,0,0,0,0,0,,,,,,,,,,0,,,,,,,,,,8,1,8,1,0.06995,0,0,0,0,0,0,0,,,,36.94765625,37.35429688,74.30195313,376.0078125,0.3125,0,376.3203125,0.3125,0.3828125,8,1.09375,1.65625,0,0.322265625,2.75,120000,51.137631,2.346608508,0.027541,4.117952,0,4.145493
88,ss[policy=static q=n],ss,120000,601,0.8888888889,1,0.9411764706,5.5,0.005421407508,1,200,200,,,,,0,0,0,0,0,,,,,,,,,,0,,,,,,,,,,19,1,8,1,0.07030833333,11,0.04870833333,0,0,0.002332017544,0.003896212121,0.004308333333,,,,9.5328125,9.31171875,18.84453125,94.84570312,0.390625,0,95.23632812,0.390625,0.470703125,9,1.09375,2.580078125,0,0.345703125,3.673828125,120000,51.946572,2.310065811,0.014707,1.68205,0,1.696757
88,ss[policy=static q=2n],ss,120000,601,1,1,1,0,0,1,400,400,,,,,0,0,0,0,0,,,,,,,,,,0,,,,,,,,,,8,1,8,1,0.06994166667,0,0,0,0,9.375e-06,0,2.5e-05,,,,18.7890625,18.96884766,37.75791016,188.5390625,0.34375,0,188.8828125,0.34375,0.4140625,8,1.09375,1.65625,0,0.322265625,2.75,120000,49.851275,2.407160098,0.020621,3.421177,0,3.441798
88,ss[policy=static q=4n],ss,120000,601,1,1,1,0,0,1,800,800,,,,,0,0,0,0,0,,,,,,,,,,0,,,,,,,,,,8,1,8,1,0.06994166667,0,0,0,0,0,0,0,,,,36.9484375,37.36308594,74.31152344,376.0703125,0.375,0,376.4453125,0.375,0.4453125,8,1.09375,1.65625,0,0.2978515625,2.75,120000,47.758739,2.512629155,0.022521,6.100584,0,6.123105
89,ss[policy=static q=n],ss,120000,601,1,1,1,8.125,0.00809936841,1,200,200,,,,,0,0,0,0,0,,,,,,,,,,0,,,,,,,,,,17,1,8,1,0.07038333333,9,0.03955,0,0,0.002094607843,0.003749074074,0.0042,,,,9.5328125,9.299414063,18.83222656,94.7890625,0.34375,0,95.1328125,0.34375,0.4140625,8,1.09375,2.412109375,0,0.322265625,3.505859375,120000,75.103731,1.597790128,0.009507,0.845226,0,0.854733
89,ss[policy=static q=2n],ss,120000,601,1,1,1,0.125,0.0001331203408,1,400,400,,,,,0,0,0,0,0,,,,,,,,,,0,,,,,,,,,,8,1,8,1,0.06985,0,0,0,0,1.041666667e-05,0,2.5e-05,,,,18.7890625,18.95644531,37.74550781,188.4765625,0.28125,0,188.7578125,0.28125,0.3515625,8,1.09375,1.65625,0,0.322265625,2.75,120000,71.41645,1.680285144,0.008621,2.604375,0,2.612996
89,ss[policy=static q=4n],ss,120000,601,1,1,1,0,0,1,800,800,,,,,0,0,0,0,0,,,,,,,,,,0,,,,,,,,,,8,1,8,1,0.06984166667,0,0,0,0,0,0,0,,,,36.9453125,37.36728516,74.31259766,376.0703125,0.375,0,376.4453125,0.375,0.4453125,8,1.09375,1.65625,0,0.2978515625,2.75,120000,70.247366,1.708249104,0.025097,6.755602,0,6.780699
90,ss[policy=static q=n],ss,120000,601,0.412371134,1,0.5839416058,15.75,0.02495602138,1,200,200,,,,,0,0,0,0,0,,,,,,,,,,0,,,,,,,,,,97,1,3,1,0.01661666667,94,0.4898583333,0,0,0.001414089347,0.001444503546,0.00285,,,,9.517382812,8.785058594,18.30244141,97.35351562,2.015625,0,99.36914062,2.015625,2.978515625,97,1.09375,9.130859375,0,2.840820312,10.22460938,120000,28.992631,4.138982764,0.006693,1.435029,0,1.441722
90,ss[policy=static q=2n],ss,120000,601,1,1,1,0.05,7.836990596e-05,1,400,400,,,,,0,0,0,0,0,,,,,,,,,,0,,,,,,,,,,40,1,40,1,0.2109583333,0,0,0,0,1.25e-06,0,1.666666667e-05,,,,18.8046875,18.08720703,36.89189453,189.6630859,1.15625,0,190.8193359,1.15625,1.538085938,40,1.09375,4.34375,0,1.149414062,5.4375,120000,23.548885,5.095782667,0.013448,3.228449,0,3.241897
90,ss[policy=static q=4n],ss,120000,601,1,1,1,0,0,1,800,800,,,,,0,0,0,0,0,,,,,,,,,,0,,,,,,,,,,40,1,40,1,0.2109416667,0,0,0,0,0,0,0,,,,28.96015625,37.359375,66.31953125,377.2255859,1.21875,0,378.4443359,1.21875,1.600585938,40,1.09375,4.34375,0,1.1484375,5.4375,120000,19.640446,6.109840887,0.016889,5.375107,0,5.391996
91,ss[policy=static q=n],ss,120000,601,0.4395604396,1,0.6106870229,16.3,0.02587248438,1,200,200,,,,,0,0,0,0,0,,,,,,,,,,0,,,,,,,,,,92,1,4,1,0.02199166667,88,0.4595083333,0,0,0.001387137681,0.001430208333,0.002925,,,,9.518164063,8.782421875,18.30058594,97.16796875,1.890625,0,99.05859375,1.890625,2.79296875,91,1.09375,8.7109375,0,2.526367188,9.8046875,120000,22.361414,5.366386938,0.004164,0.80352,0,0.807684
91,ss[policy=static q=2n],ss,120000,601,1,1,1,0.075,0.0001208688576,1,400,400,,,,,0,0,0,0,0,,,,,,,,,,0,,,,,,,,,,40,1,40,1,0.210975,0,0,0,0,1.041666667e-06,0,8.333333333e-06,,,,18.80234375,18.08066406,36.88300781,189.6318359,1.125,0,190.7568359,1.125,1.506835938,40,1.09375,4.34375,0,1.19921875,5.4375,120000,18.080352,6.637038925,0.01293,1.740977,0,1.753907
91,ss[policy=static q=4n],ss,120000,601,1,1,1,0,0,1,800,800,,,,,0,0,0,0,0,,,,,,,,,,0,,,,,,,,,,40,1,40,1,0.21095,0,0,0,0,0,0,0,,,,28.95859375,36.73164062,65.69023437,377.1630859,1.15625,0,378.3193359,1.15625,1.538085938,40,1.09375,4.34375,0,1.174804688,5.4375,120000,14.817123,8.098738196,0.015413,3.619191,0,3.634604
92,ss[policy=static q=n],ss,120000,601,0.412371134,1,0.5839416058,16.2,0.02576674871,1,200,200,,,,,0,0,0,0,0,,,,,,,,,,0,,,,,,,,,,100,1,2,1,0.01105833333,98,0.5095416667,0,0,0.001447666667,0.001466581633,0.003283333333,,,,9.518359375,8.784375,18.30273438,97.32324219,1.984375,0,99.30761719,1.984375,2.948242188,97,1.09375,9.3828125,0,2.83984375,10.4765625,120000,25.048742,4.790659747,0.006331,1.490995,0,1.497326
92,ss[policy=static q=2n],ss,120000,601,1,1,1,0.05,7.98089172e-05,1,400,400,,,,,0,0,0,0,0,,,,,,,,,,0,,,,,,,,,,40,1,40,1,0.21095,0,0,0,0,4.166666667e-07,0,8.333333333e-06,,,,18.8046875,18.08710938,36.89179687,189.6943359,1.1875,0,190.8818359,1.1875,1.569335938,40,1.09375,4.34375,0,1.1484375,5.4375,120000,20.669632,5.8056186,0.011654,2.467381,0,2.479035
92,ss[policy=static q=4n],ss,120000,601,1,1,1,0,0,1,800,800,,,,,0,0,0,0,0,,,,,,,,,,0,,,,,,,,,,40,1,40,1,0.2109333333,0,0,0,0,0,0,0,,,,28.9609375,36.72060547,65.68154297,377.2255859,1.21875,0,378.4443359,1.21875,1.600585938,40,1.09375,4.34375,0,1.150390625,5.4375,120000,17.217313,6.969728668,0.027236,4.82503,0,4.852266
93,ss[policy=static q=n],ss,120000,601,0.412371134,1,0.5839416058,15.075,0.02392689117,1,200,200,,,,,0,0,0,0,0,,,,,,,,,,0,,,,,,,,,,99,1,2,1,0.01103333333,97,0.5042166667,0,0,0.001505218855,0.001527491409,0.002908333333,,,,9.516601562,8.783398438,18.3,97.45019531,2.109375,0,99.55957031,2.109375,3.075195312,97,1.09375,9.298828125,0,2.69140625,10.39257812,120000,27.934877,4.295705329,0.004651,0.899685,0,0.904336
93,ss[policy=static q=2n],ss,120000,601,1,1,1,0.1,0.000159684182,1,400,400,,,,,0,0,0,0,0,,,,,,,,,,0,,,,,,,,,,40,1,40,1,0.2109333333,0,0,0,0,1.041666667e-06,0,1.666666667e-05,,,,18.80390625,18.08886719,36.89277344,189.6630859,1.15625,0,190.8193359,1.15625,1.538085938,40,1.09375,4.34375,0,1.174804688,5.4375,120000,22.030726,5.446938063,0.006261,1.776512,0,1.782773
93,ss[policy=static q=4n],ss,120000,601,1,1,1,0,0,1,800,800,,,,,0,0,0,0,0,,,,,,,,,,0,,,,,,,,,,40,1,40,1,0.2109,0,0,0,0,0,0,0,,,,28.9609375,36.7140625,65.675,377.1943359,1.1875,0,378.3818359,1.1875,1.569335938,40,1.09375,4.34375,0,1.1484375,5.4375,120000,19.002849,6.31484258,0.026028,4.111684,0,4.137712
94,ss[policy=static q=n],ss,120000,601,0.4255319149,1,0.5970149254,15.95,0.02533690875,1,200,200,,,,,0,0,0,0,0,,,,,,,,,,0,,,,,,,,,,100,1,5,1,0.02769166667,95,0.4918666667,0,0,0.00142475,0.001477017544,0.003241666667,,,,9.51640625,8.782714844,18.29912109,97.37207031,2.0625,0,99.43457031,2.0625,2.997070312,94,1.09375,9.3828125,0,2.72265625,10.4765625,120000,24.971134,4.805548679,0.004277,0.894125,0,0.898402
94,ss[policy=static q=2n],ss,120000,601,1,1,1,0,0,1,400,400,,,,,0,0,0,0,0,,,,,,,,,,0,,,,,,,,,,40,1,40,1,0.2108666667,0,0,0,0,2.083333333e-07,0,8.333333333e-06,,,,18.80390625,18.09238281,36.89628906,189.6318359,1.125,0,190.7568359,1.125,1.506835938,40,1.09375,4.34375,0,1.150390625,5.4375,120000,20.19342,5.942529794,0.008409,2.124568,0,2.132977
94,ss[policy=static q=4n],ss,120000,601,1,1,1,0,0,1,800,800,,,,,0,0,0,0,0,,,,,,,,,,0,,,,,,,,,,40,1,40,1,0.2108666667,0,0,0,0,0,0,0,,,,28.96015625,36.70585938,65.66601562,377.2255859,1.21875,0,378.4443359,1.21875,1.600585938,40,1.09375,4.34375,0,1.124023438,5.4375,120000,16.579315,7.23793474,0.018798,3.959328,0,3.978126
95,ss[policy=static q=n],ss,120000,601,0.4166666667,1,0.5882352941,15.575,0.02477678027,1,200,200,,,,,0,0,0,0,0,,,,,,,,,,0,,,,,,,,,,97,1,3,1,0.01645833333,94,0.4891916667,0,0,0.001387113402,0.001419326241,0.002883333333,,,,9.518359375,8.784667969,18.30302734,97.359375,2.03125,0,99.390625,2.03125,2.984375,96,1.09375,9.130859375,0,2.719726562,10.22460938,120000,29.538212,4.06253432,0.035875,1.893961,0,1.929836
95,ss[policy=static q=2n],ss,120000,601,1,1,1,0.05,7.911412212e-05,1,400,400,,,,,0,0,0,0,0,,,,,,,,,,0,,,,,,,,,,40,1,40,1,0.2108583333,0,0,0,0,4.166666667e-07,0,8.333333333e-06,,,,18.8046875,18.08242188,36.88710938,189.6630859,1.15625,0,190.8193359,1.15625,1.538085938,40,1.09375,4.34375,0,1.1484375,5.4375,120000,23.812407,5.03938976,0.028029,3.499854,0,3.527883
95,ss[policy=static q=4n],ss,120000,601,1,1,1,0,0,1,800,800,,,,,0,0,0,0,0,,,,,,,,,,0,,,,,,,,,,40,1,40,1,0.2108416667,0,0,0,0,0,0,0,,,,28.9609375,36.70292969,65.66386719,377.1943359,1.1875,0,378.3818359,1.1875,1.569335938,40,1.09375,4.34375,0,1.149414062,5.4375,120000,19.862216,6.041621942,0.020612,7.890039,0,7.910651
96,ss[policy=static q=n],ss,120000,601,0.4301075269,1,0.6015037594,15.125,0.02402564574,1,200,200,,,,,0,0,0,0,0,,,,,,,,,,0,,,,,,,,,,97,1,4,1,0.02213333333,93,0.4828416667,0,0,0.001412113402,0.001455197133,0.0031,,,,9.517578125,8.914746094,18.43232422,97.28125,1.984375,0,99.265625,1.984375,2.90625,93,1.09375,9.130859375,0,2.548828125,10.22460938,120000,30.363829,3.952070735,0.005167,0.822281,0,0.827448
96,ss[policy=static q=2n],ss,120000,601,1,1,1,0,0,1,400,400,,,,,0,0,0,0,0,,,,,,,,,,0,,,,,,,,,,40,1,40,1,0.2108666667,0,0,0,0,4.166666667e-07,0,8.333333333e-06,,,,18.8046875,18.08632813,36.89101563,189.7255859,1.21875,0,190.9443359,1.21875,1.600585938,40,1.09375,4.34375,0,1.125,5.4375,120000,24.932207,4.813051648,0.013323,2.270551,0,2.283874
96,ss[policy=static q=4n],ss,120000,601,1,1,1,0,0,1,800,800,,,,,0,0,0,0,0,,,,,,,,,,0,,,,,,,,,,40,1,40,1,0.2108666667,0,0,0,0,0,0,0,,,,28.9609375,36.70205078,65.66298828,377.1630859,1.15625,0,378.3193359,1.15625,1.538085938,40,1.09375,4.34375,0,1.173828125,5.4375,120000,21.266155,5.642768991,0.028188,4.106639,0,4.134827
97,ss[policy=static q=n],ss,120000,601,0.4166666667,1,0.5882352941,17.125,0.02721011819,1,200,200,,,,,0,0,0,0,0,,,,,,,,,,0,,,,,,,,,,97,1,2,1,0.01106666667,95,0.495975,0,0,0.001457560137,0.00148,0.00265,,,,9.517578125,8.78125,18.29882812,97.42285156,2.09375,0,99.51660156,2.09375,3.047851562,96,1.09375,9.130859375,0,2.771484375,10.22460938,120000,30.622468,3.918691335,0.004446,1.317959,0,1.322405
97,ss[policy=static q=2n],ss,120000,601,1,1,1,0.025,3.98089172e-05,1,400,400,,,,,0,0,0,0,0,,,,,,,,,,0,,,,,,,,,,40,1,40,1,0.2108333333,0,0,0,0,4.166666667e-07,0,8.333333333e-06,,,,18.80234375,18.08427734,36.88662109,189.6318359,1.125,0,190.7568359,1.125,1.506835938,40,1.09375,4.34375,0,1.172851562,5.4375,120000,25.815668,4.648339915,0.015928,2.935326,0,2.951254
97,ss[policy=static q=4n],ss,120000,601,1,1,1,0,0,1,800,800,,,,,0,0,0,0,0,,,,,,,,,,0,,,,,,,,,,40,1,40,1,0.210825,0,0,0,0,0,0,0,,,,28.95859375,36.70019531,65.65878906,377.1943359,1.1875,0,378.3818359,1.1875,1.569335938,40,1.09375,4.34375,0,1.174804688,5.4375,120000,21.812423,5.501452085,0.020889,5.324311,0,5.3452
98,ss[policy=static q=n],ss,120000,601,0.4166666667,1,0.5882352941,17.525,0.02777468712,1,200,200,,,,,0,0,0,0,0,,,,,,,,,,0,,,,,,,,,,99,1,0,1,0,99,0.5158,0,0,0.001442340067,0.001442340067,0.003358333333,,,,9.51640625,8.780761719,18.29716797,97.421875,2.09375,0,99.515625,2.09375,3.046875,96,1.09375,9.298828125,0,2.717773438,10.39257812,120000,49.96927,2.401475947,0.006373,5.917043,0,5.923416
98,ss[policy=static q=2n],ss,120000,601,1,1,1,0,0,1,400,400,,,,,0,0,0,0,0,,,,,,,,,,0,,,,,,,,,,40,1,40,1,0.2108916667,0,0,0,0,4.166666667e-07,0,8.333333333e-06,,,,18.8046875,18.66933594,37.47402344,189.6630859,1.15625,0,190.8193359,1.15625,1.538085938,40,1.09375,4.34375,0,1.248046875,5.4375,120000,39.99401,3.000449317,0.06254,4.291384,0,4.353924
98,ss[policy=static q=4n],ss,120000,601,1,1,1,0,0,1,800,800,,,,,0,0,0,0,0,,,,,,,,,,0,,,,,,,,,,40,1,40,1,0.2108916667,0,0,0,0,0,0,0,,,,28.9609375,36.69765625,65.65859375,377.1630859,1.15625,0,378.3193359,1.15625,1.538085938,40,1.09375,4.34375,0,1.124023438,5.4375,120000,33.441688,3.588335613,0.019621,8.773087,0,8.792708
99,ss[policy=static q=n],ss,120000,601,0.4444444444,1,0.6153846154,15.975,0.02540271196,1,200,200,,,,,0,0,0,0,0,,,,,,,,,,0,,,,,,,,,,93,1,5,1,0.02755,88,0.457925,0,0,0.001379480287,0.001436458333,0.003091666667,,,,9.516796875,8.780175781,18.29697266,97.20800781,1.9375,0,99.14550781,1.9375,2.833007812,90,1.09375,8.794921875,0,2.452148438,9.888671875,120000,29.948562,4.00687018,0.013304,1.570284,0,1.583588
99,ss[policy=static q=2n],ss,120000,601,1,1,1,0.075,0.000116683087,1,400,400,,,,,0,0,0,0,0,,,,,,,,,,0,,,,,,,,,,40,1,40,1,0.210875,0,0,0,0,8.333333333e-07,0,8.333333333e-06,,,,18.803125,18.08466797,36.88779297,189.6630859,1.15625,0,190.8193359,1.15625,1.538085938,40,1.09375,4.34375,0,1.149414062,5.4375,120000,23.625427,5.079273276,0.025803,3.999148,0,4.024951
99,ss[policy=static q=4n],ss,120000,601,1,1,1,0,0,1,800,800,,,,,0,0,0,0,0,,,,,,,,,,0,,,,,,,,,,40,1,40,1,0.21085,0,0,0,0,0,0,0,,,,28.959375,37.31494141,66.27431641,377.1318359,1.125,0,378.2568359,1.125,1.506835938,40,1.09375,4.34375,0,1.198242188,5.4375,120000,19.595921,6.123723401,0.022665,5.086959,0,5.109624
100,ss[policy=static q=n],ss,120000,601,0.8888888889,1,0.9411764706,8.75,0.008669979811,1,200,200,,,,,0,0,0,0,0,,,,,,,,,,0,,,,,,,,,,16,1,8,1,0.07070833333,8,0.03604166667,0,0,0.001994270833,0.003770833333,0.004166666667,,,,9.5328125,9.306347656,18.83916016,94.81445312,0.359375,0,95.17382812,0.359375,0.439453125,9,1.09375,2.328125,0,0.3701171875,3.421875,120000,71.542252,1.677330482,0.003694,0.834608,0,0.838302
100,ss[policy=static q=2n],ss,120000,601,1,1,1,1.25,0.001293893037,1,400,400,,,,,0,0,0,0,0,,,,,,,,,,0,,,,,,,,,,8,1,8,1,0.07020833333,0,0,0,0,1.666666667e-05,0,3.333333333e-05,,,,18.79101562,18.64003906,37.43105469,188.5703125,0.375,0,188.9453125,0.375,0.4453125,8,1.09375,1.65625,0,0.2978515625,2.75,120000,67.08225,1.788848764,0.00534,1.72143,0,1.72677
100,ss[policy=static q=4n],ss,120000,601,1,1,1,0,0,1,800,800,,,,,0,0,0,0,0,,,,,,,,,,0,,,,,,,,,,8,1,8,1,0.070125,0,0,0,0,0,0,0,,,,36.9453125,37.36699219,74.31230469,376.0390625,0.34375,0,376.3828125,0.34375,0.4140625,8,1.09375,1.65625,0,0.322265625,2.75,120000,62.225216,1.928478641,0.014839,5.245444,0,5.260283
101,ss[policy=static q=n],ss,120000,601,1,1,1,6.375,0.006192915077,1,200,200,,,,,0,0,0,0,0,,,,,,,,,,0,,,,,,,,,,16,1,8,1,0.07055833333,8,0.03434166667,0,0,0.002014583333,0.003815625,0.004125,,,,9.55234375,9.305566406,18.85791016,94.7578125,0.3125,0,95.0703125,0.3125,0.3828125,8,1.09375,2.328125,0,0.3466796875,3.421875,120000,76.629143,1.565983845,0.003774,0.852545,0,0.856319
101,ss[policy=static q=2n],ss,120000,601,1,1,1,0.375,0.0003614943911,1,400,400,,,,,0,0,0,0,0,,,,,,,,,,0,,,,,,,,,,8,1,8,1,0.07015833333,0,0,0,0,9.375e-06,0,1.666666667e-05,,,,18.78984375,18.64179688,37.43164062,188.5078125,0.3125,0,188.8203125,0.3125,0.3828125,8,1.09375,1.65625,0,0.322265625,2.75,120000,69.306111,1.731449049,0.009953,2.462902,0,2.472855
101,ss[policy=static q=4n],ss,120000,601,1,1,1,0,0,1,800,800,,,,,0,0,0,0,0,,,,,,,,,,0,,,,,,,,,,8,1,8,1,0.07013333333,0,0,0,0,0,0,0,,,,36.94765625,37.36708984,74.31474609,376.0703125,0.375,0,376.4453125,0.375,0.4453125,8,1.09375,1.65625,0,0.2978515625,2.75,120000,74.89323,1.602281007,0.021832,6.306627,0,6.328459
102,ss[policy=static q=n],ss,120000,601,1,1,1,6.125,0.005939972986,1,200,200,,,,,0,0,0,0,0,,,,,,,,,,0,,,,,,,,,,16,1,8,1,0.070575,8,0.03515,0,0,0.001986979167,0.003764583333,0.004158333333,,,,9.5328125,9.299511719,18.83232422,94.7890625,0.34375,0,95.1328125,0.34375,0.4140625,8,1.09375,2.328125,0,0.322265625,3.421875,120000,66.454756,1.805739833,0.016468,1.141332,0,1.1578
102,ss[policy=static q=2n],ss,120000,601,1,1,1,0.125,0.0001318565401,1,400,400,,,,,0,0,0,0,0,,,,,,,,,,0,,,,,,,,,,8,1,8,1,0.070175,0,0,0,0,9.375e-06,0,2.5e-05,,,,18.7890625,18.64306641,37.43212891,188.5078125,0.3125,0,188.8203125,0.3125,0.3828125,8,1.09375,1.65625,0,0.3466796875,2.75,120000,63.585739,1.887215622,0.02704,2.274744,0,2.301784
102,ss[policy=static q=4n],ss,120000,601,1,1,1,0,0,1,800,800,,,,,0,0,0,0,0,,,,,,,,,,0,,,,,,,,,,8,1,8,1,0.07016666667,0,0,0,0,0,0,0,,,,36.94609375,37.36835937,74.31445312,376.0390625,0.34375,0,376.3828125,0.34375,0.4140625,8,1.09375,1.65625,0,0.322265625,2.75,120000,62.358419,1.924359243,0.026333,4.228867,0,4.2552
103,ss[policy=static q=n],ss,120000,601,0.8888888889,1,0.9411764706,6,0.005984828825,1,200,200,,,,,0,0,0,0,0,,,,,,,,,,0,,,,,,,,,,17,1,8,1,0.07055,9,0.04115833333,0,0,0.002089705882,0.003790740741,0.00425,,,,9.5328125,9.308007812,18.84082031,94.81445312,0.359375,0,95.17382812,0.359375,0.439453125,9,1.09375,2.412109375,0,0.345703125,3.505859375,120000,61.343838,1.9561867,0.019461,1.726472,0,1.745933
103,ss[policy=static q=2n],ss,120000,601,1,1,1,0.375,0.000400728154,1,400,400,,,,,0,0,0,0,0,,,,,,,,,,0,,,,,,,,,,8,1,8,1,0.070175,0,0,0,0,1.25e-05,0,2.5e-05,,,,18.790625,18.65244141,37.44306641,188.5703125,0.375,0,188.9453125,0.375,0.4453125,8,1.09375,1.65625,0,0.2978515625,2.75,120000,58.665471,2.045496234,0.012482,1.906598,0,1.91908
103,ss[policy=static q=4n],ss,120000,601,1,1,1,0,0,1,800,800,,,,,0,0,0,0,0,,,,,,,,,,0,,,,,,,,,,8,1,8,1,0.07015,0,0,0,0,0,0,0,,,,36.94765625,37.36289062,74.31054688,376.0703125,0.375,0,376.4453125,0.375,0.4453125,8,1.09375,1.65625,0,0.2978515625,2.75,120000,56.536734,2.122513833,0.040134,3.903047,0,3.943181
104,ss[policy=static q=n],ss,120000,601,1,1,1,6.625,0.006445575011,1,200,200,,,,,0,0,0,0,0,,,,,,,,,,0,,,,,,,,,,15,1,8,1,0.07056666667,7,0.032375,0,0,0.001835,0.003691666667,0.004208333333,,,,9.5421875,9.304394531,18.84658203,94.8203125,0.375,0,95.1953125,0.375,0.4453125,8,1.09375,2.244140625,0,0.2978515625,3.337890625,120000,59.311268,2.023224322,0.00826,0.821775,0,0.830035
104,ss[policy=static q=2n],ss,120000,601,1,1,1,0.375,0.0003438614366,1,400,400,,,,,0,0,0,0,0,,,,,,,,,,0,,,,,,,,,,8,1,8,1,0.07015,0,0,0,0,8.333333333e-06,0,3.333333333e-05,,,,18.78984375,18.63984375,37.4296875,188.5703125,0.375,0,188.9453125,0.375,0.4453125,8,1.09375,1.65625,0,0.2978515625,2.75,120000,56.413554,2.12714838,0.012805,1.651618,0,1.664423
104,ss[policy=static q=4n],ss,120000,601,1,1,1,0,0,1,800,800,,,,,0,0,0,0,0,,,,,,,,,,0,,,,,,,,,,8,1,8,1,0.070125,0,0,0,0,0,0,0,,,,36.9484375,37.34912109,74.29755859,376.0703125,0.375,0,376.4453125,0.375,0.4453125,8,1.09375,1.65625,0,0.2978515625,2.75,120000,54.430992,2.204626364,0.017249,4.20391,0,4.221159
105,ss[policy=static q=n],ss,120000,601,1,1,1,8,0.007873273519,1,200,200,,,,,0,0,0,0,0,,,,,,,,,,0,,,,,,,,,,17,1,8,1,0.07065833333,9,0.03964166667,0,0,0.002131372549,0.003862037037,0.004358333333,,,,9.5234375,9.306738281,18.83017578,94.8203125,0.375,0,95.1953125,0.375,0.4453125,8,1.09375,2.412109375,0,0.2978515625,3.505859375,120000,63.477371,1.89043746,0.004562,0.794574,0,0.799136
105,ss[policy=static q=2n],ss,120000,601,1,1,1,1,0.0009496262438,1,400,400,,,,,0,0,0,0,0,,,,,,,,,,0,,,,,,,,,,8,1,8,1,0.07019166667,0,0,0,0,1.5625e-05,0,4.166666667e-05,,,,18.7890625,18.63984375,37.42890625,188.5390625,0.34375,0,188.8828125,0.34375,0.4140625,8,1.09375,1.65625,0,0.322265625,2.75,120000,61.63326,1.947000694,0.012389,1.858084,0,1.870473
105,ss[policy=static q=4n],ss,120000,601,1,1,1,0,0,1,800,800,,,,,0,0,0,0,0,,,,,,,,,,0,,,,,,,,,,8,1,8,1,0.070125,0,0,0,0,1.041666667e-06,0,8.333333333e-06,,,,36.9453125,37.36660156,74.31191406,376.0390625,0.34375,0,376.3828125,0.34375,0.4140625,8,1.09375,1.65625,0,0.322265625,2.75,120000,58.896107,2.037486111,0.018024,3.559878,0,3.577902
106,ss[policy=static q=n],ss,120000,601,1,1,1,6.625,0.006479953049,1,200,200,,,,,0,0,0,0,0,,,,,,,,,,0,,,,,,,,,,15,1,8,1,0.07049166667,7,0.03126666667,0,0,0.00177,0.00358452381,0.004225,,,,9.55234375,9.453710938,19.00605469,94.7890625,0.34375,0,95.1328125,0.34375,0.4140625,8,1.09375,2.244140625,0,0.322265625,3.337890625,120000,63.60078,1.886769313,0.010961,1.020039,0,1.031
106,ss[policy=static q=2n],ss,120000,601,1,1,1,0.375,0.0003778904718,1,400,400,,,,,0,0,0,0,0,,,,,,,,,,0,,,,,,,,,,8,1,8,1,0.070075,0,0,0,0,6.25e-06,0,1.666666667e-05,,,,18.7890625,18.96015625,37.74921875,188.5078125,0.3125,0,188.8203125,0.3125,0.3828125,8,1.09375,1.65625,0,0.322265625,2.75,120000,60.746314,1.975428501,0.005312,1.704701,0,1.710013
106,ss[policy=static q=4n],ss,120000,601,1,1,1,0,0,1,800,800,,,,,0,0,0,0,0,,,,,,,,,,0,,,,,,,,,,8,1,8,1,0.07005,0,0,0,0,0,0,0,,,,36.9484375,37.35595703,74.30439453,376.0390625,0.34375,0,376.3828125,0.34375,0.4140625,8,1.09375,1.65625,0,0.322265625,2.75,120000,61.750091,1.943316974,0.009037,3.537225,0,3.546262
107,ss[policy=static q=n],ss,120000,601,1,1,1,6.75,0.006754035506,1,200,200,,,,,0,0,0,0,0,,,,,,,,,,0,,,,,,,,,,16,1,8,1,0.070525,8,0.03240833333,0,0,0.002039583333,0.003898958333,0.004275,,,,9.5328125,9.315917969,18.84873047,94.7890625,0.34375,0,95.1328125,0.34375,0.4140625,8,1.09375,2.328125,0,0.322265625,3.421875,120000,80.328002,1.493875075,0.016198,1.002752,0,1.01895
107,ss[policy=static q=2n],ss,120000,601,1,1,1,0.25,0.0002592750674,1,400,400,,,,,0,0,0,0,0,,,,,,,,,,0,,,,,,,,,,8,1,8,1,0.07009166667,0,0,0,0,4.166666667e-06,0,1.666666667e-05,,,,18.78984375,18.97382813,37.76367188,188.5390625,0.34375,0,188.8828125,0.34375,0.4140625,8,1.09375,1.65625,0,0.322265625,2.75,120000,75.900082,1.58102596,0.011151,2.197442,0,2.208593
107,ss[policy=static q=4n],ss,120000,601,1,1,1,0,0,1,800,800,,,,,0,0,0,0,0,,,,,,,,,,0,,,,,,,,,,8,1,8,1,0.070075,0,0,0,0,0,0,0,,,,36.94609375,37.35683594,74.30292969,376.0078125,0.3125,0,376.3203125,0.3125,0.3828125,8,1.09375,1.65625,0,0.322265625,2.75,120000,74.306523,1.614932245,0.010083,4.226643,0,4.236726
108,ss[policy=static q=n],ss,120000,601,1,1,1,5.75,0.005700415065,1,200,200,,,,,0,0,0,0,0,,,,,,,,,,0,,,,,,,,,,15,1,8,1,0.070375,7,0.03166666667,0,0,0.001894444444,0.003878571429,0.00425,,,,9.5234375,9.3,18.8234375,94.7578125,0.3125,0,95.0703125,0.3125,0.3828125,8,1.09375,2.244140625,0,0.322265625,3.337890625,120000,73.20164,1.639307535,0.003793,0.893508,0,0.897301
108,ss[policy=static q=2n],ss,120000,601,1,1,1,0.5,0.0005045418226,1,400,400,,,,,0,0,0,0,0,,,,,,,,,,0,,,,,,,,,,8,1,8,1,0.070025,0,0,0,0,9.375e-06,0,1.666666667e-05,,,,18.78984375,18.96152344,37.75136719,188.5078125,0.3125,0,188.8203125,0.3125,0.3828125,8,1.09375,1.65625,0,0.322265625,2.75,120000,69.670397,1.722395812,0.015676,2.238859,0,2.254535
108,ss[policy=static q=4n],ss,120000,601,1,1,1,0,0,1,800,800,,,,,0,0,0,0,0,,,,,,,,,,0,,,,,,,,,,8,1,8,1,0.06999166667,0,0,0,0,0,0,0,,,,36.946875,37.35263672,74.29951172,376.0078125,0.3125,0,376.3203125,0.3125,0.3828125,8,1.09375,1.65625,0,0.3466796875,2.75,120000,72.544475,1.654157674,0.020014,5.315333,0,5.335347
109,ss[policy=static q=n],ss,120000,601,1,1,1,7.75,0.007682465902,1,200,200,,,,,0,0,0,0,0,,,,,,,,,,0,,,,,,,,,,19,1,8,1,0.07054166667,11,0.04595833333,0,0,0.002388596491,0.003954545455,0.004408333333,,,,9.5421875,9.304980469,18.84716797,94.7890625,0.34375,0,95.1328125,0.34375,0.4140625,8,1.09375,2.580078125,0,0.322265625,3.673828125,120000,56.857673,2.110533085,0.004294,0.801615,0,0.805909
109,ss[policy=static q=2n],ss,120000,601,1,1,1,0.875,0.0008694717279,1,400,400,,,,,0,0,0,0,0,,,,,,,,,,0,,,,,,,,,,8,1,8,1,0.07008333333,0,0,0,0,1.041666667e-05,0,2.5e-05,,,,18.78984375,18.64443359,37.43427734,188.5390625,0.34375,0,188.8828125,0.34375,0.4140625,8,1.09375,1.65625,0,0.322265625,2.75,120000,53.943794,2.224537636,0.012235,1.825718,0,1.837953
109,ss[policy=static q=4n],ss,120000,601,1,1,1,0,0,1,800,800,,,,,0,0,0,0,0,,,,,,,,,,0,,,,,,,,,,8,1,8,1,0.070025,0,0,0,0,0,0,0,,,,36.9453125,37.36298828,74.30830078,376.0703125,0.375,0,376.4453125,0.375,0.4453125,8,1.09375,1.65625,0,0.2978515625,2.75,120000,51.980871,2.30854154,0.00875,3.53637,0,3.54512
110,ss[policy=static q=n],ss,120000,601,0.8888888889,1,0.9411764706,6.625,0.006569366903,1,200,200,,,,,0,0,0,0,0,,,,,,,,,,0,,,,,,,,,,15,1,8,1,0.07040833333,7,0.03085,0,0,0.001937777778,0.003901190476,0.004416666667,,,,9.53203125,9.30703125,18.8390625,94.81445312,0.359375,0,95.17382812,0.359375,0.439453125,9,1.09375,2.244140625,0,0.3466796875,3.337890625,120000,61.438196,1.953182349,0.010879,0.794419,0,0.805298
110,ss[policy=static q=2n],ss,120000,601,1,1,1,1,0.001005327576,1,400,400,,,,,0,0,0,0,0,,,,,,,,,,0,,,,,,,,,,8,1,8,1,0.07003333333,0,0,0,0,1.354166667e-05,0,4.166666667e-05,,,,18.78984375,18.64111328,37.43095703,188.4765625,0.28125,0,188.7578125,0.28125,0.3515625,8,1.09375,1.65625,0,0.3466796875,2.75,120000,59.869449,2.004361189,0.005198,2.047494,0,2.052692
110,ss[policy=static q=4n],ss,120000,601,1,1,1,0,0,1,800,800,,,,,0,0,0,0,0,,,,,,,,,,0,,,,,,,,,,8,1,8,1,0.06996666667,0,0,0,0,0,0,0,,,,36.946875,37.35380859,74.30068359,375.9765625,0.28125,0,376.2578125,0.28125,0.3515625,8,1.09375,1.65625,0,0.3466796875,2.75,120000,57.308035,2.09394721,0.015719,4.057259,0,4.072978
111,ss[policy=static q=n],ss,120000,601,1,1,1,6.75,0.006717739369,1,200,200,,,,,0,0,0,0,0,,,,,,,,,,0,,,,,,,,,,16,1,8,1,0.07043333333,8,0.03454166667,0,0,0.002033854167,0.003875,0.004258333333,,,,9.53359375,9.456738281,18.99033203,94.7578125,0.3125,0,95.0703125,0.3125,0.3828125,8,1.09375,2.328125,0,0.3466796875,3.421875,120000,70.557315,1.70074499,0.004255,0.815139,0,0.819394
111,ss[policy=static q=2n],ss,120000,601,1,1,1,0.375,0.0003722584049,1,400,400,,,,,0,0,0,0,0,,,,,,,,,,0,,,,,,,,,,8,1,8,1,0.07000833333,0,0,0,0,1.041666667e-05,0,5e-05,,,,18.7921875,18.64277344,37.43496094,188.5390625,0.34375,0,188.8828125,0.34375,0.4140625,8,1.09375,1.65625,0,0.322265625,2.75,120000,66.741395,1.797984594,0.005632,1.668989,0,1.674621
111,ss[policy=static q=4n],ss,120000,601,1,1,1,0,0,1,800,800,,,,,0,0,0,0,0,,,,,,,,,,0,,,,,,,,,,8,1,8,1,0.06998333333,0,0,0,0,0,0,0,,,,36.946875,37.36220703,74.30908203,376.0078125,0.3125,0,376.3203125,0.3125,0.3828125,8,1.09375,1.65625,0,0.3466796875,2.75,120000,64.618622,1.857049815,0.014407,3.453646,0,3.468053
112,ss[policy=static q=n],ss,120000,601,1,1,1,5,0.004891536337,1,200,200,,,,,0,0,0,0,0,,,,,,,,,,0,,,,,,,,,,17,1,8,1,0.07015833333,9,0.03815,0,0,0.002169117647,0.003951851852,0.004216666667,,,,9.5421875,9.306347656,18.84853516,94.7890625,0.34375,0,95.1328125,0.34375,0.4140625,8,1.09375,2.412109375,0,0.322265625,3.505859375,120000,59.089267,2.030825666,0.011774,0.814206,0,0.82598
112,ss[policy=static q=2n],ss,120000,601,1,1,1,0.125,0.0001036484245,1,400,400,,,,,0,0,0,0,0,,,,,,,,,,0,,,,,,,,,,8,1,8,1,0.06983333333,0,0,0,0,3.125e-06,0,8.333333333e-06,,,,18.7890625,18.64365234,37.43271484,188.5078125,0.3125,0,188.8203125,0.3125,0.3828125,8,1.09375,1.65625,0,0.322265625,2.75,120000,56.119702,2.138286479,0.012885,2.150781,0,2.163666
112,ss[policy=static q=4n],ss,120000,601,1,1,1,0,0,1,800,800,,,,,0,0,0,0,0,,,,,,,,,,0,,,,,,,,,,8,1,8,1,0.069825,0,0,0,0,0,0,0,,,,36.9453125,37.35498047,74.30029297,376.0390625,0.34375,0,376.3828125,0.34375,0.4140625,8,1.09375,1.65625,0,0.322265625,2.75,120000,53.801239,2.230431905,0.012481,3.561303,0,3.573784
113,ss[policy=static q=n],ss,120000,601,1,1,1,7.125,0.007072000431,1,200,200,,,,,0,0,0,0,0,,,,,,,,,,0,,,,,,,,,,16,1,8,1,0.07044166667,8,0.03358333333,0,0,0.002014583333,0.003840625,0.004291666667,,,,9.5328125,9.3078125,18.840625,94.8203125,0.375,0,95.1953125,0.375,0.4453125,8,1.09375,2.328125,0,0.2978515625,3.421875,120000,61.45943,1.952507532,0.013024,1.398504,0,1.411528
113,ss[policy=static q=2n],ss,120000,601,1,1,1,0.5,0.0005131927323,1,400,400,,,,,0,0,0,0,0,,,,,,,,,,0,,,,,,,,,,8,1,8,1,0.07,0,0,0,0,7.291666667e-06,0,1.666666667e-05,,,,18.78984375,18.64804687,37.43789062,188.5390625,0.34375,0,188.8828125,0.34375,0.4140625,8,1.09375,1.65625,0,0.322265625,2.75,120000,58.365864,2.055996293,0.012384,2.118198,0,2.130582
113,ss[policy=static q=4n],ss,120000,601,1,1,1,0,0,1,800,800,,,,,0,0,0,0,0,,,,,,,,,,0,,,,,,,,,,8,1,8,1,0.06996666667,0,0,0,0,0,0,0,,,,36.946875,37.36025391,74.30712891,376.0390625,0.34375,0,376.3828125,0.34375,0.4140625,8,1.09375,1.65625,0,0.322265625,2.75,120000,56.712383,2.115940006,0.015505,7.99112,0,8.006625
114,ss[policy=static q=n],ss,120000,601,1,1,1,4.875,0.004850508774,1,200,200,,,,,0,0,0,0,0,,,,,,,,,,0,,,,,,,,,,15,1,8,1,0.07025833333,7,0.02925,0,0,0.001962777778,0.003969047619,0.004333333333,,,,9.5328125,9.302636719,18.83544922,94.7890625,0.34375,0,95.1328125,0.34375,0.4140625,8,1.09375,2.244140625,0,0.322265625,3.337890625,120000,58.174788,2.062749245,0.014085,0.992601,0,1.006686
114,ss[policy=static q=2n],ss,120000,601,1,1,1,0.25,0.0002639915523,1,400,400,,,,,0,0,0,0,0,,,,,,,,,,0,,,,,,,,,,8,1,8,1,0.06995,0,0,0,0,4.166666667e-06,0,1.666666667e-05,,,,18.7890625,18.64052734,37.42958984,188.5703125,0.375,0,188.9453125,0.375,0.4453125,8,1.09375,1.65625,0,0.2978515625,2.75,120000,55.752934,2.152353094,0.012893,2.175516,0,2.188409
114,ss[policy=static q=4n],ss,120000,601,1,1,1,0,0,1,800,800,,,,,0,0,0,0,0,,,,,,,,,,0,,,,,,,,,,8,1,8,1,0.06993333333,0,0,0,0,0,0,0,,,,36.94609375,37.36191406,74.30800781,376.0078125,0.3125,0,376.3203125,0.3125,0.3828125,8,1.09375,1.65625,0,0.3466796875,2.75,120000,54.054141,2.219996429,0.017261,4.420787,0,4.438048
115,ss[policy=static q=n],ss,120000,601,1,1,1,6.125,0.006055556876,1,200,200,,,,,0,0,0,0,0,,,,,,,,,,0,,,,,,,,,,17,1,8,1,0.070375,9,0.0395,0,0,0.002147058824,0.003908333333,0.004375,,,,9.532421875,9.298535156,18.83095703,94.7265625,0.28125,0,95.0078125,0.28125,0.3515625,8,1.09375,2.412109375,0,0.3466796875,3.505859375,120000,57.951824,2.070685471,0.012048,1.107591,0,1.119639
115,ss[policy=static q=2n],ss,120000,601,1,1,1,0.375,0.0003679877609,1,400,400,,,,,0,0,0,0,0,,,,,,,,,,0,,,,,,,,,,8,1,8,1,0.06999166667,0,0,0,0,7.291666667e-06,0,2.5e-05,,,,18.7890625,18.64619141,37.43525391,188.5078125,0.3125,0,188.8203125,0.3125,0.3828125,8,1.09375,1.65625,0,0.322265625,2.75,120000,55.307988,2.169668512,0.00688,2.635973,0,2.642853
115,ss[policy=static q=4n],ss,120000,601,1,1,1,0,0,1,800,800,,,,,0,0,0,0,0,,,,,,,,,,0,,,,,,,,,,8,1,8,1,0.06996666667,0,0,0,0,0,0,0,,,,36.94765625,37.35527344,74.30292969,376.0390625,0.34375,0,376.3828125,0.34375,0.4140625,8,1.09375,1.65625,0,0.322265625,2.75,120000,53.529916,2.241737125,0.034817,3.663142,0,3.697959
116,ss[policy=static q=n],ss,120000,601,1,1,1,7.125,0.007063754142,1,200,200,,,,,0,0,0,0,0,,,,,,,,,,0,,,,,,,,,,17,1,8,1,0.07033333333,9,0.03761666667,0,0,0.00212745098,0.003848148148,0.004108333333,,,,9.5328125,9.616113281,19.14892578,94.8203125,0.375,0,95.1953125,0.375,0.4453125,8,1.09375,2.412109375,0,0.2978515625,3.505859375,120000,65.358835,1.836018038,0.00437,0.849874,0,0.854244
116,ss[policy=static q=2n],ss,120000,601,1,1,1,0.625,0.0006412446214,1,400,400,,,,,0,0,0,0,0,,,,,,,,,,0,,,,,,,,,,8,1,8,1,0.0699,0,0,0,0,1.458333333e-05,0,5e-05,,,,18.790625,18.63613281,37.42675781,188.5078125,0.3125,0,188.8203125,0.3125,0.3828125,8,1.09375,1.65625,0,0.3466796875,2.75,120000,62.333694,1.925122551,0.010847,1.794681,0,1.805528
116,ss[policy=static q=4n],ss,120000,601,1,1,1,0,0,1,800,800,,,,,0,0,0,0,0,,,,,,,,,,0,,,,,,,,,,8,1,8,1,0.06985833333,0,0,0,0,0,0,0,,,,36.94609375,37.35410156,74.30019531,376.0390625,0.34375,0,376.3828125,0.34375,0.4140625,8,1.09375,1.65625,0,0.322265625,2.75,120000,58.94,2.035968782,0.009106,3.955384,0,3.96449
117,ss[policy=static q=n],ss,120000,601,1,1,1,6.5,0.006448746656,1,200,200,,,,,0,0,0,0,0,,,,,,,,,,0,,,,,,,,,,16,1,8,1,0.07038333333,8,0.03486666667,0,0,0.002008854167,0.003833333333,0.004316666667,,,,9.5234375,9.306152344,18.82958984,94.7890625,0.34375,0,95.1328125,0.34375,0.4140625,8,1.09375,2.328125,0,0.322265625,3.421875,120000,68.894757,1.741787115,0.009774,0.896473,0,0.906247
117,ss[policy=static q=2n],ss,120000,601,1,1,1,0.875,0.0008492187301,1,400,400,,,,,0,0,0,0,0,,,,,,,,,,0,,,,,,,,,,8,1,8,1,0.07000833333,0,0,0,0,1.041666667e-05,0,2.5e-05,,,,18.7890625,18.63671875,37.42578125,188.5703125,0.375,0,188.9453125,0.375,0.4453125,8,1.09375,1.65625,0,0.2978515625,2.75,120000,65.639295,1.8281732,0.007252,1.782491,0,1.789743
117,ss[policy=static q=4n],ss,120000,601,1,1,1,0,0,1,800,800,,,,,0,0,0,0,0,,,,,,,,,,0,,,,,,,,,,8,1,8,1,0.06995,0,0,0,0,0,0,0,,,,36.9453125,37.36201172,74.30732422,376.0703125,0.375,0,376.4453125,0.375,0.4453125,8,1.09375,1.65625,0,0.2978515625,2.75,120000,64.073335,1.872853973,0.019048,3.722914,0,3.741962
118,ss[policy=static q=n],ss,120000,601,1,1,1,6.25,0.006351722959,1,200,200,,,,,0,0,0,0,0,,,,,,,,,,0,,,,,,,,,,15,1,8,1,0.07035833333,7,0.030575,0,0,0.001927222222,0.003932142857,0.00435,,,,9.5328125,9.305566406,18.83837891,94.7578125,0.3125,0,95.0703125,0.3125,0.3828125,8,1.09375,2.244140625,0,0.322265625,3.337890625,120000,64.300462,1.866238535,0.012202,1.717738,0,1.72994
118,ss[policy=static q=2n],ss,120000,601,1,1,1,0.125,0.0001127141569,1,400,400,,,,,0,0,0,0,0,,,,,,,,,,0,,,,,,,,,,8,1,8,1,0.06995,0,0,0,0,7.291666667e-06,0,2.5e-05,,,,18.7890625,18.63994141,37.42900391,188.5078125,0.3125,0,188.8203125,0.3125,0.3828125,8,1.09375,1.65625,0,0.322265625,2.75,120000,61.403079,1.954299393,0.01244,3.205298,0,3.217738
118,ss[policy=static q=4n],ss,120000,601,1,1,1,0,0,1,800,800,,,,,0,0,0,0,0,,,,,,,,,,0,,,,,,,,,,8,1,8,1,0.06994166667,0,0,0,0,0,0,0,,,,36.94765625,37.3578125,74.30546875,375.9765625,0.28125,0,376.2578125,0.28125,0.3515625,8,1.09375,1.65625,0,0.3466796875,2.75,120000,60.934747,1.969319738,0.020582,7.186851,0,7.207433
119,ss[policy=static q=n],ss,120000,601,0.8888888889,1,0.9411764706,4.375,0.004350659106,1,200,200,,,,,0,0,0,0,0,,,,,,,,,,0,,,,,,,,,,16,1,8,1,0.07013333333,8,0.03455833333,0,0,0.0020109375,0.003864583333,0.004275,,,,9.5328125,9.305078125,18.83789062,94.87695312,0.421875,0,95.29882812,0.421875,0.501953125,9,1.09375,2.328125,0,0.322265625,3.421875,120000,71.47388,1.678935018,0.018135,1.338177,0,1.356312
119,ss[policy=static q=2n],ss,120000,601,1,1,1,0.25,0.0002756339581,1,400,400,,,,,0,0,0,0,0,,,,,,,,,,0,,,,,,,,,,8,1,8,1,0.06985833333,0,0,0,0,7.291666667e-06,0,2.5e-05,,,,18.790625,18.65654297,37.44716797,188.5390625,0.34375,0,188.8828125,0.34375,0.4140625,8,1.09375,1.65625,0,0.322265625,2.75,120000,67.445786,1.779206784,0.011067,3.928257,0,3.939324
119,ss[policy=static q=4n],ss,120000,601,1,1,1,0,0,1,800,800,,,,,0,0,0,0,0,,,,,,,,,,0,,,,,,,,,,8,1,8,1,0.06984166667,0,0,0,0,0,0,0,,,,36.946875,37.35449219,74.30136719,376.0078125,0.3125,0,376.3203125,0.3125,0.3828125,8,1.09375,1.65625,0,0.322265625,2.75,120000,65.667457,1.827389174,0.023021,5.286324,0,5.309345
120,ss[policy=static q=n],ss,120000,601,0.4210526316,1,0.5925925926,16.875,0.02676316699,1,200,200,,,,,0,0,0,0,0,,,,,,,,,,0,,,,,,,,,,95,1,2,1,0.01115,93,0.4856,0,0,0.001400877193,0.001421057348,0.002758333333,,,,9.516796875,8.786230469,18.30302734,97.36523438,2.046875,0,99.41210938,2.046875,2.990234375,95,1.09375,8.962890625,0,2.666015625,10.05664062,120000,36.258901,3.309532189,0.004057,0.77907,0,0.783127
120,ss[policy=static q=2n],ss,120000,601,1,1,1,0.1,0.0001638055672,1,400,400,,,,,0,0,0,0,0,,,,,,,,,,0,,,,,,,,,,40,1,40,1,0.210975,0,0,0,0,1.25e-06,0,1.666666667e-05,,,,18.80390625,18.66845703,37.47236328,189.6005859,1.09375,0,190.6943359,1.09375,1.475585938,40,1.09375,4.34375,0,1.223632812,5.4375,120000,27.961193,4.291662376,0.005381,1.684232,0,1.689613
120,ss[policy=static q=4n],ss,120000,601,1,1,1,0,0,1,800,800,,,,,0,0,0,0,0,,,,,,,,,,0,,,,,,,,,,40,1,40,1,0.2109416667,0,0,0,0,0,0,0,,,,28.96015625,37.35,66.31015625,377.1318359,1.125,0,378.2568359,1.125,1.506835938,40,1.09375,4.34375,0,1.150390625,5.4375,120000,22.649513,5.298127161,0.010745,3.564067,0,3.574812
121,ss[policy=static q=n],ss,120000,601,0.4166666667,1,0.5882352941,16.65,0.02643529758,1,200,200,,,,,0,0,0,0,0,,,,,,,,,,0,,,,,,,,,,97,1,3,1,0.01654166667,94,0.4902666667,0,0,0.001440292096,0.00147358156,0.0033,,,,9.516796875,8.912207031,18.42900391,97.42285156,2.09375,0,99.51660156,2.09375,3.047851562,96,1.09375,9.130859375,0,2.643554688,10.22460938,120000,22.808217,5.261261764,0.012769,1.695377,0,1.708146
121,ss[policy=static q=2n],ss,120000,601,1,1,1,0,0,1,400,400,,,,,0,0,0,0,0,,,,,,,,,,0,,,,,,,,,,40,1,40,1,0.21095,0,0,0,0,4.166666667e-07,0,8.333333333e-06,,,,18.80390625,18.37558594,37.17949219,189.6943359,1.1875,0,190.8818359,1.1875,1.569335938,40,1.09375,4.34375,0,1.149414062,5.4375,120000,18.358173,6.536598168,0.020759,3.241693,0,3.262452
121,ss[policy=static q=4n],ss,120000,601,1,1,1,0,0,1,800,800,,,,,0,0,0,0,0,,,,,,,,,,0,,,,,,,,,,40,1,40,1,0.21095,0,0,0,0,0,0,0,,,,28.96015625,36.73125,65.69140625,377.1630859,1.15625,0,378.3193359,1.15625,1.538085938,40,1.09375,4.34375,0,1.149414062,5.4375,120000,15.058871,7.96872488,0.023385,4.369346,0,4.392731
122,ss[policy=static q=n],ss,120000,601,0.4395604396,1,0.6106870229,16.25,0.02574417224,1,200,200,,,,,0,0,0,0,0,,,,,,,,,,0,,,,,,,,,,92,1,5,1,0.02770833333,87,0.4535416667,0,0,0.00137509058,0.001430651341,0.002641666667,,,,9.517382812,8.779296875,18.29667969,97.26269531,1.984375,0,99.24707031,1.984375,2.887695312,91,1.09375,8.7109375,0,2.526367188,9.8046875,120000,27.821004,4.313287903,0.003658,0.829387,0,0.833045
122,ss[policy=static q=2n],ss,120000,601,1,1,1,0.025,3.888024883e-05,1,400,400,,,,,0,0,0,0,0,,,,,,,,,,0,,,,,,,,,,40,1,40,1,0.2109416667,0,0,0,0,2.083333333e-07,0,8.333333333e-06,,,,18.803125,18.37558594,37.17871094,189.6943359,1.1875,0,190.8818359,1.1875,1.569335938,40,1.09375,4.34375,0,1.149414062,5.4375,120000,23.409714,5.126077149,0.010769,1.833006,0,1.843775
122,ss[policy=static q=4n],ss,120000,601,1,1,1,0,0,1,800,800,,,,,0,0,0,0,0,,,,,,,,,,0,,,,,,,,,,40,1,40,1,0.2109333333,0,0,0,0,0,0,0,,,,28.96015625,36.71162109,65.67177734,377.1318359,1.125,0,378.2568359,1.125,1.506835938,40,1.09375,4.34375,0,1.1484375,5.4375,120000,19.318611,6.211626705,0.019951,4.478148,0,4.498099
123,ss[policy=static q=n],ss,120000,601,0.4395604396,1,0.6106870229,17.375,0.02754395056,1,200,200,,,,,0,0,0,0,0,,,,,,,,,,0,,,,,,,,,,93,1,5,1,0.02779166667,88,0.458575,0,0,0.001393996416,0.001447064394,0.002466666667,,,,9.517578125,8.78125,18.29882812,97.29101562,2.015625,0,99.30664062,2.015625,2.916015625,91,1.09375,8.794921875,0,2.551757812,9.888671875,120000,23.153379,5.182828822,0.009609,1.004085,0,1.013694
123,ss[policy=static q=2n],ss,120000,601,1,1,1,0.05,7.892782745e-05,1,400,400,,,,,0,0,0,0,0,,,,,,,,,,0,,,,,,,,,,40,1,40,1,0.2109166667,0,0,0,0,6.25e-07,0,8.333333333e-06,,,,18.8046875,18.38066406,37.18535156,189.6005859,1.09375,0,190.6943359,1.09375,1.475585938,40,1.09375,4.34375,0,1.200195312,5.4375,120000,18.597047,6.452637346,0.013931,2.578758,0,2.592689
123,ss[policy=static q=4n],ss,120000,601,1,1,1,0,0,1,800,800,,,,,0,0,0,0,0,,,,,,,,,,0,,,,,,,,,,40,1,40,1,0.2109,0,0,0,0,0,0,0,,,,28.9609375,36.70849609,65.66943359,377.1318359,1.125,0,378.2568359,1.125,1.506835938,40,1.09375,4.34375,0,1.19921875,5.4375,120000,15.22088,7.883906844,0.037119,5.029617,0,5.066736
124,ss[policy=static q=n],ss,120000,601,0.4301075269,1,0.6015037594,16.6,0.02629895348,1,200,200,,,,,0,0,0,0,0,,,,,,,,,,0,,,,,,,,,,94,1,1,1,0.005616666667,93,0.4852833333,0,0,0.001400797872,0.001409767025,0.002991666667,,,,9.515820313,8.78125,18.29707031,97.25195312,1.953125,0,99.20507812,1.953125,2.876953125,93,1.09375,8.87890625,0,2.599609375,9.97265625,120000,22.465225,5.341589056,0.012492,0.773409,0,0.785901
124,ss[policy=static q=2n],ss,120000,601,1,1,1,0.025,3.840245776e-05,1,400,400,,,,,0,0,0,0,0,,,,,,,,,,0,,,,,,,,,,40,1,40,1,0.210875,0,0,0,0,4.166666667e-07,0,1.666666667e-05,,,,18.803125,18.37900391,37.18212891,189.6318359,1.125,0,190.7568359,1.125,1.506835938,40,1.09375,4.34375,0,1.173828125,5.4375,120000,17.940227,6.688878574,0.005777,1.625791,0,1.631568
124,ss[policy=static q=4n],ss,120000,601,1,1,1,0,0,1,800,800,,,,,0,0,0,0,0,,,,,,,,,,0,,,,,,,,,,40,1,40,1,0.2108666667,0,0,0,0,0,0,0,,,,28.959375,36.70722656,65.66660156,377.1318359,1.125,0,378.2568359,1.125,1.506835938,40,1.09375,4.34375,0,1.198242188,5.4375,120000,14.836718,8.088042113,0.015642,3.54403,0,3.559672
125,ss[policy=static q=n],ss,120000,601,1,1,1,5.875,0.005906923589,1,200,200,,,,,0,0,0,0,0,,,,,,,,,,0,,,,,,,,,,18,1,8,1,0.07051666667,10,0.044825,0,0,0.002187037037,0.003816666667,0.0041,,,,9.532421875,9.303710938,18.83613281,94.7890625,0.34375,0,95.1328125,0.34375,0.4140625,8,1.09375,2.49609375,0,0.322265625,3.58984375,120000,64.959176,1.847314073,0.005012,0.845569,0,0.850581
125,ss[policy=static q=2n],ss,120000,601,1,1,1,0.25,0.0002667245824,1,400,400,,,,,0,0,0,0,0,,,,,,,,,,0,,,,,,,,,,8,1,8,1,0.07014166667,0,0,0,0,7.291666667e-06,0,2.5e-05,,,,18.7890625,18.63945312,37.42851563,188.5078125,0.3125,0,188.8203125,0.3125,0.3828125,8,1.09375,1.65625,0,0.322265625,2.75,120000,61.949063,1.937075303,0.018147,1.777029,0,1.795176
125,ss[policy=static q=4n],ss,120000,601,1,1,1,0,0,1,800,800,,,,,0,0,0,0,0,,,,,,,,,,0,,,,,,,,,,8,1,8,1,0.070125,0,0,0,0,0,0,0,,,,36.94609375,37.35400391,74.30009766,376.0390625,0.34375,0,376.3828125,0.34375,0.4140625,8,1.09375,1.65625,0,0.322265625,2.75,120000,60.015075,1.999497626,0.018143,3.776521,0,3.794664
126,ss[policy=static q=n],ss,120000,601,1,1,1,6.375,0.006222627254,1,200,200,,,,,0,0,0,0,0,,,,,,,,,,0,,,,,,,,,,17,1,8,1,0.07055833333,9,0.03778333333,0,0,0.002185784314,0.003931481481,0.004191666667,,,,9.5515625,9.300878906,18.85244141,94.7578125,0.3125,0,95.0703125,0.3125,0.3828125,8,1.09375,2.412109375,0,0.322265625,3.505859375,120000,92.800392,1.293097986,0.014387,1.964023,0,1.97841
126,ss[policy=static q=2n],ss,120000,601,1,1,1,0.75,0.0007171782893,1,400,400,,,,,0,0,0,0,0,,,,,,,,,,0,,,,,,,,,,8,1,8,1,0.07018333333,0,0,0,0,7.291666667e-06,0,1.666666667e-05,,,,18.78984375,18.63632812,37.42617187,188.5703125,0.375,0,188.9453125,0.375,0.4453125,8,1.09375,1.65625,0,0.2978515625,2.75,120000,101.242495,1.185273042,0.016723,3.283978,0,3.300701
126,ss[policy=static q=4n],ss,120000,601,1,1,1,0,0,1,800,800,,,,,0,0,0,0,0,,,,,,,,,,0,,,,,,,,,,8,1,8,1,0.07013333333,0,0,0,0,0,0,0,,,,36.9484375,37.36875,74.3171875,376.0078125,0.3125,0,376.3203125,0.3125,0.3828125,8,1.09375,1.65625,0,0.3466796875,2.75,120000,106.419523,1.127612647,0.016327,4.679629,0,4.695956
127,ss[policy=static q=n],ss,120000,601,1,1,1,6.125,0.006076438532,1,200,200,,,,,0,0,0,0,0,,,,,,,,,,0,,,,,,,,,,15,1,8,1,0.070575,7,0.0306,0,0,0.001918333333,0.003875,0.0041,,,,9.5234375,9.307128906,18.83056641,94.7578125,0.3125,0,95.0703125,0.3125,0.3828125,8,1.09375,2.244140625,0,0.322265625,3.337890625,120000,73.636775,1.629620526,0.010168,0.794667,0,0.804835
127,ss[policy=static q=2n],ss,120000,601,1,1,1,0.625,0.000641262116,1,400,400,,,,,0,0,0,0,0,,,,,,,,,,0,,,,,,,,,,8,1,8,1,0.07020833333,0,0,0,0,7.291666667e-06,0,3.333333333e-05,,,,18.78984375,18.64394531,37.43378906,188.5703125,0.375,0,188.9453125,0.375,0.4453125,8,1.09375,1.65625,0,0.2978515625,2.75,120000,74.017764,1.621232438,0.012702,1.645796,0,1.658498
127,ss[policy=static q=4n],ss,120000,601,1,1,1,0,0,1,800,800,,,,,0,0,0,0,0,,,,,,,,,,0,,,,,,,,,,8,1,8,1,0.07016666667,0,0,0,0,1.041666667e-06,0,8.333333333e-06,,,,36.94609375,37.35566406,74.30175781,376.0390625,0.34375,0,376.3828125,0.34375,0.4140625,8,1.09375,1.65625,0,0.322265625,2.75,120000,68.935422,1.740759634,0.019844,5.191696,0,5.21154
128,ss[policy=static q=n],ss,120000,601,0.8888888889,1,0.9411764706,5.125,0.005086717582,1,200,200,,,,,0,0,0,0,0,,,,,,,,,,0,,,,,,,,,,19,1,8,1,0.07049166667,11,0.04805,0,0,0.002343859649,0.003890151515,0.004225,,,,9.5328125,9.305761719,18.83857422,94.75195312,0.296875,0,95.04882812,0.296875,0.376953125,9,1.09375,2.580078125,0,0.3701171875,3.673828125,120000,67.132628,1.787506367,0.00646,1.247175,0,1.253635
128,ss[policy=static q=2n],ss,120000,601,1,1,1,0.625,0.0005955798618,1,400,400,,,,,0,0,0,0,0,,,,,,,,,,0,,,,,,,,,,8,1,8,1,0.07019166667,0,0,0,0,7.291666667e-06,0,1.666666667e-05,,,,18.7890625,18.96494141,37.75400391,188.5390625,0.34375,0,188.8828125,0.34375,0.4140625,8,1.09375,1.65625,0,0.322265625,2.75,120000,63.656321,1.885123081,0.008492,2.373117,0,2.381609
128,ss[policy=static q=4n],ss,120000,601,1,1,1,0,0,1,800,800,,,,,0,0,0,0,0,,,,,,,,,,0,,,,,,,,,,8,1,8,1,0.07015,0,0,0,0,0,0,0,,,,36.9453125,37.36953125,74.31484375,376.0390625,0.34375,0,376.3828125,0.34375,0.4140625,8,1.09375,1.65625,0,0.322265625,2.75,120000,63.167232,1.899719146,0.017063,5.092465,0,5.109528
129,ss[policy=static q=n],ss,120000,601,1,1,1,5.5,0.005454064067,1,200,200,,,,,0,0,0,0,0,,,,,,,,,,0,,,,,,,,,,17,1,8,1,0.07049166667,9,0.03973333333,0,0,0.002092647059,0.003807407407,0.00415,,,,9.5421875,9.312011719,18.85419922,94.8203125,0.375,0,95.1953125,0.375,0.4453125,8,1.09375,2.412109375,0,0.2978515625,3.505859375,120000,63.383067,1.893250133,0.012106,1.494858,0,1.506964
129,ss[policy=static q=2n],ss,120000,601,1,1,1,0.5,0.0005020655654,1,400,400,,,,,0,0,0,0,0,,,,,,,,,,0,,,,,,,,,,8,1,8,1,0.07015833333,0,0,0,0,9.375e-06,0,2.5e-05,,,,18.78984375,18.64189453,37.43173828,188.5390625,0.34375,0,188.8828125,0.34375,0.4140625,8,1.09375,1.65625,0,0.322265625,2.75,120000,60.023815,1.999206482,0.015904,2.644532,0,2.660436
129,ss[policy=static q=4n],ss,120000,601,1,1,1,0,0,1,800,800,,,,,0,0,0,0,0,,,,,,,,,,0,,,,,,,,,,8,1,8,1,0.070125,0,0,0,0,0,0,0,,,,36.946875,37.36884766,74.31572266,376.0390625,0.34375,0,376.3828125,0.34375,0.4140625,8,1.09375,1.65625,0,0.322265625,2.75,120000,57.91568,2.071977744,0.022812,5.028659,0,5.051471
130,ss[policy=static q=n],ss,120000,601,0.4395604396,1,0.6106870229,15.325,0.02435580867,1,200,200,,,,,0,0,0,0,0,,,,,,,,,,0,,,,,,,,,,94,1,2,1,0.01101666667,92,0.4802416667,0,0,0.001380585106,0.001401811594,0.00305,,,,9.518359375,8.781347656,18.29970703,97.29296875,2.015625,0,99.30859375,2.015625,2.91796875,91,1.09375,8.87890625,0,2.475585938,9.97265625,120000,33.299836,3.603621351,0.013908,2.89317,0,2.907078
130,ss[policy=static q=2n],ss,120000,601,1,1,1,0.025,3.875968992e-05,1,400,400,,,,,0,0,0,0,0,,,,,,,,,,0,,,,,,,,,,40,1,40,1,0.21095,0,0,0,0,8.333333333e-07,0,8.333333333e-06,,,,18.8046875,18.08652344,36.89121094,189.6630859,1.15625,0,190.8193359,1.15625,1.538085938,40,1.09375,4.34375,0,1.149414062,5.4375,120000,27.646011,4.34059004,0.019907,4.134873,0,4.15478
130,ss[policy=static q=4n],ss,120000,601,1,1,1,0,0,1,800,800,,,,,0,0,0,0,0,,,,,,,,,,0,,,,,,,,,,40,1,40,1,0.2109416667,0,0,0,0,0,0,0,,,,28.9609375,37.32324219,66.28417969,377.1630859,1.15625,0,378.3193359,1.15625,1.538085938,40,1.09375,4.34375,0,1.150390625,5.4375,120000,24.087335,4.981871178,0.032135,10.730825,0,10.76296
131,ss[policy=static q=n],ss,120000,601,0.412371134,1,0.5839416058,17.2,0.02730467641,1,200,200,,,,,0,0,0,0,0,,,,,,,,,,0,,,,,,,,,,98,1,3,1,0.01656666667,95,0.495425,0,0,0.001476020408,0.001510701754,0.002833333333,,,,9.518554688,8.787207031,18.30576172,97.44824219,2.109375,0,99.55761719,2.109375,3.073242188,97,1.09375,9.21484375,0,2.666015625,10.30859375,120000,28.748026,4.174199648,0.006548,1.718817,0,1.725365
131,ss[policy=static q=2n],ss,120000,601,1,1,1,0.05,7.876379297e-05,1,400,400,,,,,0,0,0,0,0,,,,,,,,,,0,,,,,,,,,,40,1,40,1,0.2109666667,0,0,0,0,1.041666667e-06,0,8.333333333e-06,,,,18.80390625,18.36660156,37.17050781,189.6630859,1.15625,0,190.8193359,1.15625,1.538085938,40,1.09375,4.34375,0,1.125,5.4375,120000,23.682131,5.06711157,0.010605,3.601881,0,3.612486
131,ss[policy=static q=4n],ss,120000,601,1,1,1,0,0,1,800,800,,,,,0,0,0,0,0,,,,,,,,,,0,,,,,,,,,,40,1,40,1,0.21095,0,0,0,0,0,0,0,,,,28.96015625,36.73769531,65.69785156,377.2568359,1.25,0,378.5068359,1.25,1.631835938,40,1.09375,4.34375,0,1.125,5.4375,120000,19.017763,6.30989039,0.020939,7.713911,0,7.73485
132,ss[policy=static q=n],ss,120000,601,0.4347826087,1,0.6060606061,15.35,0.02430670888,1,200,200,,,,,0,0,0,0,0,,,,,,,,,,0,,,,,,,,,,97,1,2,1,0.01125,95,0.49275,0,0,0.001445189003,0.001465964912,0.00365,,,,9.5171875,8.785644531,18.30283203,97.31835938,2.03125,0,99.34960938,2.03125,2.943359375,92,1.09375,9.130859375,0,2.546875,10.22460938,120000,30.901097,3.88335728,0.015439,0.98851,0,1.003949
132,ss[policy=static q=2n],ss,120000,601,1,1,1,0,0,1,400,400,,,,,0,0,0,0,0,,,,,,,,,,0,,,,,,,,,,40,1,40,1,0.2109333333,0,0,0,0,4.166666667e-07,0,8.333333333e-06,,,,18.803125,18.08164062,36.88476562,189.6630859,1.15625,0,190.8193359,1.15625,1.538085938,40,1.09375,4.34375,0,1.172851562,5.4375,120000,24.755431,4.847421158,0.005381,1.805574,0,1.810955
132,ss[policy=static q=4n],ss,120000,601,1,1,1,0,0,1,800,800,,,,,0,0,0,0,0,,,,,,,,,,0,,,,,,,,,,40,1,40,1,0.2109333333,0,0,0,0,0,0,0,,,,28.959375,36.71464844,65.67402344,377.1318359,1.125,0,378.2568359,1.125,1.506835938,40,1.09375,4.34375,0,1.173828125,5.4375,120000,20.765526,5.778808589,0.019669,4.060453,0,4.080122
133,ss[policy=static q=n],ss,120000,601,0.4166666667,1,0.5882352941,16.45,0.02605883,1,200,200,,,,,0,0,0,0,0,,,,,,,,,,0,,,,,,,,,,96,1,4,1,0.02210833333,92,0.479175,0,0,0.001461892361,0.001505163043,0.002808333333,,,,9.516210938,8.783496094,18.29970703,97.390625,2.0625,0,99.453125,2.0625,3.015625,96,1.09375,9.046875,0,2.668945312,10.140625,120000,22.650103,5.297989153,0.009966,0.853163,0,0.863129
133,ss[policy=static q=2n],ss,120000,601,1,1,1,0.025,3.93081761e-05,1,400,400,,,,,0,0,0,0,0,,,,,,,,,,0,,,,,,,,,,40,1,40,1,0.2109083333,0,0,0,0,4.166666667e-07,0,8.333333333e-06,,,,18.80390625,18.3734375,37.17734375,189.6630859,1.15625,0,190.8193359,1.15625,1.538085938,40,1.09375,4.34375,0,1.174804688,5.4375,120000,18.218795,6.586604657,0.012616,1.684816,0,1.697432
133,ss[policy=static q=4n],ss,120000,601,1,1,1,0,0,1,800,800,,,,,0,0,0,0,0,,,,,,,,,,0,,,,,,,,,,40,1,40,1,0.2109,0,0,0,0,0,0,0,,,,28.96015625,36.70302734,65.66318359,377.1943359,1.1875,0,378.3818359,1.1875,1.569335938,40,1.09375,4.34375,0,1.149414062,5.4375,120000,14.584422,8.2279572,0.008686,3.637272,0,3.645958
134,ss[policy=static q=n],ss,120000,601,0.4166666667,1,0.5882352941,17.1,0.02712872354,1,200,200,,,,,0,0,0,0,0,,,,,,,,,,0,,,,,,,,,,96,1,4,1,0.02205833333,92,0.479325,0,0,0.001404427083,0.001446195652,0.002641666667,,,,9.51640625,8.777539063,18.29394531,97.35742188,2.03125,0,99.38867188,2.03125,2.982421875,96,1.09375,9.046875,0,2.79296875,10.140625,120000,24.379651,4.922137729,0.01091,1.449943,0,1.460853
134,ss[policy=static q=2n],ss,120000,601,1,1,1,0.075,0.00011970213,1,400,400,,,,,0,0,0,0,0,,,,,,,,,,0,,,,,,,,,,40,1,40,1,0.2108916667,0,0,0,0,1.25e-06,0,8.333333333e-06,,,,18.803125,18.66982422,37.47294922,189.6630859,1.15625,0,190.8193359,1.15625,1.538085938,40,1.09375,4.34375,0,1.149414062,5.4375,120000,19.557015,6.13590571,0.082199,2.889712,0,2.971911
134,ss[policy=static q=4n],ss,120000,601,1,1,1,0,0,1,800,800,,,,,0,0,0,0,0,,,,,,,,,,0,,,,,,,,,,40,1,40,1,0.2108666667,0,0,0,0,0,0,0,,,,28.96015625,36.70302734,65.66318359,377.1630859,1.15625,0,378.3193359,1.15625,1.538085938,40,1.09375,4.34375,0,1.150390625,5.4375,120000,16.087485,7.459214414,0.033231,6.476806,0,6.510037
135,ss[policy=static q=n],ss,120000,601,0.8888888889,1,0.9411764706,5.25,0.005176728513,1,200,200,,,,,0,0,0,0,0,,,,,,,,,,0,,,,,,,,,,14,1,8,1,0.070475,6,0.02665833333,0,0,0.001755952381,0.003858333333,0.0042,,,,9.5234375,9.304101562,18.82753906,94.84570312,0.390625,0,95.23632812,0.390625,0.470703125,9,1.09375,2.16015625,0,0.345703125,3.25390625,120000,66.234492,1.811744853,0.013002,1.755798,0,1.7688
135,ss[policy=static q=2n],ss,120000,601,1,1,1,0.375,0.0003554416203,1,400,400,,,,,0,0,0,0,0,,,,,,,,,,0,,,,,,,,,,8,1,8,1,0.07015,0,0,0,0,8.333333333e-06,0,1.666666667e-05,,,,18.78984375,18.94990234,37.73974609,188.5078125,0.3125,0,188.8203125,0.3125,0.3828125,8,1.09375,1.65625,0,0.322265625,2.75,120000,63.008839,1.904494701,0.012274,2.650495,0,2.662769
135,ss[policy=static q=4n],ss,120000,601,1,1,1,0,0,1,800,800,,,,,0,0,0,0,0,,,,,,,,,,0,,,,,,,,,,8,1,8,1,0.070125,0,0,0,0,0,0,0,,,,36.94765625,37.35332031,74.30097656,376.0078125,0.3125,0,376.3203125,0.3125,0.3828125,8,1.09375,1.65625,0,0.3466796875,2.75,120000,63.943884,1.876645466,0.016104,3.532591,0,3.548695
136,ss[policy=static q=n],ss,120000,601,0.8888888889,1,0.9411764706,5,0.004991493514,1,200,200,,,,,0,0,0,0,0,,,,,,,,,,0,,,,,,,,,,19,1,8,1,0.07046666667,11,0.04899166667,0,0,0.002378508772,0.003984090909,0.004333333333,,,,9.5421875,9.304199219,18.84638672,94.78320312,0.328125,0,95.11132812,0.328125,0.408203125,9,1.09375,2.580078125,0,0.3466796875,3.673828125,120000,68.762351,1.745141029,0.010242,0.85385,0,0.864092
136,ss[policy=static q=2n],ss,120000,601,1,1,1,0.25,0.0002495874977,1,400,400,,,,,0,0,0,0,0,,,,,,,,,,0,,,,,,,,,,8,1,8,1,0.07015,0,0,0,0,6.25e-06,0,1.666666667e-05,,,,18.7890625,18.64267578,37.43173828,188.5390625,0.34375,0,188.8828125,0.34375,0.4140625,8,1.09375,1.65625,0,0.322265625,2.75,120000,65.955066,1.819420513,0.004878,2.31748,0,2.322358
136,ss[policy=static q=4n],ss,120000,601,1,1,1,0,0,1,800,800,,,,,0,0,0,0,0,,,,,,,,,,0,,,,,,,,,,8,1,8,1,0.07013333333,0,0,0,0,0,0,0,,,,36.94609375,37.3578125,74.30390625,376.0078125,0.3125,0,376.3203125,0.3125,0.3828125,8,1.09375,1.65625,0,0.322265625,2.75,120000,62.766593,1.911845048,0.021902,7.292883,0,7.314785
137,ss[policy=static q=n],ss,120000,601,1,1,1,5.25,0.005262429322,1,200,200,,,,,0,0,0,0,0,,,,,,,,,,0,,,,,,,,,,15,1,8,1,0.07051666667,7,0.03014166667,0,0,0.001948333333,0.003973809524,0.004225,,,,9.541796875,9.307128906,18.84892578,94.8203125,0.375,0,95.1953125,0.375,0.4453125,8,1.09375,2.244140625,0,0.2978515625,3.337890625,120000,62.532157,1.919012645,0.008633,1.658669,0,1.667302
137,ss[policy=static q=2n],ss,120000,601,1,1,1,0.75,0.0007708241568,1,400,400,,,,,0,0,0,0,0,,,,,,,,,,0,,,,,,,,,,8,1,8,1,0.07021666667,0,0,0,0,8.333333333e-06,0,2.5e-05,,,,18.790625,18.646875,37.4375,188.5703125,0.375,0,188.9453125,0.375,0.4453125,8,1.09375,1.65625,0,0.2978515625,2.75,120000,59.591881,2.013697134,0.011676,4.17563,0,4.187306
137,ss[policy=static q=4n],ss,120000,601,1,1,1,0,0,1,800,800,,,,,0,0,0,0,0,,,,,,,,,,0,,,,,,,,,,8,1,8,1,0.07016666667,0,0,0,0,0,0,0,,,,36.94609375,37.37001953,74.31611328,376.0078125,0.3125,0,376.3203125,0.3125,0.3828125,8,1.09375,1.65625,0,0.322265625,2.75,120000,58.221013,2.06111151,0.061765,8.000691,0,8.062456
138,ss[policy=static q=n],ss,120000,601,1,1,1,5.25,0.005256355945,1,200,200,,,,,0,0,0,0,0,,,,,,,,,,0,,,,,,,,,,13,1,8,1,0.0705,5,0.022625,0,0,0.001548717949,0.003728333333,0.003875,,,,9.5328125,9.3078125,18.840625,94.8203125,0.375,0,95.1953125,0.375,0.4453125,8,1.09375,2.076171875,0,0.2978515625,3.169921875,120000,67.469842,1.778572418,0.003879,1.207433,0,1.211312
138,ss[policy=static q=2n],ss,120000,601,1,1,1,0.375,0.0004116728046,1,400,400,,,,,0,0,0,0,0,,,,,,,,,,0,,,,,,,,,,8,1,8,1,0.070175,0,0,0,0,8.333333333e-06,0,4.166666667e-05,,,,18.790625,18.64267578,37.43330078,188.4765625,0.28125,0,188.7578125,0.28125,0.3515625,8,1.09375,1.65625,0,0.3466796875,2.75,120000,65.352554,1.836194497,0.007745,1.950397,0,1.958142
138,ss[policy=static q=4n],ss,120000,601,1,1,1,0,0,1,800,800,,,,,0,0,0,0,0,,,,,,,,,,0,,,,,,,,,,8,1,8,1,0.07015,0,0,0,0,0,0,0,,,,36.9484375,37.35908203,74.30751953,376.0390625,0.34375,0,376.3828125,0.34375,0.4140625,8,1.09375,1.65625,0,0.322265625,2.75,120000,58.047249,2.067281431,0.008321,3.704988,0,3.713309
139,ss[policy=static q=n],ss,120000,601,1,1,1,5.5,0.005458590653,1,200,200,,,,,0,0,0,0,0,,,,,,,,,,0,,,,,,,,,,19,1,8,1,0.07049166667,11,0.04714166667,0,0,0.002306578947,0.003867424242,0.004466666667,,,,9.5328125,9.3078125,18.840625,94.8203125,0.375,0,95.1953125,0.375,0.4453125,8,1.09375,2.580078125,0,0.2978515625,3.673828125,120000,57.143401,2.099980013,0.004551,0.796763,0,0.801314
139,ss[policy=static q=2n],ss,120000,601,1,1,1,0.625,0.0006070712787,1,400,400,,,,,0,0,0,0,0,,,,,,,,,,0,,,,,,,,,,8,1,8,1,0.07016666667,0,0,0,0,6.25e-06,0,3.333333333e-05,,,,18.7890625,18.65419922,37.44326172,188.5390625,0.34375,0,188.8828125,0.34375,0.4140625,8,1.09375,1.65625,0,0.322265625,2.75,120000,54.332701,2.208614661,0.018965,1.69586,0,1.714825
139,ss[policy=static q=4n],ss,120000,601,1,1,1,0.125,0.0001201923077,1,800,800,,,,,0,0,0,0,0,,,,,,,,,,0,,,,,,,,,,8,1,8,1,0.07013333333,0,0,0,0,1.041666667e-06,0,8.333333333e-06,,,,36.94609375,37.36181641,74.30791016,376.0703125,0.375,0,376.4453125,0.375,0.4453125,8,1.09375,1.65625,0,0.2978515625,2.75,120000,51.735776,2.319478111,0.022535,5.155395,0,5.17793
140,ss[policy=static q=n],ss,120000,601,0.4166666667,1,0.5882352941,15.55,0.0246490343,1,200,200,,,,,0,0,0,0,0,,,,,,,,,,0,,,,,,,,,,98,1,3,1,0.0168,95,0.4939083333,0,0,0.001401190476,0.001430964912,0.003291666667,,,,9.517578125,8.782617187,18.30019531,97.39355469,2.0625,0,99.45605469,2.0625,3.018554688,96,1.09375,9.21484375,0,2.64453125,10.30859375,120000,32.373375,3.70674976,0.006217,0.877976,0,0.884193
140,ss[policy=static q=2n],ss,120000,601,1,1,1,0,0,1,400,400,,,,,0,0,0,0,0,,,,,,,,,,0,,,,,,,,,,40,1,40,1,0.2109416667,0,0,0,0,2.083333333e-07,0,8.333333333e-06,,,,18.803125,18.08525391,36.88837891,189.6630859,1.15625,0,190.8193359,1.15625,1.538085938,40,1.09375,4.34375,0,1.173828125,5.4375,120000,25.25214,4.752072498,0.013172,1.600883,0,1.614055
140,ss[policy=static q=4n],ss,120000,601,1,1,1,0,0,1,800,800,,,,,0,0,0,0,0,,,,,,,,,,0,,,,,,,,,,40,1,40,1,0.2109416667,0,0,0,0,0,0,0,,,,28.959375,37.3609375,66.3203125,377.1630859,1.15625,0,378.3193359,1.15625,1.538085938,40,1.09375,4.34375,0,1.149414062,5.4375,120000,23.876071,5.025952553,0.008202,6.933129,0,6.941331
141,ss[policy=static q=n],ss,120000,601,0.412371134,1,0.5839416058,15.825,0.0251013592,1,200,200,,,,,0,0,0,0,0,,,,,,,,,,0,,,,,,,,,,97,1,4,1,0.022125,93,0.4839666667,0,0,0.001345876289,0.001385035842,0.00285,,,,9.517773438,8.785742188,18.30351563,97.48242188,2.140625,0,99.62304688,2.140625,3.107421875,97,1.09375,9.130859375,0,2.7421875,10.22460938,120000,30.089235,3.988137286,0.003417,0.854945,0,0.858362
141,ss[policy=static q=2n],ss,120000,601,1,1,1,0.025,3.987240829e-05,1,400,400,,,,,0,0,0,0,0,,,,,,,,,,0,,,,,,,,,,40,1,40,1,0.2109583333,0,0,0,0,6.25e-07,0,8.333333333e-06,,,,18.8046875,18.08251953,36.88720703,189.7255859,1.21875,0,190.9443359,1.21875,1.600585938,40,1.09375,4.34375,0,1.174804688,5.4375,120000,25.024792,4.795244652,0.013432,2.082757,0,2.096189
141,ss[policy=static q=4n],ss,120000,601,1,1,1,0,0,1,800,800,,,,,0,0,0,0,0,,,,,,,,,,0,,,,,,,,,,40,1,40,1,0.21095,0,0,0,0,0,0,0,,,,28.9609375,36.73232422,65.69326172,377.1630859,1.15625,0,378.3193359,1.15625,1.538085938,40,1.09375,4.34375,0,1.149414062,5.4375,120000,22.926854,5.234036907,0.026699,4.772053,0,4.798752
142,ss[policy=static q=n],ss,120000,601,0.412371134,1,0.5839416058,14.975,0.02382599173,1,200,200,,,,,0,0,0,0,0,,,,,,,,,,0,,,,,,,,,,100,1,3,1,0.01658333333,97,0.5036416667,0,0,0.001436666667,0.001466151203,0.0034,,,,9.51796875,8.783496094,18.30146484,97.35546875,2.015625,0,99.37109375,2.015625,2.98046875,97,1.09375,9.3828125,0,2.666992188,10.4765625,120000,23.36935,5.13493101,0.011661,1.081524,0,1.093185
142,ss[policy=static q=2n],ss,120000,601,1,1,1,0,0,1,400,400,,,,,0,0,0,0,0,,,,,,,,,,0,,,,,,,,,,40,1,40,1,0.2109333333,0,0,0,0,6.25e-07,0,8.333333333e-06,,,,18.8046875,18.08457031,36.88925781,189.6943359,1.1875,0,190.8818359,1.1875,1.569335938,40,1.09375,4.34375,0,1.221679688,5.4375,120000,18.815705,6.37765101,0.012839,1.886573,0,1.899412
142,ss[policy=static q=4n],ss,120000,601,1,1,1,0,0,1,800,800,,,,,0,0,0,0,0,,,,,,,,,,0,,,,,,,,,,40,1,40,1,0.2109333333,0,0,0,0,0,0,0,,,,28.9609375,36.71992187,65.68085937,377.1005859,1.09375,0,378.1943359,1.09375,1.475585938,40,1.09375,4.34375,0,1.19921875,5.4375,120000,15.499206,7.742332091,0.009088,3.823469,0,3.832557
143,ss[policy=static q=n],ss,120000,601,0.412371134,1,0.5839416058,15.525,0.02463571901,1,200,200,,,,,0,0,0,0,0,,,,,,,,,,0,,,,,,,,,,99,1,2,1,0.01121666667,97,0.5046,0,0,0.001435521886,0.001453006873,0.002641666667,,,,9.516210938,8.77890625,18.29511719,97.41601562,2.078125,0,99.49414062,2.078125,3.041015625,97,1.09375,9.298828125,0,2.838867188,10.39257812,120000,40.833408,2.938770136,0.006732,1.623218,0,1.62995
143,ss[policy=static q=2n],ss,120000,601,1,1,1,0.025,3.81097561e-05,1,400,400,,,,,0,0,0,0,0,,,,,,,,,,0,,,,,,,,,,40,1,40,1,0.2109083333,0,0,0,0,2.083333333e-07,0,8.333333333e-06,,,,18.803125,18.95732422,37.76044922,189.6318359,1.125,0,190.7568359,1.125,1.506835938,40,1.09375,4.34375,0,1.174804688,5.4375,120000,33.702471,3.560569787,0.019277,3.780478,0,3.799755
143,ss[policy=static q=4n],ss,120000,601,1,1,1,0,0,1,800,800,,,,,0,0,0,0,0,,,,,,,,,,0,,,,,,,,,,40,1,40,1,0.2109,0,0,0,0,0,0,0,,,,28.959375,36.71210937,65.67148438,377.1630859,1.15625,0,378.3193359,1.15625,1.538085938,40,1.09375,4.34375,0,1.1484375,5.4375,120000,29.580266,4.056758651,0.031934,8.243112,0,8.275046
144,ss[policy=static q=n],ss,120000,601,0.4545454545,1,0.625,16.525,0.02625234605,1,200,200,,,,,0,0,0,0,0,,,,,,,,,,0,,,,,,,,,,93,1,2,1,0.01115,91,0.4735666667,0,0,0.001426612903,0.001446794872,0.003033333333,,,,9.517578125,8.779882813,18.29746094,97.09082031,1.84375,0,98.93457031,1.84375,2.715820312,88,1.09375,8.794921875,0,2.682617188,9.888671875,120000,34.596428,3.468566177,0.011642,1.01426,0,1.025902
144,ss[policy=static q=2n],ss,120000,601,1,1,1,0,0,1,400,400,,,,,0,0,0,0,0,,,,,,,,,,0,,,,,,,,,,40,1,40,1,0.2108666667,0,0,0,0,0,0,0,,,,18.80390625,18.07763672,36.88154297,189.5693359,1.0625,0,190.6318359,1.0625,1.444335938,40,1.09375,4.34375,0,1.174804688,5.4375,120000,27.887328,4.303029677,0.023469,2.01828,0,2.041749
144,ss[policy=static q=4n],ss,120000,601,1,1,1,0,0,1,800,800,,,,,0,0,0,0,0,,,,,,,,,,0,,,,,,,,,,40,1,40,1,0.2108666667,0,0,0,0,0,0,0,,,,28.96015625,37.94267578,66.90283203,377.1943359,1.1875,0,378.3818359,1.1875,1.569335938,40,1.09375,4.34375,0,1.125,5.4375,120000,23.761149,5.050260827,0.039586,4.114918,0,4.154504
145,ss[policy=static q=n],ss,120000,601,1,1,1,5.25,0.005231364038,1,200,200,,,,,0,0,0,0,0,,,,,,,,,,0,,,,,,,,,,16,1,8,1,0.070475,8,0.03368333333,0,0,0.002128645833,0.003996875,0.004383333333,,,,9.5328125,9.304199219,18.83701172,94.7578125,0.3125,0,95.0703125,0.3125,0.3828125,8,1.09375,2.328125,0,0.322265625,3.421875,120000,68.983574,1.739544547,0.004584,0.880739,0,0.885323
145,ss[policy=static q=2n],ss,120000,601,1,1,1,0.125,0.0001119068935,1,400,400,,,,,0,0,0,0,0,,,,,,,,,,0,,,,,,,,,,8,1,8,1,0.07013333333,0,0,0,0,7.291666667e-06,0,2.5e-05,,,,18.79140625,18.63544922,37.42685547,188.5390625,0.34375,0,188.8828125,0.34375,0.4140625,8,1.09375,1.65625,0,0.322265625,2.75,120000,69.898238,1.716781473,0.015844,1.964397,0,1.980241
145,ss[policy=static q=4n],ss,120000,601,1,1,1,0,0,1,800,800,,,,,0,0,0,0,0,,,,,,,,,,0,,,,,,,,,,8,1,8,1,0.070125,0,0,0,0,0,0,0,,,,36.9484375,37.36865234,74.31708984,376.0390625,0.34375,0,376.3828125,0.34375,0.4140625,8,1.09375,1.65625,0,0.322265625,2.75,120000,66.469899,1.805328454,0.016808,4.465628,0,4.482436
146,ss[policy=static q=n],ss,120000,601,1,1,1,5.75,0.005555762772,1,200,200,,,,,0,0,0,0,0,,,,,,,,,,0,,,,,,,,,,18,1,8,1,0.07051666667,10,0.04465,0,0,0.002201851852,0.003821666667,0.004116666667,,,,9.5328125,9.308398437,18.84121094,94.7890625,0.34375,0,95.1328125,0.34375,0.4140625,8,1.09375,2.49609375,0,0.322265625,3.58984375,120000,55.641566,2.156661083,0.027722,1.391523,0,1.419245
146,ss[policy=static q=2n],ss,120000,601,1,1,1,0.5,0.0004825011675,1,400,400,,,,,0,0,0,0,0,,,,,,,,,,0,,,,,,,,,,8,1,8,1,0.07016666667,0,0,0,0,7.291666667e-06,0,1.666666667e-05,,,,18.78984375,18.64365234,37.43349609,188.4765625,0.28125,0,188.7578125,0.28125,0.3515625,8,1.09375,1.65625,0,0.37109375,2.75,120000,53.303529,2.251258073,0.006333,1.912332,0,1.918665
146,ss[policy=static q=4n],ss,120000,601,1,1,1,0,0,1,800,800,,,,,0,0,0,0,0,,,,,,,,,,0,,,,,,,,,,8,1,8,1,0.07013333333,0,0,0,0,0,0,0,,,,36.94609375,37.35146484,74.29755859,376.0390625,0.34375,0,376.3828125,0.34375,0.4140625,8,1.09375,1.65625,0,0.322265625,2.75,120000,51.015037,2.352247632,0.020181,3.913474,0,3.933655
147,ss[policy=static q=n],ss,120000,601,1,1,1,5.5,0.005369423824,1,200,200,,,,,0,0,0,0,0,,,,,,,,,,0,,,,,,,,,,18,1,8,1,0.07053333333,10,0.04181666667,0,0,0.002253703704,0.003889166667,0.00435,,,,9.551171875,9.310839844,18.86201172,94.7890625,0.34375,0,95.1328125,0.34375,0.4140625,8,1.09375,2.49609375,0,0.322265625,3.58984375,120000,64.349901,1.864804734,0.009898,0.801578,0,0.811476
147,ss[policy=static q=2n],ss,120000,601,1,1,1,0.125,0.0001398210291,1,400,400,,,,,0,0,0,0,0,,,,,,,,,,0,,,,,,,,,,8,1,8,1,0.070175,0,0,0,0,4.166666667e-06,0,1.666666667e-05,,,,18.7890625,18.65019531,37.43925781,188.5078125,0.3125,0,188.8203125,0.3125,0.3828125,8,1.09375,1.65625,0,0.3466796875,2.75,120000,63.010447,1.904446099,0.012141,1.791983,0,1.804124
147,ss[policy=static q=4n],ss,120000,601,1,1,1,0,0,1,800,800,,,,,0,0,0,0,0,,,,,,,,,,0,,,,,,,,,,8,1,8,1,0.07016666667,0,0,0,0,0,0,0,,,,36.9484375,37.36953125,74.31796875,376.0390625,0.34375,0,376.3828125,0.34375,0.4140625,8,1.09375,1.65625,0,0.322265625,2.75,120000,62.560334,1.918148327,0.018022,5.03935,0,5.057372
148,ss[policy=static q=n],ss,120000,601,1,1,1,7.125,0.007087228726,1,200,200,,,,,0,0,0,0,0,,,,,,,,,,0,,,,,,,,,,17,1,8,1,0.070625,9,0.0411,0,0,0.002119117647,0.003817592593,0.004208333333,,,,9.5328125,9.304296875,18.83710938,94.8203125,0.375,0,95.1953125,0.375,0.4453125,8,1.09375,2.412109375,0,0.2978515625,3.505859375,120000,75.380701,1.591919396,0.008906,0.914765,0,0.923671
148,ss[policy=static q=2n],ss,120000,601,1,1,1,0.25,0.000244026672,1,400,400,,,,,0,0,0,0,0,,,,,,,,,,0,,,,,,,,,,8,1,8,1,0.07016666667,0,0,0,0,7.291666667e-06,0,2.5e-05,,,,18.790625,18.64951172,37.44013672,188.5390625,0.34375,0,188.8828125,0.34375,0.4140625,8,1.09375,1.65625,0,0.322265625,2.75,120000,74.458732,1.61163099,0.005397,1.742797,0,1.748194
148,ss[policy=static q=4n],ss,120000,601,1,1,1,0,0,1,800,800,,,,,0,0,0,0,0,,,,,,,,,,0,,,,,,,,,,8,1,8,1,0.07015,0,0,0,0,0,0,0,,,,36.946875,37.36044922,74.30732422,376.0078125,0.3125,0,376.3203125,0.3125,0.3828125,8,1.09375,1.65625,0,0.322265625,2.75,120000,71.104353,1.687660388,0.013389,3.665268,0,3.678657
149,ss[policy=static q=n],ss,120000,601,1,1,1,5.625,0.005507974322,1,200,200,,,,,0,0,0,0,0,,,,,,,,,,0,,,,,,,,,,18,1,8,1,0.0705,10,0.04176666667,0,0,0.002300462963,0.003976666667,0.0043,,,,9.5234375,9.305664062,18.82910156,94.7578125,0.3125,0,95.0703125,0.3125,0.3828125,8,1.09375,2.49609375,0,0.322265625,3.58984375,120000,52.187091,2.299419218,0.014589,0.791653,0,0.806242
149,ss[policy=static q=2n],ss,120000,601,1,1,1,0.375,0.0003856925739,1,400,400,,,,,0,0,0,0,0,,,,,,,,,,0,,,,,,,,,,8,1,8,1,0.07015,0,0,0,0,8.333333333e-06,0,2.5e-05,,,,18.790625,18.96533203,37.75595703,188.4765625,0.28125,0,188.7578125,0.28125,0.3515625,8,1.09375,1.65625,0,0.322265625,2.75,120000,49.442291,2.427071998,0.004827,1.659513,0,1.66434
149,ss[policy=static q=4n],ss,120000,601,1,1,1,0,0,1,800,800,,,,,0,0,0,0,0,,,,,,,,,,0,,,,,,,,,,8,1,8,1,0.070125,0,0,0,0,0,0,0,,,,36.94765625,37.37265625,74.3203125,376.0078125,0.3125,0,376.3203125,0.3125,0.3828125,8,1.09375,1.65625,0,0.3466796875,2.75,120000,46.943674,2.556254971,0.018567,3.591261,0,3.609828
150,ss[policy=static q=n],ss,120000,601,0.625,1,0.7692307692,15.5,0.02123188161,1,200,200,,,,,0,0,0,0,0,,,,,,,,,,0,,,,,,,,,,55,1,17,1,0.1101166667,38,0.18545,0,0,0.002229545455,0.002968859649,0.003991666667,,,,9.638476562,9.064648438,18.703125,95.64746094,0.96875,0,96.61621094,0.96875,1.272460938,32,1.09375,5.603515625,0,0.9375,6.697265625,120000,42.947921,2.794081697,0.010677,0.891584,0,0.902261
150,ss[policy=static q=2n],ss,120000,601,1,1,1,0.7,0.0009413686004,1,400,400,,,,,0,0,0,0,0,,,,,,,,,,0,,,,,,,,,,20,1,20,1,0.1250916667,0,0,0,0,1.75e-05,0,6.666666667e-05,,,,18.78984375,18.36953125,37.159375,189.0302734,0.71875,0,189.7490234,0.71875,0.9052734375,20,1.09375,2.6640625,0,0.6279296875,3.7578125,120000,39.256397,3.056826636,0.013519,2.515076,0,2.528595
150,ss[policy=static q=4n],ss,120000,601,1,1,1,0,0,1,800,800,,,,,0,0,0,0,0,,,,,,,,,,0,,,,,,,,,,20,1,20,1,0.124975,0,0,0,0,0,0,0,,,,36.94570313,37.05371094,73.99941406,376.4990234,0.6875,0,377.1865234,0.6875,0.8740234375,20,1.09375,2.6640625,0,0.630859375,3.7578125,120000,37.20432,3.225431885,0.009041,3.590821,0,3.599862
151,ss[policy=static q=n],ss,120000,601,0.5128205128,1,0.6779661017,16.3,0.02235568431,1,200,200,,,,,0,0,0,0,0,,,,,,,,,,0,,,,,,,,,,56,1,15,1,0.098275,41,0.206525,0,0,0.002279166667,0.002901626016,0.004041666667,,,,9.61015625,9.066699219,18.67685547,95.85644531,1.109375,0,96.96582031,1.109375,1.481445312,39,1.09375,5.6875,0,1.176757812,6.78125,120000,55.397181,2.166175207,0.012046,0.796809,0,0.808855
151,ss[policy=static q=2n],ss,120000,601,1,1,1,0.95,0.00131967982,1,400,400,,,,,0,0,0,0,0,,,,,,,,,,0,,,,,,,,,,20,1,20,1,0.125125,0,0,0,0,1.875e-05,0,6.666666667e-05,,,,18.78867187,18.37216797,37.16083984,189.0302734,0.71875,0,189.7490234,0.71875,0.9052734375,20,1.09375,2.6640625,0,0.62890625,3.7578125,120000,48.967836,2.450588178,0.012259,1.653474,0,1.665733
151,ss[policy=static q=4n],ss,120000,601,1,1,1,0,0,1,800,800,,,,,0,0,0,0,0,,,,,,,,,,0,,,,,,,,,,20,1,20,1,0.1249666667,0,0,0,0,4.166666667e-07,0,8.333333333e-06,,,,36.9453125,37.06523438,74.01054688,376.5927734,0.78125,0,377.3740234,0.78125,0.9677734375,20,1.09375,2.6640625,0,0.6298828125,3.7578125,120000,47.456374,2.528638197,0.021712,4.321296,0,4.343008
152,ss[policy=static q=n],ss,120000,601,0.5405405405,1,0.701754386,15.3,0.02089193041,1,200,200,,,,,0,0,0,0,0,,,,,,,,,,0,,,,,,,,,,54,1,16,1,0.1041083333,38,0.1907083333,0,0,0.002172067901,0.002869736842,0.004108333333,,,,9.657617187,9.065917969,18.72353516,95.89941406,1.171875,0,97.07128906,1.171875,1.524414062,37,1.09375,5.51953125,0,1.078125,6.61328125,120000,46.741568,2.567307969,0.003783,0.836214,0,0.839997
152,ss[policy=static q=2n],ss,120000,601,1,1,1,0.7,0.0009570538825,1,400,400,,,,,0,0,0,0,0,,,,,,,,,,0,,,,,,,,,,20,1,20,1,0.1250583333,0,0,0,0,1.75e-05,0,5.833333333e-05,,,,18.78945313,18.37519531,37.16464844,188.9990234,0.6875,0,189.6865234,0.6875,0.8740234375,20,1.09375,2.6640625,0,0.6298828125,3.7578125,120000,42.920198,2.79588645,0.015003,1.606729,0,1.621732
152,ss[policy=static q=4n],ss,120000,601,1,1,1,0,0,1,800,800,,,,,0,0,0,0,0,,,,,,,,,,0,,,,,,,,,,20,1,20,1,0.1249416667,0,0,0,0,0,0,0,,,,36.94648437,37.06875,74.01523438,376.4990234,0.6875,0,377.1865234,0.6875,0.8740234375,20,1.09375,2.6640625,0,0.630859375,3.7578125,120000,40.637329,2.952949983,0.00842,3.570165,0,3.578585
153,ss[policy=static q=n],ss,120000,601,0.6451612903,1,0.7843137255,17.6,0.02419733211,1,200,200,,,,,0,0,0,0,0,,,,,,,,,,0,,,,,,,,,,57,1,16,1,0.104475,41,0.2005416667,0,0,0.002292105263,0.002980894309,0.003883333333,,,,9.648046875,9.064550781,18.71259766,95.65332031,0.984375,0,96.63769531,0.984375,1.278320312,31,1.09375,5.771484375,0,0.9375,6.865234375,120000,38.787219,3.093802626,0.005829,1.363665,0,1.369494
153,ss[policy=static q=2n],ss,120000,601,1,1,1,0.9,0.001232443955,1,400,400,,,,,0,0,0,0,0,,,,,,,,,,0,,,,,,,,,,20,1,20,1,0.1251583333,0,0,0,0,2.208333333e-05,0,5.833333333e-05,,,,18.78945313,18.68857422,37.47802734,189.0302734,0.71875,0,189.7490234,0.71875,0.9052734375,20,1.09375,2.6640625,0,0.6298828125,3.7578125,120000,35.076469,3.421096918,0.007709,2.856408,0,2.864117
153,ss[policy=static q=4n],ss,120000,601,1,1,1,0.05,7.204610951e-05,1,800,800,,,,,0,0,0,0,0,,,,,,,,,,0,,,,,,,,,,20,1,20,1,0.1250166667,0,0,0,0,4.166666667e-07,0,8.333333333e-06,,,,36.94648437,37.06318359,74.00966797,376.4052734,0.59375,0,376.9990234,0.59375,0.7802734375,20,1.09375,2.6640625,0,0.6787109375,3.7578125,120000,32.697411,3.670015342,0.021268,6.382984,0,6.404252
154,ss[policy=static q=n],ss,120000,601,0.5128205128,1,0.6779661017,15.1,0.02063241217,1,200,200,,,,,0,0,0,0,0,,,,,,,,,,0,,,,,,,,,,57,1,18,1,0.11585,39,0.1913583333,0,0,0.002286549708,0.003082478632,0.003941666667,,,,9.609765625,9.063183594,18.67294922,95.85644531,1.109375,0,96.96582031,1.109375,1.481445312,39,1.09375,5.771484375,0,1.15234375,6.865234375,120000,71.30445,1.682924418,0.009042,1.252406,0,1.261448
154,ss[policy=static q=2n],ss,120000,601,1,1,1,0.7,0.0009549323701,1,400,400,,,,,0,0,0,0,0,,,,,,,,,,0,,,,,,,,,,20,1,20,1,0.125125,0,0,0,0,1.458333333e-05,0,4.166666667e-05,,,,18.7890625,18.67451172,37.46357422,188.9677734,0.65625,0,189.6240234,0.65625,0.8427734375,20,1.09375,2.6640625,0,0.654296875,3.7578125,120000,63.384616,1.893203865,0.018876,1.884048,0,1.902924
154,ss[policy=static q=4n],ss,120000,601,1,1,1,0,0,1,800,800,,,,,0,0,0,0,0,,,,,,,,,,0,,,,,,,,,,20,1,20,1,0.1250083333,0,0,0,0,0,0,0,,,,36.94492187,37.07255859,74.01748047,376.5927734,0.78125,0,377.3740234,0.78125,0.9677734375,20,1.09375,2.6640625,0,0.60546875,3.7578125,120000,58.446412,2.053162819,0.009266,6.752149,0,6.761415
155,ss[policy=static q=n],ss,120000,601,0.6451612903,1,0.7843137255,17.25,0.02367992126,1,200,200,,,,,0,0,0,0,0,,,,,,,,,,0,,,,,,,,,,57,1,16,1,0.1044666667,41,0.1990166667,0,0,0.002298391813,0.002968292683,0.004,,,,9.629296875,9.212304687,18.84160156,95.55957031,0.890625,0,96.45019531,0.890625,1.184570312,31,1.09375,5.771484375,0,0.990234375,6.865234375,120000,52.664293,2.278583708,0.004848,0.863123,0,0.867971
155,ss[policy=static q=2n],ss,120000,601,1,1,1,0.45,0.000601644962,1,400,400,,,,,0,0,0,0,0,,,,,,,,,,0,,,,,,,,,,20,1,20,1,0.1251166667,0,0,0,0,1.458333333e-05,0,5.833333333e-05,,,,18.7890625,18.684375,37.4734375,189.0302734,0.71875,0,189.7490234,0.71875,0.9052734375,20,1.09375,2.6640625,0,0.654296875,3.7578125,120000,48.40773,2.478942929,0.016734,1.916399,0,1.933133
155,ss[policy=static q=4n],ss,120000,601,1,1,1,0,0,1,800,800,,,,,0,0,0,0,0,,,,,,,,,,0,,,,,,,,,,20,1,20,1,0.1250416667,0,0,0,0,0,0,0,,,,36.94648437,37.06513672,74.01162109,376.4677734,0.65625,0,377.1240234,0.65625,0.8427734375,20,1.09375,2.6640625,0,0.65625,3.7578125,120000,46.32616,2.590329093,0.01685,4.4052,0,4.42205
156,ss[policy=static q=n],ss,120000,601,0.6451612903,1,0.7843137255,15,0.02035050457,1,200,200,,,,,0,0,0,0,0,,,,,,,,,,0,,,,,,,,,,51,1,17,1,0.1100833333,34,0.1661916667,0,0,0.002104575163,0.002888480392,0.003916666667,,,,9.646875,9.059570312,18.70644531,95.65332031,0.984375,0,96.63769531,0.984375,1.278320312,31,1.09375,5.267578125,0,0.9638671875,6.361328125,120000,47.825412,2.50912632,0.008759,1.172791,0,1.18155
156,ss[policy=static q=2n],ss,120000,601,1,1,1,0.55,0.0007182012287,1,400,400,,,,,0,0,0,0,0,,,,,,,,,,0,,,,,,,,,,20,1,20,1,0.1249916667,0,0,0,0,1.291666667e-05,0,5.833333333e-05,,,,18.78828125,18.37822266,37.16650391,189.0302734,0.71875,0,189.7490234,0.71875,0.9052734375,20,1.09375,2.6640625,0,0.62890625,3.7578125,120000,44.114799,2.720175604,0.013257,2.956969,0,2.970226
156,ss[policy=static q=4n],ss,120000,601,1,1,1,0,0,1,800,800,,,,,0,0,0,0,0,,,,,,,,,,0,,,,,,,,,,20,1,20,1,0.1249,0,0,0,0,0,0,0,,,,36.94453125,37.06591797,74.01044922,376.4990234,0.6875,0,377.1865234,0.6875,0.8740234375,20,1.09375,2.6640625,0,0.654296875,3.7578125,120000,41.293452,2.90602975,0.031385,4.309817,0,4.341202
157,ss[policy=static q=n],ss,120000,601,0.5714285714,1,0.7272727273,14.25,0.01952743516,1,200,200,,,,,0,0,0,0,0,,,,,,,,,,0,,,,,,,,,,56,1,18,1,0.115825,38,0.1870833333,0,0,0.002144940476,0.002911622807,0.003908333333,,,,9.61875,9.062792969,18.68154297,95.75488281,1.046875,0,96.80175781,1.046875,1.379882812,35,1.09375,5.6875,0,1.056640625,6.78125,120000,67.750793,1.771196981,0.004704,1.094576,0,1.09928
157,ss[policy=static q=2n],ss,120000,601,1,1,1,0.75,0.001033788687,1,400,400,,,,,0,0,0,0,0,,,,,,,,,,0,,,,,,,,,,20,1,20,1,0.1251333333,0,0,0,0,1.416666667e-05,0,3.333333333e-05,,,,18.790625,18.36787109,37.15849609,189.0615234,0.75,0,189.8115234,0.75,0.9365234375,20,1.09375,2.6640625,0,0.62890625,3.7578125,120000,63.203509,1.898628761,0.019483,2.444337,0,2.46382
157,ss[policy=static q=4n],ss,120000,601,1,1,1,0,0,1,800,800,,,,,0,0,0,0,0,,,,,,,,,,0,,,,,,,,,,20,1,20,1,0.1250083333,0,0,0,0,0,0,0,,,,36.946875,37.0625,74.009375,376.4990234,0.6875,0,377.1865234,0.6875,0.8740234375,20,1.09375,2.6640625,0,0.630859375,3.7578125,120000,58.37078,2.055823136,0.015264,4.199232,0,4.214496
158,ss[policy=static q=n],ss,120000,601,0.5714285714,1,0.7272727273,14.35,0.01955780726,1,200,200,,,,,0,0,0,0,0,,,,,,,,,,0,,,,,,,,,,55,1,17,1,0.1102166667,38,0.1850666667,0,0,0.002198636364,0.002949561404,0.004066666667,,,,9.627929688,9.072167969,18.70009766,95.69238281,0.984375,0,96.67675781,0.984375,1.317382812,35,1.09375,5.603515625,0,1.0078125,6.697265625,120000,52.190306,2.299277571,0.004467,0.833566,0,0.838033
158,ss[policy=static q=2n],ss,120000,601,1,1,1,0.85,0.001155795982,1,400,400,,,,,0,0,0,0,0,,,,,,,,,,0,,,,,,,,,,20,1,20,1,0.1252166667,0,0,0,0,1.333333333e-05,0,4.166666667e-05,,,,18.78828125,18.37890625,37.1671875,188.9677734,0.65625,0,189.6240234,0.65625,0.8427734375,20,1.09375,2.6640625,0,0.6796875,3.7578125,120000,47.443556,2.529321369,0.011408,2.429016,0,2.440424
158,ss[policy=static q=4n],ss,120000,601,1,1,1,0,0,1,800,800,,,,,0,0,0,0,0,,,,,,,,,,0,,,,,,,,,,20,1,20,1,0.125075,0,0,0,0,0,0,0,,,,36.94492187,37.05800781,74.00292969,376.4990234,0.6875,0,377.1865234,0.6875,0.8740234375,20,1.09375,2.6640625,0,0.6298828125,3.7578125,120000,44.622597,2.689220441,0.021816,4.197828,0,4.219644
159,ss[policy=static q=n],ss,120000,601,0.5405405405,1,0.701754386,16.5,0.02253487621,1,200,200,,,,,0,0,0,0,0,,,,,,,,,,0,,,,,,,,,,52,1,15,1,0.09845833333,37,0.1861416667,0,0,0.002062019231,0.002694144144,0.003758333333,,,,9.6671875,9.213183594,18.88037109,95.80566406,1.078125,0,96.88378906,1.078125,1.430664062,37,1.09375,5.3515625,0,1.102539062,6.4453125,120000,50.657594,2.368845232,0.02472,1.355015,0,1.379735
159,ss[policy=static q=2n],ss,120000,601,1,1,1,0.8,0.001132857635,1,400,400,,,,,0,0,0,0,0,,,,,,,,,,0,,,,,,,,,,20,1,20,1,0.1251583333,0,0,0,0,1.916666667e-05,0,4.166666667e-05,,,,18.7890625,18.37861328,37.16767578,189.0615234,0.75,0,189.8115234,0.75,0.9365234375,20,1.09375,2.6640625,0,0.6533203125,3.7578125,120000,46.452611,2.583277827,0.035929,3.742402,0,3.778331
159,ss[policy=static q=4n],ss,120000,601,1,1,1,0,0,1,800,800,,,,,0,0,0,0,0,,,,,,,,,,0,,,,,,,,,,20,1,20,1,0.125025,0,0,0,0,0,0,0,,,,36.9453125,37.06435547,74.00966797,376.4990234,0.6875,0,377.1865234,0.6875,0.8740234375,20,1.09375,2.6640625,0,0.62890625,3.7578125,120000,43.340879,2.768748645,0.016663,6.095618,0,6.112281
