window,method,method_type,N_global,threshold,hh_precision,hh_recall,hh_f1,aae,are,topk_overlap,q_current,q_next,q_head_current,q_tail_current,q_head_next,q_tail_next,head_overlap_count,head_added_count,head_removed_count,head_full_update_bytes,head_delta_update_bytes,head_delta_ratio,head_delta_selected,head_update_apply_ms,margin_alpha,service_violation,q_up,q_baseline,probe_issued,probe_failed,q_req_unclipped,q_req,q_eff_replay,q_eff_pred,q_eff_pred_tilde,miss_req,miss_eff,over_req,over_eff,calib_bias,candidate_count,candidate_hh_recall,cert_pos_count,cert_pos_precision,cert_pos_mass,ambiguous_count,ambiguous_mass,cert_neg_count,cert_neg_mass,interval_width_avg,interval_width_amb_avg,interval_width_max,completeness_certified,unseen_mass_ub,unseen_ub_over_threshold,mem_worker_algo_kib,mem_worker_key_kib,mem_worker_total_kib,report_volume_kib,control_volume_kib,head_update_volume_kib,total_communication_kib,key_request_volume_kib,key_reply_volume_kib,key_resolution_count,mem_coord_ingress_kib,mem_coord_work_kib,mem_coord_control_peak_kib,mem_coord_resolution_peak_kib,mem_coord_peak_kib,update_events,update_ms,update_mops,report_prepare_ms,reduce_ms,control_ms,aggregation_ms
0,hl,hl,2173255,3623,1,0.5128205128,0.6779661017,6225.897436,0.3110068403,0.9375,48,,,,,,0,0,0,0,0,,,,,,,,,,0,,,,,,,,,,288,0.9230769231,0,1,0,20,0.06478024898,268,0.1426358159,0.0007201946696,0.003239012449,0.009385921118,,,,5.857421875,19.23330078,25.09072266,566.40625,0.4375,0,566.84375,0.4375,0.78125,20,5.078125,22.91210938,0,0.888671875,27.99023438,2173255,172.746074,12.58063324,0.003612,1.30898,0,1.312592
0,hl#1,hl,2173255,3623,1,0.7948717949,0.8857142857,939.6410256,0.1193605827,0.8298611111,96,,,,,,0,0,0,0,0,,,,,,,,,,0,,,,,,,,,,576,0.9743589744,0,1,0,31,0.1691136107,545,0.274093008,0.0007694559351,0.005455277764,0.0677895599,,,,11.48828125,37.99949219,49.48777344,1129.201172,0.546875,0,1129.748047,0.546875,1.076171875,31,5.078125,28.15234375,0,1.73046875,33.23046875,2173255,196.00798,11.08758429,0.010013,2.321829,0,2.331842
0,hl#2,hl,2173255,3623,1,1,1,65.64102564,0.01124459545,0.97,192,,,,,,0,0,0,0,0,,,,,,,,,,0,,,,,,,,,,1152,1,0,1,0,39,0.1946453592,1113,0.4183048009,0.0005320747917,0.004990906645,0.06779048018,,,,22.75,62.20738281,84.95738281,2254.459961,0.671875,0,2255.131836,0.671875,1.334960938,39,5.078125,40.1171875,0,2.1796875,45.1953125,2173255,199.130306,10.91373304,0.012035,4.752161,0,4.764196
0,hl#3,hl,2173255,3623,1,1,1,12.66666667,0.00216122201,0.9933333333,384,,,,,,0,0,0,0,0,,,,,,,,,,0,,,,,,,,,,2304,1,0,1,0,39,0.1955812825,2265,0.5287451312,0.0003143777837,0.005014904678,0.0677789767,,,,45.2734375,116.6201758,161.8936133,4504.428711,0.640625,0,4505.069336,0.640625,1.303710938,39,5.078125,61.390625,0,2.272460938,66.46875,2173255,189.768186,11.45215669,0.016118,8.952879,0,8.968997
0,ss[policy=difficulty],ss,2173255,3623,0.6511627907,0.7179487179,0.6829268293,1034.410256,0.1966532051,1,600,2803,,,,,0,0,0,0,0,,,,0.001167833503,1,2803,2803,0,0,2803,2803,2803,2803,2803,1,1,0.2140563682,0.2140563682,1.541515896,62,1,28,1,0.1731973468,34,0.05515045404,0,0,0.0006820896944,0.000803985131,0.001209246039,,,,23.7578125,38.33753906,62.09535156,1411.775391,5.1875,0,1416.962891,1.671875,2.400390625,43,5.46875,14.3984375,9.65625,1.256835938,19.8671875,2173255,210.283578,10.33487741,0.009179,18.060955,0.016666,18.0868
0,hybrid[head=topn-frontier reducer=streaming],hybrid,2173255,3623,0.6511627907,0.7179487179,0.6829268293,1034.410256,0.1966532051,1,600,1652,,600,600,1052,0,600,0,9640,9640,1,0,17.343888,0.001167833503,1,1052,1052,0,0,1052,1052,1052,1052,1052,1,1,0.5703422053,0.5703422053,0.5615187381,62,1,28,1,0.1731973468,34,0.05515045404,0,0,0.0006820896944,0.000803985131,0.001209246039,,,,23.9140625,38.33753906,62.25160156,1431.913086,953.90625,941.40625,2385.819336,12.5,22.53808594,600,5.46875,42.5234375,97.11328125,1.544921875,97.11328125,2173255,175.770841,12.36413837,0.07431,9.758904,0.494264,10.327478
1,hl,hl,2004657,3342,1,0.5217391304,0.6857142857,3344.673913,0.3488751068,0.9340277778,48,,,,,,0,0,0,0,0,,,,,,,,,,0,,,,,,,,,,288,0.8913043478,0,1,0,24,0.06192181505,264,0.1373461894,0.0006919027932,0.002580075627,0.008733663664,,,,5.857421875,19.69341797,25.55083984,566.6044922,0.5625,0,567.1669922,0.5625,0.9794921875,24,5.078125,23.06835938,0,1.138671875,28.14648438,2004657,152.54537,13.14138213,0.003113,1.32863,0,1.331743
1,hl#1,hl,2004657,3342,1,0.7608695652,0.8641975309,1052.978261,0.1533743437,0.8211805556,96,,,,,,0,0,0,0,0,,,,,,,,,,0,,,,,,,,,,576,0.9565217391,0,1,0,35,0.1228040508,541,0.2721542887,0.0006856915616,0.003508687165,0.02316156829,,,,11.48828125,38.31395508,49.80223633,1129.339844,0.609375,0,1129.949219,0.609375,1.21484375,35,5.078125,30.33984375,0,1.895507812,35.41796875,2004657,174.142978,11.51155805,0.010913,2.61486,0,2.625773
1,hl#2,hl,2004657,3342,1,0.9782608696,0.989010989,81.34782609,0.01513223661,0.9666666667,192,,,,,,0,0,0,0,0,,,,,,,,,,0,,,,,,,,,,1152,1,0,1,0,45,0.1555882128,1107,0.4222068913,0.0005015582501,0.003457515841,0.02326333133,,,,22.75,71.51310547,94.26310547,2254.699219,0.796875,0,2255.496094,0.796875,1.57421875,45,5.078125,41.9921875,0,2.4921875,47.0703125,2004657,172.398806,11.62802137,0.016657,5.859382,0,5.876039
1,hl#3,hl,2004657,3342,1,1,1,6.065217391,0.001242709405,0.9933333333,384,,,,,,0,0,0,0,0,,,,,,,,,,0,,,,,,,,,,2304,1,0,1,0,46,0.1588780525,2258,0.5408780654,0.0003037135928,0.003453870706,0.02326831972,,,,45.2734375,134.570332,179.8437695,4504.668945,0.75,0,4505.418945,0.75,1.543945312,46,5.078125,61.9375,0,2.676757812,67.015625,2004657,151.552614,13.22746568,0.02043,10.018869,0,10.039299
1,ss[policy=difficulty],ss,2004657,3342,0.9787234043,1,0.9892473118,15.86956522,0.002692742896,1,2803,2803,,,,,0,0,0,0,0,,,,3.441985337e-05,0,,2803,0,0,0,2803,2803,2803,2803,0,0,1,1,0,47,1,46,1,0.1592446987,1,0.001677593723,0,0,8.480253729e-06,3.441985337e-05,3.441985337e-05,,,,103.7159766,160.708457,264.4244336,5235.677734,5.34375,0,5241.021484,1.828125,2.638671875,47,5.46875,14.3984375,9.65625,1.3203125,19.8671875,2004657,160.776345,12.46860662,0.031276,62.441621,0.025419,62.498316
1,hybrid[head=topn-frontier reducer=streaming],hybrid,2004657,3342,1,1,1,8.956521739,0.001261268055,1,1652,1652,600,1052,600,1052,330,270,270,9640,5440,0.5643153527,1,1.854847,0.0001716004284,0,,1052,0,0,0,1052,1052,1052,1052,0,0,1,1,0,46,1,46,1,0.1590860681,0,0,0,0,4.467857463e-06,0,0.0001716004284,,,,54.98585937,68.17257813,123.1584375,2321.211914,538.34375,531.25,2859.555664,7.09375,11.65722656,270,5.46875,76.2734375,133.1367188,1.392578125,133.1367188,2004657,202.676438,9.890922792,0.235928,17.809761,0.38123,18.426919
2,hl,hl,1995731,3327,1,0.5348837209,0.696969697,3095.395349,0.3383045837,0.9201388889,48,,,,,,0,0,0,0,0,,,,,,,,,,0,,,,,,,,,,288,0.8837209302,0,1,0,23,0.06894917201,265,0.138553743,0.0007204962325,0.002997790087,0.008000577232,,,,5.857421875,19.81099609,25.66841797,566.5341797,0.515625,0,567.0498047,0.515625,0.9091796875,23,5.078125,24.55273438,0,0.9521484375,29.63085938,1995731,129.177069,15.44957643,0.002759,1.412209,0,1.414968
2,hl#1,hl,1995731,3327,1,0.8139534884,0.8974358974,805.1627907,0.1193452868,0.8263888889,96,,,,,,0,0,0,0,0,,,,,,,,,,0,,,,,,,,,,576,1,0,1,0,35,0.1281189699,541,0.2731941329,0.0006967241368,0.003660541998,0.02176896586,,,,11.48828125,39.02237305,50.5106543,1129.399414,0.671875,0,1130.071289,0.671875,1.274414062,35,5.078125,29.79296875,0,1.754882812,34.87109375,1995731,147.05243,13.57156084,0.004574,2.367775,0,2.372349
2,hl#2,hl,1995731,3327,1,0.9534883721,0.9761904762,191.9069767,0.02681984783,0.96,192,,,,,,0,0,0,0,0,,,,,,,,,,0,,,,,,,,,,1152,1,0,1,0,41,0.1486242384,1111,0.427573656,0.0005001717833,0.003624981425,0.02176646051,,,,22.75,76.31317383,99.06317383,2254.500977,0.671875,0,2255.172852,0.671875,1.375976562,41,5.078125,41.2890625,0,2.391601562,46.3671875,1995731,145.612921,13.70572739,0.008655,5.202166,0,5.210821
2,hl#3,hl,1995731,3327,1,1,1,7.441860465,0.001439107107,0.99,384,,,,,,0,0,0,0,0,,,,,,,,,,0,,,,,,,,,,2304,1,0,1,0,43,0.1555685611,2261,0.5465511134,0.000304739442,0.003617873514,0.02176545837,,,,45.2734375,145.3918457,190.6652832,4504.56543,0.703125,0,4505.268555,0.703125,1.440429688,43,5.078125,62.25,0,2.502929688,67.328125,1995731,128.298413,15.55538337,0.019039,9.982813,0,10.001852
2,ss[policy=difficulty],ss,1995731,3327,1,1,1,14.48837209,0.002897297802,1,2803,2503,,,,,0,0,0,0,0,,,,3.557593684e-05,0,,2503,1,0,0,2503,2503,2503,2503,0,0,1.119856173,1.119856173,-0.1132002597,43,1,43,1,0.1559057809,0,0,0,0,7.259681837e-06,0,3.557593684e-05,,,,103.7103906,159.5949414,263.305332,5236.97168,5.1875,0,5242.15918,1.671875,2.409179688,43,5.46875,14.3984375,9.65625,1.19140625,19.8671875,1995731,130.092983,15.34080435,0.030934,61.971034,0.011762,62.01373
2,hybrid[head=topn-frontier reducer=streaming],hybrid,1995731,3327,0.9772727273,1,0.9885057471,12.51162791,0.002646195715,1,1652,1440,600,1052,600,840,421,179,179,9640,3620,0.3755186722,1,1.427055,6.814545648e-05,0,,840,1,0,0,840,840,840,840,0,0,1.252380952,1.252380952,-0.2250465015,44,1,43,1,0.15586319,1,0.001669062614,0,0,6.878318134e-06,3.307058917e-05,6.814545648e-05,,,,54.98773438,71.11717773,126.1049121,2306.716797,358.90625,353.515625,2665.623047,5.390625,8.443359375,179,5.46875,76.5234375,128.1132812,1.345703125,128.1132812,1995731,174.530032,11.43488589,0.137738,15.114553,0.352372,15.604663
3,hl,hl,2023810,3374,1,0.4,0.5714285714,3205.2,0.3349122894,0.9479166667,48,,,,,,0,0,0,0,0,,,,,,,,,,0,,,,,,,,,,288,0.9111111111,0,1,0,18,0.05740064532,270,0.1483765769,0.0007145042436,0.00318892474,0.007915268726,,,,5.857421875,19.81669922,25.67412109,566.3710938,0.4375,0,566.8085938,0.4375,0.74609375,18,5.078125,23.38085938,0,0.740234375,28.45898438,2023810,134.944281,14.9973751,0.002685,1.259109,0,1.261794
3,hl#1,hl,2023810,3374,1,0.8,0.8888888889,1306.466667,0.1341633488,0.8229166667,96,,,,,,0,0,0,0,0,,,,,,,,,,0,,,,,,,,,,576,0.9555555556,0,1,0,36,0.1187907956,540,0.2719894654,0.0006784379531,0.003299744322,0.01445738483,,,,11.48828125,39.07137695,50.5596582,1129.401367,0.65625,0,1130.057617,0.65625,1.276367188,36,5.078125,29.48046875,0,1.948242188,34.55859375,2023810,154.549328,13.09491297,0.007432,2.298355,0,2.305787
3,hl#2,hl,2023810,3374,1,0.9777777778,0.9887640449,239.8222222,0.03041533011,0.9716666667,192,,,,,,0,0,0,0,0,,,,,,,,,,0,,,,,,,,,,1152,0.9777777778,0,1,0,44,0.1530761287,1108,0.4234443945,0.000500451843,0.003479002925,0.01995098354,,,,22.75,76.05920898,98.80920898,2254.632812,0.75,0,2255.382812,0.75,1.5078125,44,5.078125,40.7421875,0,2.529296875,45.8203125,2023810,152.52728,13.2685117,0.011936,5.15379,0,5.165726
3,hl#3,hl,2023810,3374,1,1,1,10.57777778,0.001941326396,0.9916666667,384,,,,,,0,0,0,0,0,,,,,,,,,,0,,,,,,,,,,2304,1,0,1,0,45,0.1582515157,2259,0.5453313305,0.0003053744992,0.003516700349,0.0199440659,,,,45.2734375,145.1822754,190.4557129,4504.634766,0.734375,0,4505.369141,0.734375,1.509765625,45,5.078125,62.328125,0,2.619140625,67.40625,2023810,133.910415,15.11316353,0.019549,9.955997,0,9.975546
3,ss[policy=difficulty],ss,2023810,3374,1,1,1,26.55555556,0.004971817377,1,2503,2503,,,,,0,0,0,0,0,,,,6.719998419e-05,0,,2503,0,0,0,2503,2503,2503,2503,0,0,1,1,0,45,1,45,1,0.1589141273,0,0,0,0,1.312156554e-05,0,6.719998419e-05,,,,96.10257812,146.653584,242.7561621,4770.142578,5.3125,0,4775.455078,1.796875,2.572265625,45,5.46875,14.3984375,9.65625,1.237304688,19.8671875,2023810,135.079764,14.98233296,0.031002,53.809823,0.021378,53.862203
3,hybrid[head=topn-frontier reducer=streaming],hybrid,2023810,3374,1,1,1,9.355555556,0.002305290173,1,1440,1440,600,840,600,840,430,170,170,9640,3440,0.356846473,1,1.559439,6.967057184e-05,0,,840,0,0,0,840,840,840,840,0,0,1,1,0,45,1,45,1,0.1585316803,0,0,0,0,4.62274401e-06,0,6.967057184e-05,,,,47.56265625,62.72649414,110.2891504,1952.344727,341.125,335.9375,2293.469727,5.1875,8.063476562,170,5.46875,76.2734375,127.8974609,1.373046875,127.8974609,2023810,220.578718,9.175001189,0.184618,12.563688,0.343544,13.09185
4,hl,hl,2024834,3375,1,0.4146341463,0.5862068966,2782.536585,0.3343915871,0.9375,48,,,,,,0,0,0,0,0,,,,,,,,,,0,,,,,,,,,,288,0.9268292683,0,1,0,17,0.06208854652,271,0.1580549319,0.0007643870779,0.003652267442,0.0117046632,,,,5.857421875,19.85025391,25.70767578,566.3710938,0.453125,0,566.8242188,0.453125,0.74609375,17,5.078125,22.83398438,0,0.78515625,27.91210938,2024834,129.049134,15.69041137,0.002849,1.288135,0,1.290984
4,hl#1,hl,2024834,3375,1,0.7317073171,0.8450704225,1313.926829,0.1601007089,0.8263888889,96,,,,,,0,0,0,0,0,,,,,,,,,,0,,,,,,,,,,576,0.9512195122,0,1,0,30,0.1041038426,546,0.2922570443,0.0006881265397,0.003470128086,0.01395176098,,,,11.48828125,38.73796875,50.22625,1129.232422,0.59375,0,1129.826172,0.59375,1.107421875,30,5.078125,30.41796875,0,1.608398438,35.49609375,2024834,151.645275,13.35243713,0.004414,2.421462,0,2.425876
4,hl#2,hl,2024834,3375,1,0.9756097561,0.987654321,93.90243902,0.01535237068,0.97,192,,,,,,0,0,0,0,0,,,,,,,,,,0,,,,,,,,,,1152,1,0,1,0,40,0.140699929,1112,0.4379736808,0.0005023208418,0.003517498225,0.01893636713,,,,22.75,74.06280273,96.81280273,2254.467773,0.65625,0,2255.124023,0.65625,1.342773438,40,5.078125,42.1484375,0,2.334960938,47.2265625,2024834,150.85076,13.422763,0.010989,5.273259,0,5.284248
4,hl#3,hl,2024834,3375,1,1,1,10.31707317,0.002111848854,0.9916666667,384,,,,,,0,0,0,0,0,,,,,,,,,,0,,,,,,,,,,2304,1,0,1,0,41,0.1440315601,2263,0.5561004013,0.0003038767194,0.003512964881,0.01894525675,,,,45.2734375,141.899541,187.1729785,4504.500977,0.671875,0,4505.172852,0.671875,1.375976562,41,5.078125,62.171875,0,2.391601562,67.25,2024834,131.286805,15.42298177,0.019199,10.10085,0,10.120049
4,ss[policy=difficulty],ss,2024834,3375,1,1,1,23.36585366,0.00443405603,1,2503,2503,,,,,0,0,0,0,0,,,,3.555847047e-05,0,,2503,0,0,0,2503,2503,2503,2503,0,0,1,1,0,41,1,41,1,0.144621732,0,0,0,0,1.153963913e-05,0,6.864760272e-05,,,,96.10167969,146.2444727,242.3461523,4740.844727,5.125,0,4745.969727,1.609375,2.313476562,41,5.46875,14.3984375,9.65625,1.145507812,19.8671875,2024834,130.020041,15.57324536,0.030315,53.607369,0.010667,53.648351
4,hybrid[head=topn-frontier reducer=streaming],hybrid,2024834,3375,0.9534883721,1,0.9761904762,27.43902439,0.006447709764,1,1440,1440,600,840,600,840,428,172,172,9640,3480,0.3609958506,1,1.468127,0.0002459460874,0,,840,0,0,0,840,840,840,840,0,0,1,1,0,43,1,41,1,0.1447042079,2,0.003346447166,0,0,1.776774994e-05,0.0001042060732,0.0002459460874,,,,47.57996094,43.35813477,90.9380957,1940.583008,345.03125,339.84375,2285.614258,5.1875,8.083007812,172,5.46875,76.5234375,128.1083984,1.291015625,128.1083984,2024834,323.383766,6.26139656,0.110844,12.485885,0.331029,12.927758
5,hl,hl,2061699,3437,1,0.34,0.5074626866,3211.22,0.3825402498,0.9166666667,48,,,,,,0,0,0,0,0,,,,,,,,,,0,,,,,,,,,,288,0.88,0,1,0,17,0.05660622622,271,0.1574502389,0.0007432516149,0.003329778013,0.0137158722,,,,5.857421875,19.84910156,25.70652344,566.3769531,0.453125,0,566.8300781,0.453125,0.751953125,17,5.078125,23.38085938,0,0.818359375,28.45898438,2061699,134.753842,15.29974188,0.002633,1.272709,0,1.275342
5,hl#1,hl,2061699,3437,1,0.8,0.8888888889,1098.72,0.1536232723,0.8142361111,96,,,,,,0,0,0,0,0,,,,,,,,,,0,,,,,,,,,,576,0.98,0,1,0,40,0.1293117958,536,0.2777752718,0.0007067483811,0.003232794894,0.01674444233,,,,11.48828125,38.99793945,50.4862207,1129.567383,0.75,0,1130.317383,0.75,1.442382812,40,5.078125,30.41796875,0,2.109375,35.49609375,2061699,153.891093,13.39713014,0.004512,2.454897,0,2.459409
5,hl#2,hl,2061699,3437,1,0.98,0.9898989899,203.88,0.02705197103,0.9616666667,192,,,,,,0,0,0,0,0,,,,,,,,,,0,,,,,,,,,,1152,1,0,1,0,49,0.1625610722,1103,0.4225141497,0.0005078777968,0.003317572902,0.01676820913,,,,22.75,74.42137695,97.17137695,2254.792969,0.828125,0,2255.621094,0.828125,1.66796875,49,5.078125,41.7578125,0,2.807617188,46.8359375,2061699,153.403568,13.43970696,0.008761,5.28133,0,5.290091
5,hl#3,hl,2061699,3437,1,0.98,0.9898989899,10,0.001965507824,0.9933333333,384,,,,,,0,0,0,0,0,,,,,,,,,,0,,,,,,,,,,2304,1,0,1,0,49,0.1661256081,2255,0.5450097226,0.0003086524872,0.003390318532,0.01677596972,,,,45.2734375,141.6272363,186.9006738,4504.762695,0.796875,0,4505.55957,0.796875,1.637695312,49,5.078125,62.015625,0,2.840820312,67.09375,2061699,134.376233,15.3427355,0.019423,9.951161,0,9.970584
5,ss[policy=difficulty],ss,2061699,3437,1,1,1,26.4,0.005488433891,1,2503,2503,,,,,0,0,0,0,0,,,,6.208471751e-05,0,,2503,0,0,0,2503,2503,2503,2503,0,0,1,1,0,50,1,50,1,0.1684368087,0,0,0,0,1.280497299e-05,0,6.256975436e-05,,,,96.08839844,146.5696777,242.6580762,4601.646484,5.484375,0,4607.130859,1.96875,2.826171875,50,5.46875,14.3984375,9.65625,1.392578125,19.8671875,2061699,135.629494,15.20096359,0.029529,52.147496,0.014098,52.191123
5,hybrid[head=topn-frontier reducer=streaming],hybrid,2061699,3437,0.9803921569,1,0.9900990099,18.42,0.003926776603,1,1440,1440,600,840,600,840,437,163,163,9640,3300,0.3423236515,1,1.967288,0.0001920745948,0,,840,0,0,0,840,840,840,840,0,0,1,1,0,51,1,50,1,0.168243279,1,0.001697143957,0,0,9.995563434e-06,6.305479122e-05,0.0001920745948,,,,47.313125,44.83977539,92.15290039,1918.158203,327.34375,322.265625,2245.501953,5.078125,7.783203125,163,5.46875,76.5234375,128.2207031,1.442382812,128.2207031,2061699,318.531312,6.472515958,0.134049,12.684715,0.531365,13.350129
6,hl,hl,1881306,3136,1,0.4090909091,0.5806451613,2806.363636,0.3329402952,0.9409722222,48,,,,,,0,0,0,0,0,,,,,,,,,,0,,,,,,,,,,288,0.9090909091,0,1,0,18,0.06717620632,270,0.1519827184,0.0007609684886,0.003732011462,0.01757661965,,,,5.857421875,19.86859375,25.72601562,566.3476562,0.40625,0,566.7539062,0.40625,0.72265625,18,5.078125,23.61523438,0,0.873046875,28.69335938,1881306,128.310389,14.66214867,0.044508,1.476758,0,1.521266
6,hl#1,hl,1881306,3136,1,0.8636363636,0.9268292683,1064.772727,0.1192864972,0.8229166667,96,,,,,,0,0,0,0,0,,,,,,,,,,0,,,,,,,,,,576,0.9772727273,0,1,0,38,0.1272807295,538,0.2754985101,0.0006992695131,0.00334949288,0.0176855865,,,,11.48828125,39.17367187,50.66195312,1129.506836,0.71875,0,1130.225586,0.71875,1.381835938,38,5.078125,29.63671875,0,2.033203125,34.71484375,1881306,147.505262,12.75416195,0.011535,3.553275,0,3.56481
6,hl#2,hl,1881306,3136,1,0.9772727273,0.9885057471,101.6818182,0.01744422238,0.96,192,,,,,,0,0,0,0,0,,,,,,,,,,0,,,,,,,,,,1152,1,0,1,0,43,0.1550635569,1109,0.432251319,0.0005098219409,0.003606129231,0.01773820952,,,,22.75,75.45825195,98.20825195,2254.607422,0.734375,0,2255.341797,0.734375,1.482421875,43,5.078125,41.2109375,0,2.48046875,46.2890625,1881306,145.283584,12.94919872,0.019483,5.66106,0,5.680543
6,hl#3,hl,1881306,3136,1,1,1,7.613636364,0.001503922514,0.985,384,,,,,,0,0,0,0,0,,,,,,,,,,0,,,,,,,,,,2304,1,0,1,0,44,0.1585223244,2260,0.5496192539,0.0003073531156,0.0036027801,0.01774884043,,,,45.2734375,144.0865527,189.3599902,4504.605469,0.71875,0,4505.324219,0.71875,1.48046875,44,5.078125,62.796875,0,2.56640625,67.875,1881306,126.431798,14.88000669,0.020647,10.136697,0,10.157344
6,ss[policy=difficulty],ss,1881306,3136,0.9777777778,1,0.9887640449,22.06818182,0.004626816889,1,2503,2203,,,,,0,0,0,0,0,,,,6.910093308e-05,0,,2203,1,0,0,2203,2203,2203,2203,0,0,1.136177939,1.136177939,-0.1276699446,45,1,44,1,0.1590347344,1,0.001717955505,0,0,1.301696209e-05,6.963247871e-05,6.963247871e-05,,,,96.09589844,148.605625,244.7015234,4638.957031,5.1875,0,4644.144531,1.671875,2.44921875,45,5.46875,14.3984375,9.65625,1.241210938,19.8671875,1881306,125.1758,15.02931078,0.095034,61.376597,0.01071,61.482341
6,hybrid[head=topn-frontier reducer=streaming],hybrid,1881306,3136,0.9777777778,1,0.9887640449,3.045454545,0.0006077538506,1,1440,1234,600,840,600,634,424,176,176,9640,3560,0.3692946058,1,1.531944,7.122711563e-05,0,,634,1,0,0,634,634,634,634,0,0,1.324921136,1.324921136,-0.2813529374,45,1,44,1,0.1585898307,1,0.001677026491,0,0,3.165649584e-06,7.122711563e-05,7.122711563e-05,,,,47.37347656,43.58006836,90.95354492,1921.456055,352.96875,347.65625,2274.424805,5.3125,8.291992188,176,5.46875,76.1484375,127.7724609,1.404296875,127.7724609,1881306,304.670538,6.174886526,0.111371,12.421441,0.331643,12.864455
7,hl,hl,2025856,3377,1,0.375,0.5454545455,3177.3,0.3859892569,0.9236111111,48,,,,,,0,0,0,0,0,,,,,,,,,,0,,,,,,,,,,288,0.875,0,1,0,15,0.05268538336,273,0.1570847089,0.0007283683759,0.003512358891,0.01607221836,,,,5.857421875,19.81905273,25.67647461,566.28125,0.390625,0,566.671875,0.390625,0.65625,15,5.078125,24.00585938,0,0.6376953125,29.08398438,2025856,130.089545,15.57278104,0.008671,1.266742,0,1.275413
7,hl#1,hl,2025856,3377,1,0.775,0.8732394366,1171.275,0.1456426252,0.8263888889,96,,,,,,0,0,0,0,0,,,,,,,,,,0,,,,,,,,,,576,0.975,0,1,0,31,0.1078719317,545,0.2840962043,0.000680500236,0.003479739731,0.01864742608,,,,11.48828125,39.05162109,50.53990234,1129.243164,0.578125,0,1129.821289,0.578125,1.118164062,31,5.078125,30.41796875,0,1.573242188,35.49609375,2025856,150.508456,13.46008094,0.0046,2.429531,0,2.434131
7,hl#2,hl,2025856,3377,1,0.975,0.9873417722,84.525,0.01498367061,0.97,192,,,,,,0,0,0,0,0,,,,,,,,,,0,,,,,,,,,,1152,1,0,1,0,39,0.1380710179,1113,0.4367452573,0.0004989724611,0.00354028251,0.01871653267,,,,22.75,76.474375,99.224375,2254.47168,0.671875,0,2255.143555,0.671875,1.346679688,39,5.078125,41.0546875,0,2.250976562,46.1328125,2025856,149.941169,13.51100577,0.008537,5.328257,0,5.336794
7,hl#3,hl,2025856,3377,1,1,1,10.8,0.00194496603,0.9933333333,384,,,,,,0,0,0,0,0,,,,,,,,,,0,,,,,,,,,,2304,1,0,1,0,40,0.1412069762,2264,0.5566846805,0.0003029043649,0.003530174405,0.01873726464,,,,45.2734375,148.276377,193.5498145,4504.474609,0.65625,0,4505.130859,0.65625,1.349609375,40,5.078125,61.78125,0,2.341796875,66.859375,2025856,131.406028,15.41676612,0.02045,10.0967,0,10.11715
7,ss[policy=difficulty],ss,2025856,3377,1,1,1,33.575,0.005424921327,1,2203,2203,,,,,0,0,0,0,0,,,,3.6527769e-05,0,,2203,0,0,0,2203,2203,2203,2203,0,0,1,1,0,40,1,40,1,0.1419528338,0,0,0,0,1.657324114e-05,0,6.96002085e-05,,,,88.48734375,147.6543164,236.1416602,4273.412109,5.140625,0,4278.552734,1.625,2.318359375,40,5.46875,14.3984375,9.65625,1.1484375,19.8671875,2025856,131.6924,15.38324155,0.026326,65.488789,0.010271,65.525386
7,hybrid[head=topn-frontier reducer=streaming],hybrid,2025856,3377,1,1,1,31.075,0.006870119506,1,1234,1234,600,634,600,634,424,176,176,9640,3560,0.3692946058,1,1.450675,0.000265566753,0,,634,0,0,0,634,634,634,634,0,0,1,1,0,40,1,40,1,0.1419034719,0,0,0,0,1.533919489e-05,0,0.000265566753,,,,36.50953125,40.78883789,77.29836914,1587.482422,353.125,347.65625,1940.607422,5.46875,8.443359375,176,5.46875,76.5234375,128.0791016,1.217773438,128.0791016,2025856,193.15942,10.48800002,0.171885,10.158142,0.326971,10.656998
8,hl,hl,2108648,3515,1,0.3773584906,0.5479452055,3125.037736,0.4051042556,0.9409722222,48,,,,,,0,0,0,0,0,,,,,,,,,,0,,,,,,,,,,288,0.8301886792,0,1,0,20,0.06437964041,268,0.1522530076,0.0007521966945,0.003218982021,0.01524910748,,,,5.857421875,19.84322266,25.70064453,566.4082031,0.4375,0,566.8457031,0.4375,0.783203125,20,5.078125,23.06835938,0,0.87890625,28.14648438,2108648,130.038698,16.21554224,0.002664,1.270251,0,1.272915
8,hl#1,hl,2108648,3515,1,0.7924528302,0.8842105263,811.509434,0.1263320393,0.8368055556,96,,,,,,0,0,0,0,0,,,,,,,,,,0,,,,,,,,,,576,0.9811320755,0,1,0,42,0.1384854181,534,0.2719718986,0.0007125995082,0.003297271861,0.01541034824,,,,11.48828125,39.10629883,50.59458008,1129.634766,0.78125,0,1130.416016,0.78125,1.509765625,42,5.078125,29.55859375,0,2.254882812,34.63671875,2108648,147.516068,14.29436148,0.004474,2.3831,0,2.387574
8,hl#2,hl,2108648,3515,1,1,1,76.49056604,0.01285997476,0.9666666667,192,,,,,,0,0,0,0,0,,,,,,,,,,0,,,,,,,,,,1152,1,0,1,0,53,0.1705244308,1099,0.4156838884,0.0005088613883,0.003217442091,0.01546346284,,,,22.75,75.89173828,98.64173828,2254.931641,0.890625,0,2255.822266,0.890625,1.806640625,53,5.078125,42.6171875,0,3.006835938,47.6953125,2108648,144.363385,14.60652921,0.008525,5.539668,0,5.548193
8,hl#3,hl,2108648,3515,1,1,1,8.132075472,0.001486278647,0.9866666667,384,,,,,,0,0,0,0,0,,,,,,,,,,0,,,,,,,,,,2304,1,0,1,0,53,0.1723023473,2251,0.5367149946,0.0003077332213,0.003250987685,0.01546583403,,,,45.2734375,142.2015723,187.4750098,4504.900391,0.859375,0,4505.759766,0.859375,1.775390625,53,5.078125,61.703125,0,3.072265625,66.78125,2108648,127.139218,16.58534662,0.024149,10.26531,0,10.289459
8,ss[policy=difficulty],ss,2108648,3515,1,1,1,38.39622642,0.006869710635,1,2203,2203,,,,,0,0,0,0,0,,,,5.927969011e-05,0,,2203,0,0,0,2203,2203,2203,2203,0,0,1,1,0,53,1,53,1,0.1733276488,0,0,0,0,1.820893123e-05,0,6.165087772e-05,,,,88.47320312,140.7771484,229.2503516,4264.837891,5.625,0,4270.462891,2.109375,3.025390625,53,5.46875,14.3984375,9.65625,1.461914062,19.8671875,2108648,125.739079,16.77002899,0.02725,52.653427,0.022273,52.70295
8,hybrid[head=topn-frontier reducer=streaming],hybrid,2108648,3515,1,1,1,7.905660377,0.001179597191,1,1234,1234,600,634,600,634,405,195,195,9640,3940,0.4087136929,1,3.260742,0.0001987055213,0,,634,0,0,0,634,634,634,634,0,0,1,1,0,53,1,53,1,0.172561281,0,0,0,0,3.749160779e-06,0,0.0001987055213,,,,36.49273437,39.54763672,76.04037109,1605.554688,390.3125,384.765625,1995.867188,5.546875,8.8125,195,5.46875,76.0859375,127.8808594,1.559570312,127.8808594,2108648,189.177684,11.1463887,0.191182,17.314038,0.402637,17.907857
9,hl,hl,2081082,3469,1,0.4666666667,0.6363636364,2899.133333,0.3323962213,0.9444444444,48,,,,,,0,0,0,0,0,,,,,,,,,,0,,,,,,,,,,288,0.8666666667,0,1,0,21,0.07453910994,267,0.1464473769,0.0007673141904,0.003549481426,0.01348433171,,,,5.857421875,19.84851563,25.7059375,566.4765625,0.484375,0,566.9609375,0.484375,0.8515625,21,5.078125,23.69335938,0,1.04296875,28.77148438,2081082,126.072199,16.50706513,0.003144,1.277,0,1.280144
9,hl#1,hl,2081082,3469,1,0.8444444444,0.9156626506,649.6888889,0.09315491919,0.8333333333,96,,,,,,0,0,0,0,0,,,,,,,,,,0,,,,,,,,,,576,0.9777777778,0,1,0,38,0.1379739001,538,0.2727047757,0.0007129838122,0.003630892108,0.01570673332,,,,11.48828125,38.77992187,50.26820312,1129.470703,0.6875,0,1130.158203,0.6875,1.345703125,38,5.078125,29.32421875,0,2.095703125,34.40234375,2081082,144.087119,14.44322029,0.004569,2.412484,0,2.417053
9,hl#2,hl,2081082,3469,1,0.9777777778,0.9887640449,176.0222222,0.02347877994,0.97,192,,,,,,0,0,0,0,0,,,,,,,,,,0,,,,,,,,,,1152,1,0,1,0,44,0.1560870739,1108,0.4250692669,0.0005044759903,0.003547433499,0.015736045,,,,22.75,74.28743164,97.03743164,2254.605469,0.71875,0,2255.324219,0.71875,1.48046875,44,5.078125,41.2890625,0,2.56640625,46.3671875,2081082,142.584472,14.59543224,0.013648,7.670688,0,7.684336
9,hl#3,hl,2081082,3469,1,1,1,8.177777778,0.001281493793,0.995,384,,,,,,0,0,0,0,0,,,,,,,,,,0,,,,,,,,,,2304,1,0,1,0,45,0.1608956303,2259,0.5439386819,0.0003059176702,0.00357545845,0.01572643461,,,,45.2734375,144.0903613,189.3637988,4504.638672,0.734375,0,4505.373047,0.734375,1.513671875,45,5.078125,62.09375,0,2.623046875,67.171875,2081082,125.528073,16.57861823,0.024317,13.076715,0,13.101032
9,ss[policy=difficulty],ss,2081082,3469,0.9782608696,1,0.989010989,28.97777778,0.004563671539,1,2203,2203,,,,,0,0,0,0,0,,,,6.294802415e-05,0,,2203,0,0,0,2203,2203,2203,2203,0,0,1,1,0,46,1,45,1,0.1615001235,1,0.001713531711,0,0,1.504234231e-05,6.535062049e-05,6.535062049e-05,,,,88.4796875,141.1919727,229.6716602,4152.842773,5.359375,0,4158.202148,1.84375,2.639648438,46,5.46875,14.3984375,9.65625,1.294921875,19.8671875,2081082,125.500018,16.58232431,0.028448,46.888851,0.008784,46.926083
9,hybrid[head=topn-frontier reducer=streaming],hybrid,2081082,3469,1,1,1,2.911111111,0.0003105847766,1,1234,1234,600,634,600,634,396,204,204,9640,4120,0.4273858921,1,1.544558,6.294802415e-05,0,,634,0,0,0,634,634,634,634,0,0,1,1,0,45,1,45,1,0.1609364744,0,0,0,0,1.398844981e-06,0,6.294802415e-05,,,,36.49535156,39.51967773,76.0150293,1574.385742,408.25,402.34375,1982.635742,5.90625,9.323242188,204,5.46875,76.1484375,127.7578125,1.466796875,127.7578125,2081082,189.157578,11.00184313,0.086768,10.10956,0.349881,10.546209
10,hl,hl,1944192,3241,1,0.4347826087,0.6060606061,2958.478261,0.3820035707,0.9340277778,48,,,,,,0,0,0,0,0,,,,,,,,,,0,,,,,,,,,,288,0.8913043478,0,1,0,20,0.06052591514,268,0.147417539,0.0007220258824,0.003026295757,0.01023458588,,,,5.857421875,19.72777344,25.58519531,566.4326172,0.46875,0,566.9013672,0.46875,0.8076171875,20,5.078125,22.99023438,0,1.012695312,28.06835938,1944192,124.608529,15.60239909,0.00284,1.301225,0,1.304065
10,hl#1,hl,1944192,3241,1,0.7391304348,0.85,835.7608696,0.1255713044,0.8315972222,96,,,,,,0,0,0,0,0,,,,,,,,,,0,,,,,,,,,,576,1,0,1,0,34,0.1177373428,542,0.2812793181,0.0006927372585,0.003462863024,0.01743654948,,,,11.48828125,38.61458008,50.10286133,1129.331055,0.625,0,1129.956055,0.625,1.206054688,34,5.078125,29.94921875,0,1.799804688,35.02734375,1944192,141.880058,13.70306742,0.004529,2.52017,0,2.524699
10,hl#2,hl,1944192,3241,1,0.9347826087,0.9662921348,296.6086957,0.03881751212,0.975,192,,,,,,0,0,0,0,0,,,,,,,,,,0,,,,,,,,,,1152,1,0,1,0,43,0.1424761546,1109,0.4343259308,0.0005006962547,0.003313398945,0.01749621437,,,,22.75,75.74524414,98.49524414,2254.597656,0.734375,0,2255.332031,0.734375,1.47265625,43,5.078125,42.8515625,0,2.440429688,47.9296875,1944192,140.979485,13.79060223,0.01145,6.269645,0,6.281095
10,hl#3,hl,1944192,3241,0.9787234043,1,0.9892473118,7.956521739,0.001624586953,0.995,384,,,,,,0,0,0,0,0,,,,,,,,,,0,,,,,,,,,,2304,1,0,1,0,47,0.1555314496,2257,0.5480364079,0.0003053679937,0.003309179778,0.01748901343,,,,45.2734375,144.5403516,189.8137891,4504.697266,0.765625,0,4505.462891,0.765625,1.572265625,47,5.078125,62.25,0,2.728515625,67.328125,1944192,122.764695,15.83673547,0.022532,10.628527,0,10.651059
10,ss[policy=difficulty],ss,1944192,3241,0.9787234043,1,0.9892473118,23.32608696,0.004436461501,1,2203,1903,,,,,0,0,0,0,0,,,,6.840888143e-05,0,,1903,1,0,0,1903,1903,1903,1903,0,0,1.157645822,1.157645822,-0.1463884795,47,1,46,1,0.154450795,1,0.001736454013,0,0,1.323089708e-05,6.99519389e-05,7.04662914e-05,,,,88.4796875,143.3033887,231.7830762,4205.056641,5.4375,0,4210.494141,1.921875,2.728515625,47,5.46875,14.3984375,9.65625,1.2890625,19.8671875,1944192,122.331829,15.89277309,0.029947,47.327483,0.009731,47.367161
10,hybrid[head=topn-frontier reducer=streaming],hybrid,1944192,3241,0.9787234043,1,0.9892473118,6,0.0008561188668,1,1234,1133,600,634,600,533,403,197,197,9640,3980,0.4128630705,1,1.54974,0.00032198466,0,,533,1,0,0,533,533,533,533,0,0,1.189493433,1.189493433,-0.1735275303,47,1,46,1,0.154040856,1,0.001867613898,0,0,9.871190377e-06,0.00032198466,0.00032198466,,,,36.50117187,39.56837891,76.06955078,1597.512695,394.53125,388.671875,1992.043945,5.859375,9.192382812,197,5.46875,76.2734375,127.9951172,1.35546875,127.9951172,1944192,181.353455,10.72045746,0.081511,10.20946,0.345002,10.635973
11,hl,hl,2095405,3493,1,0.3076923077,0.4705882353,3338.057692,0.4047903314,0.9340277778,48,,,,,,0,0,0,0,0,,,,,,,,,,0,,,,,,,,,,288,0.8269230769,0,1,0,16,0.06054294993,272,0.1507541502,0.0007336704864,0.003783934371,0.01242480571,,,,5.857421875,19.82916016,25.68658203,566.2753906,0.375,0,566.6503906,0.375,0.650390625,16,5.078125,24.16210938,0,0.8564453125,29.24023438,2095405,130.501037,16.0566157,0.00465,1.388169,0,1.392819
11,hl#1,hl,2095405,3493,1,0.6923076923,0.8181818182,1310.019231,0.1671151182,0.8107638889,96,,,,,,0,0,0,0,0,,,,,,,,,,0,,,,,,,,,,576,0.9807692308,0,1,0,36,0.1256640124,540,0.2716524968,0.0006897856063,0.003490667012,0.01380496849,,,,11.48828125,38.85044922,50.33873047,1129.371094,0.625,0,1129.996094,0.625,1.24609375,36,5.078125,30.88671875,0,2.045898438,35.96484375,2095405,146.90376,14.2637942,0.01141,2.734882,0,2.746292
11,hl#2,hl,2095405,3493,1,0.9423076923,0.9702970297,468.1730769,0.06103330321,0.9616666667,192,,,,,,0,0,0,0,0,,,,,,,,,,0,,,,,,,,,,1152,1,0,1,0,49,0.1626344311,1103,0.4131459074,0.0004998093215,0.003319070021,0.01905120967,,,,22.75,74.91407227,97.66407227,2254.800781,0.828125,0,2255.628906,0.828125,1.67578125,49,5.078125,41.6015625,0,2.751953125,46.6796875,2095405,144.387002,14.51242128,0.015152,5.553315,0,5.568467
11,hl#3,hl,2095405,3493,1,0.9807692308,0.9902912621,223.7307692,0.02641538941,0.9883333333,384,,,,,,0,0,0,0,0,,,,,,,,,,0,,,,,,,,,,2304,1,0,1,0,51,0.1705059404,2253,0.5328172835,0.0003052618159,0.003343253733,0.01905502755,,,,45.2734375,139.0207812,184.2942187,4504.834961,0.828125,0,4505.663086,0.828125,1.709960938,51,5.078125,62.171875,0,2.959960938,67.25,2095405,127.045966,16.49328244,0.01971,10.021834,0,10.041544
11,ss[policy=difficulty],ss,2095405,3493,0.962962963,1,0.9811320755,41.65384615,0.00730025643,1,1903,1903,,,,,0,0,0,0,0,,,,6.156327774e-05,0,,1903,0,0,0,1903,1903,1903,1903,0,0,1,1,0,54,1,52,1,0.1779665506,2,0.003409842011,0,0,2.139602288e-05,6.084742568e-05,9.019736041e-05,,,,75.25496094,135.0956055,210.3505664,3607.172852,5.671875,0,3612.844727,2.15625,3.086914062,54,5.46875,14.3984375,9.65625,1.418945312,19.8671875,2095405,127.767002,16.4002048,0.025157,40.16935,0.010171,40.204678
11,hybrid[head=topn-frontier reducer=streaming],hybrid,2095405,3493,0.9454545455,1,0.9719626168,36.21153846,0.005724541787,1,1133,1133,600,533,600,533,401,199,199,9640,4020,0.4170124481,1,1.563422,0.0004066039739,0,,533,0,0,0,533,533,533,533,0,0,1,1,0,55,1,52,1,0.1778314932,3,0.005394661175,0,0,2.769696724e-05,0.0002082334123,0.0004066039739,,,,33.92625,37.5075,71.43375,1401.892578,398.5,392.578125,1800.392578,5.921875,9.236328125,199,5.46875,76.5234375,128.4160156,1.600585938,128.4160156,2095405,179.094118,11.70002133,0.067968,8.896931,0.350182,9.315081
12,hl,hl,2100274,3501,1,0.5217391304,0.6857142857,2569.282609,0.2962166596,0.9375,48,,,,,,0,0,0,0,0,,,,,,,,,,0,,,,,,,,,,288,0.9782608696,0,1,0,24,0.07949058075,264,0.1470579553,0.0007866268613,0.003312107531,0.01114092733,,,,5.857421875,19.82376953,25.68119141,566.5078125,0.46875,0,566.9765625,0.46875,0.8828125,24,5.078125,23.53710938,0,1.20703125,28.61523438,2100274,132.444845,15.85772553,0.004066,1.251469,0,1.255535
12,hl#1,hl,2100274,3501,1,0.7608695652,0.8641975309,723.6086957,0.1148028288,0.8350694444,96,,,,,,0,0,0,0,0,,,,,,,,,,0,,,,,,,,,,576,1,0,1,0,35,0.1299763745,541,0.2835301489,0.0007178932699,0.0037136107,0.01877659772,,,,11.48828125,38.83648437,50.32476562,1129.370117,0.640625,0,1130.010742,0.640625,1.245117188,35,5.078125,29.08984375,0,1.893554688,34.16796875,2100274,152.960528,13.73082342,0.007325,2.325956,0,2.333281
12,hl#2,hl,2100274,3501,1,0.9565217391,0.9777777778,81.67391304,0.01728761227,0.97,192,,,,,,0,0,0,0,0,,,,,,,,,,0,,,,,,,,,,1152,1,0,1,0,44,0.155054531,1108,0.4336348495,0.0005110150873,0.003523966613,0.02160432401,,,,22.75,74.90490234,97.65490234,2254.630859,0.75,0,2255.380859,0.75,1.505859375,44,5.078125,40.8984375,0,2.4296875,45.9765625,2100274,151.943804,13.8227025,0.012057,5.376427,0,5.388484
12,hl#3,hl,2100274,3501,1,1,1,9.608695652,0.001794690976,0.9916666667,384,,,,,,0,0,0,0,0,,,,,,,,,,0,,,,,,,,,,2304,1,0,1,0,46,0.1599148492,2258,0.5497592219,0.00030801826,0.003476409765,0.02160146724,,,,45.2734375,143.7109277,188.9843652,4504.695312,0.78125,0,4505.476562,0.78125,1.5703125,46,5.078125,62.09375,0,2.541015625,67.171875,2100274,135.25273,15.52851466,0.023908,9.921961,0,9.945869
12,ss[policy=difficulty],ss,2100274,3501,0.9583333333,1,0.9787234043,38.89130435,0.007562484446,1,1903,1903,,,,,0,0,0,0,0,,,,7.046699621e-05,0,,1903,0,0,0,1903,1903,1903,1903,0,0,1,1,0,48,1,46,1,0.1608390143,2,0.003440503477,0,0,2.043384181e-05,6.45153918e-05,9.665405561e-05,,,,75.90632813,146.101543,222.0078711,3688.00293,5.421875,0,3693.424805,1.90625,2.729492188,48,5.46875,14.3984375,9.65625,1.344726562,19.8671875,2100274,136.271624,15.41240897,0.023745,41.050794,0.017064,41.091603
12,hybrid[head=topn-frontier reducer=streaming],hybrid,2100274,3501,0.9787234043,1,0.9892473118,14,0.003130998923,1,1133,1133,600,533,600,533,400,200,200,9640,4040,0.4190871369,1,2.565528,0.0003689994734,0,,533,0,0,0,533,533,533,533,0,0,1,1,0,47,1,46,1,0.1602938474,1,0.001738344616,0,0,1.43750241e-05,0.0003689994734,0.0003689994734,,,,33.93757813,44.99947266,78.93705078,1409.237305,400.34375,394.53125,1809.581055,5.8125,9.166992188,200,5.46875,76.2734375,127.9511719,1.452148438,127.9511719,2100274,191.470852,10.96915785,0.069093,8.73327,0.357761,9.160124
13,hl,hl,2024037,3374,1,0.2857142857,0.4444444444,3063.833333,0.3969346758,0.9375,48,,,,,,0,0,0,0,0,,,,,,,,,,0,,,,,,,,,,288,0.880952381,0,1,0,12,0.03912873134,276,0.1589135969,0.0006876469732,0.003260727612,0.01267763386,,,,5.857421875,19.83222656,25.68964844,566.1494141,0.3125,0,566.4619141,0.3125,0.5244140625,12,5.078125,23.30273438,0,0.634765625,28.38085938,2024037,125.779141,16.09199255,0.010718,1.255802,0,1.26652
13,hl#1,hl,2024037,3374,1,0.5952380952,0.7462686567,1072.47619,0.1937546404,0.8315972222,96,,,,,,0,0,0,0,0,,,,,,,,,,0,,,,,,,,,,576,0.9523809524,0,1,0,25,0.08912287671,551,0.2993230855,0.000674385351,0.003564915068,0.02253812554,,,,11.48828125,38.76259766,50.25087891,1129.077148,0.515625,0,1129.592773,0.515625,0.9521484375,25,5.078125,29.32421875,0,1.299804688,34.40234375,2024037,146.46695,13.81906976,0.004607,2.431842,0,2.436449
13,hl#2,hl,2024037,3374,1,0.8333333333,0.9090909091,250.5952381,0.0464032704,0.9566666667,192,,,,,,0,0,0,0,0,,,,,,,,,,0,,,,,,,,,,1152,1,0,1,0,35,0.116431666,1117,0.4524373813,0.0004938099369,0.003326619029,0.02257023958,,,,22.75,75.21373047,97.96373047,2254.339844,0.609375,0,2254.949219,0.609375,1.21484375,35,5.078125,42.1484375,0,2.024414062,47.2265625,2024037,145.138262,13.94557832,0.008699,5.710929,0,5.719628
13,hl#3,hl,2024037,3374,1,0.9523809524,0.9756097561,14.42857143,0.003292734556,0.9866666667,384,,,,,,0,0,0,0,0,,,,,,,,,,0,,,,,,,,,,2304,1,0,1,0,40,0.1278464771,2264,0.5708640702,0.0003032597861,0.003196161928,0.02256826333,,,,45.2734375,145.1784082,190.4518457,4504.47168,0.65625,0,4505.12793,0.65625,1.346679688,40,5.078125,62.796875,0,2.338867188,67.875,2024037,126.308675,16.0245288,0.023697,10.627484,0,10.651181
13,ss[policy=difficulty],ss,2024037,3374,0.9333333333,1,0.9655172414,59.04761905,0.01321604264,1,1903,1903,,,,,0,0,0,0,0,,,,7.50974414e-05,0,,1903,0,0,0,1903,1903,1903,1903,0,0,1,1,0,45,1,42,1,0.1325741575,3,0.005036469195,0,0,3.051108036e-05,4.924152408e-05,7.50974414e-05,,,,77.2025,135.0795996,212.2820996,3866.720703,5.3125,0,3872.033203,1.796875,2.572265625,45,5.46875,14.3984375,9.65625,1.239257812,19.8671875,2024037,128.470292,15.75490309,0.030314,54.501452,0.022756,54.554522
13,hybrid[head=topn-frontier reducer=streaming],hybrid,2024037,3374,0.9545454545,1,0.976744186,6.976190476,0.001692839232,1,1133,1133,600,533,600,533,403,197,197,9640,3980,0.4128630705,1,3.06062,0.0005637248726,0,,533,0,0,0,533,533,533,533,0,0,1,1,0,44,1,42,1,0.1314936436,2,0.003782539548,0,0,1.951545352e-05,0.0003569598777,0.0005637248726,,,,33.96785156,46.33703125,80.30488281,1434.717773,394.5,388.671875,1829.217773,5.828125,9.124023438,197,5.46875,76.2734375,127.9365234,1.310546875,127.9365234,2024037,183.594668,11.02448683,0.152652,9.960494,0.352507,10.465653
14,hl,hl,1384089,2307,1,0.4090909091,0.5806451613,2002.977273,0.3763618861,0.9340277778,48,,,,,,0,0,0,0,0,,,,,,,,,,0,,,,,,,,,,288,0.8636363636,0,1,0,18,0.05174016989,270,0.1528969597,0.0007105455887,0.002874453883,0.007446052963,,,,5.857421875,19.78564453,25.64306641,566.3720703,0.4375,0,566.8095703,0.4375,0.7470703125,18,5.078125,24.63085938,0,0.7705078125,29.70898438,1384089,103.443935,13.38008845,0.003566,1.325569,0,1.329135
14,hl#1,hl,1384089,2307,1,0.7727272727,0.8717948718,727.0227273,0.1490148938,0.8402777778,96,,,,,,0,0,0,0,0,,,,,,,,,,0,,,,,,,,,,576,0.9772727273,0,1,0,34,0.1054151865,542,0.2915563956,0.0006891867744,0.00310044666,0.01690425977,,,,11.48828125,39.33262695,50.8209082,1129.369141,0.65625,0,1130.025391,0.65625,1.244140625,34,5.078125,30.41796875,0,1.744140625,35.49609375,1384089,117.15111,11.81456155,0.004677,2.493284,0,2.497961
14,hl#2,hl,1384089,2307,1,0.9772727273,0.9885057471,179.0681818,0.03880965405,0.97,192,,,,,,0,0,0,0,0,,,,,,,,,,0,,,,,,,,,,1152,1,0,1,0,43,0.1343403495,1109,0.4396494734,0.0004982550546,0.003124194174,0.02162216447,,,,22.75,76.3540332,99.1040332,2254.603516,0.734375,0,2255.337891,0.734375,1.478515625,43,5.078125,42.8515625,0,2.4453125,47.9296875,1384089,111.135435,12.45407462,0.010824,5.605218,0,5.616042
14,hl#3,hl,1384089,2307,1,1,1,4.977272727,0.001462516765,0.995,384,,,,,,0,0,0,0,0,,,,,,,,,,0,,,,,,,,,,2304,1,0,1,0,44,0.1405603252,2260,0.5637607119,0.0003056948946,0.003194552846,0.02161349451,,,,45.2734375,144.155918,189.4293555,4504.605469,0.71875,0,4505.324219,0.71875,1.48046875,44,5.078125,62.5625,0,2.56640625,67.640625,1384089,98.34376,14.07398904,0.019946,10.132045,0,10.151991
14,ss[policy=difficulty],ss,1384089,2307,1,1,1,9.590909091,0.002526752488,1,1903,1603,,,,,0,0,0,0,0,,,,5.129727929e-05,0,,1603,1,0,0,1603,1603,1603,1603,0,0,1.187149095,1.187149095,-0.1715547147,44,1,44,1,0.140975761,0,0,0,0,6.929402004e-06,0,5.274227308e-05,,,,75.77886719,139.9347168,215.713584,3721.113281,5.359375,0,3726.472656,1.84375,2.60546875,44,5.46875,14.3984375,9.65625,1.212890625,19.8671875,1384089,90.623322,15.272989,0.023738,41.492198,0.013848,41.529784
14,hybrid[head=topn-frontier reducer=streaming],hybrid,1384089,2307,1,1,1,13.93181818,0.005033761386,1,1133,1075,600,533,600,475,389,211,211,9640,4260,0.4419087137,1,1.600874,0.0001502793534,0,,475,1,0,0,475,475,475,475,0,0,1.122105263,1.122105263,-0.1152066201,44,1,44,1,0.1411137579,0,0,0,0,1.006569533e-05,0,0.0001502793534,,,,33.90011719,35.78665039,69.68676758,1402.051758,422.0625,416.015625,1824.114258,6.046875,9.567382812,211,5.46875,76.5234375,128.171875,1.372070312,128.171875,1384089,141.411128,9.787695067,0.068838,9.269302,0.493929,9.832069
15,hl,hl,2004283,3341,1,0.3414634146,0.5090909091,3116.365854,0.404418285,0.9375,48,,,,,,0,0,0,0,0,,,,,,,,,,0,,,,,,,,,,288,0.8292682927,0,1,0,14,0.03963512139,274,0.1598392043,0.0006926191866,0.002831080099,0.01018618628,,,,5.857421875,19.82152344,25.67894531,566.1835938,0.3125,0,566.4960938,0.3125,0.55859375,14,5.078125,23.22460938,0,0.6806640625,28.30273438,2004283,127.492589,15.72078044,0.01821,1.259485,0,1.277695
15,hl#1,hl,2004283,3341,1,0.5853658537,0.7384615385,1354.219512,0.2051267925,0.8333333333,96,,,,,,0,0,0,0,0,,,,,,,,,,0,,,,,,,,,,576,0.9268292683,0,1,0,24,0.08032697977,552,0.3021524405,0.0006640267714,0.003346957491,0.01646573862,,,,11.48828125,38.14504883,49.63333008,1128.977539,0.4375,0,1129.415039,0.4375,0.8525390625,24,5.078125,31.19921875,0,1.341796875,36.27734375,2004283,148.919365,13.45884734,0.004414,2.409741,0,2.414155
15,hl#2,hl,2004283,3341,1,0.9268292683,0.9620253165,103.3902439,0.02166047236,0.9666666667,192,,,,,,0,0,0,0,0,,,,,,,,,,0,,,,,,,,,,1152,1,0,1,0,38,0.1207713681,1114,0.4506374599,0.0004960146076,0.003178193898,0.01895640486,,,,22.75,76.49116211,99.24116211,2254.431641,0.65625,0,2255.087891,0.65625,1.306640625,38,5.078125,41.9140625,0,2.125,46.9921875,2004283,149.344354,13.42054752,0.023481,5.563832,0,5.587313
15,hl#3,hl,2004283,3341,1,0.9756097561,0.987654321,9.853658537,0.002080197965,0.99,384,,,,,,0,0,0,0,0,,,,,,,,,,0,,,,,,,,,,2304,1,0,1,0,40,0.1259373053,2264,0.5714781795,0.000302697693,0.003148432632,0.01895091661,,,,45.2734375,149.2499805,194.523418,4504.46582,0.65625,0,4505.12207,0.65625,1.340820312,40,5.078125,62.171875,0,2.333007812,67.25,2004283,129.307276,15.50015639,0.018954,10.533974,0,10.552928
15,ss[policy=difficulty],ss,2004283,3341,0.9761904762,1,0.9879518072,65.07317073,0.01351361839,1,1603,1603,,,,,0,0,0,0,0,,,,0.0001147542538,0,,1603,0,0,0,1603,1603,1603,1603,0,0,1,1,0,42,1,41,1,0.1289608304,1,0.001757735809,0,0,3.442627613e-05,0.0001147542538,0.0001152531853,,,,69.59003906,122.2287012,191.8187402,3344.453125,5.171875,0,3349.625,1.65625,2.375,42,5.46875,14.3984375,9.65625,1.170898438,19.8671875,2004283,146.182218,13.71085367,0.020693,37.187383,0.011573,37.219649
15,hybrid[head=topn-frontier reducer=streaming],hybrid,2004283,3341,0.9318181818,1,0.9647058824,43.56097561,0.01149122024,1,1075,1200,600,475,600,600,388,212,212,9640,4280,0.4439834025,1,1.714371,0.0007249475249,1,517,600,0,1,517,600,600,600,600,1,1,0.7916666667,0.7916666667,0.2336148512,44,1,41,1,0.1285207728,3,0.005380976639,0,0,6.098304118e-05,0.0005973873616,0.0007349261556,,,,31.77988281,36.60444336,68.38432617,1319.711914,424.15625,417.96875,1743.868164,6.1875,9.727539062,212,5.46875,76.5234375,128.1425781,1.374023438,128.1425781,2004283,182.033382,11.01052443,0.072498,8.115161,0.348089,8.535748
16,hl,hl,2118688,3532,1,0.3636363636,0.5333333333,3485.090909,0.4263933144,0.9305555556,48,,,,,,0,0,0,0,0,,,,,,,,,,0,,,,,,,,,,288,0.8181818182,0,1,0,16,0.05388759459,272,0.1581445687,0.0007362227892,0.003367974662,0.009834388074,,,,5.857421875,19.73557617,25.59299805,566.3095703,0.40625,0,566.7158203,0.40625,0.6845703125,16,5.078125,23.53710938,0,0.7255859375,28.61523438,2118688,131.391684,16.12497789,0.003432,1.304498,0,1.30793
16,hl#1,hl,2118688,3532,1,0.6590909091,0.7945205479,1681.909091,0.2309972027,0.8107638889,96,,,,,,0,0,0,0,0,,,,,,,,,,0,,,,,,,,,,576,0.9545454545,0,1,0,29,0.1020730754,547,0.2869219064,0.0006753385101,0.003519761221,0.01753774034,,,,11.48828125,39.02988281,50.51816406,1129.136719,0.515625,0,1129.652344,0.515625,1.01171875,29,5.078125,32.13671875,0,1.518554688,37.21484375,2118688,151.27301,14.00572382,0.008386,2.507903,0,2.516289
16,hl#2,hl,2118688,3532,1,0.9545454545,0.976744186,204.1136364,0.0319391468,0.97,192,,,,,,0,0,0,0,0,,,,,,,,,,0,,,,,,,,,,1152,1,0,1,0,42,0.1454376482,1110,0.4323623865,0.0005015625302,0.003462801148,0.01759485115,,,,22.75,77.22655273,99.97655273,2254.52832,0.6875,0,2255.21582,0.6875,1.403320312,42,5.078125,42.3046875,0,2.442382812,47.3828125,2118688,150.782631,14.05127358,0.011188,5.585533,0,5.596721
16,hl#3,hl,2118688,3532,1,0.9772727273,0.9885057471,11.02272727,0.001761875433,0.9933333333,384,,,,,,0,0,0,0,0,,,,,,,,,,0,,,,,,,,,,2304,1,0,1,0,43,0.1503062273,2261,0.5538375636,0.0003056179648,0.003495493657,0.0175924912,,,,45.2734375,148.694873,193.9683105,4504.561523,0.703125,0,4505.264648,0.703125,1.436523438,43,5.078125,61.9375,0,2.499023438,67.015625,2118688,131.784232,16.07694614,0.019291,10.43736,0,10.456651
16,ss[policy=difficulty],ss,2118688,3532,1,1,1,61.77272727,0.01016906051,1,1603,1603,,,,,0,0,0,0,0,,,,9.58140132e-05,0,,1603,0,0,0,1603,1603,1603,1603,0,0,1,1,0,44,1,44,1,0.1533623639,0,0,0,0,2.915612269e-05,0,0.000126493377,,,,68.29101562,86.85119141,155.142207,3218.594727,5.328125,0,3223.922852,1.8125,2.563476562,44,5.46875,14.3984375,9.65625,1.249023438,19.8671875,2118688,192.808595,10.98855577,0.021688,35.551948,0.008983,35.582619
16,hybrid[head=topn-frontier reducer=streaming],hybrid,2118688,3532,1,1,1,6.090909091,0.001001300196,1,1200,1200,600,600,600,600,406,194,194,9640,3920,0.4066390041,1,1.547559,0.000126493377,0,,600,0,0,0,600,600,600,600,0,0,1,1,0,44,1,44,1,0.1522059879,0,0,0,0,2.874849478e-06,0,0.000126493377,,,,35.63976563,38.67708984,74.31685547,1540.480469,388.5,382.8125,1928.980469,5.6875,8.95703125,194,5.46875,76.1484375,127.8261719,1.284179688,127.8261719,2118688,190.632877,11.1139696,0.08253,9.735475,0.344686,10.162691
17,hl,hl,2086971,3479,1,0.3829787234,0.5538461538,2677.319149,0.3255179446,0.9479166667,48,,,,,,0,0,0,0,0,,,,,,,,,,0,,,,,,,,,,288,0.914893617,0,1,0,18,0.06236933815,270,0.1561813748,0.0007588566423,0.00346496323,0.01009357581,,,,5.857421875,19.80949219,25.66691406,566.3710938,0.4375,0,566.8085938,0.4375,0.74609375,18,5.078125,22.75585938,0,0.8671875,27.83398438,2086971,132.759611,15.71992404,0.003068,1.238708,0,1.241776
17,hl#1,hl,2086971,3479,1,0.8085106383,0.8941176471,969.6808511,0.1290438451,0.8263888889,96,,,,,,0,0,0,0,0,,,,,,,,,,0,,,,,,,,,,576,1,0,1,0,38,0.1222427144,538,0.2737546425,0.0006874954113,0.003216913538,0.01622782492,,,,11.48828125,38.89683594,50.38511719,1129.491211,0.71875,0,1130.209961,0.71875,1.366210938,38,5.078125,30.26171875,0,2.022460938,35.33984375,2086971,153.316151,13.6122058,0.004489,2.343482,0,2.347971
17,hl#2,hl,2086971,3479,1,0.9787234043,0.9892473118,155.787234,0.02538191736,0.9716666667,192,,,,,,0,0,0,0,0,,,,,,,,,,0,,,,,,,,,,1152,1,0,1,0,46,0.1528449605,1106,0.4205065619,0.0004977009743,0.003322716532,0.01627238711,,,,22.75,75.63301758,98.38301758,2254.658203,0.75,0,2255.408203,0.75,1.533203125,46,5.078125,41.9921875,0,2.666015625,47.0703125,2086971,150.857559,13.83404991,0.010988,5.304722,0,5.31571
17,hl#3,hl,2086971,3479,1,1,1,10.10638298,0.002007833884,0.995,384,,,,,,0,0,0,0,0,,,,,,,,,,0,,,,,,,,,,2304,1,0,1,0,47,0.1565278099,2257,0.5459783581,0.000304907191,0.003330378935,0.01630305356,,,,45.2734375,144.3301562,189.6035937,4504.691406,0.765625,0,4505.457031,0.765625,1.56640625,47,5.078125,61.78125,0,2.72265625,66.859375,2086971,134.065446,15.56680757,0.019693,10.224247,0,10.24394
17,ss[policy=difficulty],ss,2086971,3479,0.94,1,0.9690721649,69.25531915,0.01384097462,1,1603,1603,,,,,0,0,0,0,0,,,,0.0001011034653,0,,1603,0,0,0,1603,1603,1603,1603,0,0,1,1,0,50,1,47,1,0.158100424,3,0.005033131749,0,0,3.516100607e-05,6.612454126e-05,0.0001341657359,,,,68.29019531,85.24235352,153.5325488,3248.251953,5.421875,0,3253.673828,1.90625,2.759765625,50,5.46875,14.3984375,9.65625,1.359375,19.8671875,2086971,202.013847,10.33083143,0.02115,39.486725,0.009749,39.517624
17,hybrid[head=topn-frontier reducer=streaming],hybrid,2086971,3479,1,1,1,2.978723404,0.0001646795336,1,1200,1200,600,600,600,600,407,193,193,9640,3900,0.4045643154,1,1.513244,6.708286795e-05,0,,600,0,0,0,600,600,600,600,0,0,1,1,0,47,1,47,1,0.1566078302,0,0,0,0,1.427295063e-06,0,6.708286795e-05,,,,35.64160156,38.89014648,74.53174805,1541.703125,386.625,380.859375,1928.328125,5.765625,9.015625,193,5.46875,76.0859375,127.8222656,1.380859375,127.8222656,2086971,199.034436,10.485477,0.105314,9.721369,0.346449,10.173132
18,hl,hl,2141043,3569,1,0.4666666667,0.6363636364,4028.711111,0.3676600884,0.9305555556,48,,,,,,0,0,0,0,0,,,,,,,,,,0,,,,,,,,,,288,0.9333333333,0,1,0,21,0.06344804845,267,0.1467041998,0.0007296953063,0.003021335641,0.00724786938,,,,5.857421875,19.86496094,25.72238281,566.5283203,0.546875,0,567.0751953,0.546875,0.9033203125,21,5.078125,22.59960938,0,1.00390625,27.67773438,2141043,141.618938,15.1183382,0.004125,1.303693,0,1.307818
18,hl#1,hl,2141043,3569,1,0.7333333333,0.8461538462,828.1333333,0.1156751427,0.8298611111,96,,,,,,0,0,0,0,0,,,,,,,,,,0,,,,,,,,,,576,1,0,1,0,33,0.1396328799,543,0.2736465358,0.0007174989856,0.00423129939,0.02205980917,,,,11.48828125,39.05144531,50.53972656,1129.327148,0.640625,0,1129.967773,0.640625,1.202148438,33,5.078125,30.10546875,0,1.8046875,35.18359375,2141043,159.16083,13.45207235,0.004587,2.330028,0,2.334615
18,hl#2,hl,2141043,3569,1,1,1,63.46666667,0.01062313047,0.9616666667,192,,,,,,0,0,0,0,0,,,,,,,,,,0,,,,,,,,,,1152,1,0,1,0,45,0.1719713243,1107,0.4127007258,0.0005075278212,0.003821584983,0.02210044357,,,,22.75,74.23805664,96.98805664,2254.652344,0.765625,0,2255.417969,0.765625,1.52734375,45,5.078125,40.7421875,0,2.57421875,45.8203125,2141043,155.837846,13.73891551,0.012806,5.218705,0,5.231511
18,hl#3,hl,2141043,3569,1,1,1,10.28888889,0.00183006806,0.9883333333,384,,,,,,0,0,0,0,0,,,,,,,,,,0,,,,,,,,,,2304,1,0,1,0,45,0.1730983451,2259,0.5309888685,0.0003055934087,0.00384662989,0.02212986848,,,,45.2734375,142.1413184,187.4147559,4504.621094,0.734375,0,4505.355469,0.734375,1.49609375,45,5.078125,61.390625,0,2.60546875,66.46875,2141043,138.881857,15.41629012,0.028624,14.134708,0,14.163332
18,ss[policy=difficulty],ss,2141043,3569,1,1,1,78.48888889,0.01453297198,1,1603,1303,,,,,0,0,0,0,0,,,,0.0001083584029,0,,1303,1,0,0,1303,1303,1303,1303,0,0,1.230237913,1.230237913,-0.2072075755,45,1,45,1,0.1748017205,0,0,0,0,3.665918381e-05,0,0.0001209690791,,,,68.11871094,83.31666016,151.4353711,3070.957031,5.3125,0,3076.269531,1.796875,2.55859375,45,5.46875,14.3984375,9.65625,1.240234375,19.8671875,2141043,210.41346,10.17540893,0.026269,34.695227,0.013376,34.734872
18,hybrid[head=topn-frontier reducer=streaming],hybrid,2141043,3569,1,1,1,20.73333333,0.004640104013,1,1200,1200,600,600,600,600,406,194,194,9640,3920,0.4066390041,1,1.545606,0.0003741167272,0,,600,0,0,0,600,600,600,600,0,0,1,1,0,45,1,45,1,0.1735878261,0,0,0,0,9.683753822e-06,0,0.0003741167272,,,,35.64039063,38.01848633,73.65887695,1496.4375,388.59375,382.8125,1885.03125,5.78125,9.0390625,194,5.46875,76.1484375,127.8017578,1.333007812,127.8017578,2141043,206.809957,10.35270753,0.153178,10.007456,0.345278,10.505912
19,hl,hl,2081259,3469,1,0.3333333333,0.5,2982.177778,0.3972144381,0.9513888889,48,,,,,,0,0,0,0,0,,,,,,,,,,0,,,,,,,,,,288,0.8888888889,0,1,0,15,0.04769036434,273,0.1615868088,0.000726656851,0.003179357623,0.009523081942,,,,5.857421875,19.81576172,25.67318359,566.2978516,0.421875,0,566.7197266,0.421875,0.6728515625,15,5.078125,22.75585938,0,0.7001953125,27.83398438,2081259,155.040257,13.42399091,0.008611,1.231842,0,1.240453
19,hl#1,hl,2081259,3469,1,0.7555555556,0.8607594937,1235.977778,0.1683075374,0.8194444444,96,,,,,,0,0,0,0,0,,,,,,,,,,0,,,,,,,,,,576,0.9555555556,0,1,0,34,0.1032874813,542,0.2872271063,0.0006779767145,0.003037867096,0.01172799733,,,,11.48828125,38.91898438,50.40726563,1129.350586,0.65625,0,1130.006836,0.65625,1.225585938,34,5.078125,29.48046875,0,1.626953125,34.55859375,2081259,179.80842,11.57486952,0.004582,2.344148,0,2.34873
19,hl#2,hl,2081259,3469,1,0.9777777778,0.9887640449,77.93333333,0.01362354603,0.9716666667,192,,,,,,0,0,0,0,0,,,,,,,,,,0,,,,,,,,,,1152,1,0,1,0,44,0.1393978356,1108,0.4364199746,0.0004998418492,0.003168132628,0.01182361253,,,,22.75,76.4962793,99.2462793,2254.618164,0.75,0,2255.368164,0.75,1.493164062,44,5.078125,41.6015625,0,2.517578125,46.6796875,2081259,194.035417,10.72618098,0.008429,5.280705,0,5.289134
19,hl#3,hl,2081259,3469,1,1,1,10.44444444,0.001816883579,0.995,384,,,,,,0,0,0,0,0,,,,,,,,,,0,,,,,,,,,,2304,1,0,1,0,45,0.1425440082,2259,0.5565227586,0.0003034143953,0.003167644627,0.01179718622,,,,45.2734375,149.9893359,195.2627734,4504.620117,0.734375,0,4505.354492,0.734375,1.495117188,45,5.078125,62.09375,0,2.604492188,67.171875,2081259,173.487799,11.99657274,0.020367,10.16486,0,10.185227
19,ss[policy=difficulty],ss,2081259,3469,0.9375,1,0.9677419355,99.86666667,0.01762605321,1,1303,1303,,,,,0,0,0,0,0,,,,0.0001460654344,0,,1303,0,0,0,1303,1303,1303,1303,0,0,1,1,0,48,1,45,1,0.1447580527,3,0.005129587428,0,0,5.483459771e-05,0.0001575969161,0.0001796989226,,,,49.65191406,80.24801758,129.8999316,2744.676758,5.421875,0,2750.098633,1.90625,2.715820312,48,5.46875,14.3984375,9.65625,1.309570312,19.8671875,2081259,206.59626,10.07404006,0.016563,31.537075,0.009137,31.562775
19,hybrid[head=topn-frontier reducer=streaming],hybrid,2081259,3469,0.9574468085,1,0.9782608696,30.2,0.005648375181,1,1200,1105,600,600,600,505,407,193,193,9640,3900,0.4045643154,1,1.508158,0.0004329110409,0,,505,1,0,0,505,505,505,505,0,0,1.188118812,1.188118812,-0.1723712259,47,1,45,1,0.1432517529,2,0.003598302758,0,0,2.543468651e-05,0.0002712300583,0.0004329110409,,,,35.6553125,38.50004883,74.15536133,1548.591797,386.375,380.859375,1934.966797,5.515625,8.748046875,193,5.46875,76.5234375,128.2011719,1.416992188,128.2011719,2081259,243.017155,8.564247244,0.080166,9.789549,0.346108,10.215823
20,hl,hl,2059256,3433,1,0.3958333333,0.5671641791,2700.895833,0.3493357836,0.9340277778,48,,,,,,0,0,0,0,0,,,,,,,,,,0,,,,,,,,,,288,0.8333333333,0,1,0,19,0.05805786167,269,0.1540532115,0.0007364967817,0.00305567693,0.01264922865,,,,5.857421875,19.83054687,25.68796875,566.3789062,0.421875,0,566.8007812,0.421875,0.75390625,19,5.078125,23.30273438,0,0.927734375,28.38085938,2059256,142.492769,14.45165263,0.002942,1.312775,0,1.315717
20,hl#1,hl,2059256,3433,1,0.6666666667,0.8,1205.625,0.1622582855,0.8263888889,96,,,,,,0,0,0,0,0,,,,,,,,,,0,,,,,,,,,,576,0.9791666667,0,1,0,32,0.1009947282,544,0.286620022,0.0006729422746,0.003156085256,0.01315183736,,,,11.48828125,39.09540039,50.58368164,1129.329102,0.65625,0,1129.985352,0.65625,1.204101562,32,5.078125,31.04296875,0,1.719726562,36.12109375,2059256,169.434525,12.15369772,0.004668,2.47896,0,2.483628
20,hl#2,hl,2059256,3433,1,0.9583333333,0.9787234043,196.625,0.03325249828,0.97,192,,,,,,0,0,0,0,0,,,,,,,,,,0,,,,,,,,,,1152,1,0,1,0,46,0.1415550082,1106,0.4312863481,0.0004972581218,0.003077282787,0.01487430412,,,,22.75,77.44725586,100.1972559,2254.685547,0.78125,0,2255.466797,0.78125,1.560546875,46,5.078125,42.1484375,0,2.629882812,47.2265625,2059256,163.701216,12.57935677,0.008348,5.492655,0,5.501003
20,hl#3,hl,2059256,3433,1,1,1,8.125,0.001619090592,0.9883333333,384,,,,,,0,0,0,0,0,,,,,,,,,,0,,,,,,,,,,2304,1,0,1,0,48,0.1476465286,2256,0.5506357636,0.0003030739116,0.003075969347,0.01486362065,,,,45.2734375,150.3234277,195.5968652,4504.71875,0.78125,0,4505.5,0.78125,1.59375,48,5.078125,62.40625,0,2.7734375,67.484375,2059256,142.939413,14.40649543,0.019538,10.424654,0,10.444192
20,ss[policy=difficulty],ss,2059256,3433,0.9411764706,1,0.9696969697,77.97916667,0.01515332247,1,1303,1303,,,,,0,0,0,0,0,,,,0.0001126620488,0,,1303,0,0,0,1303,1303,1303,1303,0,0,1,1,0,51,1,48,1,0.149488456,3,0.005131464956,0,0,4.024868833e-05,7.834544774e-05,0.0001427700101,,,,49.64628906,85.50423828,135.1505273,2751.776367,5.4375,0,2757.213867,1.921875,2.784179688,51,5.46875,14.3984375,9.65625,1.41015625,19.8671875,2059256,169.852661,12.12377827,0.017988,30.296979,0.011505,30.326472
20,hybrid[head=topn-frontier reducer=streaming],hybrid,2059256,3433,1,1,1,9.4375,0.002003007932,1,1105,1105,600,505,600,505,402,198,198,9640,4000,0.4149377593,1,1.618974,7.915480154e-05,0,,505,0,0,0,505,505,505,505,0,0,1,1,0,48,1,48,1,0.1478907916,0,0,0,0,4.582965887e-06,0,7.915480154e-05,,,,32.44460937,37.40763672,69.85224609,1374.826172,396.3125,390.625,1771.138672,5.6875,8.966796875,198,5.46875,76.5234375,128.2207031,1.442382812,128.2207031,2059256,199.777116,10.30776718,0.064454,8.673829,0.346646,9.084929
21,hl,hl,2089295,3483,1,0.4347826087,0.6060606061,2700.869565,0.3390868055,0.9618055556,48,,,,,,0,0,0,0,0,,,,,,,,,,0,,,,,,,,,,288,0.8695652174,0,1,0,20,0.06751320421,268,0.1539557602,0.0007689894598,0.003375660211,0.01011489522,,,,5.857421875,19.84232422,25.69974609,566.4736328,0.5,0,566.9736328,0.5,0.8486328125,20,5.078125,22.59960938,0,0.919921875,27.67773438,2089295,133.953031,15.59722079,0.002971,1.308729,0,1.3117
21,hl#1,hl,2089295,3483,1,0.7608695652,0.8641975309,977.9347826,0.1418185376,0.8402777778,96,,,,,,0,0,0,0,0,,,,,,,,,,0,,,,,,,,,,576,0.9782608696,0,1,0,35,0.1185361569,541,0.2819123197,0.0006952230497,0.003386747341,0.0144086881,,,,11.48828125,38.93485352,50.42313477,1129.398438,0.671875,0,1130.070312,0.671875,1.2734375,35,5.078125,29.79296875,0,1.859375,34.87109375,2089295,154.392211,13.53238603,0.007617,2.466749,0,2.474366
21,hl#2,hl,2089295,3483,1,0.9565217391,0.9777777778,284.1304348,0.03916762987,0.97,192,,,,,,0,0,0,0,0,,,,,,,,,,0,,,,,,,,,,1152,1,0,1,0,44,0.1442582306,1108,0.4275695869,0.0004963783138,0.003278596151,0.01447426046,,,,22.75,76.09761719,98.84761719,2254.619141,0.75,0,2255.369141,0.75,1.494140625,44,5.078125,42.7734375,0,2.483398438,47.8515625,2089295,152.805076,13.67294238,0.011593,5.522858,0,5.534451
21,hl#3,hl,2089295,3483,1,0.9782608696,0.989010989,8.108695652,0.001549874521,0.9933333333,384,,,,,,0,0,0,0,0,,,,,,,,,,0,,,,,,,,,,2304,1,0,1,0,45,0.1510203203,2259,0.5486534932,0.0003036778704,0.003356007117,0.01448000402,,,,45.2734375,144.7362891,190.0097266,4504.621094,0.734375,0,4505.355469,0.734375,1.49609375,45,5.078125,62.09375,0,2.60546875,67.171875,2089295,134.461042,15.5382925,0.019715,10.561299,0,10.581014
21,ss[policy=difficulty],ss,2089295,3483,0.9387755102,1,0.9684210526,105.4130435,0.0194929823,1,1303,1303,,,,,0,0,0,0,0,,,,0.0001641702105,0,,1303,0,0,0,1303,1303,1303,1303,0,0,1,1,0,49,1,46,1,0.1549489182,3,0.005205583702,0,0,5.433919683e-05,0.0001139140236,0.0001718282961,,,,49.6396875,77.76454102,127.4042285,2732.90625,5.375,0,2738.28125,1.859375,2.6875,49,5.46875,14.3984375,9.65625,1.330078125,19.8671875,2089295,161.744615,12.91724612,0.029147,29.642126,0.018911,29.690184
21,hybrid[head=topn-frontier reducer=streaming],hybrid,2089295,3483,0.9787234043,1,0.9892473118,21.5,0.004261440899,1,1105,1105,600,505,600,505,395,205,205,9640,4140,0.4294605809,1,1.526721,0.0001708710354,0,,505,0,0,0,505,505,505,505,0,0,1,1,0,47,1,46,1,0.153101405,1,0.001724505156,0,0,1.216943127e-05,9.859785239e-05,0.0001708710354,,,,32.39800781,36.44375977,68.84176758,1371.478516,410.3125,404.296875,1781.791016,6.015625,9.416015625,205,5.46875,76.5234375,128.2011719,1.413085938,128.2011719,2089295,192.558022,10.85021013,0.066502,8.874707,0.353412,9.294621
22,hl,hl,2050496,3418,1,0.4791666667,0.6478873239,2891.854167,0.3753195116,0.9444444444,48,,,,,,0,0,0,0,0,,,,,,,,,,0,,,,,,,,,,288,0.8333333333,0,1,0,23,0.06439807734,265,0.1475877056,0.0007360617464,0.002799916406,0.01044771606,,,,5.857421875,19.82521484,25.68263672,566.5683594,0.546875,0,567.1152344,0.546875,0.943359375,23,5.078125,22.99023438,0,1.123046875,28.06835938,2050496,128.220372,15.99196733,0.009086,1.328173,0,1.337259
22,hl#1,hl,2050496,3418,1,0.7708333333,0.8705882353,982.6666667,0.1469840509,0.84375,96,,,,,,0,0,0,0,0,,,,,,,,,,0,,,,,,,,,,576,0.9791666667,0,1,0,37,0.117578381,539,0.2808203479,0.0006916644599,0.003177794082,0.01628630341,,,,11.48828125,38.86091797,50.34919922,1129.398438,0.640625,0,1130.039062,0.640625,1.2734375,37,5.078125,31.90234375,0,2.030273438,36.98046875,2050496,148.832428,13.77721258,0.00474,2.518793,0,2.523533
22,hl#2,hl,2050496,3418,1,0.9583333333,0.9787234043,68.77083333,0.01387845724,0.9816666667,192,,,,,,0,0,0,0,0,,,,,,,,,,0,,,,,,,,,,1152,1,0,1,0,46,0.1487732724,1106,0.4309113502,0.0005031984572,0.003234201574,0.01633555979,,,,22.75,74.7928125,97.5428125,2254.685547,0.78125,0,2255.466797,0.78125,1.560546875,46,5.078125,42.3828125,0,2.62890625,47.4609375,2050496,147.126341,13.93697407,0.01137,5.586589,0,5.597959
22,hl#3,hl,2050496,3418,1,1,1,11.125,0.002015143153,0.995,384,,,,,,0,0,0,0,0,,,,,,,,,,0,,,,,,,,,,2304,1,0,1,0,48,0.1533058343,2256,0.5468506157,0.0003038873481,0.003193871548,0.01632092918,,,,45.2734375,144.3164453,189.5898828,4504.719727,0.78125,0,4505.500977,0.78125,1.594726562,48,5.078125,62.171875,0,2.774414062,67.25,2050496,128.121281,16.00433577,0.020515,10.565137,0,10.585652
22,ss[policy=difficulty],ss,2050496,3418,0.9795918367,1,0.9896907216,89.39583333,0.01704923643,1,1303,1010,,,,,0,0,0,0,0,,,,0.0001375277006,0,,1010,1,0,0,1010,1010,1010,1010,0,0,1.29009901,1.29009901,-0.2547189673,49,1,48,1,0.1554921346,1,0.001687884297,0,0,4.408092242e-05,6.730078966e-05,0.0001380153875,,,,49.635,77.56958008,127.2045801,2733.508789,5.4375,0,2738.946289,1.921875,2.750976562,49,5.46875,14.3984375,9.65625,1.359375,19.8671875,2050496,154.646637,13.25923434,0.017539,30.223212,0.00891,30.249661
22,hybrid[head=topn-frontier reducer=streaming],hybrid,2050496,3418,1,1,1,46.14583333,0.00992281807,1,1105,1105,600,505,600,505,407,193,193,9640,3900,0.4045643154,1,1.46249,0.0003823465152,0,,505,0,0,0,505,505,505,505,0,0,1,1,0,48,1,48,1,0.1544796966,0,0,0,0,2.250471756e-05,0,0.0003823465152,,,,32.39894531,35.92425781,68.32320312,1370.204102,386.625,380.859375,1756.829102,5.765625,8.977539062,193,5.46875,77.0234375,128.7353516,1.439453125,128.7353516,2050496,182.668738,11.22521578,0.070447,8.526137,0.342846,8.93943
23,hl,hl,2077277,3463,1,0.4347826087,0.6060606061,3078.630435,0.3367273241,0.9444444444,48,,,,,,0,0,0,0,0,,,,,,,,,,0,,,,,,,,,,288,0.9130434783,0,1,0,20,0.06531242583,268,0.1543357001,0.0007626671038,0.003265621292,0.01020759388,,,,5.857421875,19.82867188,25.68609375,566.4658203,0.5,0,566.9658203,0.5,0.8408203125,20,5.078125,22.99023438,0,0.984375,28.06835938,2077277,138.192514,15.03176214,0.010565,1.313457,0,1.324022
23,hl#1,hl,2077277,3463,1,0.847826087,0.9176470588,663.3478261,0.1074607944,0.8454861111,96,,,,,,0,0,0,0,0,,,,,,,,,,0,,,,,,,,,,576,0.9782608696,0,1,0,39,0.1381861928,537,0.2775272629,0.0007217247494,0.003543235713,0.01869370334,,,,11.48828125,38.86356445,50.3518457,1129.525391,0.734375,0,1130.259766,0.734375,1.400390625,39,5.078125,30.33984375,0,2.178710938,35.41796875,2077277,158.151961,13.13469012,0.004461,2.45893,0,2.463391
23,hl#2,hl,2077277,3463,1,0.9347826087,0.9662921348,214.7826087,0.03240075814,0.975,192,,,,,,0,0,0,0,0,,,,,,,,,,0,,,,,,,,,,1152,1,0,1,0,43,0.152286864,1109,0.4261935216,0.0005021531125,0.003541554977,0.01885112096,,,,22.75,74.90418945,97.65418945,2254.59082,0.734375,0,2255.325195,0.734375,1.465820312,43,5.078125,41.3671875,0,2.431640625,46.4453125,2077277,155.944438,13.32062257,0.012852,5.310483,0,5.323335
23,hl#3,hl,2077277,3463,1,1,1,9.217391304,0.001696335321,0.9916666667,384,,,,,,0,0,0,0,0,,,,,,,,,,0,,,,,,,,,,2304,1,0,1,0,46,0.1607195381,2258,0.5396892181,0.000303996856,0.003493903003,0.01886171175,,,,45.2734375,142.8502441,188.1236816,4504.658203,0.75,0,4505.408203,0.75,1.533203125,46,5.078125,61.78125,0,2.666015625,66.859375,2077277,137.886492,15.06512328,0.022611,10.127563,0,10.150174
23,ss[policy=difficulty],ss,2077277,3463,0.9387755102,1,0.9684210526,146.7826087,0.02777585716,1,1010,1010,,,,,0,0,0,0,0,,,,0.0002296275364,0,,1010,0,0,0,1010,1010,1010,1010,0,0,1,1,0,49,1,46,1,0.1640556363,3,0.005298763718,0,0,7.838951411e-05,0.000196892374,0.0002628440983,,,,39.78875,72.69317383,112.4819238,2149.338867,5.5625,0,2154.901367,2.046875,2.877929688,49,5.46875,14.3984375,9.65625,1.334960938,19.8671875,2077277,155.772801,13.33529979,0.021341,23.221698,0.011216,23.254255
23,hybrid[head=topn-frontier reducer=streaming],hybrid,2077277,3463,1,1,1,42.67391304,0.007451084384,1,1105,1062,600,505,600,462,398,202,202,9640,4080,0.4232365145,1,1.569291,0.0004857320425,0,,462,1,0,0,462,462,462,462,0,0,1.093073593,1.093073593,-0.08899353819,46,1,46,1,0.1617502143,0,0,0,0,2.054319816e-05,0,0.0004857320425,,,,32.10328125,36.13449219,68.23777344,1353.512695,404.4375,398.4375,1757.950195,6,9.426757812,202,5.46875,76.2734375,128.0488281,1.358398438,128.0488281,2077277,192.668223,10.78162744,0.086232,8.52603,0.362361,8.974623
24,hl,hl,2048965,3415,1,0.4390243902,0.6101694915,3781.365854,0.3628808159,0.9305555556,48,,,,,,0,0,0,0,0,,,,,,,,,,0,,,,,,,,,,288,0.8536585366,0,1,0,18,0.05396675883,270,0.1544799448,0.0007237732763,0.002998153268,0.0123125578,,,,5.857421875,19.82839844,25.68582031,566.4082031,0.46875,0,566.8769531,0.46875,0.783203125,18,5.078125,22.99023438,0,0.87109375,28.06835938,2048965,122.809855,16.6840438,0.002715,1.465752,0,1.468467
24,hl#1,hl,2048965,3415,0.9722222222,0.8536585366,0.9090909091,1276.902439,0.1361362173,0.8454861111,96,,,,,,0,0,0,0,0,,,,,,,,,,0,,,,,,,,,,576,1,0,1,0,36,0.121935221,540,0.2808988929,0.0006993647809,0.003387089471,0.01879680717,,,,11.48828125,39.02126953,50.50955078,1129.367188,0.625,0,1129.992188,0.625,1.2421875,36,5.078125,30.57421875,0,2.075195312,35.65234375,2048965,141.415695,14.48895047,0.005001,2.523415,0,2.528416
24,hl#2,hl,2048965,3415,1,0.9756097561,0.987654321,196.8536585,0.02641821845,0.9783333333,192,,,,,,0,0,0,0,0,,,,,,,,,,0,,,,,,,,,,1152,1,0,1,0,40,0.1463865903,1112,0.4348580869,0.0005045526712,0.003659664758,0.02139031169,,,,22.75,75.6147168,98.3647168,2254.493164,0.6875,0,2255.180664,0.6875,1.368164062,40,5.078125,42.3046875,0,2.295898438,47.3828125,2048965,141.058156,14.5256755,0.014522,5.528407,0,5.542929
24,hl#3,hl,2048965,3415,1,1,1,6.804878049,0.001102759318,0.9933333333,384,,,,,,0,0,0,0,0,,,,,,,,,,0,,,,,,,,,,2304,1,0,1,0,41,0.1516965883,2263,0.5491191894,0.0003041735146,0.003699916787,0.02140153687,,,,45.2734375,143.7616406,189.0350781,4504.494141,0.671875,0,4505.166016,0.671875,1.369140625,41,5.078125,62.25,0,2.384765625,67.328125,2048965,123.733802,16.55946045,0.021992,10.532795,0,10.554787
24,ss[policy=difficulty],ss,2048965,3415,0.8913043478,1,0.9425287356,127.4146341,0.02130315689,1,1010,1010,,,,,0,0,0,0,0,,,,0.0002113262062,0,,1010,0,0,0,1010,1010,1010,1010,0,0,1,1,0,46,1,41,1,0.1543130312,5,0.008775650145,0,0,6.794522664e-05,0.0001151801031,0.0002386570781,,,,39.95347656,71.81703125,111.7705078,2144.248047,5.328125,0,2149.576172,1.8125,2.591796875,46,5.46875,14.3984375,9.65625,1.263671875,19.8671875,2048965,142.340278,14.3948363,0.021677,24.298264,0.009187,24.329128
24,hybrid[head=topn-frontier reducer=streaming],hybrid,2048965,3415,1,1,1,23.43902439,0.00594117069,1,1062,1062,600,462,600,462,403,197,197,9640,3980,0.4128630705,1,1.510614,0.0001688657444,0,,462,0,0,0,462,462,462,462,0,0,1,1,0,41,1,41,1,0.1522324686,0,0,0,0,1.143944596e-05,0,0.0001688657444,,,,31.05851562,35.47129883,66.52981445,1274.936523,394.65625,388.671875,1669.592773,5.984375,9.241210938,197,5.46875,76.2734375,127.9365234,1.231445312,127.9365234,2048965,172.016354,11.91145465,0.121254,8.200589,0.34702,8.668863
25,hl,hl,2004866,3342,1,0.3888888889,0.56,3419.555556,0.3582193172,0.9305555556,48,,,,,,0,0,0,0,0,,,,,,,,,,0,,,,,,,,,,288,0.8611111111,0,1,0,14,0.04064062137,274,0.1591482922,0.0006937115055,0.002902901526,0.008638981358,,,,5.857421875,19.82720703,25.68462891,566.2695312,0.40625,0,566.6757812,0.40625,0.64453125,14,5.078125,23.53710938,0,0.61328125,28.61523438,2004866,129.777687,15.44846457,0.002751,1.289258,0,1.292009
25,hl#1,hl,2004866,3342,1,0.6944444444,0.8196721311,1211.055556,0.1585055673,0.8350694444,96,,,,,,0,0,0,0,0,,,,,,,,,,0,,,,,,,,,,576,1,0,1,0,25,0.08769364137,551,0.3010635125,0.0006749256143,0.003507745655,0.01941675903,,,,11.48828125,38.88546875,50.37375,1129.03125,0.484375,0,1129.515625,0.484375,0.90625,25,5.078125,31.35546875,0,1.22265625,36.43359375,2004866,152.320924,13.16211816,0.004696,2.475064,0,2.47976
25,hl#2,hl,2004866,3342,1,0.8888888889,0.9411764706,218.1111111,0.03140353092,0.97,192,,,,,,0,0,0,0,0,,,,,,,,,,0,,,,,,,,,,1152,1,0,1,0,32,0.1142899326,1120,0.4524337287,0.0004919476227,0.003571560394,0.02194361119,,,,22.75,76.54321289,99.29321289,2254.224609,0.5625,0,2254.787109,0.5625,1.099609375,32,5.078125,42.0703125,0,1.807617188,47.1484375,2004866,152.897201,13.1125095,0.00882,5.589661,0,5.598481
25,hl#3,hl,2004866,3342,1,0.9722222222,0.985915493,7.083333333,0.001088634445,0.9983333333,384,,,,,,0,0,0,0,0,,,,,,,,,,0,,,,,,,,,,2304,1,0,1,0,35,0.1224296287,2269,0.570844635,0.0003009002881,0.003497989392,0.0219545845,,,,45.2734375,148.4973926,193.7708301,4504.291016,0.578125,0,4504.869141,0.578125,1.166015625,35,5.078125,61.859375,0,2.041015625,66.9375,2004866,134.138664,14.94622013,0.019135,10.745485,0,10.76462
25,ss[policy=difficulty],ss,2004866,3342,0.972972973,1,0.9863013699,131.4166667,0.02308900451,1,1010,1010,,,,,0,0,0,0,0,,,,0.0002309381275,0,,1010,0,0,0,1010,1010,1010,1010,0,0,1,1,0,37,1,36,1,0.1264757844,1,0.001667941897,0,0,6.892689546e-05,0.0001905364249,0.0002349284192,,,,40.60878906,82.73491211,123.3437012,2204.924805,4.96875,0,2209.893555,1.453125,2.073242188,37,5.46875,14.3984375,9.65625,1.05078125,19.8671875,2004866,150.4969,13.32164317,0.011976,23.227784,0.01025,23.25001
25,hybrid[head=topn-frontier reducer=streaming],hybrid,2004866,3342,0.9722222222,0.9722222222,0.9722222222,52.13888889,0.01350937825,1,1062,1062,600,462,600,462,407,193,193,9640,3900,0.4045643154,1,1.544952,0.0005222294158,0,,462,0,0,0,462,462,462,462,0,0,1,1,0,37,1,35,1,0.1226371239,2,0.00305107673,0,0,2.75276199e-05,0.0002990224783,0.0005222294158,,,,31.41066406,35.84524414,67.2559082,1287.915039,386.5,380.859375,1674.415039,5.640625,8.836914062,193,5.46875,76.5234375,128.0205078,1.184570312,128.0205078,2004866,186.589239,10.74481042,0.059997,7.938931,0.349779,8.348707
26,hl,hl,2041586,3403,1,0.4318181818,0.6031746032,3194.090909,0.3583510906,0.9236111111,48,,,,,,0,0,0,0,0,,,,,,,,,,0,,,,,,,,,,288,0.8863636364,0,1,0,19,0.0604961045,269,0.1546341913,0.0007469801936,0.0031840055,0.01227477069,,,,5.857421875,19.78692383,25.6443457,566.4306641,0.484375,0,566.9150391,0.484375,0.8056640625,19,5.078125,22.83398438,0,0.8544921875,27.91210938,2041586,133.152937,15.33263964,0.003367,1.30432,0,1.307687
26,hl#1,hl,2041586,3403,1,0.8863636364,0.9397590361,1131.386364,0.1332634039,0.8385416667,96,,,,,,0,0,0,0,0,,,,,,,,,,0,,,,,,,,,,576,1,0,1,0,39,0.1237400727,537,0.2780122904,0.0006974867415,0.003172822376,0.01748689499,,,,11.48828125,39.08936523,50.57764648,1129.550781,0.765625,0,1130.316406,0.765625,1.42578125,39,5.078125,30.80859375,0,2.077148438,35.88671875,2041586,153.497594,13.300443,0.008407,2.498992,0,2.507399
26,hl#2,hl,2041586,3403,1,0.9772727273,0.9885057471,73.06818182,0.01094223393,0.98,192,,,,,,0,0,0,0,0,,,,,,,,,,0,,,,,,,,,,1152,1,0,1,0,43,0.1507352617,1109,0.4317471809,0.0005056271203,0.003505471202,0.02002217884,,,,22.75,77.41650391,100.1665039,2254.585938,0.734375,0,2255.320312,0.734375,1.4609375,43,5.078125,41.7578125,0,2.4609375,46.8359375,2041586,151.04847,13.51609851,0.010883,5.431177,0,5.44206
26,hl#3,hl,2041586,3403,1,1,1,8.25,0.001506794374,0.9933333333,384,,,,,,0,0,0,0,0,,,,,,,,,,0,,,,,,,,,,2304,1,0,1,0,44,0.1536197838,2260,0.5492039032,0.0003050450031,0.003491358724,0.02002560754,,,,45.2734375,150.575332,195.8487695,4504.586914,0.71875,0,4505.305664,0.71875,1.461914062,44,5.078125,62.640625,0,2.547851562,67.71875,2041586,132.226967,15.44001232,0.019276,10.334097,0,10.353373
26,ss[policy=difficulty],ss,2041586,3403,0.9777777778,1,0.9887640449,131.4545455,0.02189155675,1,1010,920,,,,,0,0,0,0,0,,,,0.0002052325986,0,,920,1,0,0,920,920,920,920,0,0,1.097826087,1.097826087,-0.09333193979,45,1,44,1,0.1564974486,1,0.001741293289,0,0,6.521073975e-05,0.0001013917611,0.0002693983991,,,,40.03351562,71.99800781,112.0315234,2150.024414,5.3125,0,2155.336914,1.796875,2.555664062,45,5.46875,14.3984375,9.65625,1.23828125,19.8671875,2041586,155.043357,13.16783924,0.014712,22.775929,0.026768,22.817409
26,hybrid[head=topn-frontier reducer=streaming],hybrid,2041586,3403,1,1,1,13.04545455,0.003418747815,1,1062,1062,600,462,600,462,404,196,196,9640,3960,0.4107883817,1,2.606976,0.0001474343966,0,,462,0,0,0,462,462,462,462,0,0,1,1,0,44,1,44,1,0.153945511,0,0,0,0,6.389862854e-06,0,0.0001474343966,,,,31.09898438,35.98494141,67.08392578,1278.149414,392.28125,386.71875,1670.430664,5.5625,8.836914062,196,5.46875,76.2734375,127.9511719,1.28515625,127.9511719,2041586,182.251598,11.20201975,0.060392,7.897967,0.48797,8.446329
27,hl,hl,2052256,3421,1,0.45,0.6206896552,3121.325,0.3618121155,0.9409722222,48,,,,,,0,0,0,0,0,,,,,,,,,,0,,,,,,,,,,288,0.875,0,1,0,18,0.06640691999,270,0.1529511913,0.0007616601086,0.003689273333,0.01543520886,,,,5.857421875,19.82146484,25.67888672,566.40625,0.46875,0,566.875,0.46875,0.78125,18,5.078125,22.91210938,0,0.8720703125,27.99023438,2052256,126.777013,16.18791886,0.009304,1.281998,0,1.291302
27,hl#1,hl,2052256,3421,1,0.825,0.904109589,755.1,0.1096803186,0.8472222222,96,,,,,,0,0,0,0,0,,,,,,,,,,0,,,,,,,,,,576,1,0,1,0,33,0.1231011141,543,0.2861256101,0.0007104630628,0.003730336791,0.01789055556,,,,11.48828125,38.88128906,50.36957031,1129.325195,0.640625,0,1129.96582,0.640625,1.200195312,33,5.078125,30.73046875,0,1.740234375,35.80859375,2052256,145.981862,14.05829445,0.004889,2.446374,0,2.451263
27,hl#2,hl,2052256,3421,0.9743589744,0.95,0.9620253165,59.65,0.009453973983,0.9716666667,192,,,,,,0,0,0,0,0,,,,,,,,,,0,,,,,,,,,,1152,1,0,1,0,39,0.143758381,1113,0.4359041952,0.0005031793196,0.003686112334,0.01798021299,,,,22.75,75.61719727,98.36719727,2254.430664,0.640625,0,2255.071289,0.640625,1.305664062,39,5.078125,41.4453125,0,2.274414062,46.5234375,2052256,144.832923,14.1698169,0.015193,5.334422,0,5.349615
27,hl#3,hl,2052256,3421,1,1,1,12.7,0.002349407555,0.9916666667,384,,,,,,0,0,0,0,0,,,,,,,,,,0,,,,,,,,,,2304,1,0,1,0,40,0.1462371166,2264,0.5562507796,0.0003048992605,0.003655927915,0.01797680211,,,,45.2734375,146.1589844,191.4324219,4504.460938,0.65625,0,4505.117188,0.65625,1.3359375,40,5.078125,62.09375,0,2.328125,67.171875,2052256,128.127062,16.01735003,0.020261,10.116067,0,10.136328
27,ss[policy=difficulty],ss,2052256,3421,0.8695652174,1,0.9302325581,180.325,0.0340784558,1,920,1023,,,,,0,0,0,0,0,,,,0.0002777431276,1,1023,1023,0,1,1023,1023,1023,1023,1023,1,1,0.899315738,0.899315738,0.1061210959,46,1,40,1,0.1498141557,6,0.01037151311,0,0,9.656393405e-05,0.0001545453719,0.0003391389768,,,,37.91214844,70.44214844,108.3542969,2009.709961,5.296875,0,2015.006836,1.78125,2.561523438,46,5.46875,14.3984375,9.65625,1.264648438,19.8671875,2052256,142.756973,14.3758722,0.013369,21.216283,0.011857,21.241509
27,hybrid[head=topn-frontier reducer=streaming],hybrid,2052256,3421,1,1,1,63,0.01284976409,1,1062,1037,600,462,600,437,395,205,205,9640,4140,0.4294605809,1,1.6056,0.0004814214211,0,,437,1,0,0,437,437,437,437,0,0,1.057208238,1.057208238,-0.05563169599,40,1,40,1,0.147527404,0,0,0,0,3.1282647e-05,0,0.0004814214211,,,,31.14289062,43.08875,74.23164062,1283.378906,410.21875,404.296875,1693.597656,5.921875,9.37109375,205,5.46875,76.5234375,128.2109375,1.215820312,128.2109375,2052256,179.301169,11.44585956,0.060748,7.982375,0.369911,8.413034
28,hl,hl,2012428,3355,1,0.3469387755,0.5151515152,2699.265306,0.3707123693,0.9201388889,48,,,,,,0,0,0,0,0,,,,,,,,,,0,,,,,,,,,,288,0.8775510204,0,1,0,17,0.04951879024,271,0.1557392364,0.0007127014813,0.002912870014,0.01114574037,,,,5.857421875,19.83001953,25.68744141,566.3408203,0.421875,0,566.7626953,0.421875,0.7158203125,17,5.078125,23.92773438,0,0.74609375,29.00585938,2012428,121.12061,16.61507484,0.003193,1.34231,0,1.345503
28,hl#1,hl,2012428,3355,1,0.612244898,0.7594936709,992.7142857,0.1676096397,0.8385416667,96,,,,,,0,0,0,0,0,,,,,,,,,,0,,,,,,,,,,576,1,0,1,0,30,0.09718608566,546,0.2960687289,0.0006827340531,0.003239536189,0.0176990183,,,,11.48828125,38.94115234,50.42943359,1129.196289,0.5625,0,1129.758789,0.5625,1.071289062,30,5.078125,31.12109375,0,1.569335938,36.19921875,2012428,139.532026,14.42269605,0.007579,2.568969,0,2.576548
28,hl#2,hl,2012428,3355,1,0.9183673469,0.9574468085,358.6734694,0.05290980034,0.9766666667,192,,,,,,0,0,0,0,0,,,,,,,,,,0,,,,,,,,,,1152,1,0,1,0,45,0.1325220082,1107,0.4357596893,0.0004933000847,0.002944933516,0.01784212901,,,,22.75,76.91119141,99.66119141,2254.625,0.734375,0,2255.359375,0.734375,1.5,45,5.078125,42.8515625,0,2.609375,47.9296875,2012428,138.973047,14.48070718,0.008559,5.752423,0,5.760982
28,hl#3,hl,2012428,3355,1,1,1,8.836734694,0.001877773974,0.9916666667,384,,,,,,0,0,0,0,0,,,,,,,,,,0,,,,,,,,,,2304,1,0,1,0,49,0.1454730306,2255,0.5502875134,0.0003019794028,0.002968837359,0.01784858887,,,,45.2734375,149.8141699,195.0876074,4504.755859,0.796875,0,4505.552734,0.796875,1.630859375,49,5.078125,62.71875,0,2.833984375,67.796875,2012428,120.852502,16.65193493,0.019175,10.764842,0,10.784017
28,ss[policy=difficulty],ss,2012428,3355,0.9607843137,1,0.98,120.6938776,0.02482956692,1,1023,1023,,,,,0,0,0,0,0,,,,0.0002156598894,0,,1023,0,0,0,1023,1023,1023,1023,0,0,1,1,0,51,1,49,1,0.148362575,2,0.003483354436,0,0,6.317605147e-05,0.0001416199735,0.000217150626,,,,40.53410156,73.13961914,113.6737207,2225.475586,5.46875,0,2230.944336,1.953125,2.819335938,51,5.46875,14.3984375,9.65625,1.407226562,19.8671875,2012428,136.872874,14.70289869,0.015434,24.252751,0.010171,24.278356
28,hybrid[head=topn-frontier reducer=streaming],hybrid,2012428,3355,0.9782608696,0.9183673469,0.9473684211,202.3265306,0.04561177847,1,1037,1200,600,437,600,600,405,195,195,9640,3940,0.4087136929,1,1.621571,0.0008546889628,1,561,600,0,1,561,600,600,600,600,1,1,0.7283333333,0.7283333333,0.3169964601,51,1,45,1,0.1365927129,6,0.008974731021,0,0,0.0001387261907,0.0007872745427,0.0008576704359,,,,30.64929688,34.76576172,65.41505859,1240.881836,390.46875,384.765625,1631.350586,5.703125,8.928710938,195,5.46875,77.0234375,128.9111328,1.389648438,128.9111328,2012428,167.727019,11.99823387,0.059611,7.811052,0.360536,8.231199
29,hl,hl,2068104,3447,1,0.3695652174,0.5396825397,2907.565217,0.3884944928,0.9375,48,,,,,,0,0,0,0,0,,,,,,,,,,0,,,,,,,,,,288,0.847826087,0,1,0,17,0.06127158015,271,0.1544245357,0.0007489448467,0.003604210597,0.01215751239,,,,5.857421875,19.83357422,25.69099609,566.3085938,0.390625,0,566.6992188,0.390625,0.68359375,17,5.078125,22.67773438,0,0.9130859375,27.75585938,2068104,131.776567,15.69401941,0.004525,1.321393,0,1.325918
29,hl#1,hl,2068104,3447,1,0.7826086957,0.8780487805,1179.108696,0.1771295467,0.8333333333,96,,,,,,0,0,0,0,0,,,,,,,,,,0,,,,,,,,,,576,0.9565217391,0,1,0,36,0.116891607,540,0.2787287293,0.0006868408616,0.003246989083,0.01630914113,,,,11.48828125,39.16345703,50.65173828,1129.422852,0.6875,0,1130.110352,0.6875,1.297851562,36,5.078125,28.93359375,0,1.779296875,34.01171875,2068104,152.011453,13.60492226,0.004632,2.50943,0,2.514062
29,hl#2,hl,2068104,3447,1,0.9782608696,0.989010989,191.5652174,0.02780420806,0.9616666667,192,,,,,,0,0,0,0,0,,,,,,,,,,0,,,,,,,,,,1152,1,0,1,0,45,0.1484258045,1107,0.4280795357,0.0005004386633,0.003298351211,0.01639085849,,,,22.75,75.46524414,98.21524414,2254.676758,0.796875,0,2255.473633,0.796875,1.551757812,45,5.078125,41.5234375,0,2.501953125,46.6015625,2068104,149.749066,13.81046343,0.008672,5.439065,0,5.447737
29,hl#3,hl,2068104,3447,1,1,1,7.673913043,0.001534562,0.99,384,,,,,,0,0,0,0,0,,,,,,,,,,0,,,,,,,,,,2304,1,0,1,0,46,0.1530551655,2258,0.5491251891,0.0003047657789,0.003327286207,0.01638747374,,,,45.2734375,143.6010352,188.8744727,4504.647461,0.75,0,4505.397461,0.75,1.522460938,46,5.078125,62.09375,0,2.655273438,67.171875,2068104,131.141684,15.76999728,0.022404,10.424386,0,10.44679
29,ss[policy=difficulty],ss,2068104,3447,0.9019607843,1,0.9484536082,131.6521739,0.02297865556,1,1023,1023,,,,,0,0,0,0,0,,,,0.0002079199112,0,,1023,0,0,0,1023,1023,1023,1023,0,0,1,1,0,51,1,46,1,0.1559346145,5,0.008891235644,0,0,7.495735603e-05,0.0001789078306,0.0002422508733,,,,40.53023437,72.0025,112.5327344,2200.168945,5.4375,0,2205.606445,1.921875,2.778320312,51,5.46875,14.3984375,9.65625,1.411132812,19.8671875,2068104,149.966585,13.79043205,0.015904,31.676373,0.013215,31.705492
29,hybrid[head=topn-frontier reducer=streaming],hybrid,2068104,3447,0.9583333333,1,0.9787234043,21.2826087,0.004058305544,1,1200,1200,600,600,600,600,397,203,203,9640,4100,0.4253112033,1,1.764039,0.0004264775853,0,,600,0,0,0,600,600,600,600,0,0,1,1,0,48,1,46,1,0.153479709,2,0.003943225292,0,0,2.505314046e-05,0.0003645851466,0.0004264775853,,,,35.64394531,37.98783203,73.63177734,1539.56543,406.25,400.390625,1945.81543,5.859375,9.260742188,203,5.46875,76.5234375,128.25,1.40625,128.25,2068104,192.707822,10.73181139,0.154288,11.562799,0.35708,12.074167
30,hl,hl,2066116,3444,1,0.4,0.5714285714,3621.244444,0.3839972412,0.9305555556,48,,,,,,0,0,0,0,0,,,,,,,,,,0,,,,,,,,,,288,0.8666666667,0,1,0,18,0.04772771713,270,0.1492718705,0.0006840263459,0.00265153984,0.01017803453,,,,5.857421875,19.82253906,25.67996094,566.3388672,0.40625,0,566.7451172,0.40625,0.7138671875,18,5.078125,23.30273438,0,0.8017578125,28.38085938,2066116,133.823455,15.43911716,0.00277,1.300039,0,1.302809
30,hl#1,hl,2066116,3444,1,0.8666666667,0.9285714286,1060.133333,0.1476299049,0.84375,96,,,,,,0,0,0,0,0,,,,,,,,,,0,,,,,,,,,,576,1,0,1,0,39,0.1246299821,537,0.2674830455,0.0006807517839,0.003195640565,0.01335017008,,,,11.48828125,38.71720703,50.20548828,1129.490234,0.703125,0,1130.193359,0.703125,1.365234375,39,5.078125,29.63671875,0,2.045898438,34.71484375,2066116,154.726887,13.35330943,0.004729,2.477704,0,2.482433
30,hl#2,hl,2066116,3444,1,0.9777777778,0.9887640449,60.37777778,0.01010162786,0.9733333333,192,,,,,,0,0,0,0,0,,,,,,,,,,0,,,,,,,,,,1152,1,0,1,0,44,0.1500733744,1108,0.4199589955,0.0004948197656,0.003410758509,0.01354183405,,,,22.75,75.36507812,98.11507812,2254.62207,0.75,0,2255.37207,0.75,1.497070312,44,5.078125,42.2265625,0,2.486328125,47.3046875,2066116,154.58026,13.36597571,0.012964,5.461419,0,5.474383
30,hl#3,hl,2066116,3444,1,1,1,8.511111111,0.001460904761,0.9966666667,384,,,,,,0,0,0,0,0,,,,,,,,,,0,,,,,,,,,,2304,1,0,1,0,45,0.152929458,2259,0.541797266,0.0003015306962,0.0033984324,0.01354086605,,,,45.2734375,144.4225586,189.6959961,4504.624023,0.734375,0,4505.358398,0.734375,1.499023438,45,5.078125,62.015625,0,2.608398438,67.09375,2066116,135.394589,15.25995991,0.019619,10.379952,0,10.399571
30,ss[policy=difficulty],ss,2066116,3444,0.9183673469,1,0.9574468085,137.0888889,0.02315347248,1,1023,1023,,,,,0,0,0,0,0,,,,0.0002236079678,0,,1023,0,0,0,1023,1023,1023,1023,0,0,1,1,0,49,1,45,1,0.1559486495,4,0.006894579007,0,0,7.13751734e-05,0.0001278969816,0.0002400639654,,,,40.52550781,72.07198242,112.5974902,2215.852539,5.46875,0,2221.321289,1.953125,2.782226562,49,5.46875,14.3984375,9.65625,1.330078125,19.8671875,2066116,153.395279,13.46922808,0.033732,23.429012,0.022178,23.484922
30,hybrid[head=topn-frontier reducer=streaming],hybrid,2066116,3444,1,1,1,36.02222222,0.006837919999,1,1200,1200,600,600,600,600,405,195,195,9640,3940,0.4087136929,1,1.585392,0.0003092759555,0,,600,0,0,0,600,600,600,600,0,0,1,1,0,45,1,45,1,0.1537474179,0,0,0,0,1.743475304e-05,0,0.0003092759555,,,,35.63980469,38.7652832,74.40508789,1545.261719,390.40625,384.765625,1935.667969,5.640625,8.90234375,195,5.46875,76.5234375,128.2060547,1.30078125,128.2060547,2066116,197.045684,10.48546691,0.079368,9.82761,0.430691,10.337669
31,hl,hl,2100526,3501,1,0.4634146341,0.6333333333,3841.731707,0.3681823821,0.9513888889,48,,,,,,0,0,0,0,0,,,,,,,,,,0,,,,,,,,,,288,0.8780487805,0,1,0,19,0.06464476041,269,0.1493487822,0.0007430331339,0.003402355811,0.008853496696,,,,5.857421875,19.81333984,25.67076172,566.4404297,0.484375,0,566.9248047,0.484375,0.8154296875,19,5.078125,22.83398438,0,0.8642578125,27.91210938,2100526,141.121839,14.88448574,0.003726,1.321842,0,1.325568
31,hl#1,hl,2100526,3501,1,0.8780487805,0.9350649351,740.4634146,0.1100919982,0.8350694444,96,,,,,,0,0,0,0,0,,,,,,,,,,0,,,,,,,,,,576,0.9756097561,0,1,0,36,0.1400930053,540,0.2773195857,0.0007246746371,0.003891472369,0.01178276298,,,,11.48828125,38.52391602,50.01219727,1129.391602,0.65625,0,1130.047852,0.65625,1.266601562,36,5.078125,29.63671875,0,2.038085938,34.71484375,2100526,173.703209,12.09261482,0.004894,2.39271,0,2.397604
31,hl#2,hl,2100526,3501,1,1,1,87.48780488,0.01552024895,0.97,192,,,,,,0,0,0,0,0,,,,,,,,,,0,,,,,,,,,,1152,1,0,1,0,41,0.1589668493,1111,0.4247074304,0.0005066617011,0.003877240226,0.01181989654,,,,22.75,71.4027832,94.1527832,2254.523438,0.703125,0,2255.226562,0.703125,1.3984375,41,5.078125,40.5859375,0,2.350585938,45.6640625,2100526,157.913129,13.30178189,0.008479,7.471229,0,7.479708
31,hl#3,hl,2100526,3501,1,1,1,12.31707317,0.001906354932,0.9933333333,384,,,,,,0,0,0,0,0,,,,,,,,,,0,,,,,,,,,,2304,1,0,1,0,41,0.1603512644,2263,0.5438652033,0.0003056495085,0.003911006449,0.01182703761,,,,45.2734375,132.7419141,178.0153516,4504.492188,0.671875,0,4505.164062,0.671875,1.3671875,41,5.078125,61.46875,0,2.3828125,66.546875,2100526,138.147353,15.20496741,0.026967,10.652964,0,10.679931
31,ss[policy=difficulty],ss,2100526,3501,0.9318181818,1,0.9647058824,163.4146341,0.02580266137,1,1023,975,,,,,0,0,0,0,0,,,,0.000226133835,0,,975,1,0,0,975,975,975,975,0,0,1.049230769,1.049230769,-0.04805729495,44,1,41,1,0.1635623649,3,0.005411501691,0,0,8.801907886e-05,0.0002277207392,0.0002604109637,,,,40.03601562,68.66631836,108.702334,2151.242188,5.328125,0,2156.570312,1.8125,2.5546875,44,5.46875,14.3984375,9.65625,1.18359375,19.8671875,2100526,157.860321,13.30623165,0.017065,22.981654,0.01393,23.012649
31,hybrid[head=topn-frontier reducer=streaming],hybrid,2100526,3501,1,1,1,9.926829268,0.001881921259,1,1200,1200,600,600,600,600,422,178,178,9640,3600,0.3734439834,0,17.142409,0.0001290153038,0,,600,0,0,0,600,600,600,600,0,0,1,1,0,41,1,41,1,0.1605664486,0,0,0,0,4.725877836e-06,0,0.0001290153038,,,,35.6296875,42.73991211,78.36959961,1502.231445,946.75,941.40625,2448.981445,5.34375,8.333007812,178,5.46875,76.2734375,127.8779297,1.275390625,127.8779297,2100526,204.294702,10.28184275,0.077322,9.538764,0.339654,9.95574
32,hl,hl,2015218,3359,1,0.375,0.5454545455,2990.925,0.3201213424,0.9479166667,48,,,,,,0,0,0,0,0,,,,,,,,,,0,,,,,,,,,,288,0.9,0,1,0,15,0.04996084791,273,0.1566723799,0.0007174764853,0.003330723194,0.009253589438,,,,5.857421875,19.82259766,25.68001953,566.2402344,0.359375,0,566.5996094,0.359375,0.615234375,15,5.078125,22.91210938,0,0.66796875,27.99023438,2015218,121.570809,16.57649576,0.002988,1.313242,0,1.31623
32,hl#1,hl,2015218,3359,1,0.7,0.8235294118,585.95,0.1097604233,0.8402777778,96,,,,,,0,0,0,0,0,,,,,,,,,,0,,,,,,,,,,576,0.975,0,1,0,28,0.1087450588,548,0.2882412722,0.0006892123802,0.003883752102,0.01549360913,,,,11.48828125,38.63060547,50.11888672,1129.165039,0.5625,0,1129.727539,0.5625,1.040039062,28,5.078125,29.32421875,0,1.530273438,34.40234375,2015218,142.039641,14.18771539,0.004703,2.513066,0,2.517769
32,hl#2,hl,2015218,3359,1,0.925,0.961038961,82.625,0.01764300456,0.9716666667,192,,,,,,0,0,0,0,0,,,,,,,,,,0,,,,,,,,,,1152,1,0,1,0,37,0.1303834126,1115,0.4376618311,0.0004930948296,0.003523876017,0.01552239013,,,,22.75,74.1122168,96.8622168,2254.394531,0.640625,0,2255.035156,0.640625,1.26953125,37,5.078125,41.6015625,0,2.09375,46.6796875,2015218,141.27086,14.26492342,0.009997,5.454911,0,5.464908
32,hl#3,hl,2015218,3359,1,1,1,8.475,0.001873268617,0.9933333333,384,,,,,,0,0,0,0,0,,,,,,,,,,0,,,,,,,,,,2304,1,0,1,0,40,0.136649236,2264,0.556217243,0.0003007232982,0.003416230899,0.01552536748,,,,45.2734375,141.9422559,187.2156934,4504.460938,0.65625,0,4505.117188,0.65625,1.3359375,40,5.078125,62.40625,0,2.328125,67.484375,2015218,123.566022,16.3088361,0.02155,12.391034,0,12.412584
32,ss[policy=difficulty],ss,2015218,3359,0.9756097561,1,0.987654321,129.625,0.02494640022,1,975,975,,,,,0,0,0,0,0,,,,0.0002277669215,0,,975,0,0,0,975,975,975,975,0,0,1,1,0,41,1,40,1,0.1392941111,1,0.001725371647,0,0,6.627619226e-05,0.0001444012509,0.0002927722956,,,,39.39523438,69.42572266,108.820957,2105.375,5.1875,0,2110.5625,1.671875,2.3671875,41,5.46875,14.3984375,9.65625,1.147460938,19.8671875,2015218,139.840001,14.41088376,0.015721,30.670977,0.024686,30.711384
32,hybrid[head=topn-frontier reducer=streaming],hybrid,2015218,3359,0.9523809524,1,0.9756097561,14.775,0.003565649019,1,1200,1109,600,600,600,509,402,198,198,9640,4000,0.4149377593,1,4.13683,0.0002183386611,0,,509,1,0,0,509,509,509,509,0,0,1.178781925,1.178781925,-0.1644816387,42,1,40,1,0.137014457,2,0.003484982766,0,0,1.736784804e-05,0.000218090549,0.0002183386611,,,,35.6565625,45.80640625,81.46296875,1527.955078,396.375,390.625,1924.330078,5.75,9.033203125,198,5.46875,76.5234375,128.0888672,1.260742188,128.0888672,2015218,185.022207,10.89176285,0.172111,13.350955,0.68108,14.204146
33,hl,hl,2074397,3458,1,0.4146341463,0.5862068966,3228.317073,0.3385032047,0.9305555556,48,,,,,,0,0,0,0,0,,,,,,,,,,0,,,,,,,,,,288,0.9024390244,0,1,0,17,0.08076949591,271,0.141248276,0.0007708950414,0.004751146818,0.02863097083,,,,5.857421875,19.80421875,25.66164063,566.3349609,0.421875,0,566.7568359,0.421875,0.7099609375,17,5.078125,24.47460938,0,0.9072265625,29.55273438,2074397,132.102265,15.70296316,0.002954,1.413142,0,1.416096
33,hl#1,hl,2074397,3458,1,0.7804878049,0.8767123288,1206.487805,0.1496264067,0.828125,96,,,,,,0,0,0,0,0,,,,,,,,,,0,,,,,,,,,,576,0.9756097561,0,1,0,32,0.1357710217,544,0.2647019833,0.0006952656336,0.004242844427,0.03131367814,,,,11.48828125,38.78102539,50.26930664,1129.230469,0.5625,0,1129.792969,0.5625,1.10546875,32,5.078125,29.79296875,0,1.719726562,34.87109375,2074397,149.108461,13.91200061,0.007783,2.587788,0,2.595571
33,hl#2,hl,2074397,3458,1,0.9756097561,0.987654321,105.2439024,0.01881936397,0.9716666667,192,,,,,,0,0,0,0,0,,,,,,,,,,0,,,,,,,,,,1152,1,0,1,0,40,0.1662454198,1112,0.4099403345,0.000500161245,0.004156135494,0.03137297248,,,,22.75,75.9884375,98.7384375,2254.553711,0.75,0,2255.303711,0.75,1.428710938,40,5.078125,40.6640625,0,2.198242188,45.7421875,2074397,147.090354,14.10287584,0.011665,5.27099,0,5.282655
33,hl#3,hl,2074397,3458,1,1,1,13.29268293,0.002506127084,0.995,384,,,,,,0,0,0,0,0,,,,,,,,,,0,,,,,,,,,,2304,1,0,1,0,41,0.1696435157,2263,0.52867508,0.0003030896683,0.004137646724,0.03136622353,,,,45.2734375,144.926709,190.2001465,4504.491211,0.671875,0,4505.163086,0.671875,1.366210938,41,5.078125,61.546875,0,2.381835938,66.625,2074397,132.433172,15.66372661,0.019838,9.933348,0,9.953186
33,ss[policy=difficulty],ss,2074397,3458,0.9534883721,1,0.9761904762,127.1707317,0.02233031228,1,975,975,,,,,0,0,0,0,0,,,,0.0002135560358,0,,975,0,0,0,975,975,975,975,0,0,1,1,0,43,1,41,1,0.1723069403,2,0.003464621285,0,0,6.415986104e-05,0.0001226862553,0.0002246435952,,,,38.56671875,71.17236328,109.739082,2034.359375,5.25,0,2039.609375,1.734375,2.4609375,43,5.46875,14.3984375,9.65625,1.162109375,19.8671875,2074397,145.193649,14.28710563,0.014289,21.69529,0.01134,21.720919
33,hybrid[head=topn-frontier reducer=streaming],hybrid,2074397,3458,0.9534883721,1,0.9761904762,18.02439024,0.003411628952,1,1109,1109,600,509,600,509,397,203,203,9640,4100,0.4253112033,1,1.58597,0.0004791753941,0,,509,0,0,0,509,509,509,509,0,0,1,1,0,43,1,41,1,0.1701496869,2,0.003734579254,0,0,2.104282005e-05,0.0002742965787,0.0004791753941,,,,31.94960938,35.8699707,67.81958008,1336.917969,406.09375,400.390625,1743.011719,5.703125,9.10546875,203,5.46875,76.5234375,128.1669922,1.317382812,128.1669922,2074397,182.703482,11.35389965,0.065242,8.418095,0.350092,8.833429
34,hl,hl,2060023,3434,1,0.487804878,0.6557377049,3168.146341,0.3370355751,0.9583333333,48,,,,,,0,0,0,0,0,,,,,,,,,,0,,,,,,,,,,288,0.8780487805,0,1,0,20,0.05787362568,268,0.1418891925,0.0006936208965,0.002893681284,0.01259209242,,,,5.857421875,19.80644531,25.66386719,566.3720703,0.40625,0,566.7783203,0.40625,0.7470703125,20,5.078125,22.75585938,0,1.016601562,27.83398438,2060023,133.547591,15.42538495,0.011291,1.260272,0,1.271563
34,hl#1,hl,2060023,3434,1,0.8536585366,0.9210526316,1346.707317,0.155184571,0.828125,96,,,,,,0,0,0,0,0,,,,,,,,,,0,,,,,,,,,,576,0.9756097561,0,1,0,35,0.1089478127,541,0.2695503885,0.0006571149327,0.003112794649,0.0137964479,,,,11.48828125,38.69071289,50.17899414,1129.387695,0.671875,0,1130.05957,0.671875,1.262695312,35,5.078125,31.27734375,0,1.7890625,36.35546875,2060023,155.989158,13.20619347,0.004308,2.386074,0,2.390382
34,hl#2,hl,2060023,3434,1,0.9512195122,0.975,112.4634146,0.02262514113,0.9716666667,192,,,,,,0,0,0,0,0,,,,,,,,,,0,,,,,,,,,,1152,1,0,1,0,39,0.1354271287,1113,0.4302592738,0.0004910472244,0.00347249048,0.01635078832,,,,22.75,73.59386719,96.34386719,2254.454102,0.671875,0,2255.125977,0.671875,1.329101562,39,5.078125,40.9765625,0,2.203125,46.0546875,2060023,155.636032,13.23615729,0.009962,5.288209,0,5.298171
34,hl#3,hl,2060023,3434,1,1,1,9.902439024,0.002129280534,0.99,384,,,,,,0,0,0,0,0,,,,,,,,,,0,,,,,,,,,,2304,1,0,1,0,41,0.1402178519,2263,0.5532520753,0.0003009852115,0.003419947608,0.01634690486,,,,45.2734375,140.4100098,185.6834473,4504.488281,0.671875,0,4505.160156,0.671875,1.36328125,41,5.078125,61.859375,0,2.37890625,66.9375,2060023,137.793434,14.950081,0.019628,10.139653,0,10.159281
34,ss[policy=difficulty],ss,2060023,3434,0.9318181818,1,0.9647058824,168.5365854,0.03410844877,1,975,987,,,,,0,0,0,0,0,,,,0.0002529097976,1,987,987,0,0,987,987,987,987,987,1,1,0.9878419453,0.9878419453,0.01223256844,44,1,41,1,0.1436576194,3,0.005064991993,0,0,7.96990219e-05,5.080849421e-05,0.0003165013206,,,,39.55535156,68.73506836,108.2904199,2125.111328,5.328125,0,2130.439453,1.8125,2.556640625,44,5.46875,14.3984375,9.65625,1.216796875,19.8671875,2060023,154.276809,13.35277164,0.014439,22.510081,0.019784,22.544304
34,hybrid[head=topn-frontier reducer=streaming],hybrid,2060023,3434,0.9761904762,1,0.9879518072,98.58536585,0.02344660711,1,1109,1200,600,509,600,600,384,216,216,9640,4360,0.4522821577,1,2.287606,0.0006859146718,1,524,600,0,1,524,600,600,600,600,1,1,0.8483333333,0.8483333333,0.1644816387,42,1,41,1,0.1422654019,1,0.001969880919,0,0,6.006636588e-05,0.0005606733517,0.0006859146718,,,,32.50800781,37.5931543,70.10116211,1374.032227,432.0625,425.78125,1806.094727,6.28125,9.852539062,216,5.46875,77.0234375,128.6474609,1.264648438,128.6474609,2060023,197.57672,10.42644599,0.065403,9.57924,0.538994,10.183637
35,hl,hl,2015114,3359,1,0.4047619048,0.5762711864,3370.690476,0.3528489078,0.9375,48,,,,,,0,0,0,0,0,,,,,,,,,,0,,,,,,,,,,288,0.9047619048,0,1,0,17,0.0544142912,271,0.1465882327,0.0006979254303,0.003200840659,0.009956260539,,,,5.857421875,19.80521484,25.66263672,566.3691406,0.453125,0,566.8222656,0.453125,0.744140625,17,5.078125,22.75585938,0,0.77734375,27.83398438,2015114,137.931232,14.60955558,0.003031,1.280738,0,1.283769
35,hl#1,hl,2015114,3359,1,0.6428571429,0.7826086957,769.4285714,0.1235451492,0.8385416667,96,,,,,,0,0,0,0,0,,,,,,,,,,0,,,,,,,,,,576,1,0,1,0,27,0.111689959,549,0.2887662931,0.0006952365488,0.004136665147,0.01703973075,,,,11.48828125,38.83264648,50.32092773,1129.102539,0.515625,0,1129.618164,0.515625,0.9775390625,27,5.078125,29.63671875,0,1.373046875,34.71484375,2015114,158.755871,12.69316207,0.004905,2.28574,0,2.290645
35,hl#2,hl,2015114,3359,1,0.9285714286,0.962962963,60.28571429,0.01243695546,0.9733333333,192,,,,,,0,0,0,0,0,,,,,,,,,,0,,,,,,,,,,1152,1,0,1,0,39,0.142693664,1113,0.4302317388,0.0004973310788,0.003658811897,0.01854088652,,,,22.75,74.37641602,97.12641602,2254.424805,0.640625,0,2255.06543,0.640625,1.299804688,39,5.078125,40.7421875,0,2.268554688,45.8203125,2015114,156.129147,12.90671242,0.011609,5.173294,0,5.184903
35,hl#3,hl,2015114,3359,1,0.9761904762,0.9879518072,9.238095238,0.001858350291,0.9933333333,384,,,,,,0,0,0,0,0,,,,,,,,,,0,,,,,,,,,,2304,1,0,1,0,41,0.1470934151,2263,0.5489828367,0.0003021164287,0.00358764427,0.01853890152,,,,45.2734375,141.6835547,186.9569922,4504.491211,0.671875,0,4505.163086,0.671875,1.366210938,41,5.078125,61.390625,0,2.381835938,66.46875,2015114,136.008726,14.81606408,0.016328,10.056553,0,10.072881
35,ss[policy=difficulty],ss,2015114,3359,0.9545454545,1,0.976744186,164.2380952,0.03390464574,1,987,1000,,,,,0,0,0,0,0,,,,0.0002530874184,1,1000,1000,0,0,1000,1000,1000,1000,1000,1,1,0.987,0.987,0.01308523955,44,1,42,1,0.1520936284,2,0.003338768923,0,0,8.43850296e-05,0.0001449049533,0.0002649974145,,,,39.77527344,70.61053711,110.3858105,2131.385742,5.296875,0,2136.682617,1.78125,2.526367188,44,5.46875,14.3984375,9.65625,1.215820312,19.8671875,2015114,155.167643,12.9866895,0.01835,22.516575,0.009432,22.544357
35,hybrid[head=topn-frontier reducer=streaming],hybrid,2015114,3359,0.9130434783,1,0.9545454545,69.38095238,0.01814337679,1,1200,1200,600,600,600,600,386,214,214,9640,4320,0.4481327801,1,1.664535,0.0004059323691,0,,600,0,0,0,600,600,600,600,0,0,1,1,0,46,1,42,1,0.1501165691,4,0.006969829002,0,0,5.05419674e-05,0.0002197146166,0.0004059323691,,,,35.65003906,47.0018457,82.65188477,1527.520508,427.96875,421.875,1955.489258,6.09375,9.668945312,214,5.46875,77.0234375,128.6669922,1.361328125,128.6669922,2015114,206.985195,9.735546545,0.079235,9.649275,0.369503,10.098013
36,hl,hl,2111772,3520,1,0.5476190476,0.7076923077,3219.452381,0.3296367206,0.9861111111,48,,,,,,0,0,0,0,0,,,,,,,,,,0,,,,,,,,,,288,0.9285714286,0,1,0,23,0.07492001977,265,0.147995617,0.0007740126275,0.003257392164,0.01062472653,,,,5.857421875,19.80871094,25.66613281,566.5380859,0.515625,0,567.0537109,0.515625,0.9130859375,23,5.078125,23.38085938,0,1.150390625,28.45898438,2111772,147.198781,14.34639598,0.010207,1.267548,0,1.277755
36,hl#1,hl,2111772,3520,1,0.7142857143,0.8333333333,1069.880952,0.1383176568,0.84375,96,,,,,,0,0,0,0,0,,,,,,,,,,0,,,,,,,,,,576,0.9761904762,0,1,0,30,0.1212891354,546,0.2925396302,0.0007184527181,0.004042971179,0.01958260646,,,,11.48828125,38.95261719,50.44089844,1129.168945,0.53125,0,1129.700195,0.53125,1.043945312,30,5.078125,29.16796875,0,1.669921875,34.24609375,2111772,172.217924,12.26220797,0.004546,2.352436,0,2.356982
36,hl#2,hl,2111772,3520,1,0.9761904762,0.9879518072,217.1666667,0.02364149938,0.9716666667,192,,,,,,0,0,0,0,0,,,,,,,,,,0,,,,,,,,,,1152,1,0,1,0,41,0.1516176936,1111,0.4366621965,0.0005106596268,0.003697992526,0.01961575397,,,,22.75,76.37820312,99.12820312,2254.526367,0.703125,0,2255.229492,0.703125,1.401367188,41,5.078125,40.5859375,0,2.353515625,45.6640625,2111772,171.719876,12.29777268,0.009653,5.205492,0,5.215145
36,hl#3,hl,2111772,3520,1,1,1,7.214285714,0.001184705901,0.9933333333,384,,,,,,0,0,0,0,0,,,,,,,,,,0,,,,,,,,,,2304,1,0,1,0,42,0.1573621584,2262,0.5522565883,0.0003079942477,0.003746718057,0.01961954226,,,,45.2734375,148.3400488,193.6134863,4504.527344,0.6875,0,4505.214844,0.6875,1.40234375,42,5.078125,62.09375,0,2.44140625,67.171875,2111772,152.291545,13.86663981,0.020127,9.900423,0,9.92055
36,ss[policy=difficulty],ss,2111772,3520,0.9130434783,1,0.9545454545,171.5952381,0.03153024013,1,1000,1000,,,,,0,0,0,0,0,,,,0.0002495534556,0,,1000,0,0,0,1000,1000,1000,1000,0,0,1,1,0,46,1,42,1,0.160740364,4,0.00699649394,0,0,8.603942669e-05,0.000136259975,0.0002969070525,,,,39.77960937,72.84113281,112.6207422,2142,5.328125,0,2147.328125,1.8125,2.59375,46,5.46875,14.3984375,9.65625,1.291992188,19.8671875,2111772,165.810455,12.73606058,0.013934,22.534031,0.011527,22.559492
36,hybrid[head=topn-frontier reducer=streaming],hybrid,2111772,3520,0.9545454545,1,0.976744186,28.76190476,0.006253084701,1,1200,1200,600,600,600,600,417,183,183,9640,3700,0.3838174274,1,1.438842,0.0003153749553,0,,600,0,0,0,600,600,600,600,0,0,1,1,0,44,1,42,1,0.1578996217,2,0.003481436443,0,0,1.969479143e-05,0.0001472696863,0.0003153749553,,,,35.63871094,41.41075195,77.04946289,1528.560547,366.75,361.328125,1895.310547,5.421875,8.505859375,183,5.46875,76.5234375,128.1572266,1.310546875,128.1572266,2111772,216.94122,9.734304988,0.077527,9.673038,0.349934,10.100499
37,hl,hl,2054630,3425,1,0.5333333333,0.6956521739,2914.933333,0.3087051696,0.9548611111,48,,,,,,0,0,0,0,0,,,,,,,,,,0,,,,,,,,,,288,0.9333333333,0,1,0,24,0.06819378672,264,0.1459245704,0.0007434665176,0.00284140778,0.01179774461,,,,5.857421875,19.89388672,25.75130859,566.5742188,0.53125,0,567.1054688,0.53125,0.94921875,24,5.078125,23.22460938,0,1.27734375,28.30273438,2054630,126.03357,16.30224392,0.002975,1.37184,0,1.374815
37,hl#1,hl,2054630,3425,1,0.7555555556,0.8607594937,955.4888889,0.1327720268,0.8472222222,96,,,,,,0,0,0,0,0,,,,,,,,,,0,,,,,,,,,,576,0.9777777778,0,1,0,34,0.1194940208,542,0.2816755328,0.0006964749195,0.003514530024,0.01774480077,,,,11.48828125,38.90347656,50.39175781,1129.368164,0.65625,0,1130.024414,0.65625,1.243164062,34,5.078125,30.49609375,0,1.836914062,35.57421875,2054630,145.255349,14.14495242,0.00929,2.570686,0,2.579976
37,hl#2,hl,2054630,3425,1,0.9333333333,0.9655172414,95.15555556,0.01983843795,0.9733333333,192,,,,,,0,0,0,0,0,,,,,,,,,,0,,,,,,,,,,1152,1,0,1,0,42,0.1471281934,1110,0.4311248254,0.0005019557455,0.003503052224,0.02035694991,,,,22.75,75.23463867,97.98463867,2254.533203,0.6875,0,2255.220703,0.6875,1.408203125,42,5.078125,41.5234375,0,2.447265625,46.6015625,2054630,143.841691,14.28396723,0.010489,5.686917,0,5.697406
37,hl#3,hl,2054630,3425,1,1,1,8.666666667,0.001711605512,0.99,384,,,,,,0,0,0,0,0,,,,,,,,,,0,,,,,,,,,,2304,1,0,1,0,45,0.1537001796,2259,0.5465879501,0.0003039445008,0.003415559547,0.02034818921,,,,45.2734375,143.4165625,188.69,4504.630859,0.734375,0,4505.365234,0.734375,1.505859375,45,5.078125,61.9375,0,2.615234375,67.015625,2054630,126.566498,16.23360077,0.019706,10.729758,0,10.749464
37,ss[policy=difficulty],ss,2054630,3425,1,1,1,133.1111111,0.02584664993,1,1000,940,,,,,0,0,0,0,0,,,,0.0002195042416,0,,940,1,0,0,940,940,940,940,0,0,1.063829787,1.063829787,-0.06187540372,45,1,45,1,0.1566827117,0,0,0,0,6.478592793e-05,0,0.0002740152728,,,,39.85878906,71.46004883,111.3188379,2157.552734,5.28125,0,2162.833984,1.765625,2.537109375,45,5.46875,14.3984375,9.65625,1.23828125,19.8671875,2054630,144.205062,14.24797418,0.018661,23.168305,0.010023,23.196989
37,hybrid[head=topn-frontier reducer=streaming],hybrid,2054630,3425,0.9782608696,1,0.989010989,23.31111111,0.005654394434,1,1200,1200,600,600,600,600,410,190,190,9640,3840,0.398340249,1,1.534112,0.0002852095024,0,,600,0,0,0,600,600,600,600,0,0,1,1,0,46,1,45,1,0.1542778992,1,0.001694222317,0,0,1.729921118e-05,0.0002852095024,0.0002852095024,,,,35.63363281,38.16994141,73.80357422,1531.930664,380.8125,375,1912.743164,5.8125,9.000976562,190,5.46875,76.5234375,128.2548828,1.361328125,128.2548828,2054630,186.176447,11.03592873,0.076916,9.721357,0.372525,10.170798
38,hl,hl,2074660,3458,1,0.4358974359,0.6071428571,4068.025641,0.346518187,0.9513888889,48,,,,,,0,0,0,0,0,,,,,,,,,,0,,,,,,,,,,288,0.8974358974,0,1,0,17,0.0633645995,271,0.1530086858,0.0007512961294,0.003727329382,0.02249910829,,,,5.857421875,19.81294922,25.67037109,566.3388672,0.421875,0,566.7607422,0.421875,0.7138671875,17,5.078125,23.61523438,0,0.84375,28.69335938,2074660,127.000996,16.3357774,0.007903,1.33007,0,1.337973
38,hl#1,hl,2074660,3458,1,0.7948717949,0.8857142857,1437.897436,0.1346484619,0.8385416667,96,,,,,,0,0,0,0,0,,,,,,,,,,0,,,,,,,,,,576,1,0,1,0,31,0.1256538421,545,0.280045405,0.0007043389707,0.004053349744,0.02256176916,,,,11.48828125,38.88079102,50.36907227,1129.264648,0.609375,0,1129.874023,0.609375,1.139648438,31,5.078125,30.41796875,0,1.564453125,35.49609375,2074660,144.017925,14.40556792,0.004543,2.491877,0,2.49642
38,hl#2,hl,2074660,3458,1,0.9487179487,0.9736842105,246.3333333,0.03176077613,0.975,192,,,,,,0,0,0,0,0,,,,,,,,,,0,,,,,,,,,,1152,1,0,1,0,37,0.1563316399,1115,0.4248720272,0.0005045170721,0.004225179456,0.02264467431,,,,22.75,73.27390625,96.02390625,2254.390625,0.640625,0,2255.03125,0.640625,1.265625,37,5.078125,40.8984375,0,2.123046875,45.9765625,2074660,141.85116,14.6256118,0.011801,5.27475,0,5.286551
38,hl#3,hl,2074660,3458,1,1,1,10.43589744,0.001867836057,0.9933333333,384,,,,,,0,0,0,0,0,,,,,,,,,,0,,,,,,,,,,2304,1,0,1,0,39,0.1632773563,2265,0.5405112163,0.0003054637902,0.004186598879,0.02264467431,,,,45.2734375,138.2392383,183.5126758,4504.425781,0.640625,0,4505.066406,0.640625,1.30078125,39,5.078125,61.9375,0,2.26953125,67.015625,2074660,125.356452,16.55008551,0.019239,9.931238,0,9.950477
38,ss[policy=difficulty],ss,2074660,3458,0.9069767442,1,0.9512195122,134.8717949,0.02348663532,1,940,940,,,,,0,0,0,0,0,,,,0.0002482334455,0,,940,0,0,0,940,940,940,940,0,0,1,1,0,43,1,39,1,0.1658450059,4,0.006857027176,0,0,7.134819962e-05,0.0001331543482,0.0002540175258,,,,37.84289063,82.88516602,120.7280566,1995.385742,5.15625,0,2000.541992,1.640625,2.370117188,43,5.46875,14.3984375,9.65625,1.223632812,19.8671875,2074660,140.816312,14.73309427,0.020326,21.03038,0.009992,21.060698
38,hybrid[head=topn-frontier reducer=streaming],hybrid,2074660,3458,1,1,1,20.02564103,0.004024590929,1,1200,1104,600,600,600,504,430,170,170,9640,3440,0.356846473,1,1.429212,0.0001894286293,0,,504,1,0,0,504,504,504,504,0,0,1.19047619,1.19047619,-0.1743533871,39,1,39,1,0.163686098,0,0,0,0,9.652492951e-06,0,0.0001894286293,,,,35.61929688,37.30338867,72.92268555,1491.920898,341.15625,335.9375,1833.077148,5.21875,8.030273438,170,5.46875,76.2734375,127.8388672,1.196289062,127.8388672,2074660,183.209559,11.32397246,0.081476,9.435602,0.339789,9.856867
39,hl,hl,1989585,3316,1,0.2926829268,0.4528301887,3388.097561,0.3509087323,0.9444444444,48,,,,,,0,0,0,0,0,,,,,,,,,,0,,,,,,,,,,288,0.9024390244,0,1,0,12,0.03676445088,276,0.1650982491,0.0007009121528,0.00306370424,0.009913122586,,,,5.857421875,19.78790039,25.64532227,566.171875,0.34375,0,566.515625,0.34375,0.546875,12,5.078125,24.00585938,0,0.52734375,29.08398438,1989585,127.942069,15.55067083,0.002684,1.34712,0,1.349804
39,hl#1,hl,1989585,3316,1,0.8292682927,0.9066666667,1070.487805,0.123874125,0.8420138889,96,,,,,,0,0,0,0,0,,,,,,,,,,0,,,,,,,,,,576,0.9756097561,0,1,0,34,0.1075942973,542,0.2847845154,0.0006812132164,0.003164538156,0.01548312839,,,,11.48828125,38.18719727,49.67547852,1129.323242,0.625,0,1129.948242,0.625,1.198242188,34,5.078125,30.57421875,0,1.762695312,35.65234375,1989585,150.381355,13.23026382,0.004518,2.671792,0,2.67631
39,hl#2,hl,1989585,3316,1,0.9512195122,0.975,223.3658537,0.03564773109,0.9766666667,192,,,,,,0,0,0,0,0,,,,,,,,,,0,,,,,,,,,,1152,1,0,1,0,39,0.130946906,1113,0.4367619378,0.0004928028158,0.003357612975,0.01790524155,,,,22.75,71.55870117,94.30870117,2254.425781,0.640625,0,2255.066406,0.640625,1.30078125,39,5.078125,41.9140625,0,2.26953125,46.9921875,1989585,149.479542,13.31008226,0.016055,5.763169,0,5.779224
39,hl#3,hl,1989585,3316,1,1,1,17.87804878,0.003805959999,0.9933333333,384,,,,,,0,0,0,0,0,,,,,,,,,,0,,,,,,,,,,2304,1,0,1,0,41,0.1382619994,2263,0.5559702149,0.0003013160652,0.003372243887,0.01795650852,,,,45.2734375,132.9995312,178.2729687,4504.491211,0.671875,0,4505.163086,0.671875,1.366210938,41,5.078125,62.640625,0,2.381835938,67.71875,1989585,128.485206,15.48493451,0.022514,10.877824,0,10.900338
39,ss[policy=difficulty],ss,1989585,3316,0.9761904762,1,0.9879518072,147.4878049,0.03008444591,1,940,940,,,,,0,0,0,0,0,,,,0.0002462825162,0,,940,0,0,0,940,940,940,940,0,0,1,1,0,42,1,41,1,0.1415501223,1,0.001698344127,0,0,7.494982502e-05,0.0001085653541,0.000255329629,,,,38.34003906,66.75790039,105.0979395,2046.430664,5.171875,0,2051.602539,1.65625,2.368164062,42,5.46875,14.3984375,9.65625,1.16796875,19.8671875,1989585,143.381594,13.87615345,0.014274,21.688572,0.017186,21.720032
39,hybrid[head=topn-frontier reducer=streaming],hybrid,1989585,3316,0.9761904762,1,0.9879518072,14.04878049,0.003444881323,1,1104,1104,600,504,600,504,411,189,189,9640,3820,0.3962655602,1,1.492594,0.0002176333255,0,,504,0,0,0,504,504,504,504,0,0,1,1,0,42,1,41,1,0.1388003026,1,0.001807412099,0,0,1.20747842e-05,0.0002176333255,0.0002176333255,,,,32.25816406,38.60646484,70.86462891,1353.163086,378.53125,373.046875,1731.694336,5.484375,8.624023438,189,5.46875,76.2734375,127.8242188,1.329101562,127.8242188,1989585,181.681494,10.95095024,0.065547,8.392688,0.354085,8.81232
40,hl,hl,2017072,3362,1,0.4390243902,0.6101694915,2939.097561,0.3349814573,0.9583333333,48,,,,,,0,0,0,0,0,,,,,,,,,,0,,,,,,,,,,288,0.9024390244,0,1,0,18,0.05525335734,270,0.1602932369,0.0007484256746,0.003069630963,0.01069570149,,,,5.857421875,19.82796875,25.68539063,566.3701172,0.4375,0,566.8076172,0.4375,0.7451171875,18,5.078125,23.38085938,0,0.833984375,28.45898438,2017072,126.588452,15.93409168,0.002981,1.274032,0,1.277013
40,hl#1,hl,2017072,3362,1,0.7317073171,0.8450704225,1363.097561,0.1548846997,0.8420138889,96,,,,,,0,0,0,0,0,,,,,,,,,,0,,,,,,,,,,576,0.9756097561,0,1,0,30,0.09677145883,546,0.2980815757,0.0006855087404,0.003225715294,0.01720414541,,,,11.48828125,38.76462891,50.25291016,1129.203125,0.5625,0,1129.765625,0.5625,1.078125,30,5.078125,30.57421875,0,1.575195312,35.65234375,2017072,148.022337,13.62680823,0.008137,2.474572,0,2.482709
40,hl#2,hl,2017072,3362,1,0.9268292683,0.9620253165,124.7804878,0.02537426158,0.9716666667,192,,,,,,0,0,0,0,0,,,,,,,,,,0,,,,,,,,,,1152,1,0,1,0,38,0.1310776214,1114,0.4440124101,0.0004992100968,0.00344941109,0.01726115875,,,,22.75,73.03943359,95.78943359,2254.432617,0.65625,0,2255.088867,0.65625,1.307617188,38,5.078125,41.4453125,0,2.19140625,46.5234375,2017072,148.058423,13.62348699,0.011341,5.467441,0,5.478782
40,hl#3,hl,2017072,3362,1,1,1,14.24390244,0.003183015069,0.995,384,,,,,,0,0,0,0,0,,,,,,,,,,0,,,,,,,,,,2304,1,0,1,0,41,0.1380501043,2263,0.5587574464,0.0003024338328,0.003367075715,0.01726462913,,,,45.2734375,138.0008105,183.274248,4504.498047,0.671875,0,4505.169922,0.671875,1.373046875,41,5.078125,62.09375,0,2.388671875,67.171875,2017072,129.160615,15.61677296,0.019927,10.430072,0,10.449999
40,ss[policy=difficulty],ss,2017072,3362,0.9534883721,1,0.9761904762,157.902439,0.03156055343,1,940,961,,,,,0,0,0,0,0,,,,0.0002553205835,1,961,961,0,0,961,961,961,961,961,1,1,0.9781477627,0.9781477627,0.02209453371,43,1,41,1,0.1413846407,2,0.00346591495,0,0,7.802006722e-05,7.263003006e-05,0.0002875455115,,,,38.50566406,68.26341797,106.769082,2054.416992,5.28125,0,2059.698242,1.765625,2.502929688,43,5.46875,14.3984375,9.65625,1.19140625,19.8671875,2017072,144.173985,13.99054067,0.016267,21.468708,0.009325,21.4943
40,hybrid[head=topn-frontier reducer=streaming],hybrid,2017072,3362,0.9318181818,1,0.9647058824,24.19512195,0.004886729636,1,1104,1104,600,504,600,504,406,194,194,9640,3920,0.4066390041,1,1.511407,0.0005934344436,0,,504,0,0,0,504,504,504,504,0,0,1,1,0,44,1,41,1,0.1386668399,3,0.005263570165,0,0,4.225296505e-05,0.0004557761614,0.0005934344436,,,,32.30480469,35.33508789,67.63989258,1362.998047,388.5625,382.8125,1751.560547,5.75,8.982421875,194,5.46875,76.5234375,128.1279297,1.310546875,128.1279297,2017072,183.979807,10.96355102,0.122774,8.561338,0.363807,9.047919
41,hl,hl,2070005,3451,1,0.4285714286,0.6,3067.071429,0.301599777,0.9513888889,48,,,,,,0,0,0,0,0,,,,,,,,,,0,,,,,,,,,,288,0.9285714286,0,1,0,18,0.07606889838,270,0.1528406936,0.0007948249722,0.00422604991,0.02754292864,,,,5.857421875,19.79455078,25.65197266,566.3710938,0.4375,0,566.8085938,0.4375,0.74609375,18,5.078125,24.08398438,0,0.8056640625,29.16210938,2070005,129.644033,15.9668359,0.009734,1.33969,0,1.349424
41,hl#1,hl,2070005,3451,1,0.8571428571,0.9230769231,954.1904762,0.1034761001,0.8472222222,96,,,,,,0,0,0,0,0,,,,,,,,,,0,,,,,,,,,,576,1,0,1,0,36,0.1388470076,540,0.2753162432,0.0007190334216,0.003856861323,0.02765983657,,,,11.48828125,38.65337891,50.14166016,1129.422852,0.6875,0,1130.110352,0.6875,1.297851562,36,5.078125,29.71484375,0,1.875,34.79296875,2070005,149.221684,13.87201206,0.004578,2.473936,0,2.478514
41,hl#2,hl,2070005,3451,1,0.9285714286,0.962962963,352.547619,0.04935696788,0.97,192,,,,,,0,0,0,0,0,,,,,,,,,,0,,,,,,,,,,1152,1,0,1,0,39,0.1550633936,1113,0.4267269886,0.0005050263734,0.00397598445,0.02774292816,,,,22.75,73.59355469,96.34355469,2254.456055,0.671875,0,2255.12793,0.671875,1.331054688,39,5.078125,41.0546875,0,2.203125,46.1328125,2070005,148.22482,13.96530622,0.012285,5.213493,0,5.225778
41,hl#3,hl,2070005,3451,1,1,1,9.666666667,0.002093899804,0.995,384,,,,,,0,0,0,0,0,,,,,,,,,,0,,,,,,,,,,2304,1,0,1,0,42,0.1656319671,2262,0.539702078,0.0003061345682,0.003943618264,0.02776563342,,,,45.2734375,140.9375391,186.2109766,4504.522461,0.6875,0,4505.209961,0.6875,1.397460938,42,5.078125,61.859375,0,2.436523438,66.9375,2070005,130.811067,15.8243874,0.019929,9.665019,0,9.684948
41,ss[policy=difficulty],ss,2070005,3451,0.9545454545,1,0.976744186,135.452381,0.02536172465,1,961,961,,,,,0,0,0,0,0,,,,0.0002497578508,0,,961,0,0,0,961,961,961,961,0,0,1,1,0,44,1,42,1,0.168473023,2,0.003456996481,0,0,6.812675683e-05,0.0001246373801,0.0002835741943,,,,38.29601563,68.92604492,107.2220605,2021.650391,5.203125,0,2026.853516,1.6875,2.431640625,44,5.46875,14.3984375,9.65625,1.252929688,19.8671875,2070005,144.944702,14.28134296,0.012978,21.599875,0.021102,21.633955
41,hybrid[head=topn-frontier reducer=streaming],hybrid,2070005,3451,1,1,1,20.5952381,0.004016327041,1,1104,1104,600,504,600,504,416,184,184,9640,3720,0.3858921162,1,2.698994,9.275339915e-05,0,,504,0,0,0,504,504,504,504,0,0,1,1,0,42,1,42,1,0.1661425939,0,0,0,0,9.949366352e-06,0,9.275339915e-05,,,,31.86644531,35.68445312,67.55089844,1332.295898,368.90625,363.28125,1701.202148,5.625,8.655273438,184,5.46875,76.5234375,128.0888672,1.23046875,128.0888672,2070005,180.852992,11.44578797,0.379568,16.873353,0.426341,17.679262
42,hl,hl,2111861,3520,1,0.6,0.75,3692.228571,0.2919858412,0.9618055556,48,,,,,,0,0,0,0,0,,,,,,,,,,0,,,,,,,,,,288,0.9428571429,0,1,0,21,0.1071386801,267,0.137329114,0.0008488465071,0.005101841907,0.02570671081,,,,5.857421875,19.72478516,25.58220703,566.4980469,0.515625,0,567.0136719,0.515625,0.873046875,21,5.078125,22.44335938,0,0.9990234375,27.52148438,2111861,146.730326,14.39280521,0.002605,1.312355,0,1.31496
42,hl#1,hl,2111861,3520,1,0.9142857143,0.9552238806,1415.314286,0.1077115557,0.859375,96,,,,,,0,0,0,0,0,,,,,,,,,,0,,,,,,,,,,576,1,0,1,0,32,0.1540186594,544,0.2708535268,0.0007376253232,0.004813083105,0.02591411082,,,,11.48828125,39.05742188,50.54570313,1129.265625,0.59375,0,1129.859375,0.59375,1.140625,32,5.078125,27.44921875,0,1.719726562,32.52734375,2111861,162.05626,13.03165333,0.007666,2.348858,0,2.356524
42,hl#2,hl,2111861,3520,1,1,1,62.22857143,0.009562205685,0.965,192,,,,,,0,0,0,0,0,,,,,,,,,,0,,,,,,,,,,1152,1,0,1,0,35,0.1804692638,1117,0.4149984303,0.00051689904,0.005156264681,0.02595057156,,,,22.75,74.03709961,96.78709961,2254.361328,0.640625,0,2255.001953,0.640625,1.236328125,35,5.078125,39.9609375,0,1.983398438,45.0390625,2111861,157.679973,13.3933369,0.011348,5.001335,0,5.012683
42,hl#3,hl,2111861,3520,0.9722222222,1,0.985915493,13.11428571,0.002298333623,0.9883333333,384,,,,,,0,0,0,0,0,,,,,,,,,,0,,,,,,,,,,2304,1,0,1,0,36,0.1831522056,2268,0.5267562591,0.0003081199933,0.005087561266,0.02595199211,,,,45.2734375,140.4909082,185.7643457,4504.331055,0.59375,0,4504.924805,0.59375,1.206054688,36,5.078125,61.390625,0,2.104492188,66.46875,2111861,141.825465,14.89056285,0.016596,9.65624,0,9.672836
42,ss[policy=difficulty],ss,2111861,3520,0.8139534884,1,0.8974358974,181.0285714,0.0292715305,1,961,1027,,,,,0,0,0,0,0,,,,0.0002670630311,1,1027,1027,0,0,1027,1027,1027,1027,1027,1,1,0.9357351509,0.9357351509,0.06642280096,43,1,35,1,0.1844628979,8,0.01396682831,0,0,9.552910255e-05,0.0001384442442,0.0003115735363,,,,38.20945313,69.43813477,107.6475879,2014.104492,5.3125,0,2019.416992,1.796875,2.526367188,43,5.46875,14.3984375,9.65625,1.194335938,19.8671875,2111861,157.048961,13.44715041,0.011316,21.060828,0.00991,21.082054
42,hybrid[head=topn-frontier reducer=streaming],hybrid,2111861,3520,1,1,1,25.2,0.002285222981,1,1104,1067,600,504,600,467,403,197,197,9640,3980,0.4128630705,1,1.549055,0.0002410196504,0,,467,1,0,0,467,467,467,467,0,0,1.079229122,1.079229122,-0.0762470104,35,1,35,1,0.1818803416,0,0,0,0,1.193260352e-05,0,0.0002410196504,,,,31.91625,42.35417969,74.27042969,1325.87207,394.46875,388.671875,1720.34082,5.796875,9.114257812,197,5.46875,76.1484375,127.7089844,1.135742188,127.7089844,2111861,197.231399,10.70752938,0.064906,8.140186,0.364788,8.56988
43,hl,hl,1994663,3325,1,0.4,0.5714285714,3754.171429,0.3438159326,0.9548611111,48,,,,,,0,0,0,0,0,,,,,,,,,,0,,,,,,,,,,288,0.9142857143,0,1,0,14,0.04322835486,274,0.1536916261,0.0006837499339,0.003087739633,0.00707387664,,,,5.857421875,19.79234375,25.64976563,566.2724609,0.40625,0,566.6787109,0.40625,0.6474609375,14,5.078125,22.83398438,0,0.6455078125,27.91210938,1994663,119.042707,16.75586057,0.002842,1.335309,0,1.338151
43,hl#1,hl,1994663,3325,1,0.8857142857,0.9393939394,1130.257143,0.1171708133,0.8350694444,96,,,,,,0,0,0,0,0,,,,,,,,,,0,,,,,,,,,,576,1,0,1,0,31,0.1071860259,545,0.2846811717,0.0006803249959,0.003457613739,0.01522913896,,,,11.48828125,38.61761719,50.10589844,1129.226562,0.578125,0,1129.804688,0.578125,1.1015625,31,5.078125,30.41796875,0,1.69140625,35.49609375,1994663,139.024638,14.3475504,0.007228,2.590954,0,2.598182
43,hl#2,hl,1994663,3325,1,1,1,209.2,0.02228977593,0.9683333333,192,,,,,,0,0,0,0,0,,,,,,,,,,0,,,,,,,,,,1152,1,0,1,0,35,0.1298023776,1117,0.4358069508,0.0004909803199,0.003708639361,0.01532890518,,,,22.75,73.14147461,95.89147461,2254.328125,0.609375,0,2254.9375,0.609375,1.203125,35,5.078125,41.8359375,0,2.013671875,46.9140625,1994663,139.192623,14.33023502,0.011244,5.781461,0,5.792705
43,hl#3,hl,1994663,3325,1,1,1,8.857142857,0.001652070412,0.9966666667,384,,,,,,0,0,0,0,0,,,,,,,,,,0,,,,,,,,,,2304,1,0,1,0,35,0.1333297905,2269,0.5592002258,0.000300577264,0.003809422587,0.01687854039,,,,45.2734375,142.9080078,188.1814453,4504.296875,0.578125,0,4504.875,0.578125,1.171875,35,5.078125,62.796875,0,2.046875,67.875,1994663,121.973467,16.35325329,0.0234,10.707903,0,10.731303
43,ss[policy=difficulty],ss,1994663,3325,0.9210526316,1,0.9589041096,145.1428571,0.02682665964,1,1027,1027,,,,,0,0,0,0,0,,,,0.0002185832895,0,,1027,0,0,0,1027,1027,1027,1027,0,0,1,1,0,38,1,35,1,0.1358455037,3,0.005095597602,0,0,7.562285221e-05,0.0001089574195,0.0002536769369,,,,42.62808594,88.62716797,131.2552539,2207.604492,5.046875,0,2212.651367,1.53125,2.174804688,38,5.46875,14.3984375,9.65625,1.073242188,19.8671875,1994663,137.68504,14.48714399,0.01472,23.344244,0.015134,23.374098
43,hybrid[head=topn-frontier reducer=streaming],hybrid,1994663,3325,1,0.9714285714,0.9855072464,98.02857143,0.02404835954,1,1067,1200,600,467,600,600,386,214,214,9640,4320,0.4481327801,1,2.297408,0.0007058836505,1,495,600,0,1,495,600,600,600,600,1,1,0.7783333333,0.7783333333,0.2506003975,35,1,34,1,0.1325913199,1,0.001059828151,0,0,4.977568355e-05,0.0007058836505,0.0007058836505,,,,31.3225,34.92286133,66.24536133,1288.189453,427.96875,421.875,1716.158203,6.09375,9.712890625,214,5.46875,76.2734375,127.9511719,1.145507812,127.9511719,1994663,172.006683,11.59642733,0.061059,7.982366,0.582117,8.625542
44,hl,hl,2024092,3374,1,0.4090909091,0.5806451613,3535.272727,0.3588784504,0.9513888889,48,,,,,,0,0,0,0,0,,,,,,,,,,0,,,,,,,,,,288,0.8636363636,0,1,0,18,0.05409981364,270,0.1450146535,0.0006913696775,0.003005545202,0.0116313883,,,,5.857421875,19.86599609,25.72341797,566.3349609,0.40625,0,566.7412109,0.40625,0.7099609375,18,5.078125,23.22460938,0,0.8017578125,28.30273438,2024092,137.400697,14.7313081,0.003111,1.314492,0,1.317603
44,hl#1,hl,2024092,3374,1,0.8181818182,0.9,1356.954545,0.1333096503,0.8472222222,96,,,,,,0,0,0,0,0,,,,,,,,,,0,,,,,,,,,,576,1,0,1,0,36,0.1166602111,540,0.271785077,0.0006743841807,0.003240561419,0.01533774157,,,,11.48828125,38.91597656,50.40425781,1129.386719,0.65625,0,1130.042969,0.65625,1.26171875,36,5.078125,28.77734375,0,1.8671875,33.85546875,2024092,157.499995,12.85137819,0.0102,2.489007,0,2.499207
44,hl#2,hl,2024092,3374,1,0.9772727273,0.9885057471,75,0.01597031082,0.9633333333,192,,,,,,0,0,0,0,0,,,,,,,,,,0,,,,,,,,,,1152,1,0,1,0,43,0.1526081818,1109,0.420884031,0.0004978231014,0.003549027485,0.01667068493,,,,22.75,75.47006836,98.22006836,2254.546875,0.703125,0,2255.25,0.703125,1.421875,43,5.078125,41.5234375,0,2.484375,46.6015625,2024092,155.470226,13.01916162,0.01184,5.489573,0,5.501413
44,hl#3,hl,2024092,3374,1,0.9772727273,0.9885057471,10.97727273,0.002035283887,0.9933333333,384,,,,,,0,0,0,0,0,,,,,,,,,,0,,,,,,,,,,2304,1,0,1,0,43,0.1538314464,2261,0.5410653271,0.0003016045024,0.003577475498,0.01663214913,,,,45.2734375,143.3372266,188.6106641,4504.546875,0.703125,0,4505.25,0.703125,1.421875,43,5.078125,62.71875,0,2.484375,67.796875,2024092,136.735448,14.80297925,0.025445,10.335997,0,10.361442
44,ss[policy=difficulty],ss,2024092,3374,0.9361702128,1,0.967032967,158.7954545,0.02821667744,1,1027,1016,,,,,0,0,0,0,0,,,,0.0002445541013,0,,1016,1,0,0,1016,1016,1016,1016,0,0,1.010826772,1.010826772,-0.01076858179,47,1,44,1,0.1590861483,3,0.005090183648,0,0,7.854322995e-05,7.98712048e-05,0.0002791375096,,,,42.62816406,70.90174805,113.5299121,2227.850586,5.4375,0,2233.288086,1.921875,2.709960938,47,5.46875,14.3984375,9.65625,1.348632812,19.8671875,2024092,152.270105,13.29277339,0.01444,23.581309,0.00948,23.605229
44,hybrid[head=topn-frontier reducer=streaming],hybrid,2024092,3374,0.9777777778,1,0.9887640449,61.77272727,0.01076635922,1,1200,1200,600,600,600,600,401,199,199,9640,4020,0.4170124481,1,1.567505,0.0004599593299,0,,600,0,0,0,600,600,600,600,0,0,1,1,0,45,1,44,1,0.1569770544,1,0.001682729836,0,0,3.371607834e-05,0.0001743991874,0.0004599593299,,,,35.64074219,48.23134766,83.87208984,1544.037109,398.3125,392.578125,1942.349609,5.734375,9.052734375,199,5.46875,77.0234375,128.7646484,1.399414062,128.7646484,2024092,204.09135,9.917578574,0.076774,9.65545,0.362485,10.094709
45,hl,hl,2007625,3347,1,0.3777777778,0.5483870968,3501.577778,0.3453954464,0.9375,48,,,,,,0,0,0,0,0,,,,,,,,,,0,,,,,,,,,,288,0.9111111111,0,1,0,17,0.04349716705,271,0.1485924911,0.0006669779798,0.002558656885,0.006886246186,,,,5.857421875,19.78966797,25.64708984,566.3369141,0.421875,0,566.7587891,0.421875,0.7119140625,17,5.078125,22.75585938,0,0.845703125,27.83398438,2007625,139.911976,14.34920053,0.003186,1.304128,0,1.307314
45,hl#1,hl,2007625,3347,1,0.7111111111,0.8311688312,962.7777778,0.1287343652,0.8420138889,96,,,,,,0,0,0,0,0,,,,,,,,,,0,,,,,,,,,,576,0.9777777778,0,1,0,32,0.1123232675,544,0.2796946641,0.0006805866869,0.003510102111,0.01527078015,,,,11.48828125,38.86432617,50.35260742,1129.25293,0.59375,0,1129.84668,0.59375,1.127929688,32,5.078125,29.08984375,0,1.647460938,34.16796875,2007625,161.678279,12.41740704,0.007517,2.368052,0,2.375569
45,hl#2,hl,2007625,3347,1,0.9333333333,0.9655172414,239.0666667,0.03527340777,0.9633333333,192,,,,,,0,0,0,0,0,,,,,,,,,,0,,,,,,,,,,1152,1,0,1,0,42,0.142919619,1110,0.4221176764,0.0004904837633,0.00340284807,0.01676508312,,,,22.75,74.62488281,97.37488281,2254.547852,0.71875,0,2255.266602,0.71875,1.422851562,42,5.078125,40.9765625,0,2.33203125,46.0546875,2007625,159.0967,12.61889781,0.011974,5.11869,0,5.130664
45,hl#3,hl,2007625,3347,1,1,1,9.022222222,0.001750897489,0.995,384,,,,,,0,0,0,0,0,,,,,,,,,,0,,,,,,,,,,2304,1,0,1,0,45,0.1517863147,2259,0.5405845215,0.0003005081754,0.003373029215,0.0167536268,,,,45.2734375,141.0235352,186.2969727,4504.615234,0.734375,0,4505.349609,0.734375,1.490234375,45,5.078125,61.546875,0,2.599609375,66.625,2007625,138.353728,14.51081246,0.020157,9.872015,0,9.892172
45,ss[policy=difficulty],ss,2007625,3347,0.9375,1,0.9677419355,145.4222222,0.02925377147,1,1016,1023,,,,,0,0,0,0,0,,,,0.0002515409999,1,1023,1023,0,1,1023,1023,1023,1023,1023,1,1,0.9931573803,0.9931573803,0.006866137813,48,1,45,1,0.1550837432,3,0.005268414171,0,0,7.83886433e-05,0.000167694,0.0002844156653,,,,40.434375,71.63196289,112.0663379,2176.938477,5.390625,0,2182.329102,1.875,2.680664062,48,5.46875,14.3984375,9.65625,1.30859375,19.8671875,2007625,157.37353,12.75706912,0.01619,23.051905,0.010018,23.078113
45,hybrid[head=topn-frontier reducer=streaming],hybrid,2007625,3347,1,1,1,36.77777778,0.008464552711,1,1200,1200,600,600,600,600,422,178,178,9640,3600,0.3734439834,1,1.423753,0.0002898947762,0,,600,0,0,0,600,600,600,600,0,0,1,1,0,45,1,45,1,0.1526485275,0,0,0,0,1.831904752e-05,0,0.0002898947762,,,,35.64109375,37.61607422,73.25716797,1527.486328,356.90625,351.5625,1884.392578,5.34375,8.291015625,178,5.46875,76.5234375,128.1328125,1.336914062,128.1328125,2007625,204.134562,9.834811804,0.085054,9.582946,0.346353,10.014353
46,hl,hl,1980148,3301,1,0.4285714286,0.6,2921.333333,0.2952524979,0.9375,48,,,,,,0,0,0,0,0,,,,,,,,,,0,,,,,,,,,,288,0.9047619048,0,1,0,18,0.06066061729,270,0.148613639,0.0007266467232,0.003370034294,0.01295913235,,,,5.857421875,19.79953125,25.65695313,566.3984375,0.46875,0,566.8671875,0.46875,0.7734375,18,5.078125,23.45898438,0,0.8662109375,28.53710938,1980148,128.277689,15.43641779,0.002724,1.35613,0,1.358854
46,hl#1,hl,1980148,3301,1,0.7857142857,0.88,868.6428571,0.1041521366,0.8385416667,96,,,,,,0,0,0,0,0,,,,,,,,,,0,,,,,,,,,,576,0.9761904762,0,1,0,33,0.1189355543,543,0.275375881,0.0006845684641,0.003604107706,0.01482616451,,,,11.48828125,39.01262695,50.5009082,1129.318359,0.640625,0,1129.958984,0.640625,1.193359375,33,5.078125,30.33984375,0,1.829101562,35.41796875,1980148,148.658432,13.32011897,0.008329,2.468576,0,2.476905
46,hl#2,hl,1980148,3301,1,0.9761904762,0.9879518072,204.047619,0.02781840541,0.97,192,,,,,,0,0,0,0,0,,,,,,,,,,0,,,,,,,,,,1152,1,0,1,0,41,0.1438341983,1111,0.4228330408,0.000491898645,0.003508151177,0.01744819074,,,,22.75,75.33586914,98.08586914,2254.484375,0.671875,0,2255.15625,0.671875,1.359375,41,5.078125,41.4453125,0,2.375,46.5234375,1980148,148.161587,13.36478665,0.011544,5.424665,0,5.436209
46,hl#3,hl,1980148,3301,1,1,1,11.28571429,0.002271276687,0.985,384,,,,,,0,0,0,0,0,,,,,,,,,,0,,,,,,,,,,2304,1,0,1,0,42,0.1490262344,2262,0.5427715504,0.0003002594552,0.003548243676,0.01746132107,,,,45.2734375,146.1223242,191.3957617,4504.517578,0.6875,0,4505.205078,0.6875,1.392578125,42,5.078125,62.015625,0,2.431640625,67.09375,1980148,129.857157,15.24866281,0.019008,10.615706,0,10.634714
46,ss[policy=difficulty],ss,1980148,3301,0.9545454545,1,0.976744186,138.547619,0.02772970049,1,1023,1032,,,,,0,0,0,0,0,,,,0.0002520013656,1,1032,1032,0,0,1032,1032,1032,1032,1032,1,1,0.9912790698,0.9912790698,0.00875918009,44,1,42,1,0.1520042946,2,0.003592660751,0,0,7.415653228e-05,0.0001621090949,0.0002868472458,,,,40.44644531,72.08585937,112.5323047,2185.326172,5.265625,0,2190.591797,1.75,2.490234375,44,5.46875,14.3984375,9.65625,1.27734375,19.8671875,1980148,148.125971,13.36800013,0.014719,23.646222,0.00964,23.670581
46,hybrid[head=topn-frontier reducer=streaming],hybrid,1980148,3301,1,1,1,44.19047619,0.009796211698,1,1200,1200,600,600,600,600,415,185,185,9640,3740,0.387966805,1,1.448851,0.0004666317871,0,,600,0,0,0,600,600,600,600,0,0,1,1,0,42,1,42,1,0.1500029291,0,0,0,0,2.23167542e-05,0,0.0004666317871,,,,35.64109375,38.22952148,73.87061523,1520.12793,370.8125,365.234375,1890.94043,5.578125,8.682617188,185,5.46875,76.5234375,128.0888672,1.30859375,128.0888672,1980148,192.080674,10.30893925,0.116251,9.833625,0.356495,10.306371
47,hl,hl,1961671,3270,1,0.5,0.6666666667,3582.066667,0.2844483667,0.9236111111,48,,,,,,0,0,0,0,0,,,,,,,,,,0,,,,,,,,,,288,0.9333333333,0,1,0,15,0.0460286154,273,0.1524812265,0.0006892702843,0.00306857436,0.01190974429,,,,5.857421875,19.72171875,25.57914063,566.2734375,0.390625,0,566.6640625,0.390625,0.6484375,15,5.078125,23.30273438,0,0.7001953125,28.38085938,1961671,118.491863,16.55532245,0.004573,1.896204,0,1.900777
47,hl#1,hl,1961671,3270,1,0.9,0.9473684211,1400.1,0.124155138,0.859375,96,,,,,,0,0,0,0,0,,,,,,,,,,0,,,,,,,,,,576,0.9666666667,0,1,0,27,0.09429460903,549,0.2882037814,0.0006640597056,0.003492392927,0.02004413584,,,,11.48828125,39.02742188,50.51570313,1129.129883,0.546875,0,1129.676758,0.546875,1.004882812,27,5.078125,30.65234375,0,1.501953125,35.73046875,1961671,139.083257,14.10429294,0.0071,3.580779,0,3.587879
47,hl#2,hl,1961671,3270,1,0.9666666667,0.9830508475,62.16666667,0.01277950299,0.97,192,,,,,,0,0,0,0,0,,,,,,,,,,0,,,,,,,,,,1152,1,0,1,0,29,0.1161259967,1123,0.4467492255,0.0004886069637,0.004004344713,0.02025823902,,,,22.75,75.77162109,98.52162109,2254.134766,0.515625,0,2254.650391,0.515625,1.009765625,29,5.078125,41.7578125,0,1.6796875,46.8359375,1961671,138.832179,14.12980056,0.02168,8.818663,0,8.840343
47,hl#3,hl,1961671,3270,1,1,1,10.96666667,0.002200446314,0.9966666667,384,,,,,,0,0,0,0,0,,,,,,,,,,0,,,,,,,,,,2304,1,0,1,0,30,0.1184000783,2274,0.5674983216,0.0002976989583,0.003946669277,0.02025314133,,,,45.2734375,146.6639746,191.9374121,4504.135742,0.5,0,4504.635742,0.5,1.010742188,30,5.078125,62.953125,0,1.768554688,68.03125,1961671,120.172005,16.32386012,0.025429,15.702179,0,15.727608
47,ss[policy=difficulty],ss,1961671,3270,0.8571428571,1,0.9230769231,127.7333333,0.02414888307,1,1032,1032,,,,,0,0,0,0,0,,,,0.0002319451121,0,,1032,0,0,0,1032,1032,1032,1032,0,0,1,1,0,35,1,30,1,0.1204498614,5,0.008779249935,0,0,7.345049924e-05,0.0001234661674,0.0002334744205,,,,42.76730469,72.23870117,115.0060059,2225.387695,4.90625,0,2230.293945,1.390625,1.981445312,35,5.46875,14.3984375,9.65625,1.00390625,19.8671875,1961671,136.308061,14.39145261,0.024964,26.274491,0.009296,26.308751
47,hybrid[head=topn-frontier reducer=streaming],hybrid,1961671,3270,0.9677419355,1,0.9836065574,0,0,1,1200,1105,600,600,600,505,423,177,177,9640,3580,0.3713692946,1,1.427714,7.748496053e-05,0,,505,1,0,0,505,505,505,505,0,0,1.188118812,1.188118812,-0.1723712259,31,1,30,1,0.1184964247,1,0.001708237518,0,0,2.499514856e-06,7.748496053e-05,7.748496053e-05,,,,35.65152344,38.54077148,74.19229492,1532.420898,354.9375,349.609375,1887.358398,5.328125,8.303710938,177,5.46875,73.3984375,124.8222656,0.9775390625,124.8222656,1961671,178.921745,10.96384903,0.07672,10.004794,0.342244,10.423758
48,hl,hl,1983026,3306,1,0.5135135135,0.6785714286,3944.243243,0.3214660944,0.9548611111,48,,,,,,0,0,0,0,0,,,,,,,,,,0,,,,,,,,,,288,0.9189189189,0,1,0,19,0.05591505104,269,0.1439123844,0.000693845262,0.002942897423,0.01136848433,,,,5.857421875,19.78853516,25.64595703,566.4052734,0.453125,0,566.8583984,0.453125,0.7802734375,19,5.078125,22.44335938,0,0.890625,27.52148438,1983026,127.788955,15.51797649,0.01225,1.306436,0,1.318686
48,hl#1,hl,1983026,3306,1,0.8918918919,0.9428571429,827.4054054,0.09102423487,0.8611111111,96,,,,,,0,0,0,0,0,,,,,,,,,,0,,,,,,,,,,576,1,0,1,0,33,0.1280548011,543,0.2762934021,0.0007019934083,0.003880448518,0.02168251954,,,,11.48828125,39.01450195,50.5027832,1129.356445,0.671875,0,1130.02832,0.671875,1.231445312,33,5.078125,27.91796875,0,1.774414062,32.99609375,1983026,147.043654,13.48596792,0.004789,2.378633,0,2.383422
48,hl#2,hl,1983026,3306,1,0.972972973,0.9863013699,216.1621622,0.02871240902,0.97,192,,,,,,0,0,0,0,0,,,,,,,,,,0,,,,,,,,,,1152,1,0,1,0,36,0.1433733093,1116,0.4290604359,0.0004969042927,0.003982591924,0.02175211016,,,,22.75,75.22768555,97.97768555,2254.358398,0.625,0,2254.983398,0.625,1.233398438,36,5.078125,40.4296875,0,2.067382812,45.5078125,1983026,145.711533,13.60925906,0.015398,5.165341,0,5.180739
48,hl#3,hl,1983026,3306,1,1,1,6.918918919,0.001133560307,0.9916666667,384,,,,,,0,0,0,0,0,,,,,,,,,,0,,,,,,,,,,2304,1,0,1,0,37,0.1487731376,2267,0.5456433753,0.000301396056,0.004020895611,0.02177127279,,,,45.2734375,143.3629297,188.6363672,4504.360352,0.609375,0,4504.969727,0.609375,1.235351562,37,5.078125,61.625,0,2.157226562,66.703125,1983026,127.743444,15.52350507,0.021333,9.804299,0,9.825632
48,ss[policy=difficulty],ss,1983026,3306,0.925,1,0.961038961,129.6756757,0.02297475732,1,1032,1024,,,,,0,0,0,0,0,,,,0.0002460885536,0,,1024,1,0,0,1024,1024,1024,1024,0,0,1.0078125,1.0078125,-0.007782140442,40,1,37,1,0.1512521772,3,0.005136089996,0,0,7.022096533e-05,0.0001297680077,0.0002486099527,,,,42.74738281,72.08082031,114.8282031,2173.462891,5.046875,0,2178.509766,1.53125,2.205078125,40,5.46875,14.3984375,9.65625,1.120117188,19.8671875,1983026,144.615199,13.71243143,0.012496,22.987178,0.009458,23.009132
48,hybrid[head=topn-frontier reducer=streaming],hybrid,1983026,3306,0.9736842105,1,0.9866666667,53.05405405,0.007698188177,1,1105,1105,600,505,600,505,409,191,191,9640,3860,0.4004149378,1,1.534375,0.0004074580969,0,,505,0,0,0,505,505,505,505,0,0,1,1,0,38,1,37,1,0.1498225439,1,0.001704970081,0,0,3.232699075e-05,0.0002385243562,0.0004074580969,,,,32.14886719,36.45922852,68.6080957,1340.744141,382.5625,376.953125,1723.306641,5.609375,8.775390625,191,5.46875,76.5234375,128.0400391,1.206054688,128.0400391,1983026,184.432756,10.75202715,0.064534,8.293751,0.361353,8.719638
49,hl,hl,1969821,3284,1,0.4166666667,0.5882352941,3599.416667,0.3324078919,0.9479166667,48,,,,,,0,0,0,0,0,,,,,,,,,,0,,,,,,,,,,288,0.9722222222,0,1,0,15,0.05620662994,273,0.1520366571,0.000723066969,0.003747108663,0.01926367929,,,,5.857421875,19.79035156,25.64777344,566.2421875,0.359375,0,566.6015625,0.359375,0.6171875,15,5.078125,23.77148438,0,0.7685546875,28.84960938,1969821,138.254732,14.24776549,0.003222,1.351059,0,1.354281
49,hl#1,hl,1969821,3284,1,0.7777777778,0.875,1387.75,0.1260553533,0.8506944444,96,,,,,,0,0,0,0,0,,,,,,,,,,0,,,,,,,,,,576,1,0,1,0,28,0.1095708696,548,0.2853051115,0.0006855485783,0.003913245344,0.02242538789,,,,11.48828125,38.53873047,50.02701172,1129.133789,0.53125,0,1129.665039,0.53125,1.008789062,28,5.078125,30.41796875,0,1.462890625,35.49609375,1969821,162.945514,12.08883234,0.007405,2.449577,0,2.456982
49,hl#2,hl,1969821,3284,1,1,1,42.80555556,0.008369478822,0.9733333333,192,,,,,,0,0,0,0,0,,,,,,,,,,0,,,,,,,,,,1152,1,0,1,0,36,0.1449928699,1116,0.4329692901,0.0005017032639,0.00402757972,0.02248529181,,,,22.75,72.96360352,95.71360352,2254.330078,0.59375,0,2254.923828,0.59375,1.205078125,36,5.078125,41.2109375,0,2.103515625,46.2890625,1969821,160.553871,12.26891004,0.010992,5.266291,0,5.277283
49,hl#3,hl,1969821,3284,1,1,1,10.08333333,0.002054617115,0.9933333333,384,,,,,,0,0,0,0,0,,,,,,,,,,0,,,,,,,,,,2304,1,0,1,0,36,0.1455401278,2268,0.5509998117,0.000302317682,0.004042781327,0.02248681479,,,,45.2734375,139.1499512,184.4233887,4504.330078,0.59375,0,4504.923828,0.59375,1.205078125,36,5.078125,61.859375,0,2.103515625,66.9375,1969821,139.714695,14.09888201,0.019226,10.273073,0,10.292299
49,ss[policy=difficulty],ss,1969821,3284,0.8780487805,1,0.9350649351,147.6666667,0.02960267412,1,1024,1024,,,,,0,0,0,0,0,,,,0.0002350467377,0,,1024,0,0,0,1024,1024,1024,1024,0,0,1,1,0,41,1,36,1,0.1483236294,5,0.008414470147,0,0,8.15971133e-05,0.0001293518548,0.000251799529,,,,40.30988281,69.22166016,109.531543,2166.632812,5.25,0,2171.882812,1.734375,2.4296875,41,5.46875,14.3984375,9.65625,1.11328125,19.8671875,1969821,158.79305,12.40495727,0.012136,22.836481,0.008805,22.857422
49,hybrid[head=topn-frontier reducer=streaming],hybrid,1969821,3284,0.9473684211,1,0.972972973,39.22222222,0.007828792317,1,1105,1105,600,505,600,505,420,180,180,9640,3640,0.377593361,1,1.494396,0.0005208595096,0,,505,0,0,0,505,505,505,505,0,0,1,1,0,38,1,36,1,0.1463417234,2,0.003735872447,0,0,3.513543937e-05,0.0003091651475,0.0005208595096,,,,32.14984375,43.40708984,75.55693359,1348.941406,360.90625,355.46875,1709.847656,5.4375,8.42578125,180,5.46875,76.5234375,127.9814453,1.19921875,127.9814453,1969821,195.216745,10.09043051,0.067274,8.442582,0.333728,8.843584
50,hl,hl,1968464,3281,1,0.5454545455,0.7058823529,3461.727273,0.2656334224,0.9340277778,48,,,,,,0,0,0,0,0,,,,,,,,,,0,,,,,,,,,,288,0.9393939394,0,1,0,18,0.06010523942,270,0.1495734745,0.0007280510901,0.003339179968,0.01563096912,,,,5.857421875,19.80417969,25.66160156,566.4033203,0.46875,0,566.8720703,0.46875,0.7783203125,18,5.078125,22.44335938,0,0.8369140625,27.52148438,1968464,138.463025,14.21653181,0.003106,1.295613,0,1.298719
50,hl#1,hl,1968464,3281,1,0.8484848485,0.9180327869,854.3333333,0.09749297058,0.8402777778,96,,,,,,0,0,0,0,0,,,,,,,,,,0,,,,,,,,,,576,1,0,1,0,28,0.1142738704,548,0.288497529,0.0006992559018,0.004081209657,0.02128461582,,,,11.48828125,38.64140625,50.1296875,1129.165039,0.5625,0,1129.727539,0.5625,1.040039062,28,5.078125,30.96484375,0,1.493164062,36.04296875,1968464,162.663416,12.10145495,0.004758,2.366113,0,2.370871
50,hl#2,hl,1968464,3281,1,0.9393939394,0.96875,231.4848485,0.03290642587,0.9733333333,192,,,,,,0,0,0,0,0,,,,,,,,,,0,,,,,,,,,,1152,1,0,1,0,31,0.1284813946,1121,0.444842273,0.0004976767948,0.004144561117,0.02141923855,,,,22.75,71.98799805,94.73799805,2254.168945,0.515625,0,2254.68457,0.515625,1.043945312,31,5.078125,40.8203125,0,1.825195312,45.8984375,1968464,163.297713,12.05444929,0.009263,5.24202,0,5.251283
50,hl#3,hl,1968464,3281,1,1,1,8.727272727,0.0017899848,0.9933333333,384,,,,,,0,0,0,0,0,,,,,,,,,,0,,,,,,,,,,2304,1,0,1,0,33,0.1352191353,2271,0.5611405644,0.000302239453,0.004097549555,0.02143498687,,,,45.2734375,136.6804492,181.9538867,4504.235352,0.546875,0,4504.782227,0.546875,1.110351562,33,5.078125,61.546875,0,1.938476562,66.625,1968464,140.889789,13.97165837,0.019797,10.161762,0,10.181559
50,ss[policy=difficulty],ss,1968464,3281,0.9428571429,1,0.9705882353,145.3636364,0.02642768538,1,1024,1072,,,,,0,0,0,0,0,,,,0.0002616253079,1,1072,1072,0,1,1072,1072,1072,1072,1072,1,1,0.9552238806,0.9552238806,0.04580953603,35,1,33,1,0.1376509807,2,0.003569788424,0,0,7.81610143e-05,0.0001493550301,0.0002656893903,,,,40.63375,69.14767578,109.7814258,2184.166016,4.90625,0,2189.072266,1.390625,1.986328125,35,5.46875,14.3984375,9.65625,0.97265625,19.8671875,1968464,161.44356,12.19289267,0.015505,22.96442,0.016283,22.996208
50,hybrid[head=topn-frontier reducer=streaming],hybrid,1968464,3281,0.9705882353,1,0.9850746269,13.3030303,0.003098273908,1,1105,1105,600,505,600,505,415,185,185,9640,3740,0.387966805,1,1.671949,0.0004495891213,0,,505,0,0,0,505,505,505,505,0,0,1,1,0,34,1,33,1,0.1354370717,1,0.001880146144,0,0,1.978251899e-05,0.0004495891213,0.0004495891213,,,,32.27742188,38.87613281,71.15355469,1345.78125,370.65625,365.234375,1716.4375,5.421875,8.53125,185,5.46875,76.5234375,127.9765625,1.10546875,127.9765625,1968464,200.844998,9.800911248,0.064948,8.685441,0.367343,9.117732
51,hl,hl,1997090,3329,1,0.4473684211,0.6181818182,3344.736842,0.3157085941,0.9409722222,48,,,,,,0,0,0,0,0,,,,,,,,,,0,,,,,,,,,,288,0.8947368421,0,1,0,17,0.05532099204,271,0.1546415034,0.0007290364425,0.003254176003,0.0144099665,,,,5.857421875,19.80537109,25.66279297,566.3369141,0.421875,0,566.7587891,0.421875,0.7119140625,17,5.078125,23.53710938,0,0.7802734375,28.61523438,1997090,121.983469,16.37180854,0.003251,1.373409,0,1.37666
51,hl#1,hl,1997090,3329,1,0.7631578947,0.8656716418,934.9473684,0.107467545,0.8385416667,96,,,,,,0,0,0,0,0,,,,,,,,,,0,,,,,,,,,,576,1,0,1,0,29,0.1105763886,547,0.2861368291,0.0006887382252,0.003812978919,0.01660566124,,,,11.48828125,38.74875,50.23703125,1129.126953,0.515625,0,1129.642578,0.515625,1.001953125,29,5.078125,30.18359375,0,1.640625,35.26171875,1997090,140.541542,14.2099622,0.004554,2.694201,0,2.698755
51,hl#2,hl,1997090,3329,1,0.9473684211,0.972972973,78.81578947,0.01428542758,0.9733333333,192,,,,,,0,0,0,0,0,,,,,,,,,,0,,,,,,,,,,1152,1,0,1,0,36,0.1363228497,1116,0.4371390373,0.0004977967769,0.003786745826,0.01914435504,,,,22.75,72.365625,95.115625,2254.352539,0.625,0,2254.977539,0.625,1.227539062,36,5.078125,42.2265625,0,2.060546875,47.3046875,1997090,138.594778,14.40956166,0.008746,5.664698,0,5.673444
51,hl#3,hl,1997090,3329,1,1,1,11.52631579,0.00213942984,0.9933333333,384,,,,,,0,0,0,0,0,,,,,,,,,,0,,,,,,,,,,2304,1,0,1,0,38,0.1409575933,2266,0.5545703999,0.0003018784693,0.00370941035,0.01914385431,,,,45.2734375,138.0925098,183.3659473,4504.384766,0.625,0,4505.009766,0.625,1.259765625,38,5.078125,62.015625,0,2.205078125,67.09375,1997090,119.861266,16.66167951,0.018913,10.697141,0,10.716054
51,ss[policy=difficulty],ss,1997090,3329,0.9743589744,1,0.987012987,110.1315789,0.02180829459,1,1072,1072,,,,,0,0,0,0,0,,,,0.0002113074523,0,,1072,0,0,0,1072,1072,1072,1072,0,0,1,1,0,39,1,38,1,0.1430701671,1,0.00171449459,0,0,5.55166742e-05,6.960126985e-05,0.0002123089095,,,,43.76589844,70.24700195,114.0129004,2262.277344,5.03125,0,2267.308594,1.515625,2.16796875,39,5.46875,14.3984375,9.65625,1.12890625,19.8671875,1997090,140.232424,14.2412856,0.015762,24.074158,0.011524,24.101444
51,hybrid[head=topn-frontier reducer=streaming],hybrid,1997090,3329,0.95,1,0.9743589744,7.421052632,0.001791769804,1,1105,1060,600,505,600,460,422,178,178,9640,3600,0.3734439834,1,1.460787,0.0002133103666,0,,460,1,0,0,460,460,460,460,0,0,1.097826087,1.097826087,-0.09333193979,40,1,38,1,0.1411158235,2,0.003475556935,0,0,1.293131506e-05,0.0001880235743,0.0002133103666,,,,32.23972656,34.38915039,66.62887695,1351.229492,356.875,351.5625,1708.104492,5.3125,8.268554688,178,5.46875,76.5234375,128.1083984,1.18359375,128.1083984,1997090,173.412009,11.51644578,0.075656,8.408003,0.359353,8.843012
52,hl,hl,1993866,3324,1,0.4285714286,0.6,3325.190476,0.3133273455,0.9583333333,48,,,,,,0,0,0,0,0,,,,,,,,,,0,,,,,,,,,,288,0.880952381,0,1,0,18,0.05524293007,270,0.1487587431,0.0007083391428,0.00306905167,0.01188244345,,,,5.857421875,19.79890625,25.65632813,566.4355469,0.5,0,566.9355469,0.5,0.810546875,18,5.078125,22.20898438,0,0.837890625,27.28710938,1993866,132.652418,15.03075504,0.002799,1.320561,0,1.32336
52,hl#1,hl,1993866,3324,1,0.880952381,0.9367088608,851.5,0.08842143654,0.8697916667,96,,,,,,0,0,0,0,0,,,,,,,,,,0,,,,,,,,,,576,1,0,1,0,37,0.1270722305,539,0.2743163282,0.0006968551366,0.003434384609,0.01837234799,,,,11.48828125,39.14858398,50.63686523,1129.492188,0.734375,0,1130.226562,0.734375,1.3671875,37,5.078125,28.62109375,0,1.901367188,33.69921875,1993866,151.880013,13.12790248,0.007911,2.371254,0,2.379165
52,hl#2,hl,1993866,3324,1,0.9761904762,0.9879518072,40.76190476,0.008447080247,0.9766666667,192,,,,,,0,0,0,0,0,,,,,,,,,,0,,,,,,,,,,1152,1,0,1,0,41,0.1491705059,1111,0.4295439112,0.0005023562649,0.003638305023,0.01845710795,,,,22.75,76.18739258,98.93739258,2254.496094,0.671875,0,2255.167969,0.671875,1.37109375,41,5.078125,41.8359375,0,2.38671875,46.9140625,1993866,150.168557,13.27751987,0.008956,5.268411,0,5.277367
52,hl#3,hl,1993866,3324,1,1,1,10.66666667,0.002100692963,0.995,384,,,,,,0,0,0,0,0,,,,,,,,,,0,,,,,,,,,,2304,1,0,1,0,42,0.1513521972,2262,0.5452929134,0.0003023633292,0.003603623743,0.0184551018,,,,45.2734375,147.9140332,193.1874707,4504.529297,0.6875,0,4505.216797,0.6875,1.404296875,42,5.078125,61.78125,0,2.443359375,66.859375,1993866,132.348011,15.06532652,0.018939,10.120564,0,10.139503
52,ss[policy=difficulty],ss,1993866,3324,0.9333333333,1,0.9655172414,131.5238095,0.02548448339,1,1072,1072,,,,,0,0,0,0,0,,,,0.0002146583572,0,,1072,0,0,0,1072,1072,1072,1072,0,0,1,1,0,45,1,42,1,0.1542460727,3,0.005382508153,0,0,7.578799734e-05,0.0002133209219,0.000248762956,,,,43.77058594,73.90188477,117.6724707,2265.048828,5.4375,0,2270.486328,1.921875,2.689453125,45,5.46875,14.3984375,9.65625,1.206054688,19.8671875,1993866,150.313128,13.26474957,0.016065,24.55202,0.010922,24.579007
52,hybrid[head=topn-frontier reducer=streaming],hybrid,1993866,3324,0.9761904762,0.9761904762,0.9761904762,105.547619,0.02394507635,1,1060,1060,600,460,600,460,405,195,195,9640,3940,0.4087136929,1,1.548677,0.0006540058359,0,,460,0,0,0,460,460,460,460,0,0,1,1,0,43,1,41,1,0.1515814002,2,0.003076435427,0,0,6.431352866e-05,0.0004225459484,0.0006540058359,,,,31.09246094,35.53308594,66.62554687,1273.216797,390.5625,384.765625,1663.779297,5.796875,9.068359375,195,5.46875,76.5234375,128.2695312,1.240234375,128.2695312,1993866,185.852456,10.72821981,0.060096,7.844749,0.368234,8.273079
53,hl,hl,2037446,3396,1,0.4186046512,0.5901639344,3895.046512,0.3529175536,0.9201388889,48,,,,,,0,0,0,0,0,,,,,,,,,,0,,,,,,,,,,288,0.8837209302,0,1,0,18,0.05473568379,270,0.1514852418,0.0007160448806,0.003040871322,0.01158950961,,,,5.857421875,19.86582031,25.72324219,566.3417969,0.40625,0,566.7480469,0.40625,0.716796875,18,5.078125,22.83398438,0,0.873046875,27.91210938,2037446,132.359389,15.39328653,0.012156,1.324843,0,1.336999
53,hl#1,hl,2037446,3396,1,0.7906976744,0.8831168831,1586.813953,0.1426932738,0.8350694444,96,,,,,,0,0,0,0,0,,,,,,,,,,0,,,,,,,,,,576,1,0,1,0,34,0.115636439,542,0.2803868176,0.000687540376,0.003401071734,0.01737567523,,,,11.48828125,39.16947266,50.65775391,1129.353516,0.65625,0,1130.009766,0.65625,1.228515625,34,5.078125,28.62109375,0,1.762695312,33.69921875,2037446,149.741085,13.60645944,0.004794,2.387289,0,2.392083
53,hl#2,hl,2037446,3396,1,1,1,49.25581395,0.008227272564,0.97,192,,,,,,0,0,0,0,0,,,,,,,,,,0,,,,,,,,,,1152,1,0,1,0,43,0.1604685474,1109,0.4248642663,0.0005081014008,0.003731826683,0.01736831307,,,,22.75,76.23421875,98.98421875,2254.581055,0.734375,0,2255.31543,0.734375,1.456054688,43,5.078125,40.3515625,0,2.456054688,45.4296875,2037446,148.507027,13.71952588,0.009047,5.096324,0,5.105371
53,hl#3,hl,2037446,3396,1,1,1,12.8372093,0.00261191524,0.995,384,,,,,,0,0,0,0,0,,,,,,,,,,0,,,,,,,,,,2304,1,0,1,0,43,0.1613235394,2261,0.5428281289,0.0003056213838,0.003751710218,0.01737567523,,,,45.2734375,148.2806055,193.554043,4504.549805,0.703125,0,4505.25293,0.703125,1.424804688,43,5.078125,61.78125,0,2.487304688,66.859375,2037446,131.96188,15.43965576,0.020216,9.805111,0,9.825327
53,ss[policy=difficulty],ss,2037446,3396,0.9772727273,1,0.9885057471,171.3255814,0.03267333441,1,1072,1072,,,,,0,0,0,0,0,,,,0.0002370614976,0,,1072,0,0,0,1072,1072,1072,1072,0,0,1,1,0,44,1,43,1,0.1649717342,1,0.001724708287,0,0,8.754275518e-05,0.0002360798765,0.0002679825625,,,,43.76769531,74.3802832,118.1479785,2244.495117,5.421875,0,2249.916992,1.90625,2.643554688,44,5.46875,14.3984375,9.65625,1.211914062,19.8671875,2037446,149.572983,13.62175146,0.013718,23.726096,0.010033,23.749847
53,hybrid[head=topn-frontier reducer=streaming],hybrid,2037446,3396,0.9555555556,1,0.9772727273,144.3488372,0.02288367451,1,1060,1200,600,460,600,600,392,208,208,9640,4200,0.4356846473,1,1.696073,0.0008049293086,1,556,600,0,1,556,600,600,600,600,1,1,0.7666666667,0.7666666667,0.2657031657,45,1,43,1,0.1621652795,2,0.003498497629,0,0,7.858422315e-05,0.0001705566675,0.0008049293086,,,,31.01894531,35.39255859,66.41150391,1270.518555,416.125,410.15625,1686.643555,5.96875,9.502929688,208,5.46875,77.0234375,129.0283203,1.374023438,129.0283203,2037446,186.58094,10.91990425,0.060295,7.888509,0.376961,8.325765
54,hl,hl,2037993,3397,1,0.5,0.6666666667,3626.222222,0.3248320886,0.9340277778,48,,,,,,0,0,0,0,0,,,,,,,,,,0,,,,,,,,,,288,0.8888888889,0,1,0,18,0.06194329421,270,0.149279708,0.0007334132022,0.003441294123,0.01251378194,,,,5.857421875,19.77326172,25.63068359,566.3701172,0.4375,0,566.8076172,0.4375,0.7451171875,18,5.078125,23.69335938,0,0.8056640625,28.77148438,2037993,132.279675,15.40669797,0.002835,1.318598,0,1.321433
54,hl#1,hl,2037993,3397,1,0.8333333333,0.9090909091,1189.333333,0.1175194113,0.8506944444,96,,,,,,0,0,0,0,0,,,,,,,,,,0,,,,,,,,,,576,0.9722222222,0,1,0,30,0.1159886221,546,0.2849209983,0.0006960236465,0.003866287405,0.0131148635,,,,11.48828125,39.00375977,50.49204102,1129.166992,0.53125,0,1129.698242,0.53125,1.041992188,30,5.078125,30.65234375,0,1.736328125,35.73046875,2037993,155.85178,13.07648203,0.00815,2.44337,0,2.45152
54,hl#2,hl,2037993,3397,0.9714285714,0.9444444444,0.9577464789,282.1388889,0.02787540015,0.9666666667,192,,,,,,0,0,0,0,0,,,,,,,,,,0,,,,,,,,,,1152,1,0,1,0,35,0.1377978236,1117,0.4377497862,0.0004996073002,0.003937080676,0.01598189984,,,,22.75,76.33262695,99.08262695,2254.295898,0.578125,0,2254.874023,0.578125,1.170898438,35,5.078125,40.9765625,0,2.045898438,46.0546875,2037993,155.782226,13.08232044,0.011399,5.397445,0,5.408844
54,hl#3,hl,2037993,3397,1,1,1,10.80555556,0.001915046482,0.9883333333,384,,,,,,0,0,0,0,0,,,,,,,,,,0,,,,,,,,,,2304,1,0,1,0,36,0.1439563335,2268,0.5535931674,0.0003027558598,0.003998787042,0.01597797441,,,,45.2734375,148.0251855,193.298623,4504.329102,0.59375,0,4504.922852,0.59375,1.204101562,36,5.078125,61.703125,0,2.102539062,66.78125,2037993,137.025423,14.87310132,0.020071,10.117916,0,10.137987
54,ss[policy=difficulty],ss,2037993,3397,0.9,1,0.9473684211,142.9444444,0.0259477824,1,1072,982,,,,,0,0,0,0,0,,,,0.0002075571408,0,,982,1,0,0,982,982,982,982,0,0,1.091649695,1.091649695,-0.08769003328,40,1,36,1,0.1464867642,4,0.006798355048,0,0,6.99707997e-05,6.844969536e-05,0.000242395337,,,,43.76402344,88.4606543,132.2246777,2267.310547,5.046875,0,2272.357422,1.53125,2.208984375,40,5.46875,14.3984375,9.65625,1.15625,19.8671875,2037993,151.27968,13.47169032,0.016377,24.150654,0.011883,24.178914
54,hybrid[head=topn-frontier reducer=streaming],hybrid,2037993,3397,0.972972973,1,0.9863013699,21.52777778,0.002244634982,1,1200,1200,600,600,600,600,399,201,201,9640,4060,0.4211618257,1,1.492807,0.0003832201583,0,,600,0,0,0,600,600,600,600,0,0,1,1,0,37,1,36,1,0.1443420071,1,0.001686953782,0,0,2.063503361e-05,0.0003832201583,0.0003832201583,,,,35.63921875,38.21685547,73.85607422,1519.911133,402.3125,396.484375,1922.223633,5.828125,9.184570312,201,5.46875,76.2734375,127.9609375,1.216796875,127.9609375,2037993,197.878906,10.29919278,0.077787,9.944156,0.359778,10.381721
55,hl,hl,2018688,3365,1,0.4318181818,0.6031746032,2629.295455,0.3602838127,0.9236111111,48,,,,,,0,0,0,0,0,,,,,,,,,,0,,,,,,,,,,288,0.9318181818,0,1,0,19,0.06444482753,269,0.1575419282,0.0007707873464,0.003391833028,0.01329477364,,,,5.857421875,19.82134766,25.67876953,566.4960938,0.546875,0,567.0429688,0.546875,0.87109375,19,5.078125,26.34960938,0,0.8916015625,31.42773438,2018688,132.371153,15.2502109,0.012871,1.384059,0,1.39693
55,hl#1,hl,2018688,3365,0.9722222222,0.7954545455,0.875,725.7045455,0.1157542608,0.8298611111,96,,,,,,0,0,0,0,0,,,,,,,,,,0,,,,,,,,,,576,0.9772727273,0,1,0,36,0.1213471324,540,0.2822645203,0.0007007146749,0.003370753678,0.01399621933,,,,11.48828125,39.07967773,50.56795898,1129.424805,0.6875,0,1130.112305,0.6875,1.299804688,36,5.078125,32.05859375,0,1.748046875,37.13671875,2018688,159.951545,12.62062208,0.004852,2.606111,0,2.610963
55,hl#2,hl,2018688,3365,1,0.9318181818,0.9647058824,70,0.01469846743,0.9766666667,192,,,,,,0,0,0,0,0,,,,,,,,,,0,,,,,,,,,,1152,1,0,1,0,41,0.1409524404,1111,0.4370611011,0.0005017478659,0.0034378644,0.01400265915,,,,22.75,74.64088867,97.39088867,2254.524414,0.703125,0,2255.227539,0.703125,1.399414062,41,5.078125,42.3828125,0,2.3515625,47.4609375,2018688,156.140711,12.92864614,0.012277,5.731978,0,5.744255
55,hl#3,hl,2018688,3365,1,0.9772727273,0.9885057471,15.70454545,0.003678030249,0.9933333333,384,,,,,,0,0,0,0,0,,,,,,,,,,0,,,,,,,,,,2304,1,0,1,0,43,0.1453186426,2261,0.5514710545,0.0003024260838,0.003379503316,0.01402792309,,,,45.2734375,143.9814258,189.2548633,4504.557617,0.703125,0,4505.260742,0.703125,1.432617188,43,5.078125,62.953125,0,2.495117188,68.03125,2018688,135.994371,14.8439085,0.018905,10.783811,0,10.802716
55,ss[policy=difficulty],ss,2018688,3365,0.8979591837,1,0.9462365591,116.6818182,0.02293795816,1,982,982,,,,,0,0,0,0,0,,,,0.0002318337455,0,,982,0,0,0,982,982,982,982,0,0,1,1,0,49,1,44,1,0.1497041643,5,0.008550603164,0,0,6.250776419e-05,0.0001039288885,0.0002779032718,,,,39.48546875,70.34727539,109.8327441,2119.150391,5.46875,0,2124.619141,1.953125,2.783203125,49,5.46875,14.3984375,9.65625,1.36328125,19.8671875,2018688,149.446773,13.50773897,0.014655,22.22785,0.01113,22.253635
55,hybrid[head=topn-frontier reducer=streaming],hybrid,2018688,3365,0.9777777778,1,0.9887640449,15.84090909,0.002460037983,1,1200,1200,600,600,600,600,425,175,175,9640,3540,0.367219917,1,1.4085,0.0002774079006,0,,600,0,0,0,600,600,600,600,0,0,1,1,0,45,1,44,1,0.147506202,1,0.001717947499,0,0,1.383737028e-05,0.0002774079006,0.0002774079006,,,,35.65,37.91507813,73.56507812,1529.298828,350.96875,345.703125,1880.267578,5.265625,8.158203125,175,5.46875,76.5234375,128.1328125,1.3359375,128.1328125,2018688,194.916359,10.35668843,0.077613,9.819234,0.355836,10.252683
56,hl,hl,1940371,3234,1,0.45,0.6206896552,2181.075,0.3223885804,0.9375,48,,,,,,0,0,0,0,0,,,,,,,,,,0,,,,,,,,,,288,0.975,0,1,0,18,0.05356449875,270,0.1605522861,0.0007434610586,0.002975805486,0.01055622868,,,,5.857421875,19.82125,25.67867187,566.4042969,0.46875,0,566.8730469,0.46875,0.779296875,18,5.078125,23.53710938,0,0.7744140625,28.61523438,1940371,129.900102,14.93740936,0.002663,1.216404,0,1.219067
56,hl#1,hl,1940371,3234,0.96875,0.775,0.8611111111,657.85,0.1219930114,0.8402777778,96,,,,,,0,0,0,0,0,,,,,,,,,,0,,,,,,,,,,576,0.975,0,1,0,32,0.1014517327,544,0.2877944476,0.0006757746185,0.003170366646,0.01720804939,,,,11.48828125,39.11735352,50.60563477,1129.294922,0.625,0,1129.919922,0.625,1.169921875,32,5.078125,29.63671875,0,1.651367188,34.71484375,1940371,153.869791,12.61047401,0.006916,2.362583,0,2.369499
56,hl#2,hl,1940371,3234,1,0.925,0.961038961,217.875,0.03145690651,0.975,192,,,,,,0,0,0,0,0,,,,,,,,,,0,,,,,,,,,,1152,1,0,1,0,37,0.1163736213,1115,0.4467372477,0.0004888115182,0.003145233009,0.01726216275,,,,22.75,76.50799805,99.25799805,2254.362305,0.609375,0,2254.97168,0.609375,1.237304688,37,5.078125,42.1484375,0,2.159179688,47.2265625,1940371,153.107832,12.6732315,0.010764,5.449651,0,5.460415
56,hl#3,hl,1940371,3234,1,1,1,10.1,0.001942569597,0.9933333333,384,,,,,,0,0,0,0,0,,,,,,,,,,0,,,,,,,,,,2304,1,0,1,0,40,0.1254296214,2264,0.5634809013,0.0002990063033,0.003135740536,0.01726422421,,,,45.2734375,148.3531641,193.6266016,4504.459961,0.65625,0,4505.116211,0.65625,1.334960938,40,5.078125,62.171875,0,2.327148438,67.25,1940371,134.620113,14.41367829,0.01962,10.542085,0,10.561705
56,ss[policy=difficulty],ss,1940371,3234,0.8888888889,1,0.9411764706,164.675,0.03552212422,1,982,1110,,,,,0,0,0,0,0,,,,0.0002824202176,1,1110,1110,0,1,1110,1110,1110,1110,1110,1,1,0.8846846847,0.8846846847,0.122523986,45,1,40,1,0.1288573165,5,0.008518474044,0,0,9.427750329e-05,0.0001695552036,0.0002839663137,,,,39.98542969,72.05320312,112.0386328,2170.194336,5.34375,0,2175.538086,1.828125,2.592773438,45,5.46875,14.3984375,9.65625,1.239257812,19.8671875,1940371,150.461328,12.89614432,0.013787,22.71707,0.013003,22.74386
56,hybrid[head=topn-frontier reducer=streaming],hybrid,1940371,3234,0.9756097561,1,0.987654321,5.75,0.001087789364,1,1200,1200,600,600,600,600,403,197,197,9640,3980,0.4128630705,1,1.680265,0.0004586751709,0,,600,0,0,0,600,600,600,600,0,0,1,1,0,41,1,40,1,0.1255811389,1,0.001849646279,0,0,1.407827326e-05,0.0004586751709,0.0004586751709,,,,35.67464844,45.30538086,80.9800293,1559.114258,394.375,388.671875,1953.489258,5.703125,8.973632812,197,5.46875,76.2734375,127.8193359,1.274414062,127.8193359,1940371,198.814121,9.75972426,0.124353,9.82102,0.34839,10.293763
57,hl,hl,1976026,3294,1,0.4318181818,0.6031746032,2182.431818,0.2944832669,0.9166666667,48,,,,,,0,0,0,0,0,,,,,,,,,,0,,,,,,,,,,288,0.9318181818,0,1,0,19,0.05441527591,269,0.154604241,0.0007257622116,0.00286396189,0.01343707016,,,,5.857421875,19.81849609,25.67591797,566.4082031,0.453125,0,566.8613281,0.453125,0.783203125,19,5.078125,23.38085938,0,0.890625,28.45898438,1976026,132.161457,14.95160575,0.002608,1.270973,0,1.273581
57,hl#1,hl,1976026,3294,1,0.7727272727,0.8717948718,433.8863636,0.08699015718,0.828125,96,,,,,,0,0,0,0,0,,,,,,,,,,0,,,,,,,,,,576,1,0,1,0,34,0.1081423018,542,0.2816997347,0.0006768090911,0.003180655934,0.01681911068,,,,11.48828125,39.25041016,50.73869141,1129.394531,0.6875,0,1130.082031,0.6875,1.26953125,34,5.078125,29.08984375,0,1.80078125,34.16796875,1976026,155.086039,12.74148217,0.007494,2.340168,0,2.347662
57,hl#2,hl,1976026,3294,0.9772727273,0.9772727273,0.9772727273,85.52272727,0.01449921773,0.9683333333,192,,,,,,0,0,0,0,0,,,,,,,,,,0,,,,,,,,,,1152,1,0,1,0,44,0.1309451394,1108,0.4323450198,0.000488967152,0.002976025895,0.01701293404,,,,22.75,76.76910156,99.51910156,2254.621094,0.75,0,2255.371094,0.75,1.49609375,44,5.078125,41.6015625,0,2.450195312,46.6796875,1976026,153.468916,12.87574091,0.011522,5.416506,0,5.428028
57,hl#3,hl,1976026,3294,1,1,1,16.43181818,0.003584799032,0.9933333333,384,,,,,,0,0,0,0,0,,,,,,,,,,0,,,,,,,,,,2304,1,0,1,0,44,0.1325736605,2260,0.5553935019,0.0002985968587,0.003013037738,0.01700787338,,,,45.2734375,149.6021289,194.8755664,4504.592773,0.71875,0,4505.311523,0.71875,1.467773438,44,5.078125,62.40625,0,2.553710938,67.484375,1976026,132.8469,14.87446075,0.020326,10.615456,0,10.635782
57,ss[policy=difficulty],ss,1976026,3294,0.9361702128,1,0.967032967,132.0909091,0.02882544459,1,1110,1110,,,,,0,0,0,0,0,,,,0.0002343086579,0,,1110,0,0,0,1110,1110,1110,1110,0,0,1,1,0,47,1,44,1,0.1355376903,3,0.005175539188,0,0,7.178603107e-05,0.0001442288715,0.0002383571876,,,,44.75542969,75.03271484,119.7881445,2420.881836,5.3125,0,2426.194336,1.796875,2.592773438,47,5.46875,14.3984375,9.65625,1.287109375,19.8671875,1976026,153.085482,12.90799084,0.016048,25.688459,0.00932,25.713827
57,hybrid[head=topn-frontier reducer=streaming],hybrid,1976026,3294,1,1,1,26.56818182,0.005903908578,1,1200,1107,600,600,600,507,408,192,192,9640,3880,0.4024896266,1,1.536087,0.0001983779566,0,,507,1,0,0,507,507,507,507,0,0,1.183431953,1.183431953,-0.1684186516,44,1,44,1,0.1331880249,0,0,0,0,1.344525923e-05,0,0.0001983779566,,,,35.65871094,38.51541016,74.17412109,1563.155273,384.53125,378.90625,1947.686523,5.625,8.866210938,192,5.46875,76.5234375,128.2158203,1.287109375,128.2158203,1976026,202.802302,9.743607348,0.078419,9.92496,0.349533,10.352912
58,hl,hl,1995816,3327,1,0.5833333333,0.7368421053,3236.75,0.2942737424,0.9409722222,48,,,,,,0,0,0,0,0,,,,,,,,,,0,,,,,,,,,,288,0.9444444444,0,1,0,21,0.06451496531,267,0.1510179295,0.000748378107,0.003072141205,0.007400982856,,,,5.857421875,19.81548828,25.67291016,566.4931641,0.515625,0,567.0087891,0.515625,0.8681640625,21,5.078125,22.75585938,0,0.998046875,27.83398438,1995816,140.087029,14.24697214,0.003147,1.269034,0,1.272181
58,hl#1,hl,1995816,3327,1,0.8611111111,0.9253731343,514.3055556,0.08033196994,0.8350694444,96,,,,,,0,0,0,0,0,,,,,,,,,,0,,,,,,,,,,576,1,0,1,0,31,0.1242609539,545,0.2842962478,0.0007093006973,0.004008417868,0.01791798442,,,,11.48828125,39.08831055,50.5765918,1129.253906,0.609375,0,1129.863281,0.609375,1.12890625,31,5.078125,28.15234375,0,1.655273438,33.23046875,1995816,163.893219,12.1775386,0.008256,2.318624,0,2.32688
58,hl#2,hl,1995816,3327,1,1,1,42.61111111,0.007967536275,0.9783333333,192,,,,,,0,0,0,0,0,,,,,,,,,,0,,,,,,,,,,1152,1,0,1,0,36,0.1396521523,1116,0.4394222714,0.0005026687706,0.003879226453,0.01802019825,,,,22.75,77.6109668,100.3609668,2254.355469,0.625,0,2254.980469,0.625,1.23046875,36,5.078125,40.9765625,0,2.063476562,46.0546875,1995816,162.973362,12.24627126,0.011794,5.168314,0,5.180108
58,hl#3,hl,1995816,3327,1,1,1,10.13888889,0.002032398565,0.9933333333,384,,,,,,0,0,0,0,0,,,,,,,,,,0,,,,,,,,,,2304,1,0,1,0,36,0.1403180454,2268,0.5560377309,0.0003022377501,0.003897723482,0.01801268253,,,,45.2734375,152.6978613,197.9712988,4504.324219,0.59375,0,4504.917969,0.59375,1.19921875,36,5.078125,62.015625,0,2.09765625,67.09375,1995816,142.115857,14.04358417,0.022325,10.250752,0,10.273077
58,ss[policy=difficulty],ss,1995816,3327,0.9,1,0.9473684211,122.4166667,0.02265400192,1,1110,1110,,,,,0,0,0,0,0,,,,0.0002204612048,0,,1110,0,0,0,1110,1110,1110,1110,0,0,1,1,0,40,1,36,1,0.1425116343,4,0.006842314121,0,0,6.699014338e-05,0.0001178715874,0.0002570377229,,,,44.74207031,92.11061523,136.8526855,2350.139648,5.265625,0,2355.405273,1.75,2.420898438,40,5.46875,14.3984375,9.65625,1.08984375,19.8671875,1995816,162.114628,12.31114073,0.022561,25.390376,0.011186,25.424123
58,hybrid[head=topn-frontier reducer=streaming],hybrid,1995816,3327,0.8780487805,1,0.9350649351,20.63888889,0.002634485711,1,1107,1200,600,507,600,600,382,218,218,9640,4400,0.4564315353,1,1.778622,0.0007049748073,1,537,600,0,1,537,600,600,600,600,1,1,0.845,0.845,0.1684186516,41,1,36,1,0.1406537476,5,0.008745295157,0,0,4.927381252e-05,0.0003295895012,0.0007049748073,,,,32.37621094,37.55011719,69.92632812,1358.073242,435.875,429.6875,1793.948242,6.1875,9.807617188,218,5.46875,77.0234375,128.7011719,1.234375,128.7011719,1995816,205.708383,9.702161725,0.066594,8.437549,0.364316,8.868459
59,hl,hl,1984032,3307,1,0.4318181818,0.6031746032,2327.772727,0.3097664256,0.9548611111,48,,,,,,0,0,0,0,0,,,,,,,,,,0,,,,,,,,,,288,0.9545454545,0,1,0,19,0.06035789745,269,0.1521159941,0.0007377565679,0.003176731445,0.01025739504,,,,5.857421875,19.8115625,25.66898438,566.4023438,0.453125,0,566.8554688,0.453125,0.77734375,19,5.078125,23.61523438,0,0.86328125,28.69335938,1984032,132.570765,14.96583353,0.043546,1.425574,0,1.46912
59,hl#1,hl,1984032,3307,1,0.6818181818,0.8108108108,787.4090909,0.1351494719,0.8159722222,96,,,,,,0,0,0,0,0,,,,,,,,,,0,,,,,,,,,,576,1,0,1,0,30,0.1045058749,546,0.2829309205,0.0006726333253,0.003483529164,0.019781939,,,,11.48828125,38.97625977,50.46454102,1129.264648,0.625,0,1129.889648,0.625,1.139648438,30,5.078125,29.87109375,0,1.547851562,34.94921875,1984032,153.74912,12.90434703,0.025009,2.496883,0,2.521892
59,hl#2,hl,1984032,3307,1,0.9545454545,0.976744186,190.0227273,0.02767051481,0.9683333333,192,,,,,,0,0,0,0,0,,,,,,,,,,0,,,,,,,,,,1152,1,0,1,0,42,0.1330326325,1110,0.4327712456,0.0004911491998,0.003167443632,0.01985451848,,,,22.75,74.98024414,97.73024414,2254.585938,0.75,0,2255.335938,0.75,1.4609375,42,5.078125,41.6796875,0,2.309570312,46.7578125,1984032,152.113571,13.0430966,0.011534,5.425157,0,5.436691
59,hl#3,hl,1984032,3307,1,0.9772727273,0.9885057471,10.54545455,0.002266982982,0.9866666667,384,,,,,,0,0,0,0,0,,,,,,,,,,0,,,,,,,,,,2304,1,0,1,0,43,0.1385537128,2261,0.5549144369,0.00030098444,0.003222179368,0.01983939775,,,,45.2734375,145.6483105,190.921748,4504.555664,0.703125,0,4505.258789,0.703125,1.430664062,43,5.078125,62.25,0,2.493164062,67.328125,1984032,131.936966,15.03772642,0.016694,10.468795,0,10.485489
59,ss[policy=difficulty],ss,1984032,3307,0.9361702128,1,0.967032967,123.1136364,0.02564074633,1,1110,1110,,,,,0,0,0,0,0,,,,0.000227314882,0,,1110,0,0,0,1110,1110,1110,1110,0,0,1,1,0,47,1,44,1,0.1431050507,3,0.005109796616,0,0,7.024166048e-05,0.0001903531126,0.0002520120643,,,,44.7478125,72.59246094,117.3402734,2397.612305,5.4375,0,2403.049805,1.921875,2.713867188,47,5.46875,14.3984375,9.65625,1.283203125,19.8671875,1984032,150.323046,13.19845528,0.01858,25.422163,0.018801,25.459544
59,hybrid[head=topn-frontier reducer=streaming],hybrid,1984032,3307,1,1,1,14.68181818,0.002836893631,1,1200,1200,600,600,600,600,403,197,197,9640,3980,0.4128630705,1,1.537895,0.0001895130724,0,,600,0,0,0,600,600,600,600,0,0,1,1,0,44,1,44,1,0.1407003516,0,0,0,0,7.399990616e-06,0,0.0001895130724,,,,35.65160156,37.5740918,73.22569336,1554.125,394.4375,388.671875,1948.5625,5.765625,9.0625,197,5.46875,76.2734375,127.921875,1.342773438,127.921875,1984032,198.619573,9.989106159,0.092138,9.71091,0.361465,10.164513
60,hl,hl,1977722,3297,1,0.3255813953,0.4912280702,3448.069767,0.3829987456,0.9548611111,48,,,,,,0,0,0,0,0,,,,,,,,,,0,,,,,,,,,,288,0.8837209302,0,1,0,14,0.02890750065,274,0.155134038,0.0006390331205,0.002064821475,0.002617658094,,,,5.857421875,19.83269531,25.69011719,566.2099609,0.34375,0,566.5537109,0.34375,0.5849609375,14,5.078125,22.28710938,0,0.7109375,27.36523438,1977722,133.077441,14.86143696,0.002832,1.242254,0,1.245086
60,hl#1,hl,1977722,3297,1,0.7441860465,0.8533333333,874.8372093,0.1323189456,0.8506944444,96,,,,,,0,0,0,0,0,,,,,,,,,,0,,,,,,,,,,576,1,0,1,0,32,0.09970309275,544,0.2878164879,0.0006727770497,0.003115721648,0.02168757793,,,,11.48828125,39.11572266,50.60400391,1129.297852,0.625,0,1129.922852,0.625,1.172851562,32,5.078125,29.40234375,0,1.690429688,34.48046875,1977722,155.572465,12.71254524,0.008001,2.337445,0,2.345446
60,hl#2,hl,1977722,3297,1,0.976744186,0.9882352941,159.9767442,0.02363379802,0.9783333333,192,,,,,,0,0,0,0,0,,,,,,,,,,0,,,,,,,,,,1152,1,0,1,0,42,0.1277773115,1110,0.439859596,0.0004927403711,0.00304231694,0.02173662426,,,,22.75,77.10832031,99.85832031,2254.527344,0.6875,0,2255.214844,0.6875,1.40234375,42,5.078125,41.0546875,0,2.44140625,46.1328125,1977722,154.842559,12.77247039,0.012318,5.456413,0,5.468731
60,hl#3,hl,1977722,3297,1,1,1,8.465116279,0.001702587335,0.9883333333,384,,,,,,0,0,0,0,0,,,,,,,,,,0,,,,,,,,,,2304,1,0,1,0,43,0.1320918714,2261,0.5607820513,0.0003007265289,0.003071903985,0.02171741023,,,,45.2734375,149.1935742,194.4670117,4504.557617,0.703125,0,4505.260742,0.703125,1.432617188,43,5.078125,62.015625,0,2.495117188,67.09375,1977722,134.267847,14.72967687,0.020106,10.407311,0,10.427417
60,ss[policy=difficulty],ss,1977722,3297,0.914893617,1,0.9555555556,124.2093023,0.02577931242,1,1110,1079,,,,,0,0,0,0,0,,,,0.0002356246227,0,,1079,1,0,0,1079,1079,1079,1079,0,0,1.028730306,1.028730306,-0.02832532905,47,1,43,1,0.134780318,4,0.007045985229,0,0,7.260663768e-05,0.0001779825476,0.0002391640483,,,,44.75636719,75.55170898,120.3080762,2420.670898,5.40625,0,2426.077148,1.890625,2.686523438,47,5.46875,14.3984375,9.65625,1.287109375,19.8671875,1977722,153.991436,12.84306486,0.016932,25.810523,0.013236,25.840691
60,hybrid[head=topn-frontier reducer=streaming],hybrid,1977722,3297,0.9772727273,1,0.9885057471,42.55813953,0.00942639597,1,1200,1200,600,600,600,600,407,193,193,9640,3900,0.4045643154,1,1.507688,0.0004757999355,0,,600,0,0,0,600,600,600,600,0,0,1,1,0,44,1,43,1,0.1330050432,1,0.002098373786,0,0,3.184333932e-05,0.0004757999355,0.0004757999355,,,,35.66152344,39.00518555,74.66670898,1567.779297,386.40625,380.859375,1954.185547,5.546875,8.748046875,193,5.46875,76.5234375,128.1132812,1.307617188,128.1132812,1977722,202.438827,9.769479646,0.100865,9.767166,0.347487,10.215518
61,hl,hl,1994214,3324,1,0.4047619048,0.5762711864,2911.047619,0.3248689556,0.9548611111,48,,,,,,0,0,0,0,0,,,,,,,,,,0,,,,,,,,,,288,0.9285714286,0,1,0,17,0.05003274473,271,0.155602157,0.0007140100756,0.002943102631,0.01316057354,,,,5.857421875,19.80708984,25.66451172,566.2734375,0.359375,0,566.6328125,0.359375,0.6484375,17,5.078125,24.24023438,0,0.845703125,29.31835938,1994214,128.737202,15.49058057,0.003057,1.369531,0,1.372588
61,hl#1,hl,1994214,3324,1,0.6666666667,0.8,801.8571429,0.1344181218,0.8472222222,96,,,,,,0,0,0,0,0,,,,,,,,,,0,,,,,,,,,,576,0.9761904762,0,1,0,28,0.103091243,548,0.2966818004,0.0006940504226,0.003681830106,0.02211297283,,,,11.48828125,38.82557617,50.31385742,1129.097656,0.5,0,1129.597656,0.5,0.97265625,28,5.078125,30.49609375,0,1.428710938,35.57421875,1994214,149.892304,13.30431214,0.007987,2.656637,0,2.664624
61,hl#2,hl,1994214,3324,1,0.9523809524,0.9756097561,48.80952381,0.009645621333,0.9733333333,192,,,,,,0,0,0,0,0,,,,,,,,,,0,,,,,,,,,,1152,1,0,1,0,40,0.1337669879,1112,0.4420282878,0.000499822288,0.003344174697,0.02219320494,,,,22.75,74.80646484,97.55646484,2254.486328,0.6875,0,2255.173828,0.6875,1.361328125,40,5.078125,42.7734375,0,2.291015625,47.8515625,1994214,149.874537,13.30588931,0.012607,5.96048,0,5.973087
61,hl#3,hl,1994214,3324,0.976744186,1,0.9882352941,7.476190476,0.001496168012,0.9933333333,384,,,,,,0,0,0,0,0,,,,,,,,,,0,,,,,,,,,,2304,1,0,1,0,43,0.1395396883,2261,0.5547448769,0.000301338787,0.003245109031,0.02217414982,,,,45.2734375,141.8274316,187.1008691,4504.553711,0.703125,0,4505.256836,0.703125,1.428710938,43,5.078125,62.40625,0,2.491210938,67.484375,1994214,127.520083,15.63843085,0.030995,10.637417,0,10.668412
61,ss[policy=difficulty],ss,1994214,3324,0.9333333333,1,0.9655172414,107.047619,0.02243818994,1,1079,1079,,,,,0,0,0,0,0,,,,0.0001845338564,0,,1079,0,0,0,1079,1079,1079,1079,0,0,1,1,0,45,1,42,1,0.1401073305,3,0.005154913164,0,0,5.735481637e-05,0.0001088148012,0.0002141194476,,,,43.95683594,72.79766602,116.754502,2298.016602,5.34375,0,2303.360352,1.828125,2.586914062,45,5.46875,14.3984375,9.65625,1.239257812,19.8671875,1994214,147.081537,13.55856106,0.015609,24.728627,0.014208,24.758444
61,hybrid[head=topn-frontier reducer=streaming],hybrid,1994214,3324,0.9333333333,1,0.9655172414,10.21428571,0.002386816627,1,1200,1200,600,600,600,600,406,194,194,9640,3920,0.4066390041,1,1.65052,0.0001258641249,0,,600,0,0,0,600,600,600,600,0,0,1,1,0,45,1,42,1,0.1380679305,3,0.005090226024,0,0,1.158908277e-05,0.0001021287919,0.0001258641249,,,,35.65566406,38.18291992,73.83858398,1528.960938,388.40625,382.8125,1917.367188,5.59375,8.828125,194,5.46875,76.5234375,128.1181641,1.3671875,128.1181641,1994214,188.121072,10.60069443,0.081191,9.847614,0.387914,10.316719
62,hl,hl,1975461,3293,1,0.4848484848,0.6530612245,3197.666667,0.3323137232,0.9652777778,48,,,,,,0,0,0,0,0,,,,,,,,,,0,,,,,,,,,,288,0.9696969697,0,1,0,16,0.04946693455,272,0.154940543,0.0007097481859,0.00309168341,0.01412024839,,,,5.857421875,19.81423828,25.67166016,566.3652344,0.46875,0,566.8339844,0.46875,0.740234375,16,5.078125,23.77148438,0,0.7216796875,28.84960938,1975461,127.372021,15.50937941,0.003323,1.277977,0,1.2813
62,hl#1,hl,1975461,3293,1,0.7272727273,0.8421052632,1062.090909,0.1285011543,0.8402777778,96,,,,,,0,0,0,0,0,,,,,,,,,,0,,,,,,,,,,576,0.9696969697,0,1,0,24,0.09360296154,552,0.2917648083,0.0006690412671,0.003900123397,0.02147903705,,,,11.48828125,38.33401367,49.82229492,1129,0.46875,0,1129.46875,0.46875,0.875,24,5.078125,29.71484375,0,1.297851562,34.79296875,1975461,151.47428,13.04156059,0.004671,2.517562,0,2.522233
62,hl#2,hl,1975461,3293,1,0.9696969697,0.9846153846,231.6060606,0.02785620801,0.9783333333,192,,,,,,0,0,0,0,0,,,,,,,,,,0,,,,,,,,,,1152,1,0,1,0,32,0.1175553453,1120,0.4463844136,0.0004895310407,0.003673604541,0.02152206498,,,,22.75,73.05774414,95.80774414,2254.194336,0.53125,0,2254.725586,0.53125,1.069335938,32,5.078125,41.9140625,0,1.874023438,46.9921875,1975461,150.866667,13.09408526,0.008574,5.61927,0,5.627844
62,hl#3,hl,1975461,3293,1,1,1,9.606060606,0.001657762895,0.9916666667,384,,,,,,0,0,0,0,0,,,,,,,,,,0,,,,,,,,,,2304,1,0,1,0,33,0.1227698244,2271,0.567937813,0.0002997863009,0.003720297708,0.02152662087,,,,45.2734375,137.2472852,182.5207227,4504.227539,0.546875,0,4504.774414,0.546875,1.102539062,33,5.078125,62.640625,0,1.930664062,67.71875,1975461,129.326991,15.27493205,0.01973,10.515214,0,10.534944
62,ss[policy=difficulty],ss,1975461,3293,0.8684210526,1,0.9295774648,105,0.01778291789,1,1079,1079,,,,,0,0,0,0,0,,,,0.0002202017656,0,,1079,0,0,0,1079,1079,1079,1079,0,0,1,1,0,38,1,33,1,0.1245749726,5,0.008645576906,0,0,6.912443808e-05,0.0001745415374,0.0002303259847,,,,43.95601562,70.51460938,114.470625,2324.526367,5.140625,0,2329.666992,1.625,2.260742188,38,5.46875,14.3984375,9.65625,1.07421875,19.8671875,1975461,149.149871,13.24480529,0.015287,24.771845,0.008248,24.79538
62,hybrid[head=topn-frontier reducer=streaming],hybrid,1975461,3293,1,1,1,38.84848485,0.005508677996,1,1200,1109,600,600,600,509,408,192,192,9640,3880,0.4024896266,1,1.57296,0.0003502979811,0,,509,1,0,0,509,509,509,509,0,0,1.178781925,1.178781925,-0.1644816387,33,1,33,1,0.1234699141,0,0,0,0,1.966552863e-05,0,0.0003502979811,,,,35.66421875,37.14129883,72.80551758,1539.944336,384.5625,378.90625,1924.506836,5.65625,8.850585938,192,5.46875,76.2734375,127.6484375,1.051757812,127.6484375,1975461,193.474622,10.2104399,0.076932,9.762118,0.358423,10.197473
63,hl,hl,2016937,3362,1,0.425,0.5964912281,3410.575,0.3547905791,0.9375,48,,,,,,0,0,0,0,0,,,,,,,,,,0,,,,,,,,,,288,0.9,0,1,0,17,0.04750272319,271,0.1546369569,0.0007018738893,0.002794277835,0.01043959231,,,,5.857421875,19.82390625,25.68132813,566.3994141,0.484375,0,566.8837891,0.484375,0.7744140625,17,5.078125,23.14648438,0,0.748046875,28.22460938,2016937,121.432667,16.6095092,0.002681,1.328428,0,1.331109
63,hl#1,hl,2016937,3362,1,0.75,0.8571428571,868.725,0.1314643295,0.8402777778,96,,,,,,0,0,0,0,0,,,,,,,,,,0,,,,,,,,,,576,0.975,0,1,0,30,0.1110183412,546,0.2887824459,0.0006940985886,0.003700611373,0.01896638318,,,,11.48828125,39.06332031,50.55160156,1129.164062,0.53125,0,1129.695312,0.53125,1.0390625,30,5.078125,31.19921875,0,1.66796875,36.27734375,2016937,140.801381,14.32469615,0.004688,2.600877,0,2.605565
63,hl#2,hl,2016937,3362,0.972972973,0.9,0.9350649351,193.575,0.02838463045,0.975,192,,,,,,0,0,0,0,0,,,,,,,,,,0,,,,,,,,,,1152,1,0,1,0,37,0.1321201406,1115,0.4455186255,0.00050142254,0.003570814611,0.01904273659,,,,22.75,77.01833008,99.76833008,2254.387695,0.640625,0,2255.02832,0.640625,1.262695312,37,5.078125,41.8359375,0,2.122070312,46.9140625,2016937,139.705351,14.43707765,0.014133,5.606383,0,5.620516
63,hl#3,hl,2016937,3362,0.9756097561,1,0.987654321,6.3,0.001178712974,0.995,384,,,,,,0,0,0,0,0,,,,,,,,,,0,,,,,,,,,,2304,1,0,1,0,41,0.14206294,2263,0.5584130788,0.0003040260498,0.003464949756,0.01903381216,,,,45.2734375,150.0947461,195.3681836,4504.488281,0.671875,0,4505.160156,0.671875,1.36328125,41,5.078125,62.015625,0,2.37890625,67.09375,2016937,121.675563,16.57635231,0.020569,10.608292,0,10.628861
63,ss[policy=difficulty],ss,2016937,3362,0.8510638298,1,0.9195402299,97.75,0.01778322811,1,1079,1079,,,,,0,0,0,0,0,,,,0.0002131945619,0,,1079,0,0,0,1079,1079,1079,1079,0,0,1,1,0,47,1,40,1,0.1423757906,7,0.01207871143,0,0,6.026623117e-05,0.0001277042508,0.0002156735684,,,,43.95398437,74.78635742,118.7403418,2286.296875,5.3125,0,2291.609375,1.796875,2.5859375,47,5.46875,14.3984375,9.65625,1.286132812,19.8671875,2016937,138.148955,14.59972679,0.017109,24.46591,0.015747,24.498766
63,hybrid[head=topn-frontier reducer=streaming],hybrid,2016937,3362,1,1,1,36.825,0.006932660886,1,1109,1109,600,509,600,509,424,176,176,9640,3560,0.3692946058,0,17.216032,0.0002211273828,0,,509,0,0,0,509,509,509,509,0,0,1,1,0,40,1,40,1,0.1411675228,0,0,0,0,1.825788312e-05,0,0.0002211273828,,,,32.38507812,37.03900391,69.42408203,1364.083008,946.875,941.40625,2310.958008,5.46875,8.465820312,176,5.46875,76.2734375,127.9023438,1.251953125,127.9023438,2016937,174.067029,11.58712831,0.066522,8.52846,0.55355,9.148532
64,hl,hl,2043836,3407,1,0.4222222222,0.59375,2519.533333,0.3416704375,0.9409722222,48,,,,,,0,0,0,0,0,,,,,,,,,,0,,,,,,,,,,288,0.9333333333,0,1,0,19,0.0699645177,269,0.1501040201,0.0007641268673,0.003682343037,0.01326720931,,,,5.857421875,19.77,25.62742187,566.4003906,0.453125,0,566.8535156,0.453125,0.775390625,19,5.078125,22.91210938,0,0.890625,27.99023438,2043836,129.025579,15.84054895,0.003084,1.35646,0,1.359544
64,hl#1,hl,2043836,3407,1,0.7111111111,0.8311688312,807.6,0.118354104,0.8350694444,96,,,,,,0,0,0,0,0,,,,,,,,,,0,,,,,,,,,,576,1,0,1,0,32,0.1151843886,544,0.286324343,0.0006970637702,0.003599512143,0.01618329455,,,,11.48828125,38.88833984,50.37662109,1129.293945,0.625,0,1129.918945,0.625,1.168945312,32,5.078125,30.96484375,0,1.553710938,36.04296875,2043836,149.750785,13.64824899,0.009471,2.552253,0,2.561724
64,hl#2,hl,2043836,3407,1,0.9333333333,0.9655172414,56.15555556,0.01091215548,0.975,192,,,,,,0,0,0,0,0,,,,,,,,,,0,,,,,,,,,,1152,1,0,1,0,42,0.1457367421,1110,0.4340886451,0.0005033206486,0.003469922431,0.01873095493,,,,22.75,76.64861328,99.39861328,2254.555664,0.71875,0,2255.274414,0.71875,1.430664062,42,5.078125,41.3671875,0,2.405273438,46.4453125,2043836,148.678599,13.74667244,0.013218,5.574387,0,5.587605
64,hl#3,hl,2043836,3407,1,1,1,7.622222222,0.001640515684,0.9916666667,384,,,,,,0,0,0,0,0,,,,,,,,,,0,,,,,,,,,,2304,1,0,1,0,45,0.1515698911,2259,0.54953235,0.0003042978477,0.003368219803,0.01873242276,,,,45.2734375,149.5666602,194.8400977,4504.618164,0.734375,0,4505.352539,0.734375,1.493164062,45,5.078125,62.171875,0,2.602539062,67.25,2043836,130.229403,15.69412094,0.021658,10.563954,0,10.585612
64,ss[policy=difficulty],ss,2043836,3407,0.9574468085,1,0.9782608696,128.5111111,0.02623265684,1,1079,988,,,,,0,0,0,0,0,,,,0.0002074530442,0,,988,1,0,0,988,988,988,988,0,0,1.092105263,1.092105263,-0.08810726751,47,1,45,1,0.1543724643,2,0.003360347895,0,0,6.798855036e-05,0.0001829892418,0.0002417023675,,,,43.94929688,74.29420898,118.2435059,2288.738281,5.3125,0,2294.050781,1.796875,2.58984375,47,5.46875,14.3984375,9.65625,1.28515625,19.8671875,2043836,145.967216,14.00202084,0.032525,27.953979,0.010403,27.996907
64,hybrid[head=topn-frontier reducer=streaming],hybrid,2043836,3407,0.9782608696,1,0.989010989,39.86666667,0.008991746968,1,1109,1109,600,509,600,509,405,195,195,9640,3940,0.4087136929,1,1.507463,0.0004721513859,0,,509,0,0,0,509,509,509,509,0,0,1,1,0,46,1,45,1,0.1524207422,1,0.001966889711,0,0,2.934592642e-05,0.0004721513859,0.0004721513859,,,,32.37617187,36.79916016,69.17533203,1362.571289,390.4375,384.765625,1753.008789,5.671875,8.899414062,195,5.46875,76.5234375,128.2695312,1.39453125,128.2695312,2043836,182.939985,11.17216665,0.11981,13.591845,0.343269,14.054924
65,hl,hl,2025607,3377,1,0.4,0.5714285714,2493.1,0.3475016406,0.9340277778,48,,,,,,0,0,0,0,0,,,,,,,,,,0,,,,,,,,,,288,0.9,0,1,0,20,0.06033697553,268,0.1522333799,0.000738091512,0.003016848777,0.01228372532,,,,5.857421875,19.81751953,25.67494141,566.4052734,0.4375,0,566.8427734,0.4375,0.7802734375,20,5.078125,23.53710938,0,1.014648438,28.61523438,2025607,136.129897,14.8799569,0.008205,1.293054,0,1.301259
65,hl#1,hl,2025607,3377,1,0.72,0.8372093023,706.7,0.1191764658,0.8559027778,96,,,,,,0,0,0,0,0,,,,,,,,,,0,,,,,,,,,,576,0.98,0,1,0,36,0.1161019882,540,0.2845892614,0.0006956445305,0.003225055228,0.01760311847,,,,11.48828125,39.06958008,50.55786133,1129.390625,0.65625,0,1130.046875,0.65625,1.265625,36,5.078125,28.77734375,0,1.940429688,33.85546875,2025607,157.121402,12.89198654,0.004715,2.334077,0,2.338792
65,hl#2,hl,2025607,3377,1,0.94,0.9690721649,211.98,0.0296224742,0.9716666667,192,,,,,,0,0,0,0,0,,,,,,,,,,0,,,,,,,,,,1152,1,0,1,0,47,0.143845277,1105,0.4328712332,0.0005006219706,0.003060537808,0.01770037327,,,,22.75,76.28302734,99.03302734,2254.711914,0.796875,0,2255.508789,0.796875,1.586914062,47,5.078125,41.3671875,0,2.647460938,46.4453125,2025607,155.255304,13.04694234,0.008718,5.367978,0,5.376696
65,hl#3,hl,2025607,3377,1,1,1,12.58,0.002637059241,0.99,384,,,,,,0,0,0,0,0,,,,,,,,,,0,,,,,,,,,,2304,1,0,1,0,50,0.1526214118,2254,0.5478634306,0.0003040298795,0.003052428235,0.01770580374,,,,45.2734375,149.3488867,194.6223242,4504.779297,0.8125,0,4505.591797,0.8125,1.654296875,50,5.078125,62.25,0,2.880859375,67.328125,2025607,136.583565,14.8305325,0.020711,10.359411,0,10.380122
65,ss[policy=difficulty],ss,2025607,3377,0.9090909091,1,0.9523809524,171.46,0.03736562337,1,988,1025,,,,,0,0,0,0,0,,,,0.0002577005312,1,1019,1025,0,1,1019,1025,1025,1025,1025,1,1,0.963902439,0.963902439,0.03676519382,55,1,50,1,0.1569875104,5,0.008885731536,0,0,9.397856364e-05,0.0001873018804,0.0003124989201,,,,40.04921875,72.31054688,112.3597656,2167.370117,5.5,0,2172.870117,1.984375,2.909179688,55,5.46875,14.3984375,9.65625,1.475585938,19.8671875,2025607,153.397139,13.20498552,0.014244,22.627433,0.011878,22.653555
65,hybrid[head=topn-frontier reducer=streaming],hybrid,2025607,3377,0.9615384615,1,0.9803921569,40.5,0.009078988616,1,1109,1109,600,509,600,509,400,200,200,9640,4040,0.4190871369,1,1.549192,0.000530705117,0,,509,0,0,0,509,509,509,509,0,0,1,1,0,52,1,50,1,0.1537548991,2,0.004099511899,0,0,3.585819726e-05,0.0004324629605,0.000530705117,,,,32.54761719,38.92165039,71.46926758,1384.443359,400.34375,394.53125,1784.787109,5.8125,9.169921875,200,5.46875,76.5234375,128.2841797,1.505859375,128.2841797,2025607,195.281898,10.37273306,0.096493,8.554114,0.357765,9.008372
66,hl,hl,2029894,3384,1,0.2894736842,0.4489795918,2959.026316,0.353880845,0.9409722222,48,,,,,,0,0,0,0,0,,,,,,,,,,0,,,,,,,,,,288,0.9210526316,0,1,0,11,0.04843750462,277,0.1631715745,0.0007347537469,0.004403409511,0.01240754443,,,,5.857421875,19.80902344,25.66644531,566.046875,0.234375,0,566.28125,0.234375,0.421875,11,5.078125,23.45898438,0,0.6044921875,28.53710938,2029894,127.355643,15.93878333,0.012203,2.077617,0,2.08982
66,hl#1,hl,2029894,3384,1,0.8157894737,0.8985507246,663.2894737,0.1192695313,0.8350694444,96,,,,,,0,0,0,0,0,,,,,,,,,,0,,,,,,,,,,576,0.9736842105,0,1,0,31,0.1143636072,545,0.2867923153,0.0006964512542,0.003689148618,0.01521705074,,,,11.48828125,38.95939453,50.44767578,1129.258789,0.609375,0,1129.868164,0.609375,1.133789062,31,5.078125,29.16796875,0,1.49609375,34.24609375,2029894,147.741517,13.73949612,0.005706,4.077953,0,4.083659
66,hl#2,hl,2029894,3384,1,0.9736842105,0.9866666667,105.6315789,0.02134374269,0.9766666667,192,,,,,,0,0,0,0,0,,,,,,,,,,0,,,,,,,,,,1152,1,0,1,0,37,0.1319088583,1115,0.4412087528,0.0004974979263,0.003565104278,0.01530966642,,,,22.75,76.37132813,99.12132813,2254.390625,0.640625,0,2255.03125,0.640625,1.265625,37,5.078125,41.2890625,0,2.088867188,46.3671875,2029894,147.593089,13.75331334,0.016509,9.214084,0,9.230593
66,hl#3,hl,2029894,3384,1,1,1,13.21052632,0.002957855871,0.9916666667,384,,,,,,0,0,0,0,0,,,,,,,,,,0,,,,,,,,,,2304,1,0,1,0,38,0.1351617375,2266,0.559984413,0.0003017127389,0.003556887829,0.01529587259,,,,45.2734375,149.0650195,194.338457,4504.391602,0.625,0,4505.016602,0.625,1.266601562,38,5.078125,62.09375,0,2.211914062,67.171875,2029894,128.559942,15.78947508,0.024262,17.633437,0,17.657699
66,ss[policy=difficulty],ss,2029894,3384,0.9268292683,1,0.9620253165,158.3684211,0.0331298809,1,1025,1025,,,,,0,0,0,0,0,,,,0.0002192232698,0,,1025,0,0,0,1025,1025,1025,1025,0,0,1,1,0,41,1,38,1,0.1381658353,3,0.005076127128,0,0,7.849743061e-05,8.456927636e-05,0.0002556783753,,,,42.58671875,72.80479492,115.3915137,2206.973633,5.09375,0,2212.067383,1.578125,2.270507812,41,5.46875,14.3984375,9.65625,1.114257812,19.8671875,2029894,146.324598,13.8725411,0.022698,45.494237,0.010329,45.527264
66,hybrid[head=topn-frontier reducer=streaming],hybrid,2029894,3384,0.95,1,0.9743589744,35.78947368,0.007155341234,1,1109,1064,600,509,600,464,407,193,193,9640,3900,0.4045643154,1,1.499789,0.0003216916745,0,,464,1,0,0,464,464,464,464,0,0,1.096982759,1.096982759,-0.09256346432,40,1,38,1,0.1358711342,2,0.003580975164,0,0,2.932419131e-05,0.0002514909646,0.0003216916745,,,,32.47546875,36.74039063,69.21585938,1366.972656,386.65625,380.859375,1753.628906,5.796875,9.01171875,193,5.46875,76.5234375,128.09375,1.248046875,128.09375,2029894,185.462322,10.94504791,0.138467,11.506636,0.349261,11.994364
67,hl,hl,2023402,3373,1,0.5,0.6666666667,2387.277778,0.3048882717,0.9409722222,48,,,,,,0,0,0,0,0,,,,,,,,,,0,,,,,,,,,,288,0.9444444444,0,1,0,18,0.05494558175,270,0.1566223617,0.0007346109149,0.003052532319,0.01593899779,,,,5.857421875,19.81478516,25.67220703,566.3642578,0.4375,0,566.8017578,0.4375,0.7392578125,18,5.078125,22.13085938,0,0.9296875,27.20898438,2023402,128.108479,15.79444246,0.003574,1.251434,0,1.255008
67,hl#1,hl,2023402,3373,1,0.6944444444,0.8196721311,708.3333333,0.1288061582,0.828125,96,,,,,,0,0,0,0,0,,,,,,,,,,0,,,,,,,,,,576,1,0,1,0,25,0.09011506364,551,0.301015814,0.0006790466625,0.003604602546,0.01617424516,,,,11.48828125,39.0621582,50.55043945,1129.029297,0.484375,0,1129.513672,0.484375,0.904296875,25,5.078125,29.32421875,0,1.354492188,34.40234375,2023402,151.054908,13.39514238,0.005054,2.71717,0,2.722224
67,hl#2,hl,2023402,3373,1,0.9444444444,0.9714285714,98.11111111,0.02139220532,0.9666666667,192,,,,,,0,0,0,0,0,,,,,,,,,,0,,,,,,,,,,1152,1,0,1,0,34,0.1134717669,1118,0.4517500724,0.0004906439577,0.003337404908,0.01620093288,,,,22.75,77.89283203,100.642832,2254.286133,0.59375,0,2254.879883,0.59375,1.161132812,34,5.078125,40.8203125,0,1.885742188,45.8984375,2023402,151.486782,13.35695414,0.02032,6.023307,0,6.043627
67,hl#3,hl,2023402,3373,1,1,1,10.11111111,0.002221960476,0.9933333333,384,,,,,,0,0,0,0,0,,,,,,,,,,0,,,,,,,,,,2304,1,0,1,0,36,0.1183234968,2268,0.5732217325,0.0003001498391,0.003286763799,0.01620340397,,,,45.2734375,153.1850195,198.458457,4504.320312,0.59375,0,4504.914062,0.59375,1.1953125,36,5.078125,62.25,0,2.09375,67.328125,2023402,132.558969,15.26416519,0.027173,16.085912,0,16.113085
67,ss[policy=difficulty],ss,2023402,3373,0.8780487805,1,0.9350649351,160.1666667,0.03347745652,1,1025,1025,,,,,0,0,0,0,0,,,,0.0002416721937,0,,1025,0,0,0,1025,1025,1025,1025,0,0,1,1,0,41,1,36,1,0.1211731529,5,0.008782733238,0,0,8.584913778e-05,0.0001340316951,0.0002767616124,,,,42.60472656,74.06072266,116.6654492,2252.118164,5.125,0,2257.243164,1.609375,2.297851562,41,5.46875,14.3984375,9.65625,1.209960938,19.8671875,2023402,150.623482,13.43350966,0.022879,32.937559,0.010497,32.970935
67,hybrid[head=topn-frontier reducer=streaming],hybrid,2023402,3373,0.9230769231,1,0.96,35.5,0.008665499377,1,1064,1064,600,464,600,464,390,210,210,9640,4240,0.4398340249,1,1.634721,0.0005139858516,0,,464,0,0,0,464,464,464,464,0,0,1,1,0,39,1,36,1,0.1189551063,3,0.005219921696,0,0,3.235221595e-05,0.0002100422951,0.0005139858516,,,,31.54902344,36.37107422,67.92009766,1296.775391,420.0625,414.0625,1716.837891,6,9.572265625,210,5.46875,76.5234375,128.25,1.201171875,128.25,2023402,189.055685,10.70267736,0.106374,8.223888,0.372249,8.702511
68,hl,hl,1986773,3312,1,0.4871794872,0.6551724138,2301.487179,0.3062914526,0.9236111111,48,,,,,,0,0,0,0,0,,,,,,,,,,0,,,,,,,,,,288,0.9743589744,0,1,0,19,0.05141352334,269,0.1542717764,0.0007141850685,0.002705974912,0.009171656752,,,,5.857421875,19.82509766,25.68251953,566.3974609,0.453125,0,566.8505859,0.453125,0.7724609375,19,5.078125,23.06835938,0,0.857421875,28.14648438,1986773,136.712217,14.5325198,0.002826,1.332049,0,1.334875
68,hl#1,hl,1986773,3312,1,0.7692307692,0.8695652174,554.4102564,0.1036363401,0.8350694444,96,,,,,,0,0,0,0,0,,,,,,,,,,0,,,,,,,,,,576,1,0,1,0,30,0.09682283784,546,0.2921184252,0.0006752452483,0.003227427928,0.01639996114,,,,11.48828125,39.20385742,50.69213867,1129.255859,0.625,0,1129.880859,0.625,1.130859375,30,5.078125,30.41796875,0,1.53515625,35.49609375,1986773,161.056528,12.33587377,0.009359,2.562759,0,2.572118
68,hl#2,hl,1986773,3312,1,0.9743589744,0.987012987,112.8717949,0.01846963115,0.9666666667,192,,,,,,0,0,0,0,0,,,,,,,,,,0,,,,,,,,,,1152,1,0,1,0,38,0.116672111,1114,0.4460227716,0.0004884504189,0.003070318711,0.01652025672,,,,22.75,77.89212891,100.6421289,2254.421875,0.65625,0,2255.078125,0.65625,1.296875,38,5.078125,42.8515625,0,2.178710938,47.9296875,1986773,159.532781,12.45369753,0.014687,5.894192,0,5.908879
68,hl#3,hl,1986773,3312,1,1,1,9.487179487,0.001707579401,0.9933333333,384,,,,,,0,0,0,0,0,,,,,,,,,,0,,,,,,,,,,2304,1,0,1,0,39,0.12045966,2265,0.5680427507,0.0002988291713,0.00308870923,0.01651270679,,,,45.2734375,152.4186133,197.6920508,4504.421875,0.640625,0,4505.0625,0.640625,1.296875,39,5.078125,62.40625,0,2.265625,67.484375,1986773,137.271308,14.47333044,0.019744,10.902705,0,10.922449
68,ss[policy=difficulty],ss,1986773,3312,0.8863636364,1,0.9397590361,129.3589744,0.02746221895,1,1025,1025,,,,,0,0,0,0,0,,,,0.0002390811633,0,,1025,0,0,0,1025,1025,1025,1025,0,0,1,1,0,44,1,39,1,0.1230100268,5,0.008863116219,0,0,7.944586981e-05,0.0001912649306,0.0002627376152,,,,42.60105469,73.98033203,116.5813867,2271.800781,5.328125,0,2277.128906,1.8125,2.55078125,44,5.46875,14.3984375,9.65625,1.213867188,19.8671875,1986773,154.973391,12.82009116,0.015218,24.538304,0.020126,24.573648
68,hybrid[head=topn-frontier reducer=streaming],hybrid,1986773,3312,0.9512195122,1,0.975,47.15384615,0.01127970239,1,1064,1064,600,464,600,464,410,190,190,9640,3840,0.398340249,1,1.47416,0.0006080211479,0,,464,0,0,0,464,464,464,464,0,0,1,1,0,41,1,39,1,0.1213963548,2,0.003900797927,0,0,4.560649661e-05,0.0004721223814,0.0006080211479,,,,31.62722656,36.26332031,67.89054687,1302.829102,380.5,375,1683.329102,5.5,8.657226562,190,5.46875,76.5234375,128.2451172,1.236328125,128.2451172,1986773,192.67989,10.31126289,0.107356,8.168185,0.366776,8.642317
69,hl,hl,2044951,3409,1,0.512195122,0.6774193548,2697.756098,0.3155522369,0.9236111111,48,,,,,,0,0,0,0,0,,,,,,,,,,0,,,,,,,,,,288,0.9512195122,0,1,0,21,0.06743780169,267,0.1465076669,0.0007428662105,0.00321132389,0.01234601709,,,,5.857421875,19.81703125,25.67445312,566.5292969,0.546875,0,567.0761719,0.546875,0.904296875,21,5.078125,23.38085938,0,0.9423828125,28.45898438,2044951,130.863932,15.62654407,0.002733,1.370232,0,1.372965
69,hl#1,hl,2044951,3409,1,0.7073170732,0.8285714286,701.1463415,0.1153169641,0.8368055556,96,,,,,,0,0,0,0,0,,,,,,,,,,0,,,,,,,,,,576,1,0,1,0,29,0.1119933925,547,0.2892719679,0.0006966412507,0.003861841121,0.01739650486,,,,11.48828125,39.15011719,50.63839844,1129.196289,0.578125,0,1129.774414,0.578125,1.071289062,29,5.078125,30.10546875,0,1.44921875,35.18359375,2044951,152.524567,13.4073549,0.004475,2.537269,0,2.541744
69,hl#2,hl,2044951,3409,1,0.9512195122,0.975,96.12195122,0.01856679628,0.975,192,,,,,,0,0,0,0,0,,,,,,,,,,0,,,,,,,,,,1152,1,0,1,0,39,0.1378028129,1113,0.4363434625,0.0004983908641,0.003533405458,0.01744687281,,,,22.75,77.53716797,100.287168,2254.458008,0.671875,0,2255.129883,0.671875,1.333007812,39,5.078125,40.6640625,0,2.237304688,45.7421875,2044951,151.553378,13.49327232,0.008734,5.565814,0,5.574548
69,hl#3,hl,2044951,3409,1,0.9756097561,0.987654321,10.90243902,0.002243157327,0.9933333333,384,,,,,,0,0,0,0,0,,,,,,,,,,0,,,,,,,,,,2304,1,0,1,0,40,0.1410865101,2264,0.5562852117,0.0003026786987,0.003527162754,0.01744931786,,,,45.2734375,149.3444141,194.6178516,4504.458008,0.65625,0,4505.114258,0.65625,1.333007812,40,5.078125,61.859375,0,2.325195312,66.9375,2044951,133.348588,15.33537798,0.02235,10.505483,0,10.527833
69,ss[policy=difficulty],ss,2044951,3409,0.9761904762,1,0.9879518072,156.3170732,0.03131728788,1,1025,1007,,,,,0,0,0,0,0,,,,0.0002410815711,0,,1007,1,0,0,1007,1007,1007,1007,0,0,1.017874876,1.017874876,-0.01771699885,42,1,41,1,0.1459550865,1,0.001688060007,0,0,7.547043099e-05,3.569767686e-05,0.0002665100533,,,,42.58195312,73.73987305,116.3218262,2193.043945,5.328125,0,2198.37207,1.8125,2.520507812,42,5.46875,14.3984375,9.65625,1.13671875,19.8671875,2044951,150.783693,13.56214959,0.018183,23.228282,0.010066,23.256531
69,hybrid[head=topn-frontier reducer=streaming],hybrid,2044951,3409,0.9534883721,1,0.9761904762,67.97560976,0.01797444774,1,1064,1138,600,464,600,538,409,191,191,9640,3860,0.4004149378,1,1.612079,0.0007726346499,1,538,538,0,0,538,538,538,538,538,1,1,0.8624535316,0.8624535316,0.1479740079,44,1,40,1,0.1423848298,4,0.006596246071,0,0,5.458010308e-05,0.0002742119493,0.0007726346499,,,,31.23644531,35.64549805,66.88194336,1285.540039,382.46875,376.953125,1668.008789,5.515625,8.688476562,191,5.46875,76.5234375,128.1279297,1.353515625,128.1279297,2044951,184.832547,11.06380361,0.060451,7.92113,0.410796,8.392377
70,hl,hl,1992279,3321,1,0.4411764706,0.612244898,2727.764706,0.3145721655,0.9305555556,48,,,,,,0,0,0,0,0,,,,,,,,,,0,,,,,,,,,,288,0.9411764706,0,1,0,15,0.04546702545,273,0.1557924367,0.0006988175769,0.00303113503,0.01395838635,,,,5.857421875,19.80107422,25.65849609,566.1767578,0.296875,0,566.4736328,0.296875,0.5517578125,15,5.078125,23.84960938,0,0.794921875,28.92773438,1992279,129.463007,15.38878979,0.002824,1.239198,0,1.242022
70,hl#1,hl,1992279,3321,1,0.8235294118,0.9032258065,832.8529412,0.1292963289,0.8194444444,96,,,,,,0,0,0,0,0,,,,,,,,,,0,,,,,,,,,,576,0.9705882353,0,1,0,28,0.09440645612,548,0.2863670199,0.0006610650625,0.003371659147,0.01776056466,,,,11.48828125,39.25320312,50.74148437,1129.133789,0.53125,0,1129.665039,0.53125,1.008789062,28,5.078125,30.57421875,0,1.59375,35.65234375,1992279,152.381305,13.07430068,0.007707,2.464029,0,2.471736
70,hl#2,hl,1992279,3321,1,1,1,79,0.01396436027,0.9683333333,192,,,,,,0,0,0,0,0,,,,,,,,,,0,,,,,,,,,,1152,1,0,1,0,34,0.1133244892,1118,0.4487328331,0.0004878969812,0.003333073211,0.01785994833,,,,22.75,78.5503418,101.3003418,2254.295898,0.59375,0,2254.889648,0.59375,1.170898438,34,5.078125,41.6796875,0,1.926757812,46.7578125,1992279,153.537047,12.97588458,0.016329,5.621153,0,5.637482
70,hl#3,hl,1992279,3321,1,1,1,14.85294118,0.003012301474,0.9883333333,384,,,,,,0,0,0,0,0,,,,,,,,,,0,,,,,,,,,,2304,1,0,1,0,34,0.1144423045,2270,0.574102322,0.0002988474942,0.003365950133,0.01784438826,,,,45.2734375,155.4457324,200.7191699,4504.264648,0.5625,0,4504.827148,0.5625,1.139648438,34,5.078125,62.5625,0,1.991210938,67.640625,1992279,134.966319,14.761305,0.021786,10.672434,0,10.69422
70,ss[policy=difficulty],ss,1992279,3321,0.9444444444,1,0.9714285714,135.9705882,0.02556558427,1,1007,1007,,,,,0,0,0,0,0,,,,0.0002409301107,0,,1007,0,0,0,1007,1007,1007,1007,0,0,1,1,0,36,1,34,1,0.1169238847,2,0.003360975044,0,0,7.336656496e-05,0.0001603691049,0.0002494630521,,,,40.69921875,74.09080078,114.7900195,2207.455078,5.046875,0,2212.501953,1.53125,2.142578125,36,5.46875,14.3984375,9.65625,1.02734375,19.8671875,1992279,151.979308,13.10888322,0.030417,23.448113,0.016963,23.495493
70,hybrid[head=topn-frontier reducer=streaming],hybrid,1992279,3321,0.9714285714,1,0.9855072464,6.970588235,0.001949029716,1,1138,1138,600,538,600,538,387,213,213,9640,4300,0.4460580913,1,2.537284,0.0004140986278,0,,538,0,0,0,538,538,538,538,0,0,1,1,0,35,1,34,1,0.1147223858,1,0.001780875068,0,0,1.523022485e-05,0.0004140986278,0.0004140986278,,,,34.10507812,48.0934375,82.19851562,1431.217773,426.125,419.921875,1857.342773,6.203125,9.795898438,213,5.46875,76.2734375,127.7753906,1.139648438,127.7753906,1992279,196.16117,10.15633726,0.071282,8.904085,0.373888,9.349255
71,hl,hl,2039372,3399,1,0.4651162791,0.6349206349,3254.813953,0.3446028613,0.9305555556,48,,,,,,0,0,0,0,0,,,,,,,,,,0,,,,,,,,,,288,0.9069767442,0,1,0,20,0.05935552709,268,0.1475419884,0.0007183941511,0.002967776355,0.01021932242,,,,5.857421875,19.805625,25.66304687,566.3759766,0.40625,0,566.7822266,0.40625,0.7509765625,20,5.078125,24.47460938,0,1.14453125,29.55273438,2039372,129.147539,15.79102487,0.008713,1.358802,0,1.367515
71,hl#1,hl,2039372,3399,1,0.7674418605,0.8684210526,706.8139535,0.1087235416,0.8333333333,96,,,,,,0,0,0,0,0,,,,,,,,,,0,,,,,,,,,,576,1,0,1,0,33,0.1214594493,543,0.279873412,0.0006967584397,0.003680589372,0.01909411329,,,,11.48828125,38.9346582,50.42293945,1129.326172,0.640625,0,1129.966797,0.640625,1.201171875,33,5.078125,30.65234375,0,1.70703125,35.73046875,2039372,150.602527,13.54141953,0.005491,2.654685,0,2.660176
71,hl#2,hl,2039372,3399,1,1,1,53.76744186,0.01032820804,0.9633333333,192,,,,,,0,0,0,0,0,,,,,,,,,,0,,,,,,,,,,1152,1,0,1,0,43,0.148721273,1109,0.4258060815,0.0004987216619,0.003458634256,0.01909901676,,,,22.75,75.42466797,98.17466797,2254.584961,0.734375,0,2255.319336,0.734375,1.459960938,43,5.078125,41.9921875,0,2.458984375,47.0703125,2039372,148.332246,13.74867606,0.014116,5.821786,0,5.835902
71,hl#3,hl,2039372,3399,1,1,1,5.558139535,0.001071719192,0.9916666667,384,,,,,,0,0,0,0,0,,,,,,,,,,0,,,,,,,,,,2304,1,0,1,0,43,0.149710303,2261,0.5467506664,0.0003022834068,0.003481634953,0.01908920982,,,,45.2734375,144.3271582,189.6005957,4504.553711,0.703125,0,4505.256836,0.703125,1.428710938,43,5.078125,62.328125,0,2.491210938,67.40625,2039372,128.615976,15.85628834,0.02009,10.695812,0,10.715902
71,ss[policy=difficulty],ss,2039372,3399,0.8958333333,1,0.9450549451,135.9302326,0.02601145372,1,1007,1007,,,,,0,0,0,0,0,,,,0.0002167333866,0,,1007,0,0,0,1007,1007,1007,1007,0,0,1,1,0,48,1,43,1,0.1525592192,5,0.008486436021,0,0,7.449188606e-05,0.00014190643,0.000241250738,,,,40.04023437,71.64004883,111.6802832,2166.099609,5.328125,0,2171.427734,1.8125,2.623046875,48,5.46875,14.3984375,9.65625,1.30859375,19.8671875,2039372,149.405108,13.6499483,0.012278,23.225258,0.009889,23.247425
71,hybrid[head=topn-frontier reducer=streaming],hybrid,2039372,3399,0.9555555556,1,0.9772727273,50.72093023,0.01163613241,1,1138,1077,600,538,600,477,413,187,187,9640,3780,0.3921161826,1,1.491204,0.000345204308,0,,477,1,0,0,477,477,477,477,0,0,1.1278826,1.1278826,-0.1203420693,45,1,43,1,0.1507625877,2,0.003533931034,0,0,3.299490671e-05,0.0002076619665,0.000345204308,,,,34.06738281,38.76485352,72.83223633,1418.520508,374.5,369.140625,1793.020508,5.359375,8.465820312,187,5.46875,77.0234375,128.7060547,1.333984375,128.7060547,2039372,185.051421,11.02056925,0.070587,8.915325,0.349857,9.335769
72,hl,hl,2009468,3350,1,0.3,0.4615384615,3153.025,0.3852774652,0.9548611111,48,,,,,,0,0,0,0,0,,,,,,,,,,0,,,,,,,,,,288,0.925,0,1,0,12,0.03292015598,276,0.1666421162,0.0006929245563,0.002743346332,0.009274594072,,,,5.857421875,19.80195313,25.659375,566.1103516,0.28125,0,566.3916016,0.28125,0.4853515625,12,5.078125,24.08398438,0,0.630859375,29.16210938,2009468,126.525145,15.8819656,0.010037,1.282718,0,1.292755
72,hl#1,hl,2009468,3350,1,0.675,0.8059701493,1174.8,0.1681449027,0.8159722222,96,,,,,,0,0,0,0,0,,,,,,,,,,0,,,,,,,,,,576,1,0,1,0,27,0.08467863136,549,0.2977673693,0.0006639687511,0.003136245606,0.01771513654,,,,11.48828125,39.07007813,50.55835938,1129.089844,0.515625,0,1129.605469,0.515625,0.96484375,27,5.078125,30.80859375,0,1.36328125,35.88671875,2009468,147.36696,13.6358109,0.004819,2.467691,0,2.47251
72,hl#2,hl,2009468,3350,0.975,0.975,0.975,80.825,0.01756349499,0.9583333333,192,,,,,,0,0,0,0,0,,,,,,,,,,0,,,,,,,,,,1152,1,0,1,0,40,0.124539928,1112,0.4448052917,0.000494223281,0.0031134982,0.02029840734,,,,22.75,76.10583984,98.85583984,2254.478516,0.6875,0,2255.166016,0.6875,1.353515625,40,5.078125,41.2890625,0,2.217773438,46.3671875,2009468,146.050349,13.75873467,0.010423,5.554416,0,5.564839
72,hl#3,hl,2009468,3350,1,1,1,9.225,0.001820870777,0.9883333333,384,,,,,,0,0,0,0,0,,,,,,,,,,0,,,,,,,,,,2304,1,0,1,0,40,0.1260184288,2264,0.5710083465,0.0003025289823,0.003150460719,0.02031333666,,,,45.2734375,148.7825488,194.0559863,4504.447266,0.65625,0,4505.103516,0.65625,1.322265625,40,5.078125,62.484375,0,2.314453125,67.5625,2009468,127.161017,15.80254741,0.020934,10.735034,0,10.755968
72,ss[policy=difficulty],ss,2009468,3350,0.9523809524,1,0.9756097561,168.475,0.03518549492,1,1007,1007,,,,,0,0,0,0,0,,,,0.0002328974634,0,,1007,0,0,0,1007,1007,1007,1007,0,0,1,1,0,42,1,40,1,0.1293327388,2,0.003594981358,0,0,8.906645464e-05,0.0001935835754,0.0002378739049,,,,40.61921875,83.78398438,124.4032031,2210.057617,5.171875,0,2215.229492,1.65625,2.354492188,42,5.46875,14.3984375,9.65625,1.166992188,19.8671875,2009468,145.804106,13.78197127,0.013986,23.746074,0.012758,23.772818
72,hybrid[head=topn-frontier reducer=streaming],hybrid,2009468,3350,0.9756097561,1,0.987654321,61.475,0.01543284978,1,1077,1077,600,477,600,477,423,177,177,9640,3580,0.3713692946,1,1.545507,0.0003707448937,0,,477,0,0,0,477,477,477,477,0,0,1,1,0,41,1,40,1,0.1272028218,1,0.001685520745,0,0,3.466516341e-05,0.0001975647286,0.0003707448937,,,,31.8296875,40.30324219,72.13292969,1324.301758,354.90625,349.609375,1679.208008,5.296875,8.239257812,177,5.46875,76.5234375,128.0546875,1.26953125,128.0546875,2009468,181.362589,11.07983742,0.06693,8.219993,0.551326,8.838249
73,hl,hl,2069546,3450,1,0.5384615385,0.7,3940.692308,0.356506778,0.9548611111,48,,,,,,0,0,0,0,0,,,,,,,,,,0,,,,,,,,,,288,0.8205128205,0,1,0,21,0.05445107284,267,0.1492249991,0.0007072085832,0.002592908231,0.007886270709,,,,5.857421875,19.79296875,25.65039062,566.53125,0.546875,0,567.078125,0.546875,0.90625,21,5.078125,22.91210938,0,1.004882812,27.99023438,2069546,127.992416,16.16928616,0.009491,1.310975,0,1.320466
73,hl#1,hl,2069546,3450,1,0.9487179487,0.9736842105,602.8461538,0.09456509446,0.8315972222,96,,,,,,0,0,0,0,0,,,,,,,,,,0,,,,,,,,,,576,1,0,1,0,37,0.1297806379,539,0.2810949841,0.0007133257326,0.003507584808,0.02087027783,,,,11.48828125,39.21144531,50.69972656,1129.454102,0.703125,0,1130.157227,0.703125,1.329101562,37,5.078125,28.77734375,0,1.963867188,33.85546875,2069546,148.266893,13.95824758,0.004763,2.430235,0,2.434998
73,hl#2,hl,2069546,3450,0.975,1,0.9873417722,92.92307692,0.01490482336,0.9716666667,192,,,,,,0,0,0,0,0,,,,,,,,,,0,,,,,,,,,,1152,1,0,1,0,40,0.1438880798,1112,0.437849654,0.0005049806717,0.003597201995,0.02086109707,,,,22.75,76.88643555,99.63643555,2254.518555,0.71875,0,2255.237305,0.71875,1.393554688,40,5.078125,40.9765625,0,2.258789062,46.0546875,2069546,146.954163,14.08293551,0.010087,5.523571,0,5.533658
73,hl#3,hl,2069546,3450,0.975,1,0.9873417722,14.02564103,0.002470070927,0.9916666667,384,,,,,,0,0,0,0,0,,,,,,,,,,0,,,,,,,,,,2304,1,0,1,0,40,0.1455295026,2264,0.5579769669,0.0003053413496,0.003638237565,0.02086496265,,,,45.2734375,148.5007715,193.774209,4504.456055,0.65625,0,4505.112305,0.65625,1.331054688,40,5.078125,61.78125,0,2.323242188,66.859375,2069546,128.26491,16.13493511,0.020086,10.597474,0,10.61756
73,ss[policy=difficulty],ss,2069546,3450,0.9512195122,1,0.975,156.8974359,0.02704988947,1,1007,958,,,,,0,0,0,0,0,,,,0.0002256533559,0,,958,1,0,0,958,958,958,958,0,0,1.051148225,1.051148225,-0.04988311475,41,1,39,1,0.1468447669,2,0.003539423622,0,0,7.727628633e-05,0.0001058203103,0.0002817042965,,,,40.27933594,71.43233398,111.7116699,2165.526367,5.15625,0,2170.682617,1.640625,2.331054688,41,5.46875,14.3984375,9.65625,1.145507812,19.8671875,2069546,148.165946,13.96775748,0.015433,22.71176,0.01001,22.737203
73,hybrid[head=topn-frontier reducer=streaming],hybrid,2069546,3450,1,1,1,43.46153846,0.006745179144,1,1077,1077,600,477,600,477,402,198,198,9640,4000,0.4149377593,1,1.555871,0.0004232812414,0,,477,0,0,0,477,477,477,477,0,0,1,1,0,39,1,39,1,0.1445292832,0,0,0,0,2.100051821e-05,0,0.0004232812414,,,,31.60933594,36.10717773,67.71651367,1306.072266,396.53125,390.625,1702.603516,5.90625,9.212890625,198,5.46875,76.5234375,128.0742188,1.192382812,128.0742188,2069546,184.066355,11.24347793,0.060571,8.062011,0.360986,8.483568
74,hl,hl,2111811,3520,1,0.619047619,0.7647058824,4255.690476,0.3014308672,0.9513888889,48,,,,,,0,0,0,0,0,,,,,,,,,,0,,,,,,,,,,288,0.9047619048,0,1,0,26,0.07579182039,262,0.1365396809,0.0007372621571,0.002915070015,0.009440712261,,,,5.857421875,19.78472656,25.64214844,566.6669922,0.59375,0,567.2607422,0.59375,1.041992188,26,5.078125,24.39648438,0,1.2890625,29.47460938,2111811,146.818604,14.38381065,0.0028,1.374997,0,1.377797
74,hl#1,hl,2111811,3520,1,0.8571428571,0.9230769231,1539.333333,0.1125262639,0.8454861111,96,,,,,,0,0,0,0,0,,,,,,,,,,0,,,,,,,,,,576,1,0,1,0,36,0.1383381373,540,0.2678393095,0.0007051691784,0.003842726035,0.01984789359,,,,11.48828125,38.94123047,50.42951172,1129.365234,0.625,0,1129.990234,0.625,1.240234375,36,5.078125,30.41796875,0,1.879882812,35.49609375,2111811,165.339139,12.77260189,0.007224,2.504633,0,2.511857
74,hl#2,hl,2111811,3520,1,0.9761904762,0.9879518072,474.1428571,0.01776011067,0.9683333333,192,,,,,,0,0,0,0,0,,,,,,,,,,0,,,,,,,,,,1152,1,0,1,0,41,0.165581579,1111,0.419383174,0.0005077819036,0.004038575098,0.02202943351,,,,22.75,74.65696289,97.40696289,2254.556641,0.734375,0,2255.291016,0.734375,1.431640625,41,5.078125,40.9765625,0,2.319335938,46.0546875,2111811,161.963768,13.03878655,0.012072,5.36762,0,5.379692
74,hl#3,hl,2111811,3520,1,1,1,13.21428571,0.00265642662,0.9933333333,384,,,,,,0,0,0,0,0,,,,,,,,,,0,,,,,,,,,,2304,1,0,1,0,42,0.1762425709,2262,0.5359276943,0.0003091016776,0.004196251689,0.03028159243,,,,45.2734375,142.4639941,187.7374316,4504.555664,0.71875,0,4505.274414,0.71875,1.430664062,42,5.078125,61.78125,0,2.40625,66.859375,2111811,142.690752,14.79991499,0.019866,10.026325,0,10.046191
74,ss[policy=difficulty],ss,2111811,3520,0.9545454545,1,0.976744186,157.0952381,0.02644381342,1,958,958,,,,,0,0,0,0,0,,,,0.0002372371391,0,,958,0,0,0,958,958,958,958,0,0,1,1,0,44,1,42,1,0.1794734472,2,0.003567080577,0,0,8.043505615e-05,0.000207404924,0.0002931133515,,,,38.13421875,69.68361328,107.817832,2020.697266,5.328125,0,2026.025391,1.8125,2.556640625,44,5.46875,14.3984375,9.65625,1.215820312,19.8671875,2111811,158.719212,13.30532689,0.011563,21.432931,0.029897,21.474391
74,hybrid[head=topn-frontier reducer=streaming],hybrid,2111811,3520,1,1,1,61.45238095,0.007384299701,1,1077,1077,600,477,600,477,406,194,194,9640,3920,0.4066390041,1,2.732352,0.0006383146977,0,,477,0,0,0,477,477,477,477,0,0,1,1,0,42,1,42,1,0.1763297,0,0,0,0,3.059887822e-05,0,0.0006383146977,,,,31.22140625,34.80935547,66.03076172,1292.576172,388.40625,382.8125,1680.982422,5.59375,8.826171875,194,5.46875,76.5234375,128.1474609,1.264648438,128.1474609,2111811,194.850524,10.83810788,0.071649,8.262244,0.358089,8.691982
75,hl,hl,2002774,3338,1,0.5,0.6666666667,2809.5,0.326410435,0.9375,48,,,,,,0,0,0,0,0,,,,,,,,,,0,,,,,,,,,,288,0.9210526316,0,1,0,19,0.05512104711,269,0.1506255823,0.0007143980188,0.002901107743,0.01391120516,,,,5.857421875,19.80255859,25.65998047,566.4003906,0.453125,0,566.8535156,0.453125,0.775390625,19,5.078125,23.84960938,0,0.8876953125,28.92773438,2002774,131.829768,15.19212262,0.003189,1.341248,0,1.344437
75,hl#1,hl,2002774,3338,1,0.7894736842,0.8823529412,702.8947368,0.1219800711,0.8211805556,96,,,,,,0,0,0,0,0,,,,,,,,,,0,,,,,,,,,,576,1,0,1,0,30,0.1040431921,546,0.2863613169,0.0006777856058,0.003468106403,0.01901013295,,,,11.48828125,39.005625,50.49390625,1129.202148,0.5625,0,1129.764648,0.5625,1.077148438,30,5.078125,29.79296875,0,1.611328125,34.87109375,2002774,153.608221,13.0381954,0.004518,2.571301,0,2.575819
75,hl#2,hl,2002774,3338,1,0.9736842105,0.9866666667,45.78947368,0.009555308409,0.9666666667,192,,,,,,0,0,0,0,0,,,,,,,,,,0,,,,,,,,,,1152,1,0,1,0,37,0.1261435389,1115,0.4420299045,0.0004932061141,0.003409284835,0.01903859347,,,,22.75,75.67124023,98.42124023,2254.365234,0.609375,0,2254.974609,0.609375,1.240234375,37,5.078125,41.6796875,0,2.162109375,46.7578125,2002774,154.147787,12.99255759,0.008518,5.814299,0,5.822817
75,hl#3,hl,2002774,3338,1,1,1,10.65789474,0.002238730256,0.9933333333,384,,,,,,0,0,0,0,0,,,,,,,,,,0,,,,,,,,,,2304,1,0,1,0,38,0.1282601032,2266,0.5666365751,0.0003016044611,0.003375265875,0.01902810801,,,,45.2734375,147.6289941,192.9024316,4504.397461,0.625,0,4505.022461,0.625,1.272460938,38,5.078125,62.40625,0,2.217773438,67.484375,2002774,136.008223,14.72538907,0.019544,10.917443,0,10.936987
75,ss[policy=difficulty],ss,2002774,3338,0.9268292683,1,0.9620253165,140.5,0.02688085032,1,958,1025,,,,,0,0,0,0,0,,,,0.0002661308765,1,1020,1025,0,1,1020,1025,1025,1025,1025,1,1,0.9346341463,0.9346341463,0.0676001136,41,1,38,1,0.1310412458,3,0.005136875154,0,0,7.984048077e-05,0.0002025523932,0.0002661308765,,,,39.13035156,71.00881836,110.1391699,2107.462891,5.1875,0,2112.650391,1.671875,2.369140625,41,5.46875,14.3984375,9.65625,1.14453125,19.8671875,2002774,149.750035,13.37411374,0.013464,22.040048,0.009372,22.062884
75,hybrid[head=topn-frontier reducer=streaming],hybrid,2002774,3338,0.95,1,0.9743589744,33.05263158,0.006274357625,1,1077,1054,600,477,600,454,385,215,215,9640,4340,0.4502074689,1,1.614729,0.0003974487386,0,,454,1,0,0,454,454,454,454,0,0,1.050660793,1.050660793,-0.04941929285,40,1,38,1,0.1290025734,2,0.003625970779,0,0,2.90596942e-05,0.0002676287989,0.0003974487386,,,,31.78777344,42.3646582,74.15243164,1318.328125,429.84375,423.828125,1748.171875,6.015625,9.6015625,215,5.46875,76.5234375,128.0644531,1.276367188,128.0644531,2002774,188.294607,10.63638535,0.062931,8.150888,0.372803,8.586622
76,hl,hl,1973052,3289,1,0.3888888889,0.56,3482.944444,0.3705659071,0.9479166667,48,,,,,,0,0,0,0,0,,,,,,,,,,0,,,,,,,,,,288,0.8888888889,0,1,0,14,0.04472208538,274,0.1544911133,0.0006917124953,0.00319443467,0.0139834125,,,,5.857421875,19.80697266,25.66439453,566.2714844,0.40625,0,566.6777344,0.40625,0.646484375,14,5.078125,24.00585938,0,0.646484375,29.08398438,1973052,119.820334,16.4667543,0.002805,1.352881,0,1.355686
76,hl#1,hl,1973052,3289,1,0.7222222222,0.8387096774,846.9166667,0.1207412674,0.8298611111,96,,,,,,0,0,0,0,0,,,,,,,,,,0,,,,,,,,,,576,1,0,1,0,26,0.09969428074,550,0.2918199824,0.0006797122625,0.003834395413,0.01871263403,,,,11.48828125,38.90178711,50.39006836,1129.067383,0.5,0,1129.567383,0.5,0.9423828125,26,5.078125,31.43359375,0,1.447265625,36.51171875,1973052,139.702261,14.12326462,0.005011,2.632322,0,2.637333
76,hl#2,hl,1973052,3289,1,0.9444444444,0.9714285714,90.83333333,0.02063119919,0.9733333333,192,,,,,,0,0,0,0,0,,,,,,,,,,0,,,,,,,,,,1152,1,0,1,0,34,0.1252303538,1118,0.4418976286,0.0004922985959,0.0036832457,0.01878460375,,,,22.75,75.73472656,98.48472656,2254.293945,0.59375,0,2254.887695,0.59375,1.168945312,34,5.078125,42.1484375,0,1.95703125,47.2265625,1973052,138.240691,14.27258491,0.008673,5.8722,0,5.880873
76,hl#3,hl,1973052,3289,1,1,1,22.13888889,0.004511839566,0.995,384,,,,,,0,0,0,0,0,,,,,,,,,,0,,,,,,,,,,2304,1,0,1,0,36,0.1296899423,2268,0.5627651983,0.0003005447659,0.003602498397,0.01878916521,,,,45.2734375,145.0408008,190.3142383,4504.359375,0.625,0,4504.984375,0.625,1.234375,36,5.078125,62.875,0,2.069335938,67.953125,1973052,119.307073,16.53759455,0.020015,10.987152,0,11.007167
76,ss[policy=difficulty],ss,1973052,3289,1,1,1,147.6111111,0.02958577777,1,1025,1025,,,,,0,0,0,0,0,,,,0.0002230047662,0,,1025,0,0,0,1025,1025,1025,1025,0,0,1,1,0,36,1,36,1,0.1327091227,0,0,0,0,7.481359392e-05,0,0.0002240184242,,,,42.58109375,71.79636719,114.3774609,2206.039062,5.015625,0,2211.054688,1.5,2.109375,36,5.46875,14.3984375,9.65625,1.029296875,19.8671875,1973052,135.999705,14.50776676,0.019238,28.573412,0.00769,28.60034
76,hybrid[head=topn-frontier reducer=streaming],hybrid,1973052,3289,0.972972973,1,0.9863013699,65.08333333,0.01406602222,1,1054,1054,600,454,600,454,406,194,194,9640,3920,0.4066390041,1,1.537915,0.0005438275322,0,,454,0,0,0,454,454,454,454,0,0,1,1,0,37,1,36,1,0.13039038,1,0.001679124524,0,0,4.931309327e-05,0.0005787987341,0.0005787987341,,,,31.07523438,42.74522461,73.82045898,1265.214844,388.25,382.8125,1653.464844,5.4375,8.65234375,194,5.46875,76.5234375,128.0351562,1.145507812,128.0351562,1973052,169.588236,11.63436832,0.065466,7.891594,0.345771,8.302831
77,hl,hl,2045834,3410,1,0.4318181818,0.6031746032,3948.454545,0.3713025275,0.9340277778,48,,,,,,0,0,0,0,0,,,,,,,,,,0,,,,,,,,,,288,0.8409090909,0,1,0,19,0.04895069688,269,0.1496382404,0.0006895449213,0.002576352467,0.00602590435,,,,5.857421875,19.77442383,25.6318457,566.4619141,0.515625,0,566.9775391,0.515625,0.8369140625,19,5.078125,23.77148438,0,0.857421875,28.84960938,2045834,124.485013,16.43437994,0.002666,1.367501,0,1.370167
77,hl#1,hl,2045834,3410,1,0.8636363636,0.9268292683,1226.272727,0.1142444713,0.8194444444,96,,,,,,0,0,0,0,0,,,,,,,,,,0,,,,,,,,,,576,1,0,1,0,38,0.1220812637,538,0.2737162448,0.0006871484523,0.003212664834,0.01362133976,,,,11.48828125,39.01486328,50.50314453,1129.458984,0.6875,0,1130.146484,0.6875,1.333984375,38,5.078125,29.79296875,0,2.022460938,34.87109375,2045834,142.006228,14.40664983,0.004518,2.589928,0,2.594446
77,hl#2,hl,2045834,3410,1,0.9772727273,0.9885057471,65.65909091,0.01364002504,0.96,192,,,,,,0,0,0,0,0,,,,,,,,,,0,,,,,,,,,,1152,1,0,1,0,43,0.1539738806,1109,0.4227791698,0.0005006536895,0.00358078792,0.0166152288,,,,22.75,76.75811523,99.50811523,2254.588867,0.734375,0,2255.323242,0.734375,1.463867188,43,5.078125,41.4453125,0,2.428710938,46.5234375,2045834,140.172974,14.59506738,0.012401,5.42417,0,5.436571
77,hl#3,hl,2045834,3410,1,1,1,16.04545455,0.003282421402,0.9933333333,384,,,,,,0,0,0,0,0,,,,,,,,,,0,,,,,,,,,,2304,1,0,1,0,44,0.1567184825,2260,0.5405213717,0.0003026214645,0.003561783694,0.01661229601,,,,45.2734375,144.8429102,190.1163477,4504.589844,0.71875,0,4505.308594,0.71875,1.46484375,44,5.078125,62.484375,0,2.55078125,67.5625,2045834,123.248329,16.59928387,0.020608,10.192115,0,10.212723
77,ss[policy=difficulty],ss,2045834,3410,0.9565217391,1,0.9777777778,145.6818182,0.02683237312,1,1025,1025,,,,,0,0,0,0,0,,,,0.0002004072667,0,,1025,0,0,0,1025,1025,1025,1025,0,0,1,1,0,46,1,44,1,0.1598868725,2,0.003368797273,0,0,7.029130801e-05,5.010181667e-05,0.0002282687647,,,,42.56867187,73.00988281,115.5785547,2169.973633,5.203125,0,2175.176758,1.6875,2.465820312,46,5.46875,14.3984375,9.65625,1.294921875,19.8671875,2045834,141.16381,14.49262385,0.014797,22.884051,0.015904,22.914752
77,hybrid[head=topn-frontier reducer=streaming],hybrid,2045834,3410,1,0.9318181818,0.9647058824,150.1136364,0.03151577446,1,1054,1133,600,454,600,533,404,196,196,9640,3960,0.4107883817,1,1.634313,0.0007825659364,1,533,533,0,1,533,533,533,533,533,1,1,0.851782364,0.851782364,0.1604242261,44,1,41,1,0.1520089118,3,0.003635681096,0,0,7.694128209e-05,0.0007752339633,0.0007825659364,,,,30.77304687,41.72157227,72.49461914,1265.356445,392.53125,386.71875,1657.887695,5.8125,9.114257812,196,5.46875,76.5234375,128.2597656,1.267578125,128.2597656,2045834,171.730581,11.91304419,0.058586,7.901285,0.363397,8.323268
78,hl,hl,1948381,3248,1,0.4864864865,0.6545454545,3161.135135,0.3300852618,0.9270833333,48,,,,,,0,0,0,0,0,,,,,,,,,,0,,,,,,,,,,288,0.8648648649,0,1,0,18,0.05362965457,270,0.1482066393,0.0007008204647,0.002979425254,0.01283937792,,,,5.857421875,19.82414062,25.6815625,566.3378906,0.40625,0,566.7441406,0.40625,0.712890625,18,5.078125,23.14648438,0,0.900390625,28.22460938,1948381,129.341476,15.06385314,0.003006,1.357818,0,1.360824
78,hl#1,hl,1948381,3248,1,0.8378378378,0.9117647059,715.9189189,0.1071575455,0.8246527778,96,,,,,,0,0,0,0,0,,,,,,,,,,0,,,,,,,,,,576,1,0,1,0,31,0.1106241541,545,0.2778825086,0.0006744907339,0.0035685211,0.01483026164,,,,11.48828125,38.71548828,50.20376953,1129.200195,0.546875,0,1129.74707,0.546875,1.075195312,31,5.078125,29.63671875,0,1.66015625,34.71484375,1948381,148.103887,13.15550212,0.004561,2.511993,0,2.516554
78,hl#2,hl,1948381,3248,1,1,1,72.86486486,0.01435983527,0.97,192,,,,,,0,0,0,0,0,,,,,,,,,,0,,,,,,,,,,1152,1,0,1,0,37,0.1312761724,1115,0.4292348365,0.0004865546952,0.003548004659,0.01484617228,,,,22.75,73.24223633,95.99223633,2254.365234,0.609375,0,2254.974609,0.609375,1.240234375,37,5.078125,40.8203125,0,2.162109375,45.8984375,1948381,147.898542,13.17376746,0.008644,5.481707,0,5.490351
78,hl#3,hl,1948381,3248,1,1,1,18.37837838,0.003510959358,0.9933333333,384,,,,,,0,0,0,0,0,,,,,,,,,,0,,,,,,,,,,2304,1,0,1,0,37,0.1323416724,2267,0.551756561,0.000296917636,0.003576801957,0.01484925176,,,,45.2734375,140.0435352,185.3169727,4504.365234,0.609375,0,4504.974609,0.609375,1.240234375,37,5.078125,62.328125,0,2.162109375,67.40625,1948381,128.292224,15.18705452,0.019423,10.443591,0,10.463014
78,ss[policy=difficulty],ss,1948381,3248,0.9487179487,1,0.9736842105,155.8648649,0.02947722497,1,1025,1025,,,,,0,0,0,0,0,,,,0.0002325007275,0,,1025,0,0,0,1025,1025,1025,1025,0,0,1,1,0,39,1,37,1,0.1355037849,2,0.003389994051,0,0,7.989539349e-05,7.801348915e-05,0.0002345537141,,,,42.58394531,70.64389648,113.2278418,2215.600586,5.125,0,2220.725586,1.609375,2.272460938,39,5.46875,14.3984375,9.65625,1.099609375,19.8671875,1948381,147.202682,13.23604281,0.012108,23.593118,0.008885,23.614111
78,hybrid[head=topn-frontier reducer=streaming],hybrid,1948381,3248,0.9736842105,1,0.9866666667,26.40540541,0.005695951202,1,1133,1133,600,533,600,533,384,216,216,9640,4360,0.4522821577,1,1.604708,0.0004598689887,0,,533,0,0,0,533,533,533,533,0,0,1,1,0,38,1,37,1,0.1330453335,1,0.001759409479,0,0,2.529765671e-05,0.0004598689887,0.0004598689887,,,,33.95457031,36.85929687,70.81386719,1408.551758,431.78125,425.78125,1840.333008,6,9.583007812,216,5.46875,76.2734375,127.8486328,1.20703125,127.8486328,1948381,188.247197,10.35011958,0.068303,8.820097,0.355607,9.244007
79,hl,hl,2155879,3594,1,0.5714285714,0.7272727273,4122.357143,0.3305039731,0.9618055556,48,,,,,,0,0,0,0,0,,,,,,,,,,0,,,,,,,,,,288,0.9285714286,0,1,0,24,0.108029254,264,0.1396159061,0.0008598790279,0.004501218915,0.03118217674,,,,5.857421875,19.75287109,25.61029297,566.5683594,0.53125,0,567.0996094,0.53125,0.943359375,24,5.078125,23.61523438,0,1.171875,28.69335938,2155879,146.206331,14.74545586,0.003898,1.375445,0,1.379343
79,hl#1,hl,2155879,3594,1,0.9285714286,0.962962963,759.1904762,0.0852981213,0.8333333333,96,,,,,,0,0,0,0,0,,,,,,,,,,0,,,,,,,,,,576,1,0,1,0,39,0.1884410025,537,0.259025205,0.0007768510547,0.004831820577,0.03441473292,,,,11.48828125,39.34623047,50.83451172,1129.523438,0.734375,0,1130.257812,0.734375,1.3984375,39,5.078125,29.48046875,0,2.014648438,34.55859375,2155879,159.397355,13.52518679,0.00813,2.401249,0,2.409379
79,hl#2,hl,2155879,3594,1,1,1,33.26190476,0.006167048222,0.97,192,,,,,,0,0,0,0,0,,,,,,,,,,0,,,,,,,,,,1152,1,0,1,0,42,0.2063357916,1110,0.4001936101,0.0005265012168,0.004912756942,0.03462207295,,,,22.75,76.24853516,98.99853516,2254.557617,0.71875,0,2255.276367,0.71875,1.432617188,42,5.078125,40.9765625,0,2.407226562,46.0546875,2155879,152.464849,14.14017076,0.012075,5.254119,0,5.266194
79,hl#3,hl,2155879,3594,1,1,1,17.57142857,0.003209010112,0.9933333333,384,,,,,,0,0,0,0,0,,,,,,,,,,0,,,,,,,,,,2304,1,0,1,0,42,0.2067694894,2262,0.5104576834,0.000311296516,0.004923083081,0.0346216091,,,,45.2734375,146.1062207,191.3796582,4504.526367,0.6875,0,4505.213867,0.6875,1.401367188,42,5.078125,61.3125,0,2.440429688,66.390625,2155879,138.152709,15.60504326,0.016988,9.922234,0,9.939222
79,ss[policy=difficulty],ss,2155879,3594,0.9333333333,1,0.9655172414,199.6904762,0.03274862308,1,1025,982,,,,,0,0,0,0,0,,,,0.0002286770269,0,,982,1,0,0,982,982,982,982,0,0,1.043788187,1.043788187,-0.04285658322,45,1,42,1,0.2106811189,3,0.00524565618,0,0,9.529497919e-05,0.0001326605065,0.0002681041005,,,,42.54222656,72.72574219,115.2679687,2115.013672,5.03125,0,2120.044922,1.515625,2.279296875,45,5.46875,14.3984375,9.65625,1.26953125,19.8671875,2155879,153.76896,14.0202483,0.012283,22.189348,0.016341,22.217972
79,hybrid[head=topn-frontier reducer=streaming],hybrid,2155879,3594,0.9333333333,1,0.9655172414,100.7380952,0.01179366059,1,1133,1133,600,533,600,533,405,195,195,9640,3940,0.4087136929,1,1.768877,0.0004657033164,0,,533,0,0,0,533,533,533,533,0,0,1,1,0,45,1,42,1,0.208753367,3,0.005081917863,0,0,6.602102128e-05,0.0003361351294,0.0004657033164,,,,33.92039063,44.07639648,77.99678711,1374.120117,390.53125,384.765625,1764.651367,5.765625,9.049804688,195,5.46875,77.0234375,128.7353516,1.34765625,128.7353516,2155879,194.820952,11.06595044,0.068977,8.510342,0.361123,8.940442
80,hl,hl,2116124,3527,1,0.5384615385,0.7,4419.384615,0.3595464753,0.9236111111,48,,,,,,0,0,0,0,0,,,,,,,,,,0,,,,,,,,,,288,0.8974358974,0,1,0,21,0.07669541104,267,0.1450283632,0.000769874216,0.003652162431,0.01165007344,,,,5.857421875,19.77726562,25.6346875,566.5019531,0.515625,0,567.0175781,0.515625,0.876953125,21,5.078125,24.16210938,0,0.87109375,29.24023438,2116124,133.865526,15.8078339,0.003201,1.444602,0,1.447803
80,hl#1,hl,2116124,3527,1,0.8974358974,0.9459459459,757.8461538,0.1040192342,0.8263888889,96,,,,,,0,0,0,0,0,,,,,,,,,,0,,,,,,,,,,576,1,0,1,0,35,0.1561699598,541,0.2704671371,0.0007406894043,0.004461998851,0.02175345112,,,,11.48828125,37.90467773,49.39295898,1129.419922,0.703125,0,1130.123047,0.703125,1.294921875,35,5.078125,30.18359375,0,1.848632812,35.26171875,2116124,151.134826,14.0015644,0.004434,2.500416,0,2.50485
80,hl#2,hl,2116124,3527,1,0.9743589744,0.987012987,55.69230769,0.009792952097,0.975,192,,,,,,0,0,0,0,0,,,,,,,,,,0,,,,,,,,,,1152,1,0,1,0,38,0.172757362,1114,0.4207598421,0.0005152059063,0.00454624637,0.0218697014,,,,22.75,70.56250977,93.31250977,2254.453125,0.6875,0,2255.140625,0.6875,1.328125,38,5.078125,40.9765625,0,2.146484375,46.0546875,2116124,149.295698,14.17404539,0.008853,5.181446,0,5.190299
80,hl#3,hl,2116124,3527,1,1,1,11.28205128,0.001752182812,0.9883333333,384,,,,,,0,0,0,0,0,,,,,,,,,,0,,,,,,,,,,2304,1,0,1,0,39,0.1752548527,2265,0.5339105837,0.0003077974985,0.004493714173,0.02185883247,,,,45.2734375,138.3283594,183.6017969,4504.422852,0.640625,0,4505.063477,0.640625,1.297851562,39,5.078125,61.78125,0,2.266601562,66.859375,2116124,133.794037,15.81628036,0.020227,9.885077,0,9.905304
80,ss[policy=difficulty],ss,2116124,3527,0.975,1,0.9873417722,187.4615385,0.03189282275,1,982,982,,,,,0,0,0,0,0,,,,0.0002362810497,0,,982,0,0,0,982,982,982,982,0,0,1,1,0,40,1,39,1,0.1787409433,1,0.001690827192,0,0,9.08028074e-05,0.0001772107873,0.0002674701483,,,,38.74070313,79.01051758,117.7512207,2030.852539,5.171875,0,2036.024414,1.65625,2.329101562,40,5.46875,14.3984375,9.65625,1.08984375,19.8671875,2116124,147.735152,14.32376771,0.013944,27.89855,0.014016,27.92651
80,hybrid[head=topn-frontier reducer=streaming],hybrid,2116124,3527,0.975,1,0.9873417722,48.48717949,0.009631725874,1,1133,1133,600,533,600,533,408,192,192,9640,3880,0.4024896266,1,1.563617,0.0002934610637,0,,533,0,0,0,533,533,533,533,0,0,1,1,0,40,1,39,1,0.1761796568,1,0.001707839427,0,0,2.439601838e-05,8.222580529e-05,0.0002934610637,,,,33.91515625,35.1762793,69.09143555,1365.379883,384.5,378.90625,1749.879883,5.59375,8.786132812,192,5.46875,76.5234375,128.1523438,1.189453125,128.1523438,2116124,185.561793,11.40387774,0.135867,10.263278,0.359207,10.758352
81,hl,hl,2046607,3412,1,0.5833333333,0.7368421053,4765.861111,0.3264418158,0.9583333333,48,,,,,,0,0,0,0,0,,,,,,,,,,0,,,,,,,,,,288,0.8888888889,0,1,0,21,0.06842202729,267,0.1359669932,0.0007096840988,0.003258191776,0.01086676631,,,,5.857421875,19.76748047,25.62490234,566.46875,0.484375,0,566.953125,0.484375,0.84375,21,5.078125,23.53710938,0,0.908203125,28.61523438,2046607,141.032774,14.5115702,0.003155,1.38573,0,1.388885
81,hl#1,hl,2046607,3412,1,0.8888888889,0.9411764706,930.6666667,0.08149820842,0.8263888889,96,,,,,,0,0,0,0,0,,,,,,,,,,0,,,,,,,,,,576,1,0,1,0,32,0.1426072519,544,0.267889243,0.0007126675259,0.004456476622,0.02259104948,,,,11.48828125,38.36837891,49.85666016,1129.233398,0.5625,0,1129.795898,0.5625,1.108398438,32,5.078125,28.54296875,0,1.783203125,33.62109375,2046607,159.462316,12.83442415,0.004535,2.436533,0,2.441068
81,hl#2,hl,2046607,3412,1,1,1,42.27777778,0.007567180749,0.9616666667,192,,,,,,0,0,0,0,0,,,,,,,,,,0,,,,,,,,,,1152,1,0,1,0,36,0.1646339527,1116,0.4171382195,0.0005050105661,0.004573165352,0.02263160441,,,,22.75,73.42336914,96.17336914,2254.363281,0.625,0,2254.988281,0.625,1.23828125,36,5.078125,41.0546875,0,2.075195312,46.1328125,2046607,157.975932,12.95518231,0.008547,5.17702,0,5.185567
81,hl#3,hl,2046607,3412,1,1,1,7.611111111,0.001335495504,0.9916666667,384,,,,,,0,0,0,0,0,,,,,,,,,,0,,,,,,,,,,2304,1,0,1,0,36,0.1651880405,2268,0.5375145301,0.0003049924352,0.004588556681,0.02262818411,,,,45.2734375,140.9085059,186.1819434,4504.332031,0.59375,0,4504.925781,0.59375,1.20703125,36,5.078125,61.703125,0,2.10546875,66.78125,2046607,141.678965,14.44538362,0.019553,13.584522,0,13.604075
81,ss[policy=difficulty],ss,2046607,3412,0.9230769231,1,0.96,159.4722222,0.02725414706,1,982,1025,,,,,0,0,0,0,0,,,,0.000259453818,1,1020,1025,0,1,1020,1025,1025,1025,1025,1,1,0.9580487805,0.9580487805,0.04285658322,39,1,36,1,0.168040078,3,0.005186144678,0,0,8.105974225e-05,0.0001187331031,0.0002604310451,,,,39.15121094,68.84204102,107.993252,2069.850586,5.0625,0,2074.913086,1.546875,2.209960938,39,5.46875,14.3984375,9.65625,1.068359375,19.8671875,2046607,157.814444,12.96843906,0.083581,27.670157,0.01561,27.769348
81,hybrid[head=topn-frontier reducer=streaming],hybrid,2046607,3412,0.9473684211,1,0.972972973,16.58333333,0.004420406725,1,1133,1075,600,533,600,475,412,188,188,9640,3800,0.3941908714,1,2.095919,0.0004446383698,0,,475,1,0,0,475,475,475,475,0,0,1.122105263,1.122105263,-0.1152066201,38,1,36,1,0.1655266497,2,0.003467202057,0,0,2.189760392e-05,0.000270203317,0.0004446383698,,,,33.94113281,36.30867188,70.24980469,1381.555664,376.65625,371.09375,1758.211914,5.5625,8.688476562,188,5.46875,76.2734375,127.7607422,1.165039062,127.7607422,2046607,197.963508,10.33830437,0.068238,8.73937,0.573438,9.381046
82,hl,hl,2040020,3401,1,0.512195122,0.6774193548,4020.04878,0.3235483404,0.9583333333,48,,,,,,0,0,0,0,0,,,,,,,,,,0,,,,,,,,,,288,0.9756097561,0,1,0,21,0.07213115558,267,0.1384172704,0.0007310709236,0.003434816932,0.01737581004,,,,5.857421875,19.76253906,25.61996094,566.40625,0.421875,0,566.828125,0.421875,0.78125,21,5.078125,23.45898438,0,1.069335938,28.53710938,2040020,131.838842,15.47358858,0.009731,1.402877,0,1.412608
82,hl#1,hl,2040020,3401,1,0.8536585366,0.9210526316,683.6097561,0.08302462314,0.8315972222,96,,,,,,0,0,0,0,0,,,,,,,,,,0,,,,,,,,,,576,1,0,1,0,35,0.1513759669,541,0.2623425261,0.0007182612725,0.004325027626,0.02267624827,,,,11.48828125,38.2918457,49.78012695,1129.324219,0.609375,0,1129.933594,0.609375,1.19921875,35,5.078125,30.41796875,0,1.943359375,35.49609375,2040020,147.13321,13.86512263,0.008167,2.500181,0,2.508348
82,hl#2,hl,2040020,3401,1,0.9756097561,0.987654321,35.48780488,0.007372099736,0.97,192,,,,,,0,0,0,0,0,,,,,,,,,,0,,,,,,,,,,1152,1,0,1,0,40,0.17196302,1112,0.4104523485,0.0005055688962,0.004299075499,0.0226860521,,,,22.75,74.50277344,97.25277344,2254.486328,0.6875,0,2255.173828,0.6875,1.361328125,40,5.078125,41.2109375,0,2.288085938,46.2890625,2040020,143.922332,14.1744507,0.009634,5.40965,0,5.419284
82,hl#3,hl,2040020,3401,1,1,1,7.097560976,0.001183050662,0.9966666667,384,,,,,,0,0,0,0,0,,,,,,,,,,0,,,,,,,,,,2304,1,0,1,0,41,0.1741017245,2263,0.5293889276,0.0003053344844,0.004246383524,0.02268801286,,,,45.2734375,142.1708496,187.4442871,4504.516602,0.703125,0,4505.219727,0.703125,1.391601562,41,5.078125,62.09375,0,2.341796875,67.171875,2040020,127.975556,15.94070043,0.019701,10.357171,0,10.376872
82,ss[policy=difficulty],ss,2040020,3401,0.9761904762,1,0.9879518072,134.2682927,0.02227487662,1,1025,1025,,,,,0,0,0,0,0,,,,0.0002200958814,0,,1025,0,0,0,1025,1025,1025,1025,0,0,1,1,0,42,1,41,1,0.1767830708,1,0.001699983333,0,0,6.573231542e-05,6.225429162e-05,0.0002205860727,,,,42.55832031,70.8784082,113.4367285,2145.095703,5.265625,0,2150.361328,1.75,2.455078125,42,5.46875,14.3984375,9.65625,1.137695312,19.8671875,2040020,145.047542,14.06449204,0.014531,22.461022,0.022663,22.498216
82,hybrid[head=topn-frontier reducer=streaming],hybrid,2040020,3401,0.9534883721,1,0.9761904762,36.75609756,0.006639951096,1,1075,1081,600,475,600,481,405,195,195,9640,3940,0.4087136929,1,5.285476,0.0006740129999,1,481,481,0,1,481,481,481,481,481,1,1,0.9875259875,0.9875259875,0.01255246607,44,1,41,1,0.174823286,3,0.005184753091,0,0,4.908597153e-05,0.0004736881665,0.000726463466,,,,31.26378906,35.19094727,66.45473633,1288.322266,390.5625,384.765625,1678.884766,5.796875,9.072265625,195,5.46875,76.5234375,128.2304688,1.317382812,128.2304688,2040020,180.094651,11.32748801,0.0716,13.532228,0.700671,14.304499
83,hl,hl,2160474,3601,1,0.4390243902,0.6101694915,5005.902439,0.3731115246,0.9548611111,48,,,,,,0,0,0,0,0,,,,,,,,,,0,,,,,,,,,,288,0.9024390244,0,1,0,18,0.06113334389,270,0.1518560279,0.0007395464298,0.003396296883,0.01231535302,,,,5.857421875,19.73369141,25.59111328,566.3642578,0.4375,0,566.8017578,0.4375,0.7392578125,18,5.078125,23.38085938,0,0.8662109375,28.45898438,2160474,139.398966,15.49849373,0.004177,1.776723,0,1.7809
83,hl#1,hl,2160474,3601,1,0.8048780488,0.8918918919,1225.463415,0.1141770486,0.8298611111,96,,,,,,0,0,0,0,0,,,,,,,,,,0,,,,,,,,,,576,1,0,1,0,33,0.1438591716,543,0.2777182229,0.0007319051989,0.004359368838,0.0214027107,,,,11.48828125,38.71702148,50.20530273,1129.320312,0.640625,0,1129.960938,0.640625,1.1953125,33,5.078125,28.69921875,0,1.702148438,33.77734375,2160474,156.166024,13.83446889,0.00454,2.943343,0,2.947883
83,hl#2,hl,2160474,3601,1,0.9756097561,0.987654321,362.7560976,0.02170958332,0.9633333333,192,,,,,,0,0,0,0,0,,,,,,,,,,0,,,,,,,,,,1152,1,0,1,0,40,0.1700696236,1112,0.4174074763,0.0005099627604,0.00425174059,0.02141381937,,,,22.75,74.71504883,97.46504883,2254.452148,0.65625,0,2255.108398,0.65625,1.327148438,40,5.078125,41.0546875,0,2.319335938,46.1328125,2160474,153.338126,14.08960743,0.016674,5.430511,0,5.447185
83,hl#3,hl,2160474,3601,1,1,1,11.58536585,0.001911962584,0.99,384,,,,,,0,0,0,0,0,,,,,,,,,,0,,,,,,,,,,2304,1,0,1,0,41,0.1782817104,2263,0.5343494067,0.0003093017001,0.0043483344,0.02142353946,,,,45.2734375,144.3604004,189.6338379,4504.486328,0.671875,0,4505.158203,0.671875,1.361328125,41,5.078125,61.703125,0,2.376953125,66.78125,2160474,138.686631,15.57809851,0.022795,15.679495,0,15.70229
83,ss[policy=difficulty],ss,2160474,3601,0.9761904762,1,0.9879518072,196.8780488,0.03307593328,1,1025,1025,,,,,0,0,0,0,0,,,,0.0002087504872,0,,1025,0,0,0,1025,1025,1025,1025,0,0,1,1,0,42,1,41,1,0.1821276257,1,0.001706107086,0,0,9.102940682e-05,8.701794143e-05,0.000234670725,,,,42.55632813,74.67389648,117.2302246,2117.605469,5.078125,0,2122.683594,1.5625,2.26953125,42,5.46875,14.3984375,9.65625,1.169921875,19.8671875,2160474,154.26588,14.00487263,0.026434,42.692902,0.020356,42.739692
83,hybrid[head=topn-frontier reducer=streaming],hybrid,2160474,3601,1,1,1,33.07317073,0.006457755496,1,1081,1081,600,481,600,481,409,191,191,9640,3860,0.4004149378,1,3.571909,0.0002143048238,0,,481,0,0,0,481,481,481,481,0,0,1,1,0,41,1,41,1,0.1790190486,0,0,0,0,1.53082938e-05,0,0.0002143048238,,,,31.33414062,35.49242187,66.8265625,1293.152344,382.5,376.953125,1675.652344,5.546875,8.83984375,191,5.46875,76.2734375,128.15625,1.240234375,128.15625,2160474,189.739638,11.38651904,0.124904,15.064802,0.623068,15.812774
84,hl,hl,2110676,3518,1,0.487804878,0.6557377049,4352.317073,0.3266781899,0.9305555556,48,,,,,,0,0,0,0,0,,,,,,,,,,0,,,,,,,,,,288,0.9512195122,0,1,0,20,0.07988530689,268,0.1461493853,0.0007848426813,0.003994265344,0.01868595654,,,,5.857421875,19.73230469,25.58972656,566.4677734,0.5,0,566.9677734,0.5,0.8427734375,20,5.078125,22.75585938,0,0.9482421875,27.83398438,2110676,145.764237,14.48006756,0.003359,1.374998,0,1.378357
84,hl#1,hl,2110676,3518,1,0.8536585366,0.9210526316,1194.292683,0.1048776957,0.8211805556,96,,,,,,0,0,0,0,0,,,,,,,,,,0,,,,,,,,,,576,1,0,1,0,35,0.1557624192,541,0.266109057,0.0007324157574,0.004450354836,0.02192188664,,,,11.48828125,37.84472656,49.33300781,1129.327148,0.609375,0,1129.936523,0.609375,1.202148438,35,5.078125,27.83984375,0,1.880859375,32.91796875,2110676,162.037653,13.02583666,0.011003,2.399234,0,2.410237
84,hl#2,hl,2110676,3518,1,0.9512195122,0.975,36.43902439,0.006590012361,0.9683333333,192,,,,,,0,0,0,0,0,,,,,,,,,,0,,,,,,,,,,1152,1,0,1,0,39,0.1839960278,1113,0.4117898721,0.0005171752603,0.004717846867,0.02193941657,,,,22.75,73.23686523,95.98686523,2254.462891,0.671875,0,2255.134766,0.671875,1.337890625,39,5.078125,40.6640625,0,2.2421875,45.7421875,2110676,157.170315,13.42922803,0.012534,5.094367,0,5.106901
84,hl#3,hl,2110676,3518,1,1,1,14.63414634,0.002505338586,0.995,384,,,,,,0,0,0,0,0,,,,,,,,,,0,,,,,,,,,,2304,1,0,1,0,41,0.1877190057,2263,0.5221739386,0.0003081132571,0.004578512333,0.02194131169,,,,45.2734375,142.4488867,187.7223242,4504.496094,0.671875,0,4505.167969,0.671875,1.37109375,41,5.078125,60.609375,0,2.38671875,65.6875,2110676,141.20127,14.94799586,0.019792,9.615839,0,9.635631
84,ss[policy=difficulty],ss,2110676,3518,0.9761904762,1,0.9879518072,165.6341463,0.02555319246,1,1025,1025,,,,,0,0,0,0,0,,,,0.0002345220204,0,,1025,0,0,0,1025,1025,1025,1025,0,0,1,1,0,42,1,41,1,0.1910350049,1,0.001792790556,0,0,8.144535775e-05,0.0002032524177,0.0002667391869,,,,42.55066406,71.2015918,113.7522559,2107.90332,5.140625,0,2113.043945,1.625,2.340820312,42,5.46875,14.3984375,9.65625,1.197265625,19.8671875,2110676,158.640084,13.30480889,0.015982,22.212029,0.008797,22.236808
84,hybrid[head=topn-frontier reducer=streaming],hybrid,2110676,3518,0.9523809524,0.9756097561,0.9638554217,121.9512195,0.01653907183,1,1081,1081,600,481,600,481,384,216,216,9640,4360,0.4522821577,1,1.589194,0.0006651897307,0,,481,0,0,0,481,481,481,481,0,0,1,1,0,43,1,40,1,0.1857163297,3,0.005105473318,0,0,7.63229521e-05,0.000402398726,0.0006651897307,,,,31.29316406,35.07614258,66.36930664,1288.22168,431.875,425.78125,1720.09668,6.09375,9.760742188,216,5.46875,76.5234375,128.5332031,1.299804688,128.5332031,2110676,194.675877,10.84200073,0.068203,8.079912,0.381215,8.52933
85,hl,hl,2037959,3397,1,0.525,0.6885245902,3508.7,0.2894525378,0.9444444444,48,,,,,,0,0,0,0,0,,,,,,,,,,0,,,,,,,,,,288,0.975,0,1,0,21,0.07938334383,267,0.1460932237,0.0007829047482,0.00378015923,0.01958920665,,,,5.857421875,19.86035156,25.71777344,566.4707031,0.484375,0,566.9550781,0.484375,0.845703125,21,5.078125,23.53710938,0,1.075195312,28.61523438,2037959,136.307049,14.95123704,0.008964,1.384493,0,1.393457
85,hl#1,hl,2037959,3397,0.972972973,0.9,0.9350649351,366.4,0.05807978784,0.8472222222,96,,,,,,0,0,0,0,0,,,,,,,,,,0,,,,,,,,,,576,1,0,1,0,37,0.1589006452,539,0.2656947466,0.0007371447774,0.004294612033,0.02263293815,,,,11.48828125,37.61882813,49.10710938,1129.401367,0.640625,0,1130.041992,0.640625,1.276367188,37,5.078125,29.16796875,0,2.004882812,34.24609375,2037959,153.107386,13.31065113,0.004521,2.498368,0,2.502889
85,hl#2,hl,2037959,3397,1,1,1,38.6,0.007137916116,0.9816666667,192,,,,,,0,0,0,0,0,,,,,,,,,,0,,,,,,,,,,1152,1,0,1,0,40,0.1700093083,1112,0.4144730095,0.0005073631231,0.004250232708,0.02269231128,,,,22.75,73.43661133,96.18661133,2254.46582,0.65625,0,2255.12207,0.65625,1.340820312,40,5.078125,40.7421875,0,2.333007812,45.8203125,2037959,149.988387,13.58744527,0.014085,5.381006,0,5.395091
85,hl#3,hl,2037959,3397,0.9756097561,1,0.987654321,7.8,0.001532404701,0.995,384,,,,,,0,0,0,0,0,,,,,,,,,,0,,,,,,,,,,2304,1,0,1,0,41,0.172099635,2263,0.53094444,0.0003051406575,0.004197552073,0.02269378334,,,,45.2734375,142.6130664,187.8865039,4504.5,0.671875,0,4505.171875,0.671875,1.375,41,5.078125,61.703125,0,2.390625,66.78125,2037959,134.651146,15.13510327,0.020282,10.079923,0,10.100205
85,ss[policy=difficulty],ss,2037959,3397,0.9302325581,1,0.9638554217,172.125,0.03244412364,1,1025,973,,,,,0,0,0,0,0,,,,0.0002242439617,0,,973,1,0,0,973,973,973,973,0,0,1.05344296,1.05344296,-0.05206380939,43,1,40,1,0.173838139,3,0.005197356767,0,0,8.601857328e-05,0.000106806205,0.0002576106781,,,,42.56203125,71.72822266,114.2902539,2135.620117,5.15625,0,2140.776367,1.640625,2.377929688,43,5.46875,14.3984375,9.65625,1.190429688,19.8671875,2037959,150.808675,13.51353959,0.030513,22.594001,0.009328,22.633842
85,hybrid[head=topn-frontier reducer=streaming],hybrid,2037959,3397,0.9756097561,1,0.987654321,18.6,0.004027179473,1,1081,1081,600,481,600,481,388,212,212,9640,4280,0.4439834025,1,1.600156,0.0005844082241,0,,481,0,0,0,481,481,481,481,0,0,1,1,0,41,1,40,1,0.1708248301,1,0.002139886033,0,0,2.315803309e-05,0.0005844082241,0.0005844082241,,,,31.41796875,35.41800781,66.83597656,1296.4375,424.09375,417.96875,1720.53125,6.125,9.6953125,212,5.46875,76.2734375,128.15625,1.244140625,128.15625,2037959,185.245312,11.00140661,0.109388,8.145721,0.375619,8.630728
86,hl,hl,2045344,3409,1,0.5476190476,0.7076923077,4026.547619,0.3123688488,0.9305555556,48,,,,,,0,0,0,0,0,,,,,,,,,,0,,,,,,,,,,288,0.9523809524,0,1,0,23,0.07580436347,265,0.1407944092,0.0007520790716,0.00329584189,0.01449487226,,,,5.857421875,19.78560547,25.64302734,566.4667969,0.453125,0,566.9199219,0.453125,0.841796875,23,5.078125,22.99023438,0,1.014648438,28.06835938,2045344,131.911344,15.50544432,0.025177,1.471043,0,1.49622
86,hl#1,hl,2045344,3409,1,0.9285714286,0.962962963,620.2619048,0.07398094557,0.8454861111,96,,,,,,0,0,0,0,0,,,,,,,,,,0,,,,,,,,,,576,1,0,1,0,39,0.1629241829,537,0.2587393612,0.0007320547641,0.004177543152,0.02261722234,,,,11.48828125,38.92827148,50.41655273,1129.517578,0.734375,0,1130.251953,0.734375,1.392578125,39,5.078125,29.55859375,0,2.07421875,34.63671875,2045344,147.810746,13.83758661,0.011964,2.666594,0,2.678558
86,hl#2,hl,2045344,3409,0.9756097561,0.9523809524,0.9638554217,156.452381,0.02201798286,0.9783333333,192,,,,,,0,0,0,0,0,,,,,,,,,,0,,,,,,,,,,1152,1,0,1,0,41,0.1756389145,1111,0.415059765,0.0005127592704,0.004283875964,0.02263971244,,,,22.75,75.8665332,98.6165332,2254.518555,0.703125,0,2255.22168,0.703125,1.393554688,41,5.078125,40.4296875,0,2.345703125,45.5078125,2045344,144.514616,14.15319818,0.016002,8.9613,0,8.977302
86,hl#3,hl,2045344,3409,1,1,1,7.071428571,0.001185443787,0.99,384,,,,,,0,0,0,0,0,,,,,,,,,,0,,,,,,,,,,2304,1,0,1,0,42,0.1797634041,2262,0.5272037369,0.0003068433772,0.00428008105,0.02263629003,,,,45.2734375,143.874082,189.1475195,4504.520508,0.6875,0,4505.208008,0.6875,1.395507812,42,5.078125,61.390625,0,2.434570312,66.46875,2045344,129.382279,15.80853279,0.02418,11.182753,0,11.206933
86,ss[policy=difficulty],ss,2045344,3409,0.9333333333,1,0.9655172414,160.0238095,0.02690785053,1,973,973,,,,,0,0,0,0,0,,,,0.000244457656,0,,973,0,0,0,973,973,973,973,0,0,1,1,0,45,1,42,1,0.1829745999,3,0.005117476571,0,0,8.118167137e-05,0.0001223917998,0.000245924402,,,,38.43601563,86.19821289,124.6342285,2040.946289,5.3125,0,2046.258789,1.796875,2.555664062,45,5.46875,14.3984375,9.65625,1.240234375,19.8671875,2045344,143.485824,14.25467648,0.018478,21.593425,0.009751,21.621654
86,hybrid[head=topn-frontier reducer=streaming],hybrid,2045344,3409,0.976744186,1,0.9882352941,17.78571429,0.004656131628,1,1081,1050,600,481,600,450,406,194,194,9640,3920,0.4066390041,1,1.537846,0.0003050831547,0,,450,1,0,0,450,450,450,450,0,0,1.068888889,1.068888889,-0.06661968734,43,1,42,1,0.1800538198,1,0.001892102258,0,0,1.558843937e-05,0.0003050831547,0.0003050831547,,,,31.29230469,36.03820313,67.33050781,1293.554688,388.34375,382.8125,1681.898438,5.53125,8.796875,194,5.46875,76.2734375,128.078125,1.291992188,128.078125,2045344,178.212234,11.47701229,0.061417,8.060229,0.358458,8.480104
87,hl,hl,2079211,3466,1,0.5853658537,0.7384615385,3789.390244,0.2890695609,0.9513888889,48,,,,,,0,0,0,0,0,,,,,,,,,,0,,,,,,,,,,288,0.9512195122,0,1,0,24,0.08505822641,264,0.1393749841,0.0007792819808,0.003544092767,0.01339306112,,,,5.857421875,19.75228516,25.60970703,566.5302734,0.5,0,567.0302734,0.5,0.9052734375,24,5.078125,24.00585938,0,1.0078125,29.08398438,2079211,174.860695,11.89067103,0.002811,1.34763,0,1.350441
87,hl#1,hl,2079211,3466,1,0.9268292683,0.9620253165,533.9756098,0.05582473479,0.828125,96,,,,,,0,0,0,0,0,,,,,,,,,,0,,,,,,,,,,576,1,0,1,0,38,0.162930073,538,0.2618334551,0.0007374366807,0.0042876335,0.02224112897,,,,11.48828125,38.84763672,50.33591797,1129.483398,0.71875,0,1130.202148,0.71875,1.358398438,38,5.078125,29.01171875,0,1.987304688,34.08984375,2079211,188.796469,11.0129761,0.006988,2.379061,0,2.386049
87,hl#2,hl,2079211,3466,1,1,1,32.80487805,0.006002670184,0.9683333333,192,,,,,,0,0,0,0,0,,,,,,,,,,0,,,,,,,,,,1152,1,0,1,0,41,0.1772648375,1111,0.4133053355,0.0005126477196,0.004323532621,0.02227479558,,,,22.75,72.81241211,95.56241211,2254.522461,0.703125,0,2255.225586,0.703125,1.397460938,41,5.078125,41.5234375,0,2.34765625,46.6015625,2079211,198.931238,10.45190801,0.01161,5.312246,0,5.323856
87,hl#3,hl,2079211,3466,1,1,1,10.7804878,0.001830286988,0.99,384,,,,,,0,0,0,0,0,,,,,,,,,,0,,,,,,,,,,2304,1,0,1,0,41,0.1777799367,2263,0.5281657321,0.0003064000299,0.004336096017,0.02226758131,,,,45.2734375,134.7796387,180.0530762,4504.491211,0.671875,0,4505.163086,0.671875,1.366210938,41,5.078125,61.234375,0,2.381835938,66.3125,2079211,167.776925,12.39271133,0.019163,9.846578,0,9.865741
87,ss[policy=difficulty],ss,2079211,3466,0.8723404255,1,0.9318181818,171.6585366,0.03015967397,1,973,973,,,,,0,0,0,0,0,,,,0.0002476901094,0,,973,0,0,0,973,973,973,973,0,0,1,1,0,47,1,41,1,0.1811465984,6,0.01026687527,0,0,8.605964965e-05,0.0001099776149,0.0002558662877,,,,38.67613281,66.80587891,105.4820117,2070.101562,5.4375,0,2075.539062,1.921875,2.71875,47,5.46875,14.3984375,9.65625,1.28515625,19.8671875,2079211,184.764774,11.25328684,0.014027,21.885566,0.012406,21.911999
87,hybrid[head=topn-frontier reducer=streaming],hybrid,2079211,3466,1,1,1,49.46341463,0.007006282035,1,1050,1110,600,450,600,510,409,191,191,9640,3860,0.4004149378,1,1.710228,0.0007541322165,1,510,510,0,1,510,510,510,510,510,1,1,0.8823529412,0.8823529412,0.125163143,41,1,41,1,0.1772181852,0,0,0,0,2.991284769e-05,0,0.0007541322165,,,,30.63378906,34.70699219,65.34078125,1251.818359,382.65625,376.953125,1634.474609,5.703125,9.005859375,191,5.46875,76.2734375,128.1855469,1.250976562,128.1855469,2079211,222.944468,9.326138561,0.057197,7.774355,0.35334,8.184892
88,hl,hl,2029193,3382,1,0.6176470588,0.7636363636,4226.852941,0.2793388647,0.9479166667,48,,,,,,0,0,0,0,0,,,,,,,,,,0,,,,,,,,,,288,0.9411764706,0,1,0,21,0.06571183717,267,0.1415483889,0.0007196535629,0.003129135103,0.009081935528,,,,5.857421875,19.77462891,25.63205078,566.5009766,0.515625,0,567.0166016,0.515625,0.8759765625,21,5.078125,23.77148438,0,0.90625,28.84960938,2029193,134.382867,15.10008713,0.009074,1.331864,0,1.340938
88,hl#1,hl,2029193,3382,1,0.7647058824,0.8666666667,929.6764706,0.09765332517,0.8420138889,96,,,,,,0,0,0,0,0,,,,,,,,,,0,,,,,,,,,,576,1,0,1,0,26,0.1226393941,550,0.2825502552,0.0007034542522,0.004716899772,0.02276126519,,,,11.48828125,38.05652344,49.54480469,1129.038086,0.46875,0,1129.506836,0.46875,0.9130859375,26,5.078125,29.55859375,0,1.450195312,34.63671875,2029193,153.785775,13.19493302,0.004662,2.411837,0,2.416499
88,hl#2,hl,2029193,3382,1,1,1,51.14705882,0.009689143513,0.9783333333,192,,,,,,0,0,0,0,0,,,,,,,,,,0,,,,,,,,,,1152,1,0,1,0,34,0.1499719347,1118,0.4292149638,0.0005027664049,0.004410939255,0.02281054587,,,,22.75,74.2650293,97.0150293,2254.275391,0.5625,0,2254.837891,0.5625,1.150390625,34,5.078125,40.5078125,0,2.001953125,45.5859375,2029193,152.120574,13.33937249,0.013039,5.221244,0,5.234283
88,hl#3,hl,2029193,3382,1,1,1,13.55882353,0.002603222727,0.99,384,,,,,,0,0,0,0,0,,,,,,,,,,0,,,,,,,,,,2304,1,0,1,0,34,0.1505317631,2270,0.5460614146,0.0003023407889,0.004427404798,0.02281547393,,,,45.2734375,146.8115723,192.0850098,4504.275391,0.5625,0,4504.837891,0.5625,1.150390625,34,5.078125,61.9375,0,2.001953125,67.015625,2029193,135.835348,14.9386226,0.016755,10.00693,0,10.023685
88,ss[policy=difficulty],ss,2029193,3382,0.9189189189,1,0.9577464789,171.6764706,0.02849338272,1,973,1075,,,,,0,0,0,0,0,,,,0.0002759717779,1,1075,1075,0,0,1075,1075,1075,1075,1075,1,1,0.9051162791,0.9051162791,0.09969185838,37,1,34,1,0.1535625246,3,0.005342517937,0,0,9.539140317e-05,0.000217656313,0.0002764645847,,,,39.17125,85.06331055,124.2345605,2077.701172,5.0625,0,2082.763672,1.546875,2.185546875,37,5.46875,14.3984375,9.65625,1.020507812,19.8671875,2029193,151.081161,13.43114513,0.014793,29.425534,0.02117,29.461497
88,hybrid[head=topn-frontier reducer=streaming],hybrid,2029193,3382,1,1,1,47.02941176,0.01252156549,1,1110,1110,600,510,600,510,378,222,222,9640,4480,0.4647302905,1,3.303137,0.0005494795222,0,,510,0,0,0,510,510,510,510,0,0,1,1,0,34,1,34,1,0.1514740096,0,0,0,0,2.317641139e-05,0,0.0005494795222,,,,32.31398437,42.43125,74.74523437,1354.15625,443.84375,437.5,1798,6.34375,10.0859375,222,5.46875,76.2734375,127.9902344,1.168945312,127.9902344,2029193,195.102089,10.40067285,0.099618,14.796908,0.655597,15.552123
89,hl,hl,2037806,3397,1,0.5277777778,0.6909090909,3482.305556,0.2869956885,0.9097222222,48,,,,,,0,0,0,0,0,,,,,,,,,,0,,,,,,,,,,288,1,0,1,0,19,0.06956255895,269,0.1459010328,0.0007481374713,0.003661187313,0.01253308706,,,,5.857421875,19.76769531,25.62511719,566.4306641,0.484375,0,566.9150391,0.484375,0.8056640625,19,5.078125,23.77148438,0,0.79296875,28.84960938,2037806,137.008196,14.87360654,0.002805,1.358051,0,1.360856
89,hl#1,hl,2037806,3397,1,0.8611111111,0.9253731343,506.5,0.07601516919,0.8211805556,96,,,,,,0,0,0,0,0,,,,,,,,,,0,,,,,,,,,,576,1,0,1,0,31,0.1372211094,545,0.2737502981,0.0007134920269,0.004426487399,0.02264935916,,,,11.48828125,38.68712891,50.17541016,1129.255859,0.609375,0,1129.865234,0.609375,1.130859375,31,5.078125,28.54296875,0,1.657226562,33.62109375,2037806,155.01375,13.14596931,0.004639,2.410917,0,2.415556
89,hl#2,hl,2037806,3397,1,1,1,35.27777778,0.006509097824,0.965,192,,,,,,0,0,0,0,0,,,,,,,,,,0,,,,,,,,,,1152,1,0,1,0,36,0.1530567679,1116,0.4236281569,0.0005005945528,0.004251576887,0.02271217182,,,,22.75,76.30360352,99.05360352,2254.323242,0.59375,0,2254.916992,0.59375,1.198242188,36,5.078125,40.4296875,0,2.096679688,45.5078125,2037806,153.064856,13.31335,0.008845,5.497458,0,5.506303
89,hl#3,hl,2037806,3397,0.972972973,1,0.9863013699,10.52777778,0.001980919835,0.9966666667,384,,,,,,0,0,0,0,0,,,,,,,,,,0,,,,,,,,,,2304,1,0,1,0,37,0.1552287117,2267,0.5382779322,0.0003010011475,0.004195370585,0.02270530168,,,,45.2734375,147.484082,192.7575195,4504.357422,0.609375,0,4504.966797,0.609375,1.232421875,37,5.078125,61.703125,0,2.154296875,66.78125,2037806,135.860169,14.99928945,0.027057,10.143341,0,10.170398
89,ss[policy=difficulty],ss,2037806,3397,0.972972973,1,0.9863013699,164.4444444,0.02986847205,1,1075,1075,,,,,0,0,0,0,0,,,,0.0002394732374,0,,1075,0,0,0,1075,1075,1075,1075,0,0,1,1,0,37,1,36,1,0.1564192077,1,0.001698395235,0,0,7.937789797e-05,3.189705006e-05,0.0002404546851,,,,43.83921875,72.24669922,116.085918,2255.794922,4.90625,0,2260.701172,1.390625,2.013671875,37,5.46875,14.3984375,9.65625,1.05078125,19.8671875,2037806,155.176297,13.13219892,0.022095,23.876806,0.00922,23.908121
89,hybrid[head=topn-frontier reducer=streaming],hybrid,2037806,3397,0.972972973,1,0.9863013699,84.58333333,0.01870293739,1,1110,1110,600,510,600,510,395,205,205,9640,4140,0.4294605809,1,1.566517,0.0004342906047,0,,510,0,0,0,510,510,510,510,0,0,1,1,0,37,1,36,1,0.1550083767,1,0.001701339578,0,0,4.538532446e-05,0.0001850028904,0.0004342906047,,,,32.33039062,41.96259766,74.29298828,1359.4375,410.21875,404.296875,1769.65625,5.921875,9.34375,205,5.46875,76.5234375,128.0351562,1.177734375,128.0351562,2037806,195.73395,10.4111014,0.065999,8.607632,0.357975,9.031606
90,hl,hl,2110837,3519,1,0.4285714286,0.6,4088.571429,0.3608967454,0.9201388889,48,,,,,,0,0,0,0,0,,,,,,,,,,0,,,,,,,,,,288,0.8857142857,0,1,0,15,0.07126651655,273,0.150326624,0.0007694206269,0.004751101103,0.01874611825,,,,5.857421875,19.79201172,25.64943359,566.2744141,0.390625,0,566.6650391,0.390625,0.6494140625,15,5.078125,23.14648438,0,0.666015625,28.22460938,2110837,145.244612,14.53297972,0.00333,1.354657,0,1.357987
90,hl#1,hl,2110837,3519,1,0.8571428571,0.9230769231,1762.857143,0.1420390794,0.8402777778,96,,,,,,0,0,0,0,0,,,,,,,,,,0,,,,,,,,,,576,1,0,1,0,30,0.1237665438,546,0.2770706596,0.0006958979226,0.00412555146,0.02188373617,,,,11.48828125,38.70633789,50.19461914,1129.195312,0.5625,0,1129.757812,0.5625,1.0703125,30,5.078125,30.26171875,0,1.604492188,35.33984375,2110837,166.731639,12.66008667,0.004538,2.50894,0,2.513478
90,hl#2,hl,2110837,3519,1,1,1,215.1142857,0.02019937026,0.975,192,,,,,,0,0,0,0,0,,,,,,,,,,0,,,,,,,,,,1152,1,0,1,0,35,0.1555539343,1117,0.4281747004,0.0005067088843,0.004444398123,0.02191358215,,,,22.75,72.23030273,94.98030273,2254.326172,0.609375,0,2254.935547,0.609375,1.201171875,35,5.078125,40.3515625,0,2.012695312,45.4296875,2110837,164.083268,12.86442564,0.012222,5.246249,0,5.258471
90,hl#3,hl,2110837,3519,1,1,1,187.3714286,0.01585120705,0.99,384,,,,,,0,0,0,0,0,,,,,,,,,,0,,,,,,,,,,2304,1,0,1,0,35,0.1561390103,2269,0.5418831487,0.0003029610065,0.004461114579,0.02191879335,,,,45.2734375,137.8584863,183.1319238,4504.294922,0.578125,0,4504.873047,0.578125,1.169921875,35,5.078125,61.46875,0,2.044921875,66.546875,2110837,144.955553,14.56196024,0.020482,9.944917,0,9.965399
90,ss[policy=difficulty],ss,2110837,3519,0.9459459459,1,0.9722222222,171.6285714,0.02657616643,1,1075,1015,,,,,0,0,0,0,0,,,,0.0002217129982,0,,1015,1,0,0,1015,1015,1015,1015,0,0,1.0591133,1.0591133,-0.05743204909,37,1,35,1,0.1618661223,2,0.003521351957,0,0,8.294391328e-05,0.0001115671177,0.0002544014531,,,,43.83253906,71.03722656,114.8697656,2233.172852,4.96875,0,2238.141602,1.453125,2.079101562,37,5.46875,14.3984375,9.65625,1.05078125,19.8671875,2110837,163.481869,12.91174987,0.014864,23.684821,0.011744,23.711429
90,hybrid[head=topn-frontier reducer=streaming],hybrid,2110837,3519,1,1,1,0,0,1,1110,1110,600,510,600,510,401,199,199,9640,4020,0.4170124481,1,1.545035,0,0,,510,0,0,0,510,510,510,510,0,0,1,1,0,35,1,35,1,0.1590203317,0,0,0,0,0,0,0,,,,32.18644531,42.32503906,74.51148437,1352.541016,398.5,392.578125,1751.041016,5.921875,9.259765625,199,5.46875,76.0859375,127.5878906,1.099609375,127.5878906,2110837,202.53394,10.42213962,0.100796,8.389222,0.406634,8.896652
91,hl,hl,2086812,3479,1,0.5227272727,0.6865671642,2991.613636,0.2875982568,0.9513888889,48,,,,,,0,0,0,0,0,,,,,,,,,,0,,,,,,,,,,288,0.9318181818,0,1,0,23,0.09305486072,265,0.1454764492,0.0008282337151,0.004045863509,0.01888718294,,,,5.857421875,19.75611328,25.61353516,566.5634766,0.546875,0,567.1103516,0.546875,0.9384765625,23,5.078125,23.84960938,0,1.151367188,28.92773438,2086812,139.446629,14.96495121,0.002932,1.351196,0,1.354128
91,hl#1,hl,2086812,3479,1,0.8181818182,0.9,1057.795455,0.125308412,0.8472222222,96,,,,,,0,0,0,0,0,,,,,,,,,,0,,,,,,,,,,576,1,0,1,0,36,0.1457424052,540,0.2691598477,0.0007203164111,0.004048400143,0.02205661075,,,,11.48828125,38.42295898,49.91124023,1129.391602,0.65625,0,1130.047852,0.65625,1.266601562,36,5.078125,29.63671875,0,1.9765625,34.71484375,2086812,158.781083,13.14269912,0.007288,2.415629,0,2.422917
91,hl#2,hl,2086812,3479,1,1,1,105.8409091,0.01406923422,0.9766666667,192,,,,,,0,0,0,0,0,,,,,,,,,,0,,,,,,,,,,1152,1,0,1,0,44,0.1763057717,1108,0.4139793139,0.0005124002479,0.004006949356,0.02213615793,,,,22.75,72.64264648,95.39264648,2254.588867,0.71875,0,2255.307617,0.71875,1.463867188,44,5.078125,39.6484375,0,2.549804688,44.7265625,2086812,153.075179,13.63259552,0.010102,5.08525,0,5.095352
91,hl#3,hl,2086812,3479,1,1,1,13.90909091,0.002756383997,0.99,384,,,,,,0,0,0,0,0,,,,,,,,,,0,,,,,,,,,,2304,1,0,1,0,44,0.1781636295,2260,0.5274428171,0.000306252798,0.004049173398,0.02213759553,,,,45.2734375,137.1334473,182.4068848,4504.588867,0.71875,0,4505.307617,0.71875,1.463867188,44,5.078125,61.234375,0,2.549804688,66.3125,2086812,137.429664,15.18458198,0.019272,9.740155,0,9.759427
91,ss[policy=difficulty],ss,2086812,3479,0.9361702128,1,0.967032967,165.1363636,0.02881740901,1,1015,1015,,,,,0,0,0,0,0,,,,0.0002491839227,0,,1015,0,0,0,1015,1015,1015,1015,0,0,1,1,0,47,1,44,1,0.1817624204,3,0.005167211996,0,0,8.466543755e-05,0.0001658031485,0.0002822487124,,,,39.91375,84.88193359,124.7956836,2121.161133,5.3125,0,2126.473633,1.796875,2.590820312,47,5.46875,14.3984375,9.65625,1.31640625,19.8671875,2086812,153.572611,13.58843863,0.021944,22.267527,0.008551,22.298022
91,hybrid[head=topn-frontier reducer=streaming],hybrid,2086812,3479,0.9777777778,1,0.9887640449,24.65909091,0.005578505664,1,1110,1106,600,510,600,506,390,210,210,9640,4240,0.4398340249,1,1.677957,0.0006555453965,0,,506,1,0,0,506,506,506,506,0,0,1.007905138,1.007905138,-0.007874056431,45,1,44,1,0.1788004861,1,0.001714097868,0,0,2.612171634e-05,0.0006555453965,0.0006555453965,,,,32.15804687,34.33277344,66.49082031,1345.536133,420.1875,414.0625,1765.723633,6.125,9.668945312,210,5.46875,76.5234375,128.2402344,1.369140625,128.2402344,2086812,194.605887,10.72327272,0.065633,8.297165,0.374196,8.736994
92,hl,hl,2028604,3382,1,0.5135135135,0.6785714286,3797.594595,0.3414835806,0.9375,48,,,,,,0,0,0,0,0,,,,,,,,,,0,,,,,,,,,,288,0.9189189189,0,1,0,19,0.06641168015,269,0.1449602781,0.0007339304106,0.003495351587,0.01690522152,,,,5.857421875,19.80544922,25.66287109,566.3740234,0.421875,0,566.7958984,0.421875,0.7490234375,19,5.078125,23.06835938,0,0.8603515625,28.14648438,2028604,142.452744,14.24054001,0.004291,1.337264,0,1.341555
92,hl#1,hl,2028604,3382,1,0.7837837838,0.8787878788,929.8648649,0.1386483505,0.8350694444,96,,,,,,0,0,0,0,0,,,,,,,,,,0,,,,,,,,,,576,1,0,1,0,29,0.1267467677,547,0.2749161492,0.0006973314531,0.004370578198,0.02268555125,,,,11.48828125,38.47682617,49.96510742,1129.137695,0.515625,0,1129.65332,0.515625,1.012695312,29,5.078125,30.41796875,0,1.485351562,35.49609375,2028604,164.522948,12.33021913,0.004705,2.471518,0,2.476223
92,hl#2,hl,2028604,3382,1,0.9459459459,0.9722222222,210.7297297,0.02884522476,0.9716666667,192,,,,,,0,0,0,0,0,,,,,,,,,,0,,,,,,,,,,1152,1,0,1,0,35,0.1458993475,1117,0.431091529,0.0005008601358,0.004168552787,0.02276885977,,,,22.75,73.72147461,96.47147461,2254.329102,0.609375,0,2254.938477,0.609375,1.204101562,35,5.078125,40.2734375,0,2.015625,45.3515625,2028604,163.080075,12.43931241,0.011497,5.052647,0,5.064144
92,hl#3,hl,2028604,3382,1,1,1,13.51351351,0.002712189111,0.9916666667,384,,,,,,0,0,0,0,0,,,,,,,,,,0,,,,,,,,,,2304,1,0,1,0,37,0.1521494584,2267,0.543057196,0.0003017389993,0.004112147526,0.02277773286,,,,45.2734375,143.815752,189.0891895,4504.362305,0.609375,0,4504.97168,0.609375,1.237304688,37,5.078125,61.3125,0,2.159179688,66.390625,2028604,144.888229,14.00116499,0.020317,14.249624,0,14.269941
92,ss[policy=difficulty],ss,2028604,3382,0.925,1,0.961038961,171.1891892,0.03211732718,1,1015,1015,,,,,0,0,0,0,0,,,,0.0002435172168,0,,1015,0,0,0,1015,1015,1015,1015,0,0,1,1,0,40,1,37,1,0.1553654631,3,0.005135058395,0,0,9.33400506e-05,0.000203752597,0.0002775307551,,,,40.16230469,69.05792969,109.2202344,2143.522461,5.078125,0,2148.600586,1.5625,2.241210938,40,5.46875,14.3984375,9.65625,1.091796875,19.8671875,2028604,159.665672,12.70532341,0.029759,22.584932,0.009799,22.62449
92,hybrid[head=topn-frontier reducer=streaming],hybrid,2028604,3382,1,1,1,29.7027027,0.008395063905,1,1106,1106,600,506,600,506,390,210,210,9640,4240,0.4398340249,1,1.594555,0.0005092171759,0,,506,0,0,0,506,506,506,506,0,0,1,1,0,37,1,37,1,0.1527198014,0,0,0,0,1.464194229e-05,0,0.0005092171759,,,,32.17472656,42.63148437,74.80621094,1346.771484,420,414.0625,1766.771484,5.9375,9.451171875,210,5.46875,76.1484375,127.7089844,1.206054688,127.7089844,2028604,203.817272,9.953052458,0.081918,8.424261,0.375338,8.881517
93,hl,hl,2033464,3390,1,0.4583333333,0.6285714286,3187.145833,0.3548298049,0.9270833333,48,,,,,,0,0,0,0,0,,,,,,,,,,0,,,,,,,,,,288,0.9375,0,1,0,22,0.07189013427,266,0.1444200635,0.0007510770756,0.003267733376,0.0197411904,,,,5.857421875,19.9009375,25.75835938,566.4755859,0.46875,0,566.9443359,0.46875,0.8505859375,22,5.078125,24.70898438,0,1.09765625,29.78710938,2033464,148.150426,13.72567096,0.004241,1.408896,0,1.413137
93,hl#1,hl,2033464,3390,1,0.7708333333,0.8705882353,711.5833333,0.1154039201,0.8506944444,96,,,,,,0,0,0,0,0,,,,,,,,,,0,,,,,,,,,,576,1,0,1,0,37,0.1416853212,539,0.271228308,0.0007168639395,0.003829333006,0.02268395211,,,,11.48828125,38.58926758,50.07754883,1129.458008,0.703125,0,1130.161133,0.703125,1.333007812,37,5.078125,29.48046875,0,1.967773438,34.55859375,2033464,169.585878,11.99076258,0.004507,2.57813,0,2.582637
93,hl#2,hl,2033464,3390,1,0.9791666667,0.9894736842,50.27083333,0.0101014351,0.9816666667,192,,,,,,0,0,0,0,0,,,,,,,,,,0,,,,,,,,,,1152,1,0,1,0,47,0.1698136775,1105,0.4128354375,0.0005057718012,0.003613056969,0.02273903054,,,,22.75,75.97318359,98.72318359,2254.748047,0.828125,0,2255.576172,0.828125,1.623046875,47,5.078125,40.9765625,0,2.65234375,46.0546875,2033464,165.989033,12.25059248,0.012289,5.576582,0,5.588871
93,hl#3,hl,2033464,3390,1,1,1,10.79166667,0.001991708371,0.995,384,,,,,,0,0,0,0,0,,,,,,,,,,0,,,,,,,,,,2304,1,0,1,0,48,0.1722356531,2256,0.5278691927,0.0003038649504,0.003588242772,0.02273214574,,,,45.2734375,143.6107031,188.8841406,4504.717773,0.78125,0,4505.499023,0.78125,1.592773438,48,5.078125,62.015625,0,2.772460938,67.09375,2033464,147.03194,13.83008345,0.019375,10.334113,0,10.353488
93,ss[policy=difficulty],ss,2033464,3390,0.96,1,0.9795918367,147.2916667,0.02828676132,1,1015,1015,,,,,0,0,0,0,0,,,,0.0002291656012,0,,1015,0,0,0,1015,1015,1015,1015,0,0,1,1,0,50,1,48,1,0.175830504,2,0.003468465633,0,0,7.564431925e-05,0.0001526951055,0.0002301491445,,,,40.23390625,72.54674805,112.7806543,2159.672852,5.359375,0,2165.032227,1.84375,2.688476562,50,5.46875,14.3984375,9.65625,1.389648438,19.8671875,2033464,163.346525,12.44877416,0.015446,24.359274,0.011047,24.385767
93,hybrid[head=topn-frontier reducer=streaming],hybrid,2033464,3390,0.9795918367,1,0.9896907216,72.66666667,0.01574968747,1,1106,1106,600,506,600,506,396,204,204,9640,4120,0.4273858921,1,1.547504,0.0002832604856,0,,506,0,0,0,506,506,506,506,0,0,1,1,0,49,1,48,1,0.1740689779,1,0.001800376107,0,0,3.856895004e-05,0.0001745789451,0.0002832604856,,,,32.21945313,35.52450195,67.74395508,1353.589844,408.34375,402.34375,1761.933594,6,9.37890625,204,5.46875,77.0234375,128.7695312,1.423828125,128.7695312,2033464,200.164774,10.15895035,0.149955,10.324457,0.361338,10.83575
94,hl,hl,2036049,3394,1,0.6,0.75,3581,0.2912458796,0.9375,48,,,,,,0,0,0,0,0,,,,,,,,,,0,,,,,,,,,,288,0.925,0,1,0,24,0.0773822241,264,0.1386061927,0.0007499597805,0.003224259338,0.0117452969,,,,5.857421875,19.81972656,25.67714844,566.5097656,0.46875,0,566.9785156,0.46875,0.884765625,24,5.078125,22.20898438,0,1.240234375,27.28710938,2036049,135.214922,15.05787209,0.003048,1.374988,0,1.378036
94,hl#1,hl,2036049,3394,1,0.825,0.904109589,512.625,0.06977612775,0.8472222222,96,,,,,,0,0,0,0,0,,,,,,,,,,0,,,,,,,,,,576,1,0,1,0,33,0.1423762395,543,0.2761097596,0.0007265381929,0.004314431499,0.02181234342,,,,11.48828125,38.79753906,50.28582031,1129.266602,0.578125,0,1129.844727,0.578125,1.141601562,33,5.078125,29.08984375,0,1.875976562,34.16796875,2036049,153.275073,13.28362766,0.004754,2.561454,0,2.566208
94,hl#2,hl,2036049,3394,1,1,1,50.575,0.009671229464,0.97,192,,,,,,0,0,0,0,0,,,,,,,,,,0,,,,,,,,,,1152,1,0,1,0,40,0.1620358842,1112,0.4230340232,0.0005078731836,0.004050897105,0.02185016176,,,,22.75,72.27584961,95.02584961,2254.494141,0.6875,0,2255.181641,0.6875,1.369140625,40,5.078125,40.6640625,0,2.297851562,45.7421875,2036049,149.796703,13.59208153,0.013075,5.325283,0,5.338358
94,hl#3,hl,2036049,3394,1,1,1,10.325,0.001932710739,0.9933333333,384,,,,,,0,0,0,0,0,,,,,,,,,,0,,,,,,,,,,2304,1,0,1,0,40,0.1627834104,2264,0.5392198321,0.0003046889074,0.00406958526,0.02184426799,,,,45.2734375,135.3007812,180.5742188,4504.462891,0.65625,0,4505.119141,0.65625,1.337890625,40,5.078125,61.390625,0,2.330078125,66.46875,2036049,131.688248,15.46112908,0.019786,10.098824,0,10.11861
94,ss[policy=difficulty],ss,2036049,3394,0.9090909091,1,0.9523809524,145.025,0.02707429025,1,1015,982,,,,,0,0,0,0,0,,,,0.0002332949747,0,,982,1,0,0,982,982,982,982,0,0,1.033604888,1.033604888,-0.03305258312,44,1,40,1,0.1656723389,4,0.007112304272,0,0,8.580566846e-05,0.0002315759591,0.0002681664341,,,,40.07195313,69.08308594,109.1550391,2143.106445,5.296875,0,2148.40332,1.78125,2.528320312,44,5.46875,14.3984375,9.65625,1.216796875,19.8671875,2036049,151.878422,13.4057819,0.015462,22.439939,0.017831,22.473232
94,hybrid[head=topn-frontier reducer=streaming],hybrid,2036049,3394,0.9523809524,1,0.9756097561,32.725,0.004629912138,1,1106,1106,600,506,600,506,397,203,203,9640,4100,0.4253112033,1,5.31815,0.0006355446259,0,,506,0,0,0,506,506,506,506,0,0,1,1,0,42,1,40,1,0.1634661052,2,0.004144301046,0,0,4.248424277e-05,0.0005707131803,0.0006355446259,,,,32.14035156,34.74086914,66.8812207,1347.939453,406.21875,400.390625,1754.158203,5.828125,9.205078125,203,5.46875,76.5234375,128.1181641,1.2734375,128.1181641,2036049,189.180457,10.76247004,0.065618,8.332386,0.706387,9.104391
95,hl,hl,2112010,3521,1,0.575,0.7301587302,3782.925,0.2832337625,0.9375,48,,,,,,0,0,0,0,0,,,,,,,,,,0,,,,,,,,,,288,0.925,0,1,0,23,0.0955928239,265,0.1438132395,0.0008312710535,0.004156209735,0.01621962017,,,,5.857421875,19.81125,25.66867188,566.59375,0.578125,0,567.171875,0.578125,0.96875,23,5.078125,23.77148438,0,0.9580078125,28.84960938,2112010,129.335033,16.32975963,0.011346,1.459447,0,1.470793
95,hl#1,hl,2112010,3521,1,0.925,0.961038961,628.425,0.08510028249,0.8524305556,96,,,,,,0,0,0,0,0,,,,,,,,,,0,,,,,,,,,,576,1,0,1,0,37,0.1700337593,539,0.264338237,0.0007541180492,0.004595507008,0.02182707468,,,,11.48828125,38.75078125,50.2390625,1129.457031,0.703125,0,1130.160156,0.703125,1.33203125,37,5.078125,31.12109375,0,1.83984375,36.19921875,2112010,144.668779,14.5989343,0.009671,2.6143,0,2.623971
95,hl#2,hl,2112010,3521,1,0.975,0.9873417722,51.6,0.01040657324,0.9816666667,192,,,,,,0,0,0,0,0,,,,,,,,,,0,,,,,,,,,,1152,1,0,1,0,39,0.1833016889,1113,0.4154137528,0.0005197182654,0.004700043305,0.02190141145,,,,22.75,73.71703125,96.46703125,2254.429688,0.640625,0,2255.070312,0.640625,1.3046875,39,5.078125,41.6796875,0,2.2734375,46.7578125,2112010,141.813992,14.89281819,0.01416,5.398708,0,5.412868
95,hl#3,hl,2112010,3521,1,1,1,10.075,0.001775661981,0.99,384,,,,,,0,0,0,0,0,,,,,,,,,,0,,,,,,,,,,2304,1,0,1,0,40,0.1856288559,2264,0.5272692838,0.0003094175954,0.004640721398,0.02190851369,,,,45.2734375,140.1910645,185.464502,4504.462891,0.65625,0,4505.119141,0.65625,1.337890625,40,5.078125,62.40625,0,2.330078125,67.484375,2112010,126.393629,16.7097821,0.022048,9.853942,0,9.87599
95,ss[policy=difficulty],ss,2112010,3521,0.9090909091,1,0.9523809524,161.65,0.029119243,1,982,982,,,,,0,0,0,0,0,,,,0.0002220633425,0,,982,0,0,0,982,982,982,982,0,0,1,1,0,44,1,40,1,0.1887183299,4,0.006863603866,0,0,8.082563314e-05,0.000123697331,0.0002518927467,,,,38.49027344,83.16171875,121.6519922,2016.761719,5.234375,0,2021.996094,1.71875,2.46484375,44,5.46875,14.3984375,9.65625,1.25,19.8671875,2112010,141.159214,14.96189969,0.013121,21.155993,0.010099,21.179213
95,hybrid[head=topn-frontier reducer=streaming],hybrid,2112010,3521,0.9756097561,1,0.987654321,38.9,0.008362105321,1,1106,1069,600,506,600,469,403,197,197,9640,3980,0.4128630705,0,17.065157,0.0004502819589,0,,469,1,0,0,469,469,469,469,0,0,1.078891258,1.078891258,-0.07593390084,41,1,40,1,0.1862628491,1,0.001903400079,0,0,2.479432089e-05,0.0002798282205,0.0004502819589,,,,31.74441406,42.27977539,74.02418945,1322.976562,947.109375,941.40625,2270.085938,5.703125,8.9921875,197,5.46875,76.5234375,128.0839844,1.276367188,128.0839844,2112010,175.298415,12.04808383,0.077339,8.352266,0.368439,8.798044
96,hl,hl,2120122,3534,1,0.4615384615,0.6315789474,4490.461538,0.3254748925,0.9201388889,48,,,,,,0,0,0,0,0,,,,,,,,,,0,,,,,,,,,,288,0.9743589744,0,1,0,18,0.07977654116,270,0.1495640345,0.0007963214433,0.004432030065,0.01850365215,,,,5.857421875,19.80431641,25.66173828,566.4599609,0.53125,0,566.9912109,0.53125,0.8349609375,18,5.078125,23.69335938,0,0.8349609375,28.77148438,2120122,141.854259,14.94577614,0.002772,1.435001,0,1.437773
96,hl#1,hl,2120122,3534,1,0.7692307692,0.8695652174,687.6153846,0.07847823171,0.8142361111,96,,,,,,0,0,0,0,0,,,,,,,,,,0,,,,,,,,,,576,1,0,1,0,30,0.1604884059,546,0.2742370486,0.0007547316918,0.005349613529,0.02180393392,,,,11.48828125,38.27607422,49.76435547,1129.196289,0.5625,0,1129.758789,0.5625,1.071289062,30,5.078125,29.08984375,0,1.669921875,34.16796875,2120122,158.391577,13.38532036,0.010203,2.551038,0,2.561241
96,hl#2,hl,2120122,3534,1,1,1,34.33333333,0.006140068413,0.9716666667,192,,,,,,0,0,0,0,0,,,,,,,,,,0,,,,,,,,,,1152,1,0,1,0,39,0.1864708729,1113,0.4141889005,0.0005214060533,0.004781304433,0.02182421578,,,,22.75,71.71017578,94.46017578,2254.420898,0.640625,0,2255.061523,0.640625,1.295898438,39,5.078125,40.2734375,0,2.264648438,45.3515625,2120122,156.055241,13.58571482,0.014207,5.247475,0,5.261682
96,hl#3,hl,2120122,3534,1,1,1,5.974358974,0.0009899798281,0.9916666667,384,,,,,,0,0,0,0,0,,,,,,,,,,0,,,,,,,,,,2304,1,0,1,0,39,0.1869321671,2265,0.5272206033,0.00030996214,0.00479313249,0.02181761238,,,,45.2734375,134.5324023,179.8058398,4504.420898,0.640625,0,4505.061523,0.640625,1.295898438,39,5.078125,61.3125,0,2.264648438,66.390625,2120122,139.044071,15.24784182,0.02222,9.70002,0,9.72224
96,ss[policy=difficulty],ss,2120122,3534,0.9285714286,1,0.962962963,136.7948718,0.02354519598,1,982,982,,,,,0,0,0,0,0,,,,0.0002212136849,0,,982,0,0,0,982,982,982,982,0,0,1,1,0,42,1,39,1,0.1894716436,3,0.005194984062,0,0,7.507429604e-05,0.0002122519364,0.0002485706011,,,,38.41402344,79.00825195,117.4222754,2007.204102,5.328125,0,2012.532227,1.8125,2.516601562,42,5.46875,14.3984375,9.65625,1.135742188,19.8671875,2120122,152.66397,13.88750731,0.013833,21.171285,0.008436,21.193554
96,hybrid[head=topn-frontier reducer=streaming],hybrid,2120122,3534,0.9512195122,1,0.975,31.48717949,0.006443421968,1,1069,1069,600,469,600,469,412,188,188,9640,3800,0.3941908714,1,1.535948,0.0004485590924,0,,469,0,0,0,469,469,469,469,0,0,1,1,0,41,1,39,1,0.1875344909,2,0.003645073255,0,0,3.496117262e-05,0.0004270980632,0.0004485590924,,,,30.81800781,36.12641602,66.94442383,1260.649414,376.59375,371.09375,1637.243164,5.5,8.618164062,188,5.46875,76.5234375,128.0693359,1.268554688,128.0693359,2120122,182.410358,11.62281585,0.076203,7.959293,0.352306,8.387802
97,hl,hl,1947910,3247,1,0.6363636364,0.7777777778,5645.575758,0.2985656479,0.9444444444,48,,,,,,0,0,0,0,0,,,,,,,,,,0,,,,,,,,,,288,0.9393939394,0,1,0,21,0.06237095143,267,0.1376624177,0.0006945603094,0.002970045306,0.00951994702,,,,5.857421875,19.80095703,25.65837891,566.4013672,0.421875,0,566.8232422,0.421875,0.7763671875,21,5.078125,23.61523438,0,1.126953125,28.69335938,1947910,128.194826,15.19491902,0.003193,1.327201,0,1.330394
97,hl#1,hl,1947910,3247,1,0.8787878788,0.935483871,788.969697,0.06324479675,0.8350694444,96,,,,,,0,0,0,0,0,,,,,,,,,,0,,,,,,,,,,576,1,0,1,0,29,0.1512687958,547,0.2742092807,0.0007386772162,0.005216165372,0.02225256814,,,,11.48828125,38.07814453,49.56642578,1129.163086,0.546875,0,1129.709961,0.546875,1.038085938,29,5.078125,28.15234375,0,1.479492188,33.23046875,1947910,143.286692,13.59449348,0.004675,2.362488,0,2.367163
97,hl#2,hl,1947910,3247,1,1,1,47.90909091,0.008942942248,0.9766666667,192,,,,,,0,0,0,0,0,,,,,,,,,,0,,,,,,,,,,1152,1,0,1,0,33,0.1697829982,1119,0.4242706285,0.000515671551,0.005144939339,0.02481531488,,,,22.75,72.81966797,95.56966797,2254.261719,0.578125,0,2254.839844,0.578125,1.13671875,33,5.078125,39.9609375,0,1.703125,45.0390625,1947910,141.710015,13.7457469,0.008591,5.026554,0,5.035145
97,hl#3,hl,1947910,3247,1,1,1,10.39393939,0.001990552692,0.9966666667,384,,,,,,0,0,0,0,0,,,,,,,,,,0,,,,,,,,,,2304,1,0,1,0,33,0.170443193,2271,0.5401363513,0.0003084112605,0.005164945241,0.02484047004,,,,45.2734375,137.8584277,183.1318652,4504.261719,0.578125,0,4504.839844,0.578125,1.13671875,33,5.078125,61.3125,0,1.703125,66.390625,1947910,126.397292,15.41101055,0.01932,9.491017,0,9.510337
97,ss[policy=difficulty],ss,1947910,3247,0.9166666667,1,0.9565217391,180.1515152,0.03335631319,1,982,1023,,,,,0,0,0,0,0,,,,0.0002602789657,1,1023,1023,0,0,1023,1023,1023,1023,1023,1,1,0.9599217986,0.9599217986,0.0409034576,36,1,33,1,0.173576808,3,0.005108038872,0,0,9.602884915e-05,0.0001350165049,0.0002628458194,,,,38.65984375,68.41013672,107.0699805,2050.658203,4.953125,0,2055.611328,1.4375,2.048828125,36,5.46875,14.3984375,9.65625,1.02734375,19.8671875,1947910,141.530509,13.76318091,0.013655,21.592416,0.023677,21.629748
97,hybrid[head=topn-frontier reducer=streaming],hybrid,1947910,3247,0.9428571429,1,0.9705882353,37.63636364,0.01078991458,1,1069,1069,600,469,600,469,404,196,196,9640,3960,0.4107883817,1,1.526371,0.0005400660195,0,,469,0,0,0,469,469,469,469,0,0,1,1,0,35,1,33,1,0.1711624254,2,0.003647499114,0,0,3.873748934e-05,0.0003591028333,0.0005400660195,,,,30.98761719,34.23355469,65.22117188,1265.376953,392.5,386.71875,1657.876953,5.78125,9.166015625,196,5.46875,76.2734375,128.0097656,1.103515625,128.0097656,1947910,174.219368,11.18078904,0.06335,7.839127,0.362911,8.265388
98,hl,hl,2036630,3395,1,0.5588235294,0.7169811321,5353.676471,0.3083804772,0.9340277778,48,,,,,,0,0,0,0,0,,,,,,,,,,0,,,,,,,,,,288,0.9411764706,0,1,0,19,0.06811595626,269,0.140764891,0.0007252807197,0.00358505033,0.01479257401,,,,5.857421875,19.78507812,25.6425,566.4003906,0.453125,0,566.8535156,0.453125,0.775390625,19,5.078125,23.77148438,0,0.95703125,28.84960938,2036630,129.326251,15.74800154,0.003256,2.197933,0,2.201189
98,hl#1,hl,2036630,3395,1,0.8529411765,0.9206349206,1298.176471,0.09509087121,0.8368055556,96,,,,,,0,0,0,0,0,,,,,,,,,,0,,,,,,,,,,576,1,0,1,0,29,0.1445603767,547,0.2717297693,0.0007227259479,0.004984840576,0.02266145544,,,,11.48828125,38.82191406,50.31019531,1129.193359,0.578125,0,1129.771484,0.578125,1.068359375,29,5.078125,28.69921875,0,1.450195312,33.77734375,2036630,145.401142,14.00697389,0.017548,3.966525,0,3.984073
98,hl#2,hl,2036630,3395,1,1,1,54.67647059,0.009966809657,0.97,192,,,,,,0,0,0,0,0,,,,,,,,,,0,,,,,,,,,,1152,1,0,1,0,34,0.1733122855,1118,0.4203070759,0.0005152945845,0.005097420162,0.02566347348,,,,22.75,73.71000977,96.46000977,2254.291992,0.59375,0,2254.885742,0.59375,1.166992188,34,5.078125,40.1171875,0,1.888671875,45.1953125,2036630,142.344724,14.30773086,0.019441,7.068358,0,7.087799
98,hl#3,hl,2036630,3395,1,1,1,6,0.0009837151038,0.9916666667,384,,,,,,0,0,0,0,0,,,,,,,,,,0,,,,,,,,,,2304,1,0,1,0,34,0.17409937,2270,0.5342605186,0.0003074478683,0.005120569707,0.02566887456,,,,45.2734375,137.3482422,182.6216797,4504.291992,0.59375,0,4504.885742,0.59375,1.166992188,34,5.078125,61.15625,0,1.920898438,66.234375,2036630,127.285273,16.00051563,0.028132,15.640976,0,15.669108
98,ss[policy=difficulty],ss,2036630,3395,0.9714285714,1,0.9855072464,155.2941176,0.02727312944,1,1023,1023,,,,,0,0,0,0,0,,,,0.0002160431694,0,,1023,0,0,0,1023,1023,1023,1023,0,0,1,1,0,35,1,34,1,0.1766545715,1,0.001671879526,0,0,7.635863447e-05,8.00341741e-05,0.000224881299,,,,39.69613281,69.8009375,109.4970703,2100.489258,4.90625,0,2105.395508,1.390625,1.981445312,35,5.46875,14.3984375,9.65625,1.000976562,19.8671875,2036630,143.610418,14.18163131,0.027817,35.973289,0.011564,36.01267
98,hybrid[head=topn-frontier reducer=streaming],hybrid,2036630,3395,1,1,1,0,0,1,1069,1069,600,469,600,469,392,208,208,9640,4200,0.4356846473,1,1.647059,0,0,,469,0,0,0,469,469,469,469,0,0,1,1,0,34,1,34,1,0.1740620535,0,0,0,0,0,0,0,,,,30.96972656,41.41582031,72.38554688,1266.299805,416.1875,410.15625,1682.487305,6.03125,9.502929688,208,5.46875,76.0234375,127.7841797,1.078125,127.7841797,2036630,176.175125,11.56025858,0.066617,8.066784,0.36308,8.496481
99,hl,hl,2099858,3500,1,0.6666666667,0.8,6165.424242,0.3140450131,0.9375,48,,,,,,0,0,0,0,0,,,,,,,,,,0,,,,,,,,,,288,0.9090909091,0,1,0,22,0.06539823169,266,0.143678763,0.0007259617873,0.002972646895,0.008627250033,,,,5.857421875,19.79972656,25.65714844,566.5927734,0.59375,0,567.1865234,0.59375,0.9677734375,22,5.078125,23.92773438,0,0.9296875,29.00585938,2099858,135.674476,15.47717789,0.002705,1.394412,0,1.397117
99,hl#1,hl,2099858,3500,1,0.9090909091,0.9523809524,823.3636364,0.09559172454,0.8246527778,96,,,,,,0,0,0,0,0,,,,,,,,,,0,,,,,,,,,,576,1,0,1,0,30,0.1555995691,546,0.275100983,0.0007477440141,0.005186652304,0.02843430365,,,,11.48828125,38.54375977,50.03204102,1129.196289,0.5625,0,1129.758789,0.5625,1.071289062,30,5.078125,30.65234375,0,1.640625,35.73046875,2099858,152.131119,13.80294849,0.007874,2.483122,0,2.490996
99,hl#2,hl,2099858,3500,1,1,1,35.51515152,0.005814443026,0.9716666667,192,,,,,,0,0,0,0,0,,,,,,,,,,0,,,,,,,,,,1152,1,0,1,0,33,0.1719368643,1119,0.4257625992,0.0005188363398,0.005210208009,0.02856859845,,,,22.75,72.67712891,95.42712891,2254.260742,0.578125,0,2254.838867,0.578125,1.135742188,33,5.078125,40.3515625,0,1.900390625,45.4296875,2099858,149.7941,14.01829578,0.011087,5.058017,0,5.069104
99,hl#3,hl,2099858,3500,1,1,1,7.727272727,0.00117399144,0.9883333333,384,,,,,,0,0,0,0,0,,,,,,,,,,0,,,,,,,,,,2304,1,0,1,0,33,0.1723726081,2271,0.5382787789,0.0003084424422,0.005223412365,0.0285947907,,,,45.2734375,138.1363184,183.4097559,4504.229492,0.546875,0,4504.776367,0.546875,1.104492188,33,5.078125,61.390625,0,1.932617188,66.46875,2099858,134.197961,15.64746576,0.018662,9.732349,0,9.751011
99,ss[policy=difficulty],ss,2099858,3500,0.9705882353,1,0.9850746269,142.0909091,0.0215068083,1,1023,929,,,,,0,0,0,0,0,,,,0.0002038233061,0,,929,1,0,0,929,929,929,929,0,0,1.101184069,1.101184069,-0.09638602714,34,1,33,1,0.1746175218,1,0.001672494045,0,0,6.781971195e-05,7.286206972e-05,0.0002057281969,,,,39.53324219,69.26837891,108.8016211,2081.043945,4.953125,0,2085.99707,1.4375,2.012695312,34,5.46875,14.3984375,9.65625,0.9501953125,19.8671875,2099858,151.027084,13.90385052,0.016585,22.546671,0.015605,22.578861
99,hybrid[head=topn-frontier reducer=streaming],hybrid,2099858,3500,0.96875,0.9393939394,0.9538461538,129,0.02912628812,1,1069,1118,600,469,600,518,396,204,204,9640,4120,0.4273858921,1,1.999215,0.0007357640374,1,518,518,0,0,518,518,518,518,518,1,1,0.9054054054,0.9054054054,0.09937247381,34,1,31,1,0.1691504854,3,0.004143613521,0,0,8.658848808e-05,0.0006827445792,0.0007357640374,,,,30.88824219,37.22630859,68.11455078,1260.390625,408.125,402.34375,1668.515625,5.78125,9.234375,204,5.46875,76.5234375,128.09375,1.103515625,128.09375,2099858,181.199068,11.58867992,0.070098,7.975988,0.370672,8.416758
100,hl,hl,2131684,3553,1,0.4864864865,0.6545454545,6360.27027,0.3207205404,0.9340277778,48,,,,,,0,0,0,0,0,,,,,,,,,,0,,,,,,,,,,288,0.9189189189,0,1,0,18,0.06634238471,270,0.1431745981,0.0007274895237,0.003685688039,0.01523115058,,,,5.857421875,19.76556641,25.62298828,566.3691406,0.4375,0,566.8066406,0.4375,0.744140625,18,5.078125,23.14648438,0,0.8359375,28.22460938,2131684,147.537216,14.4484494,0.003045,1.390545,0,1.39359
100,hl#1,hl,2131684,3553,1,0.8378378378,0.9117647059,1604.27027,0.1071037112,0.8350694444,96,,,,,,0,0,0,0,0,,,,,,,,,,0,,,,,,,,,,576,1,0,1,0,31,0.1618509122,545,0.2645270124,0.0007402394526,0.005220997169,0.02532739374,,,,11.48828125,38.4355957,49.92387695,1129.259766,0.609375,0,1129.869141,0.609375,1.134765625,31,5.078125,27.68359375,0,1.598632812,32.76171875,2131684,162.342047,13.13081878,0.007322,2.440257,0,2.447579
100,hl#2,hl,2131684,3553,1,0.972972973,0.9863013699,210.0540541,0.02317011393,0.965,192,,,,,,0,0,0,0,0,,,,,,,,,,0,,,,,,,,,,1152,1,0,1,0,36,0.1933804448,1116,0.4064537708,0.0005206894232,0.005371679021,0.03907145712,,,,22.75,71.77390625,94.52390625,2254.359375,0.625,0,2254.984375,0.625,1.234375,36,5.078125,39.3359375,0,2.069335938,44.4140625,2131684,157.014919,13.576315,0.011543,4.930577,0,4.94212
100,hl#3,hl,2131684,3553,0.9736842105,1,0.9866666667,8.378378378,0.001552201761,0.99,384,,,,,,0,0,0,0,0,,,,,,,,,,0,,,,,,,,,,2304,1,0,1,0,38,0.199934418,2266,0.514754063,0.0003101946532,0.005261432054,0.03910335678,,,,45.2734375,133.4350098,178.7084473,4504.390625,0.625,0,4505.015625,0.625,1.265625,38,5.078125,60.84375,0,2.2109375,65.921875,2131684,141.387661,15.07687435,0.016374,9.414053,0,9.430427
100,ss[policy=difficulty],ss,2131684,3553,0.9736842105,1,0.9866666667,225.1351351,0.03777663543,1,929,1029,,,,,0,0,0,0,0,,,,0.0002767764828,1,1029,1029,0,1,1029,1029,1029,1029,1029,1,1,0.9028182702,0.9028182702,0.102233997,38,1,37,1,0.2021500372,1,0.00171882887,0,0,0.0001042294311,5.300973315e-05,0.0002772455955,,,,37.06546875,69.49161133,106.5570801,1920.398438,5.140625,0,1925.539062,1.625,2.265625,38,5.46875,14.3984375,9.65625,1.041992188,19.8671875,2131684,155.659866,13.69449978,0.296854,23.152063,0.010572,23.459489
100,hybrid[head=topn-frontier reducer=streaming],hybrid,2131684,3553,1,1,1,35.13513514,0.003829910742,1,1118,1118,600,518,600,518,392,208,208,9640,4200,0.4356846473,1,1.636319,0.0004747420349,0,,518,0,0,0,518,518,518,518,0,0,1,1,0,37,1,37,1,0.1985819662,0,0,0,0,1.64823375e-05,0,0.0004747420349,,,,33.54023437,40.81208984,74.35232422,1329.49707,416.0625,410.15625,1745.55957,5.90625,9.465820312,208,5.46875,76.2734375,128.0048828,1.154296875,128.0048828,2131684,195.329973,10.91324576,0.074351,8.33258,0.366117,8.773048
101,hl,hl,2085628,3477,1,0.5151515152,0.68,5796.060606,0.3666777513,0.9513888889,48,,,,,,0,0,0,0,0,,,,,,,,,,0,,,,,,,,,,288,0.9090909091,0,1,0,17,0.06537311544,271,0.1477770724,0.0007401048189,0.003845477379,0.01320945058,,,,5.857421875,19.81759766,25.67501953,566.3632812,0.453125,0,566.8164062,0.453125,0.73828125,17,5.078125,25.41210938,0,0.7470703125,30.49023438,2085628,128.060737,16.2862408,0.003863,1.412716,0,1.416579
101,hl#1,hl,2085628,3477,1,0.7878787879,0.8813559322,1515.454545,0.1420087625,0.8385416667,96,,,,,,0,0,0,0,0,,,,,,,,,,0,,,,,,,,,,576,1,0,1,0,26,0.1387769056,550,0.2794213541,0.0007260386453,0.005337573291,0.02209166735,,,,11.48828125,37.58303711,49.07131836,1129.063477,0.5,0,1129.563477,0.5,0.9384765625,26,5.078125,29.63671875,0,1.37890625,34.71484375,2085628,144.972789,14.38634115,0.004984,2.570374,0,2.575358
101,hl#2,hl,2085628,3477,0.9705882353,1,0.9850746269,455.5454545,0.03608959356,0.9716666667,192,,,,,,0,0,0,0,0,,,,,,,,,,0,,,,,,,,,,1152,1,0,1,0,34,0.1673548687,1118,0.4184825865,0.0005085394576,0.004922202019,0.0260856682,,,,22.75,69.26737305,92.01737305,2254.289062,0.59375,0,2254.882812,0.59375,1.1640625,34,5.078125,40.5078125,0,1.953125,45.5859375,2085628,142.827994,14.6023755,0.010425,5.35098,0,5.361405
101,hl#3,hl,2085628,3477,0.9705882353,1,0.9850746269,9.787878788,0.001566416161,0.99,384,,,,,,0,0,0,0,0,,,,,,,,,,0,,,,,,,,,,2304,1,0,1,0,34,0.1744031054,2270,0.5335989927,0.0003072925773,0.005129503101,0.02883783685,,,,45.2734375,133.6566699,178.9301074,4504.257812,0.5625,0,4504.820312,0.5625,1.1328125,34,5.078125,62.09375,0,1.984375,67.171875,2085628,127.490946,16.35902835,0.021953,9.827073,0,9.849026
101,ss[policy=difficulty],ss,2085628,3477,0.9428571429,1,0.9705882353,166.3333333,0.02615958073,1,1029,1029,,,,,0,0,0,0,0,,,,0.0002028166097,0,,1029,0,0,0,1029,1029,1029,1029,0,0,1,1,0,35,1,33,1,0.1753423909,2,0.003430621376,0,0,7.844160128e-05,5.681741902e-05,0.0002028166097,,,,42.64371094,67.49072266,110.1344336,2090.143555,4.96875,0,2095.112305,1.453125,2.041992188,35,5.46875,14.3984375,9.65625,1.002929688,19.8671875,2085628,142.481496,14.63788673,0.014308,22.275595,0.011098,22.301001
101,hybrid[head=topn-frontier reducer=streaming],hybrid,2085628,3477,1,1,1,14.39393939,0.002957211018,1,1118,1072,600,518,600,472,386,214,214,9640,4320,0.4481327801,1,1.600131,8.534599651e-05,0,,472,1,0,0,472,472,472,472,0,0,1.097457627,1.097457627,-0.09299625667,33,1,33,1,0.1729383188,0,0,0,0,6.901489333e-06,0,8.534599651e-05,,,,33.52441406,33.34217773,66.8665918,1339.821289,427.90625,421.875,1767.727539,6.03125,9.602539062,214,5.46875,76.2734375,127.8095703,1.08984375,127.8095703,2085628,175.828203,11.86173756,0.066237,8.508041,0.385024,8.959302
102,hl,hl,2077582,3463,1,0.5,0.6666666667,4547.694444,0.3465841498,0.9201388889,48,,,,,,0,0,0,0,0,,,,,,,,,,0,,,,,,,,,,288,0.9444444444,0,1,0,18,0.0719831997,270,0.147955171,0.0007636748981,0.00399906665,0.01564607318,,,,5.857421875,19.82078125,25.67820312,566.3339844,0.40625,0,566.7402344,0.40625,0.708984375,18,5.078125,24.86523438,0,0.96484375,29.94335938,2077582,124.393921,16.70163609,0.012802,1.408214,0,1.421016
102,hl#1,hl,2077582,3463,1,0.7777777778,0.875,772.0833333,0.09820040204,0.8350694444,96,,,,,,0,0,0,0,0,,,,,,,,,,0,,,,,,,,,,576,1,0,1,0,28,0.1452862029,548,0.2746182822,0.0007290008422,0.005188792961,0.02223979607,,,,11.48828125,37.96769531,49.45597656,1129.155273,0.5625,0,1129.717773,0.5625,1.030273438,28,5.078125,30.49609375,0,1.553710938,35.57421875,2077582,140.529112,14.78399721,0.007348,2.538077,0,2.545425
102,hl#2,hl,2077582,3463,1,1,1,103.8333333,0.01756896787,0.975,192,,,,,,0,0,0,0,0,,,,,,,,,,0,,,,,,,,,,1152,1,0,1,0,36,0.1689035619,1116,0.4157034476,0.0005074713624,0.004691765609,0.02223161348,,,,22.75,72.63734375,95.38734375,2254.356445,0.625,0,2254.981445,0.625,1.231445312,36,5.078125,41.3671875,0,2.034179688,46.4453125,2077582,139.258717,14.91886501,0.008678,5.270201,0,5.278879
102,hl#3,hl,2077582,3463,1,1,1,6.111111111,0.0009556000471,0.9933333333,384,,,,,,0,0,0,0,0,,,,,,,,,,0,,,,,,,,,,2304,1,0,1,0,36,0.1705429677,2268,0.5322114843,0.0003050149531,0.004737304659,0.02223979607,,,,45.2734375,135.8244141,181.0978516,4504.325195,0.59375,0,4504.918945,0.59375,1.200195312,36,5.078125,62.015625,0,2.098632812,67.09375,2077582,124.707034,16.65970181,0.018873,9.747855,0,9.766728
102,ss[policy=difficulty],ss,2077582,3463,0.972972973,1,0.9863013699,166.7222222,0.0285530213,1,1029,1029,,,,,0,0,0,0,0,,,,0.0002084153598,0,,1029,0,0,0,1029,1029,1029,1029,0,0,1,1,0,37,1,36,1,0.1734126499,1,0.001808352209,0,0,8.371218027e-05,0.0002084153598,0.0002093780173,,,,42.6521875,69.17466797,111.8268555,2101.668945,5,0,2106.668945,1.484375,2.106445312,37,5.46875,14.3984375,9.65625,1.05078125,19.8671875,2077582,138.661574,14.98311277,0.015017,22.04768,0.008703,22.0714
102,hybrid[head=topn-frontier reducer=streaming],hybrid,2077582,3463,1,1,1,28.27777778,0.006617484766,1,1072,1072,600,472,600,472,403,197,197,9640,3980,0.4128630705,1,1.490481,0.0002368137575,0,,472,0,0,0,472,472,472,472,0,0,1,1,0,36,1,36,1,0.1710137073,0,0,0,0,1.361090815e-05,0,0.0002368137575,,,,31.00632812,34.16014648,65.16647461,1266.768555,394.21875,388.671875,1660.987305,5.546875,8.784179688,197,5.46875,76.2734375,127.6923828,1.21484375,127.6923828,2077582,170.220608,12.20523193,0.06126,8.063386,0.356348,8.480994
103,hl,hl,2014221,3358,1,0.5869565217,0.7397260274,2715.652174,0.3366179989,0.9236111111,48,,,,,,0,0,0,0,0,,,,,,,,,,0,,,,,,,,,,288,0.9347826087,0,1,0,27,0.06948889918,261,0.1433238954,0.0007389333147,0.002573662933,0.01099283544,,,,5.857421875,19.83595703,25.69337891,566.7861328,0.703125,0,567.4892578,0.703125,1.161132812,27,5.078125,23.14648438,0,1.108398438,28.22460938,2014221,131.999367,15.25932318,0.003028,2.041714,0,2.044742
103,hl#1,hl,2014221,3358,1,0.847826087,0.9176470588,762.8043478,0.1208381391,0.8298611111,96,,,,,,0,0,0,0,0,,,,,,,,,,0,,,,,,,,,,576,1,0,1,0,39,0.1232466547,537,0.2727247904,0.0006874504254,0.003160170632,0.01436883043,,,,11.48828125,38.80568359,50.29396484,1129.549805,0.765625,0,1130.31543,0.765625,1.424804688,39,5.078125,29.55859375,0,2.04296875,34.63671875,2014221,152.004647,13.25104883,0.006814,3.944943,0,3.951757
103,hl#2,hl,2014221,3358,1,0.9782608696,0.989010989,189.3043478,0.02676873886,0.9683333333,192,,,,,,0,0,0,0,0,,,,,,,,,,0,,,,,,,,,,1152,1,0,1,0,45,0.1439747674,1107,0.4265410797,0.0004952394506,0.003199439276,0.01443386798,,,,22.75,74.53519531,97.28519531,2254.650391,0.765625,0,2255.416016,0.765625,1.525390625,45,5.078125,41.7578125,0,2.572265625,46.8359375,2014221,150.55389,13.37873767,0.015938,9.373275,0,9.389213
103,hl#3,hl,2014221,3358,1,1,1,9.5,0.001624218372,0.995,384,,,,,,0,0,0,0,0,,,,,,,,,,0,,,,,,,,,,2304,1,0,1,0,46,0.1492348655,2258,0.5456412181,0.0003015955224,0.003244236206,0.01444280444,,,,45.2734375,142.4856152,187.7590527,4504.652344,0.75,0,4505.402344,0.75,1.52734375,46,5.078125,61.859375,0,2.66015625,66.9375,2014221,133.652731,15.07055625,0.029274,16.919404,0,16.948678
103,ss[policy=difficulty],ss,2014221,3358,1,1,1,177.6086957,0.03298464843,1,1029,1053,,,,,0,0,0,0,0,,,,0.0002556819733,1,1053,1053,0,0,1053,1053,1053,1053,1053,1,1,0.9772079772,0.9772079772,0.0230557763,46,1,46,1,0.1531942126,0,0,0,0,8.817736269e-05,0,0.0002914278026,,,,42.68464844,71.30619141,113.9908398,2244.980469,5.140625,0,2250.121094,1.625,2.40234375,46,5.46875,14.3984375,9.65625,1.294921875,19.8671875,2014221,148.750299,13.54095429,0.028524,34.999462,0.011218,35.039204
103,hybrid[head=topn-frontier reducer=streaming],hybrid,2014221,3358,0.9782608696,0.9782608696,0.9782608696,163.5652174,0.03156909721,1,1072,1153,600,472,600,553,394,206,206,9640,4160,0.4315352697,1,1.692611,0.000780450606,1,553,553,0,1,553,553,553,553,553,1,1,0.8535262206,0.8535262206,0.1583790159,47,1,45,1,0.1474336729,2,0.003164002361,0,0,9.939960211e-05,0.0006675037148,0.000780450606,,,,31.64675781,42.89621094,74.54296875,1309.768555,412.09375,406.25,1721.862305,5.84375,9.323242188,206,5.46875,77.0234375,128.8183594,1.358398438,128.8183594,2014221,188.439404,10.68895866,0.116796,8.263799,0.361143,8.741738
104,hl,hl,2014515,3358,1,0.3409090909,0.5084745763,2734.136364,0.3633790181,0.9479166667,48,,,,,,0,0,0,0,0,,,,,,,,,,0,,,,,,,,,,288,0.9090909091,0,1,0,15,0.04887280561,273,0.1584847966,0.0007199916743,0.003258187041,0.01105427361,,,,5.857421875,19.83039062,25.6878125,566.3017578,0.421875,0,566.7236328,0.421875,0.6767578125,15,5.078125,23.22460938,0,0.73046875,28.30273438,2014515,123.024003,16.37497522,0.003219,1.323108,0,1.326327
104,hl#1,hl,2014515,3358,1,0.75,0.8571428571,817.7727273,0.1352318762,0.8368055556,96,,,,,,0,0,0,0,0,,,,,,,,,,0,,,,,,,,,,576,1,0,1,0,33,0.1073806847,543,0.2819939291,0.0006759975933,0.003253960142,0.01611504506,,,,11.48828125,38.85711914,50.34540039,1129.259766,0.578125,0,1129.837891,0.578125,1.134765625,33,5.078125,30.57421875,0,1.76953125,35.65234375,2014515,142.566677,14.13033566,0.007672,2.55347,0,2.561142
104,hl#2,hl,2014515,3358,1,0.9772727273,0.9885057471,329.9772727,0.04702109211,0.9666666667,192,,,,,,0,0,0,0,0,,,,,,,,,,0,,,,,,,,,,1152,1,0,1,0,43,0.1307049091,1109,0.4322747659,0.0004886976346,0.003039649049,0.01619347585,,,,22.75,75.11337891,97.86337891,2254.583984,0.734375,0,2255.318359,0.734375,1.458984375,43,5.078125,41.9921875,0,2.45703125,47.0703125,2014515,140.573717,14.33066609,0.012481,5.720824,0,5.733305
104,hl#3,hl,2014515,3358,1,1,1,25.20454545,0.005411790914,0.9916666667,384,,,,,,0,0,0,0,0,,,,,,,,,,0,,,,,,,,,,2304,1,0,1,0,44,0.1389823357,2260,0.553262696,0.0003004535728,0.003158689448,0.01620985696,,,,45.2734375,142.6134082,187.8868457,4504.584961,0.71875,0,4505.303711,0.71875,1.459960938,44,5.078125,62.25,0,2.545898438,67.328125,2014515,120.815495,16.67430986,0.019786,10.727694,0,10.74748
104,ss[policy=difficulty],ss,2014515,3358,0.9361702128,1,0.967032967,135.7045455,0.02676924402,1,1053,1053,,,,,0,0,0,0,0,,,,0.0002189112516,0,,1053,0,0,0,1053,1053,1053,1053,0,0,1,1,0,47,1,44,1,0.1423340109,3,0.005278689908,0,0,7.472365055e-05,0.0001826742417,0.0002561410563,,,,43.30050781,72.2246582,115.525166,2279.291016,5.3125,0,2284.603516,1.796875,2.587890625,47,5.46875,14.3984375,9.65625,1.286132812,19.8671875,2014515,139.163443,14.47589221,0.014767,24.396184,0.009826,24.420777
104,hybrid[head=topn-frontier reducer=streaming],hybrid,2014515,3358,0.9565217391,1,0.9777777778,19.61363636,0.004473126803,1,1153,1153,600,553,600,553,390,210,210,9640,4240,0.4398340249,1,1.685528,0.0003956287245,0,,553,0,0,0,553,553,553,553,0,0,1,1,0,46,1,44,1,0.139798413,2,0.003647528065,0,0,2.058970068e-05,0.0002593676394,0.0003956287245,,,,34.46992187,36.93992188,71.40984375,1459.006836,420.1875,414.0625,1879.194336,6.125,9.663085938,210,5.46875,76.5234375,128.3574219,1.354492188,128.3574219,2014515,178.969843,11.25617012,0.105533,9.327395,0.367389,9.800317
105,hl,hl,1974474,3291,1,0.4473684211,0.6181818182,2651.394737,0.3203881902,0.9340277778,48,,,,,,0,0,0,0,0,,,,,,,,,,0,,,,,,,,,,288,0.9210526316,0,1,0,17,0.04769422135,271,0.1551370137,0.0007042751217,0.002805542432,0.009566092033,,,,5.857421875,19.84107422,25.69849609,566.3349609,0.421875,0,566.7568359,0.421875,0.7099609375,17,5.078125,23.45898438,0,0.875,28.53710938,1974474,125.236382,15.76597765,0.002656,1.320726,0,1.323382
105,hl#1,hl,1974474,3291,1,0.7368421053,0.8484848485,719.2105263,0.1231823041,0.8229166667,96,,,,,,0,0,0,0,0,,,,,,,,,,0,,,,,,,,,,576,1,0,1,0,28,0.09398300509,548,0.2866540658,0.0006608282482,0.003356535896,0.01661809677,,,,11.48828125,39.01657227,50.50485352,1129.12793,0.53125,0,1129.65918,0.53125,1.002929688,28,5.078125,30.49609375,0,1.4609375,35.57421875,1974474,147.661057,13.37166373,0.006784,2.534872,0,2.541656
105,hl#2,hl,1974474,3291,1,0.9473684211,0.972972973,82.26315789,0.01638103635,0.9733333333,192,,,,,,0,0,0,0,0,,,,,,,,,,0,,,,,,,,,,1152,1,0,1,0,36,0.1168706197,1116,0.441496824,0.0004846939615,0.003246406103,0.01667431427,,,,22.75,75.95463867,98.70463867,2254.356445,0.625,0,2254.981445,0.625,1.231445312,36,5.078125,42.3828125,0,2.065429688,47.4609375,1974474,146.183144,13.50685138,0.012307,5.769664,0,5.781971
105,hl#3,hl,1974474,3291,1,1,1,8.236842105,0.001657017191,0.99,384,,,,,,0,0,0,0,0,,,,,,,,,,0,,,,,,,,,,2304,1,0,1,0,38,0.1215204657,2266,0.5645736535,0.0002977839059,0.003197906992,0.01666063975,,,,45.2734375,145.1264355,190.399873,4504.390625,0.625,0,4505.015625,0.625,1.265625,38,5.078125,62.71875,0,2.2109375,67.796875,1974474,125.79557,15.69589454,0.02235,11.058869,0,11.081219
105,ss[policy=difficulty],ss,1974474,3291,0.9743589744,1,0.987012987,127.8157895,0.02637614385,1,1053,1024,,,,,0,0,0,0,0,,,,0.000236012224,0,,1024,1,0,0,1024,1024,1024,1024,0,0,1.028320312,1.028320312,-0.02792670653,39,1,38,1,0.1240608891,1,0.001769585216,0,0,6.932063672e-05,0.000243609184,0.000243609184,,,,43.30441406,73.30223633,116.6066504,2307.032227,5.0625,0,2312.094727,1.546875,2.204101562,39,5.46875,14.3984375,9.65625,1.098632812,19.8671875,1974474,145.708444,13.55085502,0.014511,24.706122,0.009134,24.729767
105,hybrid[head=topn-frontier reducer=streaming],hybrid,1974474,3291,0.9743589744,1,0.987012987,0,0,1,1153,1153,600,553,600,553,399,201,201,9640,4060,0.4211618257,1,1.537834,0.000196508032,0,,553,0,0,0,553,553,553,553,0,0,1,1,0,39,1,38,1,0.1216009935,1,0.001705770752,0,0,5.038667488e-06,0.000196508032,0.000196508032,,,,34.47566406,37.32038086,71.79604492,1463.203125,402.3125,396.484375,1865.515625,5.828125,9.203125,201,5.46875,76.1484375,127.6845703,1.192382812,127.6845703,1974474,187.096788,10.55322232,0.072575,9.381312,0.374649,9.828536
106,hl,hl,2009816,3350,1,0.3414634146,0.5090909091,3490.609756,0.3834903827,0.9131944444,48,,,,,,0,0,0,0,0,,,,,,,,,,0,,,,,,,,,,288,0.8780487805,0,1,0,14,0.03938022187,274,0.1546698802,0.0006737850767,0.002812872991,0.01087462733,,,,5.857421875,19.83373047,25.69115234,566.2412109,0.375,0,566.6162109,0.375,0.6162109375,14,5.078125,24.24023438,0,0.6767578125,29.31835938,2009816,144.653851,13.89396816,0.002868,1.358794,0,1.361662
106,hl#1,hl,2009816,3350,1,0.8536585366,0.9210526316,491.6097561,0.09204594107,0.84375,96,,,,,,0,0,0,0,0,,,,,,,,,,0,,,,,,,,,,576,1,0,1,0,35,0.1205179977,541,0.277839862,0.0006915935063,0.003443371362,0.01733143731,,,,11.48828125,39.23929688,50.72757813,1129.423828,0.703125,0,1130.126953,0.703125,1.298828125,35,5.078125,29.08984375,0,1.79296875,34.16796875,2009816,168.936764,11.8968539,0.007784,2.501563,0,2.509347
106,hl#2,hl,2009816,3350,1,0.9512195122,0.975,82.48780488,0.01719504523,0.9633333333,192,,,,,,0,0,0,0,0,,,,,,,,,,0,,,,,,,,,,1152,1,0,1,0,39,0.1344327043,1113,0.4329446079,0.0004925150279,0.003446992418,0.01736626636,,,,22.75,76.49419922,99.24419922,2254.460938,0.671875,0,2255.132812,0.671875,1.3359375,39,5.078125,41.8359375,0,2.20703125,46.9140625,2009816,169.654607,11.8465159,0.011285,5.618193,0,5.629478
106,hl#3,hl,2009816,3350,0.9523809524,0.9756097561,0.9638554217,11.56097561,0.002653893278,0.9966666667,384,,,,,,0,0,0,0,0,,,,,,,,,,0,,,,,,,,,,2304,1,0,1,0,42,0.1404790289,2262,0.551630597,0.0003003948029,0.003344738784,0.0173622859,,,,45.2734375,147.2334863,192.5069238,4504.526367,0.6875,0,4505.213867,0.6875,1.401367188,42,5.078125,62.25,0,2.440429688,67.328125,2009816,146.702868,13.6999094,0.019558,10.488467,0,10.508025
106,ss[policy=difficulty],ss,2009816,3350,0.9111111111,1,0.9534883721,130.6829268,0.02424452879,1,1024,1024,,,,,0,0,0,0,0,,,,0.0002169352816,0,,1024,0,0,0,1024,1024,1024,1024,0,0,1,1,0,45,1,41,1,0.1415462908,4,0.007069801415,0,0,6.88177978e-05,0.0001077213038,0.0002179303976,,,,40.63945313,90.33092773,130.9703809,2206.719727,5.28125,0,2212.000977,1.765625,2.532226562,45,5.46875,14.3984375,9.65625,1.239257812,19.8671875,2009816,162.830834,12.34296939,0.014717,24.711546,0.024984,24.751247
106,hybrid[head=topn-frontier reducer=streaming],hybrid,2009816,3350,0.9761904762,1,0.9879518072,35.82926829,0.0062963474,1,1153,1153,600,553,600,553,392,208,208,9640,4200,0.4356846473,1,1.72668,0.000238330275,0,,553,0,0,0,553,553,553,553,0,0,1,1,0,42,1,41,1,0.1396112878,1,0.001884749649,0,0,2.265073495e-05,0.0002204181875,0.000238330275,,,,34.46890625,37.93644531,72.40535156,1449.360352,416.03125,410.15625,1865.391602,5.875,9.336914062,208,5.46875,76.5234375,128.0888672,1.263671875,128.0888672,2009816,208.4938,9.639691924,0.138566,9.354115,0.368681,9.861362
107,hl,hl,2030835,3385,1,0.5263157895,0.6896551724,3083.736842,0.3332795041,0.9201388889,48,,,,,,0,0,0,0,0,,,,,,,,,,0,,,,,,,,,,288,0.9473684211,0,1,0,20,0.05789047362,268,0.151274722,0.0007262680403,0.002894523681,0.01036962629,,,,5.857421875,19.73474609,25.59216797,566.4345703,0.46875,0,566.9033203,0.46875,0.8095703125,20,5.078125,22.67773438,0,0.9501953125,27.75585938,2030835,126.661912,16.03350974,0.002777,1.272672,0,1.275449
107,hl#1,hl,2030835,3385,1,0.7894736842,0.8823529412,1101.894737,0.1351608866,0.8263888889,96,,,,,,0,0,0,0,0,,,,,,,,,,0,,,,,,,,,,576,0.9736842105,0,1,0,30,0.1050740213,546,0.286373339,0.0006795961117,0.003502467376,0.01954663968,,,,11.48828125,38.80933594,50.29761719,1129.170898,0.53125,0,1129.702148,0.53125,1.045898438,30,5.078125,28.93359375,0,1.741210938,34.01171875,2030835,146.971013,13.81792885,0.007697,2.431535,0,2.439232
107,hl#2,hl,2030835,3385,0.972972973,0.9473684211,0.96,70.36842105,0.01569990979,0.9666666667,192,,,,,,0,0,0,0,0,,,,,,,,,,0,,,,,,,,,,1152,1,0,1,0,37,0.1313765028,1115,0.4437943014,0.0004992802119,0.003550716291,0.01957618418,,,,22.75,74.61626953,97.36626953,2254.363281,0.609375,0,2254.972656,0.609375,1.23828125,37,5.078125,42.4609375,0,2.16015625,47.5390625,2030835,146.338404,13.87766263,0.012248,5.520912,0,5.53316
107,hl#3,hl,2030835,3385,1,1,1,11.92105263,0.002609753817,0.9916666667,384,,,,,,0,0,0,0,0,,,,,,,,,,0,,,,,,,,,,2304,1,0,1,0,38,0.1337454791,2266,0.5630496815,0.0003024284551,0.00351961787,0.01958110826,,,,45.2734375,143.401875,188.6753125,4504.393555,0.625,0,4505.018555,0.625,1.268554688,38,5.078125,62.40625,0,2.213867188,67.484375,2030835,127.655739,15.90868547,0.02269,10.499616,0,10.522306
107,ss[policy=difficulty],ss,2030835,3385,0.95,1,0.9743589744,157,0.03017415086,1,1024,1024,,,,,0,0,0,0,0,,,,0.0002215837328,0,,1024,0,0,0,1024,1024,1024,1024,0,0,1,1,0,40,1,38,1,0.1367289809,2,0.003554203074,0,0,7.983169484e-05,0.0001277799526,0.0002565447218,,,,40.80140625,70.0997168,110.901123,2223.520508,5.203125,0,2228.723633,1.6875,2.364257812,40,5.46875,14.3984375,9.65625,1.090820312,19.8671875,2030835,148.402476,13.68464364,0.015004,23.427719,0.02595,23.468673
107,hybrid[head=topn-frontier reducer=streaming],hybrid,2030835,3385,0.95,1,0.9743589744,43.28947368,0.006297933275,1,1153,1086,600,553,600,486,386,214,214,9640,4320,0.4481327801,1,2.898853,0.0003702910379,0,,486,1,0,0,486,486,486,486,0,0,1.137860082,1.137860082,-0.1291493776,40,1,38,1,0.1346012847,2,0.003778248848,0,0,3.224043312e-05,0.0002398028397,0.0003702910379,,,,34.46335938,46.68288086,81.14624023,1454.776367,428,421.875,1882.776367,6.125,9.729492188,214,5.46875,76.5234375,128.1083984,1.247070312,128.1083984,2030835,189.527203,10.7152692,0.071186,9.054935,0.729591,9.855712
108,hl,hl,2000405,3335,1,0.487804878,0.6557377049,2849.902439,0.3155490454,0.9513888889,48,,,,,,0,0,0,0,0,,,,,,,,,,0,,,,,,,,,,288,0.9268292683,0,1,0,20,0.06242735846,268,0.1508029624,0.0007403830585,0.003121367923,0.006803622266,,,,5.857421875,19.8421875,25.69960938,566.4667969,0.5,0,566.9667969,0.5,0.841796875,20,5.078125,21.97460938,0,0.916015625,27.05273438,2000405,129.092797,15.49586845,0.003047,1.271995,0,1.275042
108,hl#1,hl,2000405,3335,1,0.8048780488,0.8918918919,448.6341463,0.07714163508,0.8333333333,96,,,,,,0,0,0,0,0,,,,,,,,,,0,,,,,,,,,,576,1,0,1,0,33,0.1238529198,543,0.2803472297,0.0007017363706,0.003753118781,0.02083078177,,,,11.48828125,39.27107422,50.75935547,1129.296875,0.609375,0,1129.90625,0.609375,1.171875,33,5.078125,29.71484375,0,1.674804688,34.79296875,2000405,149.312465,13.3974414,0.004545,2.332617,0,2.337162
108,hl#2,hl,2000405,3335,1,0.9268292683,0.9620253165,198.5609756,0.0270088329,0.9766666667,192,,,,,,0,0,0,0,0,,,,,,,,,,0,,,,,,,,,,1152,1,0,1,0,38,0.1358659871,1114,0.4341890767,0.0004948394651,0.003575420714,0.02087727235,,,,22.75,76.12991211,98.87991211,2254.397461,0.625,0,2255.022461,0.625,1.272460938,38,5.078125,40.8984375,0,2.217773438,45.9765625,2000405,147.575475,13.5551317,0.014056,5.306893,0,5.320949
108,hl#3,hl,2000405,3335,1,0.9756097561,0.987654321,9.243902439,0.002057359727,0.9916666667,384,,,,,,0,0,0,0,0,,,,,,,,,,0,,,,,,,,,,2304,1,0,1,0,40,0.1423316778,2264,0.5510784066,0.000300959238,0.003558291946,0.02087627255,,,,45.2734375,148.9353906,194.2088281,4504.461914,0.65625,0,4505.118164,0.65625,1.336914062,40,5.078125,61.703125,0,2.329101562,66.78125,2000405,129.581815,15.43738988,0.020799,10.342296,0,10.363095
108,ss[policy=difficulty],ss,2000405,3335,0.9318181818,1,0.9647058824,132.097561,0.02481195837,1,1024,1024,,,,,0,0,0,0,0,,,,0.0002469499926,0,,1024,0,0,0,1024,1024,1024,1024,0,0,1,1,0,44,1,41,1,0.1467452841,3,0.005092468775,0,0,7.03153066e-05,0.0001288072499,0.0002579477656,,,,40.71949219,72.49243164,113.2119238,2215.682617,5.265625,0,2220.948242,1.75,2.495117188,44,5.46875,14.3984375,9.65625,1.21484375,19.8671875,2000405,150.197318,13.31851345,0.016013,23.198747,0.015338,23.230098
108,hybrid[head=topn-frontier reducer=streaming],hybrid,2000405,3335,1,1,1,50.51219512,0.01010420772,1,1086,1086,600,486,600,486,389,211,211,9640,4260,0.4419087137,1,1.822067,0.0003639263049,0,,486,0,0,0,486,486,486,486,0,0,1,1,0,41,1,41,1,0.1443472697,0,0,0,0,2.527536954e-05,0,0.0003639263049,,,,31.92121094,35.42709961,67.34831055,1329.020508,421.84375,416.015625,1750.864258,5.828125,9.403320312,211,5.46875,76.5234375,128.2890625,1.267578125,128.2890625,2000405,188.619778,10.6054891,0.072658,8.174213,0.388678,8.635549
109,hl,hl,1979263,3299,1,0.5789473684,0.7333333333,2960.078947,0.3028357055,0.9201388889,48,,,,,,0,0,0,0,0,,,,,,,,,,0,,,,,,,,,,288,0.9473684211,0,1,0,22,0.06521821506,266,0.1432518064,0.000723854241,0.002964464321,0.01060899941,,,,5.857421875,19.83830078,25.69572266,566.5351562,0.53125,0,567.0664062,0.53125,0.91015625,22,5.078125,23.30273438,0,1.064453125,28.38085938,1979263,147.87614,13.38460011,0.003228,1.340195,0,1.343423
109,hl#1,hl,1979263,3299,1,0.8421052632,0.9142857143,581.1052632,0.08558519627,0.8211805556,96,,,,,,0,0,0,0,0,,,,,,,,,,0,,,,,,,,,,576,1,0,1,0,32,0.1197733702,544,0.2749371862,0.0006852613826,0.003742917818,0.01889642761,,,,11.48828125,38.79219727,50.28047852,1129.268555,0.59375,0,1129.862305,0.59375,1.143554688,32,5.078125,29.87109375,0,1.658203125,34.94921875,1979263,175.500316,11.27783155,0.009693,2.503431,0,2.513124
109,hl#2,hl,1979263,3299,1,0.9473684211,0.972972973,54.73684211,0.01330896762,0.975,192,,,,,,0,0,0,0,0,,,,,,,,,,0,,,,,,,,,,1152,1,0,1,0,36,0.1358672395,1116,0.4313484363,0.0004923747185,0.003774089985,0.02163279968,,,,22.75,74.98167969,97.73167969,2254.367188,0.625,0,2254.992188,0.625,1.2421875,36,5.078125,42.3828125,0,2.077148438,47.4609375,1979263,171.496924,11.54109913,0.013312,5.590643,0,5.603955
109,hl#3,hl,1979263,3299,1,1,1,9.973684211,0.002071738673,0.9916666667,384,,,,,,0,0,0,0,0,,,,,,,,,,0,,,,,,,,,,2304,1,0,1,0,38,0.1396428873,2266,0.5512900509,0.0002998840877,0.003674812823,0.02163279968,,,,45.2734375,144.8480957,190.1215332,4504.397461,0.625,0,4505.022461,0.625,1.272460938,38,5.078125,62.171875,0,2.217773438,67.25,1979263,148.584356,13.32080344,0.02073,10.586064,0,10.606794
109,ss[policy=difficulty],ss,1979263,3299,0.9047619048,1,0.95,147.7894737,0.02952188223,1,1024,1062,,,,,0,0,0,0,0,,,,0.0002591873844,1,1062,1062,0,0,1062,1062,1062,1062,1062,1,1,0.9642184557,0.9642184557,0.0364373962,42,1,38,1,0.142514158,4,0.006739882471,0,0,7.724135316e-05,0.0001016792614,0.000298090754,,,,40.71855469,71.72989258,112.4484473,2214.446289,5.328125,0,2219.774414,1.8125,2.524414062,42,5.46875,14.3984375,9.65625,1.13671875,19.8671875,1979263,168.671831,11.73440158,0.014381,23.293496,0.010307,23.318184
109,hybrid[head=topn-frontier reducer=streaming],hybrid,1979263,3299,0.9743589744,1,0.987012987,21.21052632,0.004352803861,1,1086,1086,600,486,600,486,391,209,209,9640,4220,0.4377593361,1,1.594129,0.0005673829097,0,,486,0,0,0,486,486,486,486,0,0,1,1,0,39,1,38,1,0.1400839605,1,0.001860793639,0,0,2.498987677e-05,0.0005673829097,0.0005673829097,,,,31.91980469,35.39800781,67.3178125,1328.291016,418.15625,412.109375,1746.447266,6.046875,9.556640625,209,5.46875,76.2734375,128,1.223632812,128,1979263,208.603872,9.488141236,0.064339,8.2526,0.375688,8.692627
110,hl,hl,2001328,3336,1,0.4857142857,0.6538461538,3529.742857,0.3315993597,0.9236111111,48,,,,,,0,0,0,0,0,,,,,,,,,,0,,,,,,,,,,288,0.9428571429,0,1,0,17,0.0589718427,271,0.1544619373,0.0007410895138,0.003468931923,0.009418246284,,,,5.857421875,19.78628906,25.64371094,566.3378906,0.421875,0,566.7597656,0.421875,0.712890625,17,5.078125,24.86523438,0,0.880859375,29.94335938,2001328,123.967397,16.14398663,0.003143,1.368818,0,1.371961
110,hl#1,hl,2001328,3336,1,0.9142857143,0.9552238806,709.0285714,0.07200813083,0.8506944444,96,,,,,,0,0,0,0,0,,,,,,,,,,0,,,,,,,,,,576,1,0,1,0,32,0.1242290119,544,0.2824629446,0.0007060624246,0.003882156623,0.02054935523,,,,11.48828125,38.82913086,50.31741211,1129.301758,0.625,0,1129.926758,0.625,1.176757812,32,5.078125,30.26171875,0,1.659179688,35.33984375,2001328,143.437302,13.95263277,0.004579,2.571687,0,2.576266
110,hl#2,hl,2001328,3336,1,1,1,28.4,0.005455686716,0.9866666667,192,,,,,,0,0,0,0,0,,,,,,,,,,0,,,,,,,,,,1152,1,0,1,0,35,0.1409159318,1117,0.4346289064,0.0004996048943,0.004026169481,0.02055585091,,,,22.75,74.01642578,96.76642578,2254.305664,0.578125,0,2254.883789,0.578125,1.180664062,35,5.078125,41.9140625,0,2.055664062,46.9921875,2001328,142.979554,13.99730202,0.008856,5.471253,0,5.480109
110,hl#3,hl,2001328,3336,1,1,1,7.342857143,0.001617092341,0.9966666667,384,,,,,,0,0,0,0,0,,,,,,,,,,0,,,,,,,,,,2304,1,0,1,0,35,0.1411952464,2269,0.5541225626,0.0003017872435,0.004034149896,0.02055235324,,,,45.2734375,141.4417383,186.7151758,4504.305664,0.578125,0,4504.883789,0.578125,1.180664062,35,5.078125,62.25,0,2.055664062,67.328125,2001328,125.692393,15.92242738,0.020581,10.250861,0,10.271442
110,ss[policy=difficulty],ss,2001328,3336,0.9210526316,1,0.9589041096,102.6571429,0.02011727236,1,1062,1062,,,,,0,0,0,0,0,,,,0.0002078619796,0,,1062,0,0,0,1062,1062,1062,1062,0,0,1,1,0,38,1,35,1,0.1430600082,3,0.005105110207,0,0,6.003908142e-05,0.0001620590595,0.0002433384233,,,,43.5071875,71.09098633,114.5981738,2222.364258,5.171875,0,2227.536133,1.65625,2.309570312,38,5.46875,14.3984375,9.65625,1.04296875,19.8671875,2001328,140.281031,14.26656181,0.019075,23.900411,0.016434,23.93592
110,hybrid[head=topn-frontier reducer=streaming],hybrid,2001328,3336,0.9722222222,1,0.985915493,40.22857143,0.005290423807,1,1086,1086,600,486,600,486,409,191,191,9640,3860,0.4004149378,1,1.608327,0.00053064765,0,,486,0,0,0,486,486,486,486,0,0,1,1,0,36,1,35,1,0.1419682331,1,0.001706866641,0,0,3.428279178e-05,0.00053064765,0.00053064765,,,,31.63441406,41.8134082,73.44782227,1312.15918,382.53125,376.953125,1694.69043,5.578125,8.768554688,191,5.46875,76.2734375,127.7509766,1.126953125,127.7509766,2001328,174.762052,11.45173095,0.062077,8.222491,0.353869,8.638437
111,hl,hl,1955895,3260,1,0.4285714286,0.6,2116.404762,0.3072856789,0.9409722222,48,,,,,,0,0,0,0,0,,,,,,,,,,0,,,,,,,,,,288,0.9285714286,0,1,0,18,0.05767845411,270,0.1576705293,0.0007477395259,0.003204358562,0.01518384167,,,,5.857421875,19.82953125,25.68695312,566.3427734,0.40625,0,566.7490234,0.40625,0.7177734375,18,5.078125,22.67773438,0,0.9716796875,27.75585938,1955895,129.203205,15.13813067,0.009529,1.296599,0,1.306128
111,hl#1,hl,1955895,3260,1,0.8333333333,0.9090909091,294.6428571,0.06699686949,0.828125,96,,,,,,0,0,0,0,0,,,,,,,,,,0,,,,,,,,,,576,1,0,1,0,35,0.1145332444,541,0.2812553844,0.000687133036,0.003272378411,0.01920604122,,,,11.48828125,38.85482422,50.34310547,1129.369141,0.640625,0,1130.009766,0.640625,1.244140625,35,5.078125,29.48046875,0,1.760742188,34.55859375,1955895,150.088271,13.03163123,0.004553,2.386884,0,2.391437
111,hl#2,hl,1955895,3260,1,0.9523809524,0.9756097561,44.11904762,0.01008377889,0.975,192,,,,,,0,0,0,0,0,,,,,,,,,,0,,,,,,,,,,1152,1,0,1,0,40,0.127544679,1112,0.44003129,0.0004926874731,0.003188616976,0.01926534911,,,,22.75,72.64196289,95.39196289,2254.470703,0.65625,0,2255.126953,0.65625,1.345703125,40,5.078125,41.2109375,0,2.337890625,46.2890625,1955895,149.813301,13.05554972,0.008484,5.356948,0,5.365432
111,hl#3,hl,1955895,3260,1,0.9761904762,0.9879518072,10,0.002301536803,0.9916666667,384,,,,,,0,0,0,0,0,,,,,,,,,,0,,,,,,,,,,2304,1,0,1,0,41,0.1297840631,2263,0.5601624832,0.0002994559662,0.003165464952,0.01924898831,,,,45.2734375,137.1972363,182.4706738,4504.50293,0.671875,0,4505.174805,0.671875,1.377929688,41,5.078125,61.78125,0,2.393554688,66.859375,1955895,128.906198,15.17300976,0.022278,10.332878,0,10.355156
111,ss[policy=difficulty],ss,1955895,3260,0.9130434783,1,0.9545454545,119.3571429,0.02636117515,1,1062,1038,,,,,0,0,0,0,0,,,,0.0002382540985,0,,1038,1,0,0,1038,1038,1038,1038,0,0,1.023121387,1.023121387,-0.02285813808,46,1,42,1,0.1340987118,4,0.006899654634,0,0,7.036698534e-05,0.0001684650761,0.0002382540985,,,,43.53847656,70.47973633,114.0182129,2306.695312,5.203125,0,2311.898438,1.6875,2.4765625,46,5.46875,14.3984375,9.65625,1.291992188,19.8671875,1955895,147.319004,13.27659668,0.015598,24.382011,0.008787,24.406396
111,hybrid[head=topn-frontier reducer=streaming],hybrid,1955895,3260,0.9333333333,1,0.9655172414,17.92857143,0.004713423289,1,1086,1065,600,486,600,465,397,203,203,9640,4100,0.4253112033,1,1.633147,0.0006063720189,0,,465,1,0,0,465,465,465,465,0,0,1.04516129,1.04516129,-0.04417121831,45,1,42,1,0.1319206808,3,0.00573650426,0,0,3.34601011e-05,0.0003735715193,0.0006063720189,,,,32.01441406,38.00586914,70.0202832,1334.324219,406.21875,400.390625,1740.542969,5.828125,9.23828125,203,5.46875,76.5234375,128.1914062,1.334960938,128.1914062,1955895,185.967185,10.51742005,0.063388,8.203856,0.359582,8.626826
112,hl,hl,1977904,3297,1,0.4186046512,0.5901639344,2251.023256,0.2898905901,0.9236111111,48,,,,,,0,0,0,0,0,,,,,,,,,,0,,,,,,,,,,288,0.9302325581,0,1,0,18,0.05649010265,270,0.158584542,0.0007467869607,0.003138339036,0.0147226559,,,,5.857421875,19.83951172,25.69693359,566.3095703,0.375,0,566.6845703,0.375,0.6845703125,18,5.078125,23.30273438,0,0.97265625,28.38085938,1977904,145.962433,13.5507744,0.003774,1.305859,0,1.309633
112,hl#1,hl,1977904,3297,1,0.7441860465,0.8533333333,470.2325581,0.09415923494,0.8472222222,96,,,,,,0,0,0,0,0,,,,,,,,,,0,,,,,,,,,,576,1,0,1,0,32,0.1068257104,544,0.2914615674,0.0006914709685,0.003338303452,0.01820108559,,,,11.48828125,39.19024414,50.67852539,1129.233398,0.5625,0,1129.795898,0.5625,1.108398438,32,5.078125,29.79296875,0,1.848632812,34.87109375,1977904,171.15189,11.55642511,0.004563,2.355237,0,2.3598
112,hl#2,hl,1977904,3297,1,0.976744186,0.9882352941,52.06976744,0.01171913214,0.9766666667,192,,,,,,0,0,0,0,0,,,,,,,,,,0,,,,,,,,,,1152,1,0,1,0,42,0.1308258641,1110,0.4397468229,0.0004952887908,0.003114901527,0.01827742904,,,,22.75,76.71723633,99.46723633,2254.59082,0.75,0,2255.34082,0.75,1.465820312,42,5.078125,41.3671875,0,2.37890625,46.4453125,1977904,171.222643,11.55164974,0.011056,5.451133,0,5.462189
112,hl#3,hl,1977904,3297,1,1,1,7.930232558,0.00177645532,0.9966666667,384,,,,,,0,0,0,0,0,,,,,,,,,,0,,,,,,,,,,2304,1,0,1,0,43,0.133414463,2261,0.5567777809,0.0002995626059,0.00310266193,0.01828855192,,,,45.2734375,148.4280176,193.7014551,4504.557617,0.703125,0,4505.260742,0.703125,1.432617188,43,5.078125,61.859375,0,2.495117188,66.9375,1977904,148.26654,13.34019125,0.017307,10.408137,0,10.425444
112,ss[policy=difficulty],ss,1977904,3297,0.8958333333,1,0.9450549451,139.0697674,0.03095196206,1,1038,1038,,,,,0,0,0,0,0,,,,0.0002391420413,0,,1038,0,0,0,1038,1038,1038,1038,0,0,1,1,0,48,1,43,1,0.1363797232,5,0.008755733342,0,0,8.110437446e-05,0.0001739214846,0.0002755442125,,,,42.92820313,73.40392578,116.3321289,2270.985352,5.328125,0,2276.313477,1.8125,2.625976562,48,5.46875,14.3984375,9.65625,1.33984375,19.8671875,1977904,167.900158,11.78023906,0.016989,24.00887,0.009992,24.035851
112,hybrid[head=topn-frontier reducer=streaming],hybrid,1977904,3297,0.9333333333,0.976744186,0.9545454545,31.76744186,0.00934827332,1,1065,1174,600,465,600,574,399,201,201,9640,4060,0.4211618257,1,1.656638,0.000822082366,1,574,574,0,1,574,574,574,574,574,1,1,0.8101045296,0.8101045296,0.2105919907,46,1,42,1,0.1322875124,4,0.007472051222,0,0,5.294361673e-05,0.0004528784006,0.000822082366,,,,31.52171875,35.32682617,66.84854492,1299.706055,402.28125,396.484375,1701.987305,5.796875,9.159179688,201,5.46875,76.5234375,128.328125,1.334960938,128.328125,1977904,205.420436,9.628564901,0.067885,8.038561,0.387635,8.494081
113,hl,hl,1997144,3329,1,0.3571428571,0.5263157895,2434.357143,0.3359608021,0.9409722222,48,,,,,,0,0,0,0,0,,,,,,,,,,0,,,,,,,,,,288,0.9047619048,0,1,0,15,0.05815354326,273,0.1625290915,0.0007662591486,0.003876902884,0.01575800243,,,,5.857421875,19.84328125,25.70070313,566.2421875,0.359375,0,566.6015625,0.359375,0.6171875,15,5.078125,23.22460938,0,0.7314453125,28.30273438,1997144,119.566556,16.70319918,0.010042,1.359854,0,1.369896
113,hl#1,hl,1997144,3329,1,0.6904761905,0.8169014085,799.5238095,0.1474593272,0.828125,96,,,,,,0,0,0,0,0,,,,,,,,,,0,,,,,,,,,,576,1,0,1,0,29,0.1041877802,547,0.292714997,0.0006890673215,0.003592682074,0.01767874525,,,,11.48828125,38.95620117,50.44448242,1129.258789,0.640625,0,1129.899414,0.640625,1.133789062,29,5.078125,31.35546875,0,1.419921875,36.43359375,1997144,138.166854,14.45458113,0.004751,2.595766,0,2.600517
113,hl#2,hl,1997144,3329,1,0.9523809524,0.9756097561,106.4761905,0.02288716641,0.97,192,,,,,,0,0,0,0,0,,,,,,,,,,0,,,,,,,,,,1152,1,0,1,0,40,0.133632327,1112,0.4370190632,0.0004953571095,0.003340808174,0.01777838754,,,,22.75,76.41382812,99.16382812,2254.495117,0.6875,0,2255.182617,0.6875,1.370117188,40,5.078125,41.9921875,0,2.205078125,47.0703125,1997144,137.428527,14.53223755,0.01169,5.681604,0,5.693294
113,hl#3,hl,1997144,3329,1,0.9761904762,0.9879518072,26.23809524,0.005701321537,0.9933333333,384,,,,,,0,0,0,0,0,,,,,,,,,,0,,,,,,,,,,2304,1,0,1,0,41,0.1368073609,2263,0.5553194962,0.0003004022818,0.0033367649,0.0177738811,,,,45.2734375,148.3629785,193.636416,4504.496094,0.671875,0,4505.167969,0.671875,1.37109375,41,5.078125,62.40625,0,2.38671875,67.484375,1997144,119.167065,16.75919433,0.019535,10.59717,0,10.616705
113,ss[policy=difficulty],ss,1997144,3329,0.976744186,1,0.9882352941,138.8333333,0.02966215239,1,1038,1038,,,,,0,0,0,0,0,,,,0.0002188124642,0,,1038,0,0,0,1038,1038,1038,1038,0,0,1,1,0,43,1,42,1,0.1417148688,1,0.001678396751,0,0,7.302288133e-05,0.0002203146093,0.0002538625157,,,,42.91109375,73.59255859,116.5036523,2222.537109,5.21875,0,2227.755859,1.703125,2.435546875,43,5.46875,14.3984375,9.65625,1.192382812,19.8671875,1997144,136.208843,14.66236667,0.014527,23.620438,0.008345,23.64331
113,hybrid[head=topn-frontier reducer=streaming],hybrid,1997144,3329,0.976744186,1,0.9882352941,8.571428571,0.001518507612,1,1174,1174,600,574,600,574,408,192,192,9640,3880,0.4024896266,1,1.528206,0.0003645205353,0,,574,0,0,0,574,574,574,574,0,0,1,1,0,43,1,42,1,0.138975457,1,0.001716451092,0,0,1.266925449e-05,0.0003645205353,0.0003645205353,,,,34.99832031,47.59957031,82.59789062,1482.669922,384.59375,378.90625,1867.263672,5.6875,8.896484375,192,5.46875,76.5234375,128.1962891,1.258789062,128.1962891,1997144,174.387253,11.45235082,0.132013,9.435047,0.355307,9.922367
114,hl,hl,1975891,3294,1,0.4358974359,0.6071428571,2408.025641,0.3121453138,0.9270833333,48,,,,,,0,0,0,0,0,,,,,,,,,,0,,,,,,,,,,288,0.9230769231,0,1,0,17,0.05245329828,271,0.1622645176,0.0007455479719,0.003085488134,0.01216413254,,,,5.857421875,19.85404297,25.71146484,566.3378906,0.421875,0,566.7597656,0.421875,0.712890625,17,5.078125,24.86523438,0,0.7763671875,29.94335938,1975891,128.026859,15.43340995,0.011177,1.351403,0,1.36258
114,hl#1,hl,1975891,3294,1,0.7948717949,0.8857142857,510.5641026,0.09049912949,0.8402777778,96,,,,,,0,0,0,0,0,,,,,,,,,,0,,,,,,,,,,576,1,0,1,0,31,0.1024428979,545,0.2954839108,0.000690845154,0.00330460961,0.01461011766,,,,11.48828125,38.90225586,50.39053711,1129.195312,0.546875,0,1129.742188,0.546875,1.0703125,31,5.078125,31.12109375,0,1.7890625,36.19921875,1975891,150.617747,13.11858024,0.004694,2.581461,0,2.586155
114,hl#2,hl,1975891,3294,1,1,1,42.05128205,0.009275312544,0.9783333333,192,,,,,,0,0,0,0,0,,,,,,,,,,0,,,,,,,,,,1152,1,0,1,0,39,0.1234551906,1113,0.4439688222,0.0004925555666,0.003165517708,0.01587992455,,,,22.75,75.0790332,97.8290332,2254.455078,0.671875,0,2255.126953,0.671875,1.330078125,39,5.078125,43.0078125,0,2.235351562,48.0859375,1975891,150.775941,13.10481624,0.011135,5.715168,0,5.726303
114,hl#3,hl,1975891,3294,1,1,1,7.846153846,0.001737866335,0.9983333333,384,,,,,,0,0,0,0,0,,,,,,,,,,0,,,,,,,,,,2304,1,0,1,0,39,0.1241961222,2265,0.5638929475,0.0002986497698,0.003184515953,0.01589207097,,,,45.2734375,145.1958789,190.4693164,4504.423828,0.640625,0,4505.064453,0.640625,1.298828125,39,5.078125,63.109375,0,2.267578125,68.1875,1975891,129.841709,15.21769095,0.020534,10.951333,0,10.971867
114,ss[policy=difficulty],ss,1975891,3294,0.9512195122,1,0.975,114.974359,0.02394935366,1,1038,1038,,,,,0,0,0,0,0,,,,0.0002343246667,0,,1038,0,0,0,1038,1038,1038,1038,0,0,1,1,0,41,1,39,1,0.1264543439,2,0.003456162309,0,0,6.508949942e-05,0.0001996567624,0.0002479893881,,,,42.92152344,71.94334961,114.864873,2250.948242,5.125,0,2256.073242,1.609375,2.299804688,41,5.46875,14.3984375,9.65625,1.142578125,19.8671875,1975891,147.082853,13.4338637,0.020386,24.083043,0.009883,24.113312
114,hybrid[head=topn-frontier reducer=streaming],hybrid,1975891,3294,0.975,1,0.9873417722,5.974358974,0.001375880198,1,1174,1174,600,574,600,574,427,173,173,9640,3500,0.3630705394,1,1.476007,0.0003517400504,0,,574,0,0,0,574,574,574,574,0,0,1,1,0,40,1,39,1,0.1243029094,1,0.001798682215,0,0,1.174153837e-05,0.0003517400504,0.0003517400504,,,,35.00875,36.89755859,71.90630859,1502.743164,347.0625,341.796875,1849.805664,5.265625,8.165039062,173,5.46875,76.2734375,127.84375,1.25,127.84375,1975891,186.919749,10.57079849,0.072154,9.608471,0.338258,10.018883
115,hl,hl,1936415,3228,1,0.4324324324,0.6037735849,2085.432432,0.3293094571,0.9236111111,48,,,,,,0,0,0,0,0,,,,,,,,,,0,,,,,,,,,,288,0.972972973,0,1,0,16,0.0472574319,272,0.1639183749,0.0007332493293,0.002953589494,0.01442562674,,,,5.857421875,19.77453125,25.63195312,566.3056641,0.40625,0,566.7119141,0.40625,0.6806640625,16,5.078125,23.69335938,0,0.7587890625,28.77148438,1936415,125.782817,15.39490883,0.00511,1.399663,0,1.404773
115,hl#1,hl,1936415,3228,1,0.7297297297,0.84375,476.5405405,0.100160268,0.84375,96,,,,,,0,0,0,0,0,,,,,,,,,,0,,,,,,,,,,576,1,0,1,0,27,0.08702989803,549,0.299007186,0.0006702032708,0.003223329557,0.01491674047,,,,11.48828125,39.17296875,50.66125,1129.100586,0.515625,0,1129.616211,0.515625,0.9755859375,27,5.078125,31.12109375,0,1.439453125,36.19921875,1936415,149.116784,12.98589567,0.011123,2.676528,0,2.687651
115,hl#2,hl,1936415,3228,1,0.972972973,0.9863013699,36.67567568,0.008124495646,0.9733333333,192,,,,,,0,0,0,0,0,,,,,,,,,,0,,,,,,,,,,1152,1,0,1,0,36,0.1081317796,1116,0.4489972449,0.0004836189449,0.003003660545,0.0149797435,,,,22.75,75.01916992,97.76916992,2254.329102,0.59375,0,2254.922852,0.59375,1.204101562,36,5.078125,42.6953125,0,2.102539062,47.7734375,1936415,148.617211,13.02954743,0.013472,6.200046,0,6.213518
115,hl#3,hl,1936415,3228,1,1,1,8.486486486,0.001872251851,0.9933333333,384,,,,,,0,0,0,0,0,,,,,,,,,,0,,,,,,,,,,2304,1,0,1,0,37,0.1103967899,2267,0.5725988489,0.0002964390794,0.002983697026,0.0149714808,,,,45.2734375,145.2075684,190.4810059,4504.360352,0.609375,0,4504.969727,0.609375,1.235351562,37,5.078125,62.875,0,2.157226562,67.953125,1936415,125.195277,15.46715696,0.026499,11.710267,0,11.736766
115,ss[policy=difficulty],ss,1936415,3228,0.9487179487,1,0.9736842105,121.2702703,0.02737561356,1,1038,958,,,,,0,0,0,0,0,,,,0.0002112150546,0,,958,1,0,0,958,958,958,958,0,0,1.083507307,1.083507307,-0.08020328575,39,1,37,1,0.1126726451,2,0.003499766321,0,0,7.024612029e-05,0.0002112150546,0.0002117314729,,,,42.93578125,71.63871094,114.5744922,2291.859375,5.03125,0,2296.890625,1.515625,2.171875,39,5.46875,14.3984375,9.65625,1.159179688,19.8671875,1936415,141.889533,13.64734212,0.031201,24.915847,0.02593,24.972978
115,hybrid[head=topn-frontier reducer=streaming],hybrid,1936415,3228,1,1,1,47,0.01279239894,1,1174,1174,600,574,600,574,415,185,185,9640,3740,0.387966805,1,1.512111,0.00037853456,0,,574,0,0,0,574,574,574,574,0,0,1,1,0,37,1,37,1,0.1112535278,0,0,0,0,2.427165664e-05,0,0.00037853456,,,,34.99953125,37.47307617,72.47260742,1517.067383,370.6875,365.234375,1887.754883,5.453125,8.543945312,185,5.46875,76.5234375,128.0498047,1.146484375,128.0498047,1936415,185.676989,10.42894443,0.073599,9.64844,0.344909,10.066948
116,hl,hl,1958186,3264,1,0.4857142857,0.6538461538,2595.457143,0.300379326,0.9201388889,48,,,,,,0,0,0,0,0,,,,,,,,,,0,,,,,,,,,,288,0.9142857143,0,1,0,17,0.05065759841,271,0.1598576438,0.000730955702,0.00297985873,0.01315043617,,,,5.857421875,19.70508789,25.56250977,566.3037109,0.390625,0,566.6943359,0.390625,0.6787109375,17,5.078125,23.30273438,0,0.8125,28.38085938,1958186,120.767072,16.21456882,0.003183,1.348988,0,1.352171
116,hl#1,hl,1958186,3264,1,0.8,0.8888888889,363.3428571,0.07758954017,0.8402777778,96,,,,,,0,0,0,0,0,,,,,,,,,,0,,,,,,,,,,576,1,0,1,0,28,0.1010174723,548,0.2930263009,0.0006841037729,0.003607766868,0.0168390541,,,,11.48828125,38.8527832,50.34106445,1129.130859,0.53125,0,1129.662109,0.53125,1.005859375,28,5.078125,30.10546875,0,1.526367188,35.18359375,1958186,142.60131,13.73189349,0.007571,2.572355,0,2.579926
116,hl#2,hl,1958186,3264,1,0.9714285714,0.9855072464,39.42857143,0.009213803945,0.975,192,,,,,,0,0,0,0,0,,,,,,,,,,0,,,,,,,,,,1152,1,0,1,0,34,0.1160834568,1118,0.4470811251,0.000488858144,0.003414219319,0.01683547937,,,,22.75,76.26617187,99.01617187,2254.296875,0.59375,0,2254.890625,0.59375,1.171875,34,5.078125,42.2265625,0,1.958984375,47.3046875,1958186,142.380218,13.75321676,0.010601,5.664798,0,5.675399
116,hl#3,hl,1958186,3264,1,1,1,9.971428571,0.002038030663,0.995,384,,,,,,0,0,0,0,0,,,,,,,,,,0,,,,,,,,,,2304,1,0,1,0,35,0.1179673432,2269,0.5671156877,0.0002973450655,0.003370495521,0.01686714132,,,,45.2734375,147.383252,192.6566895,4504.329102,0.609375,0,4504.938477,0.609375,1.204101562,35,5.078125,62.328125,0,2.015625,67.40625,1958186,121.637614,16.0985236,0.019414,10.919017,0,10.938431
116,ss[policy=difficulty],ss,1958186,3264,0.9459459459,1,0.9722222222,138.5142857,0.02839526574,1,958,958,,,,,0,0,0,0,0,,,,0.0002471675316,0,,958,0,0,0,958,958,958,958,0,0,1,1,0,37,1,35,1,0.1205641344,2,0.003408256417,0,0,6.901036732e-05,3.881143058e-05,0.0002742333976,,,,39.285625,89.01331055,128.2989355,2105.814453,4.96875,0,2110.783203,1.453125,2.080078125,37,5.46875,14.3984375,9.65625,1.05078125,19.8671875,1958186,136.897487,14.30403175,0.013361,22.185134,0.010259,22.208754
116,hybrid[head=topn-frontier reducer=streaming],hybrid,1958186,3264,1,1,1,24.37142857,0.006308411248,1,1174,1093,600,574,600,493,413,187,187,9640,3780,0.3921161826,1,1.512994,0.0002788294881,0,,493,1,0,0,493,493,493,493,0,0,1.164300203,1.164300203,-0.1521202223,35,1,35,1,0.1185239809,0,0,0,0,1.244592116e-05,0,0.0002788294881,,,,35.00785156,38.07854492,73.08639648,1499.172852,374.78125,369.140625,1873.954102,5.640625,8.766601562,187,5.46875,76.2734375,127.7021484,1.096679688,127.7021484,1958186,180.75563,10.83333338,0.075044,9.413935,0.354497,9.843476
117,hl,hl,1956574,3261,1,0.53125,0.693877551,2460.5,0.2959349139,0.9583333333,48,,,,,,0,0,0,0,0,,,,,,,,,,0,,,,,,,,,,288,1,0,1,0,17,0.04234851327,271,0.1597992205,0.0007019018533,0.002491089016,0.005994151001,,,,5.857421875,19.85111328,25.70853516,566.3955078,0.484375,0,566.8798828,0.484375,0.7705078125,17,5.078125,22.52148438,0,0.7421875,27.59960938,1956574,124.031494,15.77481603,0.01368,2.116813,0,2.130493
117,hl#1,hl,1956574,3261,0.96,0.75,0.8421052632,367.3125,0.08875033383,0.8350694444,96,,,,,,0,0,0,0,0,,,,,,,,,,0,,,,,,,,,,576,1,0,1,0,25,0.08498017453,551,0.2975149419,0.0006640540216,0.003399206981,0.01731802631,,,,11.48828125,39.1646582,50.65293945,1129.035156,0.484375,0,1129.519531,0.484375,0.91015625,25,5.078125,31.43359375,0,1.422851562,36.51171875,1956574,147.074418,13.30329249,0.006266,4.111307,0,4.117573
117,hl#2,hl,1956574,3261,1,0.96875,0.9841269841,43.53125,0.01134929812,0.9766666667,192,,,,,,0,0,0,0,0,,,,,,,,,,0,,,,,,,,,,1152,1,0,1,0,31,0.09841437124,1121,0.4563047449,0.0004815270106,0.003174657137,0.01740440178,,,,22.75,77.42084961,100.1708496,2254.163086,0.515625,0,2254.678711,0.515625,1.038085938,31,5.078125,42.3046875,0,1.819335938,47.3828125,1956574,147.460213,13.26848755,0.016904,9.742731,0,9.759635
117,hl#3,hl,1956574,3261,0.9411764706,1,0.9696969697,9.25,0.002118365388,0.9916666667,384,,,,,,0,0,0,0,0,,,,,,,,,,0,,,,,,,,,,2304,1,0,1,0,34,0.1039674451,2270,0.5753940306,0.0002948617516,0.003057866033,0.01741155714,,,,45.2734375,153.375332,198.6487695,4504.259766,0.5625,0,4504.822266,0.5625,1.134765625,34,5.078125,62.09375,0,1.986328125,67.171875,1956574,126.232102,15.49981319,0.030853,16.549434,0,16.580287
117,ss[policy=difficulty],ss,1956574,3261,0.7619047619,1,0.8648648649,152.3125,0.03415985468,1,958,1046,,,,,0,0,0,0,0,,,,0.0002729260432,1,1046,1046,0,1,1046,1046,1046,1046,1046,1,1,0.9158699809,0.9158699809,0.08788086665,42,1,32,1,0.1030546251,10,0.01741053495,0,0,0.0001020004501,0.0001792929887,0.0003179026196,,,,39.79023437,90.72980469,130.5200391,2143.692383,5.265625,0,2148.958008,1.75,2.458007812,42,5.46875,14.3984375,9.65625,1.138671875,19.8671875,1956574,141.300951,13.84685656,0.026462,32.575255,0.016874,32.618591
117,hybrid[head=topn-frontier reducer=streaming],hybrid,1956574,3261,0.8888888889,1,0.9411764706,27.34375,0.007679628098,1,1093,1118,600,493,600,518,406,194,194,9640,3920,0.4066390041,1,1.73781,0.0006996924215,1,518,518,0,1,518,518,518,518,518,1,1,0.9517374517,0.9517374517,0.04946606822,36,1,32,1,0.1010107463,4,0.007327093174,0,0,6.260943874e-05,0.0004516823795,0.0006996924215,,,,32.41390625,46.93547852,79.34938477,1357.537109,388.53125,382.8125,1746.068359,5.71875,8.943359375,194,5.46875,76.5234375,128.0302734,1.091796875,128.0302734,1956574,184.189164,10.62263359,0.070436,8.609285,0.37545,9.055171
118,hl,hl,1958264,3264,1,0.5294117647,0.6923076923,2348.5,0.2540301448,0.9270833333,48,,,,,,0,0,0,0,0,,,,,,,,,,0,,,,,,,,,,288,0.9705882353,0,1,0,18,0.05363526062,270,0.1552400493,0.0007252614929,0.002979736701,0.01211021599,,,,5.857421875,19.76474609,25.62216797,566.3105469,0.375,0,566.6855469,0.375,0.685546875,18,5.078125,24.08398438,0,0.9033203125,29.16210938,1958264,120.168715,16.29595523,0.00362,1.345574,0,1.349194
118,hl#1,hl,1958264,3264,1,0.8529411765,0.9206349206,393.2647059,0.06149200068,0.8246527778,96,,,,,,0,0,0,0,0,,,,,,,,,,0,,,,,,,,,,576,1,0,1,0,29,0.09924351364,547,0.2873136615,0.0006711062068,0.003422190126,0.01601775859,,,,11.48828125,39.16079102,50.64907227,1129.134766,0.515625,0,1129.650391,0.515625,1.009765625,29,5.078125,29.94921875,0,1.618164062,35.02734375,1958264,140.716697,13.91635848,0.011133,2.607162,0,2.618295
118,hl#2,hl,1958264,3264,1,0.9705882353,0.9850746269,35.05882353,0.008024994092,0.975,192,,,,,,0,0,0,0,0,,,,,,,,,,0,,,,,,,,,,1152,1,0,1,0,33,0.1113746665,1119,0.4475310785,0.0004851612371,0.003374989895,0.01835809676,,,,22.75,77.64405273,100.3940527,2254.259766,0.578125,0,2254.837891,0.578125,1.134765625,33,5.078125,41.8359375,0,1.866210938,46.9140625,1958264,139.923272,13.99527021,0.013787,5.7491,0,5.762887
118,hl#3,hl,1958264,3264,1,1,1,6.411764706,0.001350566126,0.99,384,,,,,,0,0,0,0,0,,,,,,,,,,0,,,,,,,,,,2304,1,0,1,0,34,0.1135898939,2270,0.5710889849,0.0002971696523,0.003340879233,0.01836728858,,,,45.2734375,152.2997949,197.5732324,4504.261719,0.5625,0,4504.824219,0.5625,1.13671875,34,5.078125,62.71875,0,1.98828125,67.796875,1958264,119.924907,16.329085,0.019776,10.882829,0,10.902605
118,ss[policy=difficulty],ss,1958264,3264,0.8717948718,1,0.9315068493,103.4117647,0.02213175653,1,1046,1046,,,,,0,0,0,0,0,,,,0.0002425617792,0,,1046,0,0,0,1046,1046,1046,1046,0,0,1,1,0,39,1,34,1,0.1153577863,5,0.00885784552,0,0,6.992064243e-05,0.0001862874464,0.000243583092,,,,43.13316406,72.54853516,115.6816992,2285.080078,5.1875,0,2290.267578,1.671875,2.330078125,39,5.46875,14.3984375,9.65625,1.098632812,19.8671875,1958264,140.004357,13.9871647,0.017092,24.598357,0.022677,24.638126
118,hybrid[head=topn-frontier reducer=streaming],hybrid,1958264,3264,0.9189189189,1,0.9577464789,4.617647059,0.0006165082856,1,1118,1118,600,518,600,518,421,179,179,9640,3620,0.3755186722,1,3.48582,0.0006010425561,0,,518,0,0,0,518,518,518,518,0,0,1,1,0,37,1,34,1,0.1136424915,3,0.006103365021,0,0,4.408206673e-05,0.0005169544726,0.0006010425561,,,,33.59492187,36.31151367,69.90643555,1396.334961,358.96875,353.515625,1755.303711,5.453125,8.428710938,179,5.46875,76.2734375,127.7998047,1.12109375,127.7998047,1958264,176.93225,11.06787485,0.066157,9.314487,0.613646,9.99429
119,hl,hl,1960302,3268,1,0.4594594595,0.6296296296,2680.135135,0.2836652369,0.9409722222,48,,,,,,0,0,0,0,0,,,,,,,,,,0,,,,,,,,,,288,0.9459459459,0,1,0,17,0.05124771591,271,0.1514455426,0.0007037960364,0.003014571524,0.01332702818,,,,5.857421875,19.83121094,25.68863281,566.2753906,0.359375,0,566.6347656,0.359375,0.650390625,17,5.078125,23.22460938,0,0.8798828125,28.30273438,1960302,142.981262,13.71020211,0.003218,1.309714,0,1.312932
119,hl#1,hl,1960302,3268,1,0.7567567568,0.8615384615,514.1081081,0.08467905407,0.84375,96,,,,,,0,0,0,0,0,,,,,,,,,,0,,,,,,,,,,576,1,0,1,0,28,0.1026984618,548,0.2878326911,0.0006780054737,0.003667802206,0.02037186107,,,,11.48828125,39.14220703,50.63048828,1129.104492,0.5,0,1129.604492,0.5,0.9794921875,28,5.078125,30.80859375,0,1.627929688,35.88671875,1960302,167.833411,11.68004623,0.005841,2.542779,0,2.54862
119,hl#2,hl,1960302,3268,1,0.972972973,0.9863013699,33.24324324,0.007746783104,0.975,192,,,,,,0,0,0,0,0,,,,,,,,,,0,,,,,,,,,,1152,1,0,1,0,36,0.1237396075,1116,0.4405469157,0.0004898320514,0.003437211319,0.02045195077,,,,22.75,77.03458984,99.78458984,2254.330078,0.59375,0,2254.923828,0.59375,1.205078125,36,5.078125,42.0703125,0,2.103515625,47.1484375,1960302,167.250459,11.72075707,0.008541,7.117696,0,7.126237
119,hl#3,hl,1960302,3268,1,1,1,6.243243243,0.001239520607,0.9883333333,384,,,,,,0,0,0,0,0,,,,,,,,,,0,,,,,,,,,,2304,1,0,1,0,37,0.1258464257,2267,0.5615803075,0.0002983622974,0.003401254749,0.02045705203,,,,45.2734375,150.3836035,195.657041,4504.362305,0.609375,0,4504.97168,0.609375,1.237304688,37,5.078125,62.40625,0,2.159179688,67.484375,1960302,145.380852,13.48390777,0.039102,12.363351,0,12.402453
119,ss[policy=difficulty],ss,1960302,3268,0.925,1,0.961038961,108.8918919,0.02315202676,1,1046,1046,,,,,0,0,0,0,0,,,,0.0002397589759,0,,1046,0,0,0,1046,1046,1046,1046,0,0,1,1,0,40,1,37,1,0.1278706036,3,0.005193077393,0,0,6.927504027e-05,0.0002385686831,0.0002402691014,,,,43.12757812,74.07521484,117.202793,2283.709961,5.015625,0,2288.725586,1.5,2.178710938,40,5.46875,14.3984375,9.65625,1.122070312,19.8671875,1960302,164.947238,11.88441846,0.019418,24.213596,0.01582,24.248834
119,hybrid[head=topn-frontier reducer=streaming],hybrid,1960302,3268,0.9736842105,1,0.9866666667,21.48648649,0.004968831009,1,1118,1118,600,518,600,518,395,205,205,9640,4140,0.4294605809,1,1.590897,0.0005693000364,0,,518,0,0,0,518,518,518,518,0,0,1,1,0,38,1,37,1,0.1262208578,1,0.001808904954,0,0,2.565394194e-05,0.0005693000364,0.0005693000364,,,,33.58554687,37.02039062,70.6059375,1396.495117,410.21875,404.296875,1806.713867,5.921875,9.331054688,205,5.46875,76.5234375,128.0400391,1.168945312,128.0400391,1960302,208.570981,9.398728388,0.067534,8.62978,0.363706,9.06102
120,hl,hl,1961337,3269,1,0.5454545455,0.7058823529,2921.393939,0.2773394116,0.9270833333,48,,,,,,0,0,0,0,0,,,,,,,,,,0,,,,,,,,,,288,0.9696969697,0,1,0,18,0.04826095668,270,0.1536926087,0.0007012276575,0.00268116426,0.005446794712,,,,5.857421875,19.80541992,25.6628418,566.4648438,0.53125,0,566.9960938,0.53125,0.83984375,18,5.078125,23.84960938,0,0.8056640625,28.92773438,1961337,123.90057,15.82992717,0.003078,1.340809,0,1.343887
120,hl#1,hl,1961337,3269,1,0.8484848485,0.9180327869,319.0909091,0.06762715104,0.8350694444,96,,,,,,0,0,0,0,0,,,,,,,,,,0,,,,,,,,,,576,1,0,1,0,28,0.1029216295,548,0.2881804606,0.0006789966841,0.003675772481,0.02118248929,,,,11.48828125,39.05967773,50.54795898,1129.134766,0.53125,0,1129.666016,0.53125,1.009765625,28,5.078125,30.88671875,0,1.46484375,35.96484375,1961337,145.067728,13.52014695,0.004606,2.566074,0,2.57068
120,hl#2,hl,1961337,3269,1,0.9393939394,0.96875,56.18181818,0.01287079204,0.97,192,,,,,,0,0,0,0,0,,,,,,,,,,0,,,,,,,,,,1152,1,0,1,0,31,0.111615189,1121,0.4475747921,0.0004854079697,0.003600489969,0.02118452872,,,,22.75,76.93193359,99.68193359,2254.168945,0.515625,0,2254.68457,0.515625,1.043945312,31,5.078125,41.7578125,0,1.825195312,46.8359375,1961337,144.24702,13.59707119,0.012204,5.797363,0,5.809567
120,hl#3,hl,1961337,3269,1,0.9696969697,0.9846153846,10.81818182,0.002308898819,0.9966666667,384,,,,,,0,0,0,0,0,,,,,,,,,,0,,,,,,,,,,2304,1,0,1,0,32,0.1137948247,2272,0.5735286695,0.0002983174888,0.00355608827,0.02120288354,,,,45.2734375,150.9496875,196.223125,4504.200195,0.53125,0,4504.731445,0.53125,1.075195312,32,5.078125,63.03125,0,1.879882812,68.109375,1961337,124.529159,15.75002205,0.019315,10.884976,0,10.904291
120,ss[policy=difficulty],ss,1961337,3269,0.825,1,0.904109589,111.0606061,0.022582513,1,1046,1046,,,,,0,0,0,0,0,,,,0.0002003735207,0,,1046,0,0,0,1046,1046,1046,1046,0,0,1,1,0,40,1,33,1,0.1173510723,7,0.01192502869,0,0,6.266133765e-05,9.111860211e-05,0.0002064917962,,,,43.12660156,73.78623047,116.912832,2272.458984,5.109375,0,2277.568359,1.59375,2.271484375,40,5.46875,14.3984375,9.65625,1.118164062,19.8671875,1961337,142.643609,13.7499115,0.015382,24.220719,0.009066,24.245167
120,hybrid[head=topn-frontier reducer=streaming],hybrid,1961337,3269,0.9428571429,1,0.9705882353,37.78787879,0.007001911529,1,1118,1118,600,518,600,518,409,191,191,9640,3860,0.4004149378,1,1.521969,0.0002768519637,0,,518,0,0,0,518,518,518,518,0,0,1,1,0,35,1,33,1,0.1161182398,2,0.003403290714,0,0,3.082445437e-05,0.0002215325566,0.0002768519637,,,,33.59066406,36.82024414,70.4109082,1389.983398,382.59375,376.953125,1772.577148,5.640625,8.842773438,191,5.46875,76.5234375,127.9521484,1.071289062,127.9521484,1961337,181.527533,10.80462543,0.067616,8.704472,0.345097,9.117185
121,hl,hl,1967765,3280,1,0.2820512821,0.44,2698.897436,0.3457749124,0.9201388889,48,,,,,,0,0,0,0,0,,,,,,,,,,0,,,,,,,,,,288,0.8974358974,0,1,0,11,0.03471146199,277,0.1694267354,0.0007088131854,0.003155587454,0.01572952055,,,,5.857421875,19.79376953,25.65119141,566.140625,0.328125,0,566.46875,0.328125,0.515625,11,5.078125,23.84960938,0,0.5400390625,28.92773438,1967765,121.417688,16.2065761,0.018816,2.181628,0,2.200444
121,hl#1,hl,1967765,3280,1,0.7435897436,0.8529411765,475.1538462,0.09432482914,0.8420138889,96,,,,,,0,0,0,0,0,,,,,,,,,,0,,,,,,,,,,576,1,0,1,0,29,0.09546719247,547,0.2973124331,0.0006819090722,0.003291972154,0.02151730517,,,,11.48828125,39.14109375,50.629375,1129.123047,0.515625,0,1129.638672,0.515625,0.998046875,29,5.078125,29.79296875,0,1.5390625,34.87109375,1967765,142.123152,13.84549225,0.01469,3.31382,0,3.32851
121,hl#2,hl,1967765,3280,1,1,1,40.84615385,0.009065981927,0.9766666667,192,,,,,,0,0,0,0,0,,,,,,,,,,0,,,,,,,,,,1152,1,0,1,0,39,0.1190965385,1113,0.4439356326,0.000488743204,0.003053757396,0.02157269796,,,,22.75,77.42529297,100.175293,2254.416016,0.640625,0,2255.056641,0.640625,1.291015625,39,5.078125,42.3828125,0,2.259765625,47.4609375,1967765,142.453485,13.81338617,0.045831,6.551448,0,6.597279
121,hl#3,hl,1967765,3280,1,1,1,6.179487179,0.001486358891,0.995,384,,,,,,0,0,0,0,0,,,,,,,,,,0,,,,,,,,,,2304,1,0,1,0,39,0.1196240405,2265,0.5685135166,0.0002986708147,0.003067283089,0.02160115664,,,,45.2734375,152.0122949,197.2857324,4504.416016,0.640625,0,4505.056641,0.640625,1.291015625,39,5.078125,62.484375,0,2.259765625,67.5625,1967765,122.725302,16.03389821,0.022964,11.055986,0,11.07895
121,ss[policy=difficulty],ss,1967765,3280,0.9285714286,1,0.962962963,123.6923077,0.02780122275,1,1046,975,,,,,0,0,0,0,0,,,,0.000215981075,0,,975,1,0,0,975,975,975,975,0,0,1.072820513,1.072820513,-0.07029117363,42,1,39,1,0.1221065524,3,0.005237922211,0,0,6.927124113e-05,0.0001526266263,0.000241898804,,,,43.13035156,74.10452148,117.234873,2280.614258,5.296875,0,2285.911133,1.78125,2.481445312,42,5.46875,14.3984375,9.65625,1.13671875,19.8671875,1967765,140.874197,13.96824289,0.014167,24.517729,0.009018,24.540914
121,hybrid[head=topn-frontier reducer=streaming],hybrid,1967765,3280,1,1,1,72.82051282,0.01666113095,1,1118,1064,600,518,600,464,416,184,184,9640,3720,0.3858921162,1,1.519037,0.0003968969872,0,,464,1,0,0,464,464,464,464,0,0,1.11637931,1.11637931,-0.11009069,39,1,39,1,0.1210983019,0,0,0,0,3.700671209e-05,0,0.0003968969872,,,,33.59351563,37.23500977,70.82852539,1398.894531,368.78125,363.28125,1767.675781,5.5,8.56640625,184,5.46875,77.0234375,128.515625,1.155273438,128.515625,1967765,177.872159,11.06280494,0.066907,8.763296,0.353263,9.183466
122,hl,hl,1971137,3286,1,0.4444444444,0.6153846154,2958.777778,0.3358051282,0.9236111111,48,,,,,,0,0,0,0,0,,,,,,,,,,0,,,,,,,,,,288,0.9722222222,0,1,0,16,0.04932888987,272,0.1538041242,0.0007053229656,0.003083055617,0.009950094793,,,,5.857421875,19.79919922,25.65662109,566.2744141,0.375,0,566.6494141,0.375,0.6494140625,16,5.078125,23.77148438,0,0.7568359375,28.84960938,1971137,130.667721,15.08511042,0.003261,1.389058,0,1.392319
122,hl#1,hl,1971137,3286,1,0.8611111111,0.9253731343,535.0833333,0.09991860027,0.8315972222,96,,,,,,0,0,0,0,0,,,,,,,,,,0,,,,,,,,,,576,1,0,1,0,31,0.1088442863,545,0.2835769406,0.0006812868523,0.00351110601,0.021315109,,,,11.48828125,38.82023437,50.30851562,1129.199219,0.546875,0,1129.746094,0.546875,1.07421875,31,5.078125,31.35546875,0,1.661132812,36.43359375,1971137,152.25192,12.94654938,0.004528,2.679507,0,2.684035
122,hl#2,hl,1971137,3286,1,1,1,58.77777778,0.01232396173,0.9633333333,192,,,,,,0,0,0,0,0,,,,,,,,,,0,,,,,,,,,,1152,1,0,1,0,36,0.1248477402,1116,0.4381384957,0.0004887033297,0.003467992782,0.02140490488,,,,22.75,75.84830078,98.59830078,2254.326172,0.59375,0,2254.919922,0.59375,1.201171875,36,5.078125,42.7734375,0,2.099609375,47.8515625,1971137,151.324894,13.02586077,0.008845,5.913587,0,5.922432
122,hl#3,hl,1971137,3286,1,1,1,8.611111111,0.001640254264,0.995,384,,,,,,0,0,0,0,0,,,,,,,,,,0,,,,,,,,,,2304,1,0,1,0,36,0.125649308,2268,0.5610320338,0.0002980387768,0.003490258555,0.02139323649,,,,45.2734375,144.9148242,190.1882617,4504.326172,0.59375,0,4504.919922,0.59375,1.201171875,36,5.078125,62.640625,0,2.099609375,67.71875,1971137,129.330678,15.24106291,0.022071,11.198166,0,11.220237
122,ss[policy=difficulty],ss,1971137,3286,0.972972973,1,0.9863013699,148.2222222,0.02990582685,1,975,975,,,,,0,0,0,0,0,,,,0.0002308312411,0,,975,0,0,0,975,975,975,975,0,0,1,1,0,37,1,36,1,0.1283107161,1,0.001720834219,0,0,7.729110222e-05,0.0001527037441,0.000270402311,,,,39.55441406,88.93624023,128.4906543,2129.802734,5.03125,0,2134.833984,1.515625,2.138671875,37,5.46875,14.3984375,9.65625,1.051757812,19.8671875,1971137,144.250783,13.66465373,0.016878,22.419464,0.022968,22.45931
122,hybrid[head=topn-frontier reducer=streaming],hybrid,1971137,3286,0.9473684211,1,0.972972973,104.3888889,0.02111924551,1,1064,1064,600,464,600,464,408,192,192,9640,3880,0.4024896266,1,5.146192,0.0006285712256,0,,464,0,0,0,464,464,464,464,0,0,1,1,0,38,1,36,1,0.1266172772,2,0.003551249862,0,0,7.101164668e-05,0.0003906374849,0.0006285712256,,,,31.37578125,35.28113281,66.65691406,1286.609375,384.53125,378.90625,1671.140625,5.625,8.7890625,192,5.46875,76.5234375,127.9960938,1.138671875,127.9960938,1971137,183.809286,10.72381621,0.060633,8.041927,0.484247,8.586807
123,hl,hl,1954554,3258,1,0.4186046512,0.5901639344,2843.767442,0.3628823125,0.9097222222,48,,,,,,0,0,0,0,0,,,,,,,,,,0,,,,,,,,,,288,0.8837209302,0,1,0,18,0.05836472157,270,0.1514560355,0.0007285442954,0.003242484532,0.01210762148,,,,5.857421875,19.71888672,25.57630859,566.4033203,0.46875,0,566.8720703,0.46875,0.7783203125,18,5.078125,23.53710938,0,0.8046875,28.61523438,1954554,122.787177,15.91822573,0.003253,1.400428,0,1.403681
123,hl#1,hl,1954554,3258,1,0.8837209302,0.9382716049,524.372093,0.09024655283,0.8368055556,96,,,,,,0,0,0,0,0,,,,,,,,,,0,,,,,,,,,,576,1,0,1,0,38,0.1273323735,538,0.2719126716,0.000693133759,0.003350851935,0.01686625184,,,,11.48828125,38.71671875,50.205,1129.456055,0.6875,0,1130.143555,0.6875,1.331054688,38,5.078125,31.66796875,0,1.924804688,36.74609375,1954554,143.66751,13.60470436,0.004513,2.542396,0,2.546909
123,hl#2,hl,1954554,3258,1,0.976744186,0.9882352941,63.69767442,0.01340930252,0.9733333333,192,,,,,,0,0,0,0,0,,,,,,,,,,0,,,,,,,,,,1152,1,0,1,0,42,0.143087886,1110,0.4257707897,0.0004938009338,0.003406854429,0.01943563596,,,,22.75,74.06370117,96.81370117,2254.552734,0.71875,0,2255.271484,0.71875,1.427734375,42,5.078125,41.4453125,0,2.375,46.5234375,1954554,141.231785,13.8393351,0.008468,5.657863,0,5.666331
123,hl#3,hl,1954554,3258,1,1,1,8.837209302,0.00190227765,0.995,384,,,,,,0,0,0,0,0,,,,,,,,,,0,,,,,,,,,,2304,1,0,1,0,43,0.1459079667,2261,0.5457997067,0.0003002203444,0.003393208529,0.01943819408,,,,45.2734375,142.0509082,187.3243457,4504.552734,0.703125,0,4505.255859,0.703125,1.427734375,43,5.078125,62.328125,0,2.490234375,67.40625,1954554,121.515729,16.08478191,0.022694,10.894458,0,10.917152
123,ss[policy=difficulty],ss,1954554,3258,0.9772727273,1,0.9885057471,177.2325581,0.03781422793,1,975,1004,,,,,0,0,0,0,0,,,,0.0002573477121,1,1004,1004,0,1,1004,1004,1004,1004,1004,1,1,0.9711155378,0.9711155378,0.02930982925,44,1,43,1,0.1498459495,1,0.001719573877,0,0,9.502284037e-05,0.0002819057442,0.000296231263,,,,39.30589844,69.57445313,108.8803516,2119.834961,5.234375,0,2125.069336,1.71875,2.459960938,44,5.46875,14.3984375,9.65625,1.21484375,19.8671875,1954554,139.154333,14.04594423,0.016692,22.616461,0.010166,22.643319
123,hybrid[head=topn-frontier reducer=streaming],hybrid,1954554,3258,0.9555555556,1,0.9772727273,54.30232558,0.00894696663,1,1064,1064,600,464,600,464,406,194,194,9640,3920,0.4066390041,1,1.514108,0.0005372069536,0,,464,0,0,0,464,464,464,464,0,0,1,1,0,45,1,43,1,0.1471414962,2,0.00366068167,0,0,4.421582736e-05,0.0003975331457,0.0005372069536,,,,31.23882813,35.27109375,66.50992188,1286.40625,388.53125,382.8125,1674.9375,5.71875,8.9375,194,5.46875,76.5234375,128.1474609,1.333984375,128.1474609,1954554,173.636663,11.25657431,0.05932,8.136874,0.349892,8.546086
124,hl,hl,1936036,3227,1,0.3571428571,0.5263157895,3029.880952,0.3817814745,0.9201388889,48,,,,,,0,0,0,0,0,,,,,,,,,,0,,,,,,,,,,288,0.9047619048,0,1,0,15,0.04080864199,273,0.1529992211,0.000672943969,0.002720576133,0.01303953026,,,,5.857421875,19.83648438,25.69390625,566.2099609,0.328125,0,566.5380859,0.328125,0.5849609375,15,5.078125,22.99023438,0,0.763671875,28.06835938,1936036,126.696851,15.28085335,0.003186,1.359832,0,1.363018
124,hl#1,hl,1936036,3227,1,0.7380952381,0.8493150685,588.9285714,0.1172853625,0.8333333333,96,,,,,,0,0,0,0,0,,,,,,,,,,0,,,,,,,,,,576,1,0,1,0,31,0.1046561118,545,0.2851527554,0.0006767515055,0.003376003605,0.01927546802,,,,11.48828125,38.82145508,50.30973633,1129.253906,0.609375,0,1129.863281,0.609375,1.12890625,31,5.078125,30.49609375,0,1.623046875,35.57421875,1936036,148.414708,13.04477182,0.007423,2.527985,0,2.535408
124,hl#2,hl,1936036,3227,1,0.9761904762,0.9879518072,53.47619048,0.01242977118,0.975,192,,,,,,0,0,0,0,0,,,,,,,,,,0,,,,,,,,,,1152,1,0,1,0,41,0.130727941,1111,0.4308623393,0.0004874915628,0.003188486366,0.01934209901,,,,22.75,76.07171875,98.82171875,2254.519531,0.703125,0,2255.222656,0.703125,1.39453125,41,5.078125,41.5234375,0,2.315429688,46.6015625,1936036,147.509622,13.12481161,0.011178,5.780989,0,5.792167
124,hl#3,hl,1936036,3227,1,1,1,9.095238095,0.002077114381,0.9916666667,384,,,,,,0,0,0,0,0,,,,,,,,,,0,,,,,,,,,,2304,1,0,1,0,42,0.1332123989,2262,0.5532309317,0.0002979354734,0.003171723784,0.01932143824,,,,45.2734375,146.7997363,192.0731738,4504.518555,0.6875,0,4505.206055,0.6875,1.393554688,42,5.078125,62.5625,0,2.432617188,67.640625,1936036,127.749081,15.15498965,0.019412,10.989765,0,11.009177
124,ss[policy=difficulty],ss,1936036,3227,0.9333333333,1,0.9655172414,135.4285714,0.02912558857,1,1004,1004,,,,,0,0,0,0,0,,,,0.0002360493297,0,,1004,0,0,0,1004,1004,1004,1004,0,0,1,1,0,45,1,42,1,0.1361648234,3,0.005197217407,0,0,7.99916255e-05,0.00022055375,0.0002747882787,,,,40.53457031,90.13500977,130.6695801,2196.87207,5.21875,0,2202.09082,1.703125,2.458007812,45,5.46875,14.3984375,9.65625,1.23828125,19.8671875,1936036,143.661163,13.47640489,0.014597,23.291468,0.007715,23.31378
124,hybrid[head=topn-frontier reducer=streaming],hybrid,1936036,3227,0.976744186,1,0.9882352941,29.73809524,0.006998547298,1,1064,1064,600,464,600,464,402,198,198,9640,4000,0.4149377593,1,1.55423,0.0003300558461,0,,464,0,0,0,464,464,464,464,0,0,1,1,0,43,1,42,1,0.1338719941,1,0.001757715249,0,0,2.30031279e-05,0.0002758213174,0.0003300558461,,,,31.45769531,42.81421875,74.27191406,1293.900391,396.5,390.625,1690.400391,5.875,9.205078125,198,5.46875,76.5234375,128.2109375,1.287109375,128.2109375,1936036,179.500013,10.7857151,0.060106,8.071491,0.4168,8.548397
125,hl,hl,1954771,3258,1,0.4,0.5714285714,2623,0.3188424021,0.9444444444,48,,,,,,0,0,0,0,0,,,,,,,,,,0,,,,,,,,,,288,0.9714285714,0,1,0,14,0.04309660825,274,0.1594780156,0.0007033841105,0.003078329161,0.01552867318,,,,5.857421875,19.83832031,25.69574219,566.2988281,0.4375,0,566.7363281,0.4375,0.673828125,14,5.078125,23.77148438,0,0.5439453125,28.84960938,1954771,147.671577,13.23728669,0.009766,1.356856,0,1.366622
125,hl#1,hl,1954771,3258,1,0.8285714286,0.90625,273.8857143,0.05713656253,0.8350694444,96,,,,,,0,0,0,0,0,,,,,,,,,,0,,,,,,,,,,576,1,0,1,0,29,0.100598996,547,0.291186538,0.0006801832187,0.003468930896,0.01800773594,,,,11.48828125,38.56006836,50.04834961,1129.162109,0.546875,0,1129.708984,0.546875,1.037109375,29,5.078125,30.80859375,0,1.645507812,35.88671875,1954771,172.712438,11.31806732,0.004509,2.635385,0,2.639894
125,hl#2,hl,1954771,3258,0.9722222222,1,0.985915493,29.4,0.006134234946,0.97,192,,,,,,0,0,0,0,0,,,,,,,,,,0,,,,,,,,,,1152,1,0,1,0,36,0.1162294714,1116,0.4441717214,0.0004864593687,0.003228596427,0.01803177968,,,,22.75,74.19396484,96.94396484,2254.324219,0.59375,0,2254.917969,0.59375,1.19921875,36,5.078125,42.0703125,0,2.09765625,47.1484375,1954771,173.199172,11.28626065,0.015824,5.795855,0,5.811679
125,hl#3,hl,1954771,3258,1,1,1,6.285714286,0.001206995967,0.9966666667,384,,,,,,0,0,0,0,0,,,,,,,,,,0,,,,,,,,,,2304,1,0,1,0,35,0.114871256,2269,0.5719790195,0.0002981120988,0.003282035886,0.01802768713,,,,45.2734375,143.634873,188.9083105,4504.293945,0.578125,0,4504.87207,0.578125,1.168945312,35,5.078125,62.484375,0,2.043945312,67.5625,1954771,145.183772,13.46411498,0.018954,10.981343,0,11.000297
125,ss[policy=difficulty],ss,1954771,3258,0.8974358974,1,0.9459459459,136.9428571,0.02804843414,1,1004,1004,,,,,0,0,0,0,0,,,,0.0002087201007,0,,1004,0,0,0,1004,1004,1004,1004,0,0,1,1,0,39,1,35,1,0.11737027,4,0.006866277431,0,0,7.218367988e-05,9.080347519e-05,0.0002424836464,,,,40.62304688,69.96265625,110.5857031,2202.286133,5.0625,0,2207.348633,1.546875,2.200195312,39,5.46875,14.3984375,9.65625,1.096679688,19.8671875,1954771,168.096326,11.62887403,0.014124,23.469439,0.010067,23.49363
125,hybrid[head=topn-frontier reducer=streaming],hybrid,1954771,3258,0.9210526316,1,0.9589041096,42.8,0.00991246834,1,1064,1040,600,464,600,440,397,203,203,9640,4100,0.4253112033,1,1.611853,0.000557610073,0,,440,1,0,0,440,440,440,440,0,0,1.054545455,1.054545455,-0.05310982531,38,1,35,1,0.1156846505,3,0.00540779457,0,0,4.597388699e-05,0.0003268925107,0.000557610073,,,,31.50617187,34.68844727,66.19461914,1293.601562,406.15625,400.390625,1699.757812,5.765625,9.1796875,203,5.46875,76.5234375,128.0986328,1.202148438,128.0986328,1954771,214.142721,9.128356037,0.078935,8.124839,0.369391,8.573165
126,hl,hl,1961062,3269,1,0.5,0.6666666667,2390.861111,0.29853538,0.9270833333,48,,,,,,0,0,0,0,0,,,,,,,,,,0,,,,,,,,,,288,0.9444444444,0,1,0,18,0.05130230457,270,0.1531104065,0.0007097663579,0.002850128032,0.01719578473,,,,5.857421875,19.70064453,25.55806641,566.3710938,0.4375,0,566.8085938,0.4375,0.74609375,18,5.078125,23.69335938,0,0.865234375,28.77148438,1961062,121.475305,16.14370921,0.003389,1.320534,0,1.323923
126,hl#1,hl,1961062,3269,1,0.8333333333,0.9090909091,332.6111111,0.0711278429,0.84375,96,,,,,,0,0,0,0,0,,,,,,,,,,0,,,,,,,,,,576,1,0,1,0,30,0.09958787636,546,0.2927510706,0.0006811440051,0.003319595879,0.01973012582,,,,11.48828125,39.01268555,50.5009668,1129.166992,0.53125,0,1129.698242,0.53125,1.041992188,30,5.078125,31.27734375,0,1.639648438,36.35546875,1961062,142.465551,13.76516629,0.00768,2.5462,0,2.55388
126,hl#2,hl,1961062,3269,1,0.9722222222,0.985915493,38.16666667,0.007924350477,0.97,192,,,,,,0,0,0,0,0,,,,,,,,,,0,,,,,,,,,,1152,1,0,1,0,35,0.1126338688,1117,0.4504411385,0.0004887803883,0.003218110537,0.01978060867,,,,22.75,76.1950293,98.9450293,2254.298828,0.578125,0,2254.876953,0.578125,1.173828125,35,5.078125,41.5234375,0,2.048828125,46.6015625,1961062,142.26139,13.78492084,0.011972,5.625991,0,5.637963
126,hl#3,hl,1961062,3269,1,1,1,7.027777778,0.001389709623,0.99,384,,,,,,0,0,0,0,0,,,,,,,,,,0,,,,,,,,,,2304,1,0,1,0,36,0.1148393065,2268,0.5709034187,0.0002976313911,0.003189980735,0.01977805903,,,,45.2734375,147.2705176,192.5439551,4504.330078,0.59375,0,4504.923828,0.59375,1.205078125,36,5.078125,62.40625,0,2.103515625,67.484375,1961062,121.027797,16.2034016,0.019939,10.725717,0,10.745656
126,ss[policy=difficulty],ss,1961062,3269,0.9230769231,1,0.96,134.1111111,0.02821583934,1,1004,1004,,,,,0,0,0,0,0,,,,0.0002264079361,0,,1004,0,0,0,1004,1004,1004,1004,0,0,1,1,0,39,1,36,1,0.1173507008,3,0.005131403291,0,0,7.043540955e-05,9.501654376e-05,0.0002442554085,,,,40.62679687,72.01880859,112.6456055,2202.833984,5.15625,0,2207.990234,1.640625,2.302734375,39,5.46875,14.3984375,9.65625,1.095703125,19.8671875,1961062,138.350596,14.17458296,0.014419,23.269081,0.024415,23.307915
126,hybrid[head=topn-frontier reducer=streaming],hybrid,1961062,3269,0.9459459459,0.9722222222,0.9589041096,108.5555556,0.0256798437,1,1040,1094,600,440,600,494,401,199,199,9640,4020,0.4170124481,1,1.655383,0.0006986010641,1,462,494,0,1,462,494,494,494,494,1,1,0.8906882591,0.8906882591,0.1157607903,38,1,35,1,0.1137582596,3,0.005448068445,0,0,8.164212205e-05,0.0005027887951,0.0006986010641,,,,30.89773437,43.36258789,74.26032227,1247.544922,398.4375,392.578125,1645.982422,5.859375,9.123046875,199,5.46875,76.5234375,127.9960938,1.147460938,127.9960938,1961062,172.818513,11.3475227,0.057891,7.876885,0.353389,8.288165
127,hl,hl,2016713,3362,1,0.45,0.6206896552,2581.75,0.3284477691,0.9166666667,48,,,,,,0,0,0,0,0,,,,,,,,,,0,,,,,,,,,,288,0.925,0,1,0,18,0.05701108685,270,0.1550775941,0.000736419031,0.003167282603,0.0128590434,,,,5.857421875,19.85546875,25.71289062,566.3671875,0.4375,0,566.8046875,0.4375,0.7421875,18,5.078125,23.45898438,0,0.8974609375,28.53710938,2016713,129.701078,15.54893013,0.003083,1.316032,0,1.319115
127,hl#1,hl,2016713,3362,1,0.825,0.904109589,562.2,0.1047064832,0.8333333333,96,,,,,,0,0,0,0,0,,,,,,,,,,0,,,,,,,,,,576,1,0,1,0,33,0.1113802509,543,0.2836184425,0.0006857616205,0.003375159119,0.01804123839,,,,11.48828125,39.15538086,50.64366211,1129.286133,0.609375,0,1129.895508,0.609375,1.161132812,33,5.078125,31.74609375,0,1.63671875,36.82421875,2016713,152.08491,13.26044116,0.004898,2.521093,0,2.525991
127,hl#2,hl,2016713,3362,1,0.95,0.9743589744,55.65,0.01058481139,0.98,192,,,,,,0,0,0,0,0,,,,,,,,,,0,,,,,,,,,,1152,1,0,1,0,38,0.1283821744,1114,0.4411301955,0.0004943683766,0.003378478273,0.01805958508,,,,22.75,76.28112305,99.03112305,2254.416992,0.65625,0,2255.073242,0.65625,1.291992188,38,5.078125,42.5390625,0,2.172851562,47.6171875,2016713,150.64107,13.38753767,0.008618,5.58959,0,5.598208
127,hl#3,hl,2016713,3362,1,1,1,8.275,0.001444666509,0.9966666667,384,,,,,,0,0,0,0,0,,,,,,,,,,0,,,,,,,,,,2304,1,0,1,0,40,0.1326252174,2264,0.5598620131,0.0003005586938,0.003315630434,0.01807346906,,,,45.2734375,147.5102637,192.7837012,4504.453125,0.65625,0,4505.109375,0.65625,1.328125,40,5.078125,62.25,0,2.3203125,67.328125,2016713,130.644419,15.43665635,0.019759,10.585563,0,10.605322
127,ss[policy=difficulty],ss,2016713,3362,0.9090909091,1,0.9523809524,143.325,0.02646571915,1,1004,952,,,,,0,0,0,0,0,,,,0.0002236312257,0,,952,1,0,0,952,952,952,952,0,0,1.054621849,1.054621849,-0.05318226546,44,1,40,1,0.1355497783,4,0.007009425734,0,0,7.746628932e-05,0.0001414430313,0.0002856132727,,,,40.29734375,72.72619141,113.0235352,2193.509766,5.203125,0,2198.712891,1.6875,2.423828125,44,5.46875,14.3984375,9.65625,1.243164062,19.8671875,2016713,149.522999,13.48764413,0.013891,23.296819,0.016983,23.327693
127,hybrid[head=topn-frontier reducer=streaming],hybrid,2016713,3362,0.9523809524,1,0.9756097561,56.825,0.0104583764,1,1094,1094,600,494,600,494,382,218,218,9640,4400,0.4564315353,0,17.050754,0.0006029613534,0,,494,0,0,0,494,494,494,494,0,0,1,1,0,42,1,40,1,0.1338341152,2,0.003860241889,0,0,5.214756223e-05,0.0005315580353,0.0006029613534,,,,32.09847656,35.64748047,67.74595703,1349.105469,947.46875,941.40625,2296.574219,6.0625,9.75390625,218,5.46875,77.0234375,128.6181641,1.330078125,128.6181641,2016713,187.920703,10.73172337,0.074819,8.484424,0.375383,8.934626
128,hl,hl,1993487,3323,1,0.5,0.6666666667,2085.868421,0.2934435032,0.9340277778,48,,,,,,0,0,0,0,0,,,,,,,,,,0,,,,,,,,,,288,0.9736842105,0,1,0,19,0.07081260124,269,0.1497371189,0.0007657976395,0.003726979012,0.01223785257,,,,5.857421875,19.83650391,25.69392578,566.4306641,0.484375,0,566.9150391,0.484375,0.8056640625,19,5.078125,24.86523438,0,0.728515625,29.94335938,1993487,126.711761,15.73245439,0.009326,1.363929,0,1.373255
128,hl#1,hl,1993487,3323,1,0.8157894737,0.8985507246,340.9210526,0.0728658577,0.8402777778,96,,,,,,0,0,0,0,0,,,,,,,,,,0,,,,,,,,,,576,1,0,1,0,31,0.1149914697,545,0.2843695494,0.0006933351027,0.003709402249,0.0173384627,,,,11.48828125,39.03196289,50.52024414,1129.195312,0.546875,0,1129.742188,0.546875,1.0703125,31,5.078125,29.79296875,0,1.755859375,34.87109375,1993487,147.406661,13.52372401,0.004489,2.59576,0,2.600249
128,hl#2,hl,1993487,3323,1,0.9473684211,0.972972973,36.92105263,0.008191448194,0.975,192,,,,,,0,0,0,0,0,,,,,,,,,,0,,,,,,,,,,1152,1,0,1,0,36,0.1286333946,1116,0.4385862561,0.0004923781691,0.003573149851,0.01737006562,,,,22.75,76.88013672,99.63013672,2254.327148,0.59375,0,2254.920898,0.59375,1.202148438,36,5.078125,42.2265625,0,2.100585938,47.3046875,1993487,147.481614,13.51685099,0.009492,5.812156,0,5.821648
128,hl#3,hl,1993487,3323,1,1,1,11.94736842,0.00228390631,0.9933333333,384,,,,,,0,0,0,0,0,,,,,,,,,,0,,,,,,,,,,2304,1,0,1,0,38,0.1324478163,2266,0.5569973619,0.0002992383586,0.00348546885,0.01736655418,,,,45.2734375,150.1730078,195.4464453,4504.392578,0.625,0,4505.017578,0.625,1.267578125,38,5.078125,63.03125,0,2.212890625,68.109375,1993487,128.904237,15.46486792,0.021882,10.566429,0,10.588311
128,ss[policy=difficulty],ss,1993487,3323,0.9047619048,1,0.95,140.2631579,0.02707598537,1,952,992,,,,,0,0,0,0,0,,,,0.0002603478227,1,992,992,0,1,992,992,992,992,992,1,1,0.9596774194,0.9596774194,0.04115807249,42,1,38,1,0.1351516213,4,0.006891943614,0,0,8.119297636e-05,0.0001840995201,0.0002969670733,,,,38.81125,72.06088867,110.8721387,2071.597656,5.171875,0,2076.769531,1.65625,2.36328125,42,5.46875,14.3984375,9.65625,1.168945312,19.8671875,1993487,142.958209,13.94454375,0.013469,33.958851,0.013573,33.985893
128,hybrid[head=topn-frontier reducer=streaming],hybrid,1993487,3323,1,1,1,12.76315789,0.003248851291,1,1094,1094,600,494,600,494,400,200,200,9640,4040,0.4190871369,1,2.093241,0.0001464770024,0,,494,0,0,0,494,494,494,494,0,0,1,1,0,38,1,38,1,0.1327212066,0,0,0,0,6.402428456e-06,0,0.0001464770024,,,,32.01085938,36.64375,68.65460938,1341.59668,400.3125,394.53125,1741.90918,5.78125,9.143554688,200,5.46875,76.1484375,127.7529297,1.197265625,127.7529297,1993487,181.035986,11.01155104,0.325803,9.124966,0.582299,10.033068
129,hl,hl,1962677,3272,1,0.3888888889,0.56,2952.055556,0.3399104038,0.9236111111,48,,,,,,0,0,0,0,0,,,,,,,,,,0,,,,,,,,,,288,0.9722222222,0,1,0,14,0.03116865383,274,0.1567522318,0.000652503075,0.002226332417,0.005059416297,,,,5.857421875,19.84904297,25.70646484,566.2666016,0.40625,0,566.6728516,0.40625,0.6416015625,14,5.078125,23.22460938,0,0.705078125,28.30273438,1962677,128.970858,15.21798824,0.002697,1.352133,0,1.35483
129,hl#1,hl,1962677,3272,1,0.8333333333,0.9090909091,328.0833333,0.0738582615,0.8333333333,96,,,,,,0,0,0,0,0,,,,,,,,,,0,,,,,,,,,,576,1,0,1,0,30,0.09632659882,546,0.2897094122,0.000670201408,0.003210886627,0.01722901934,,,,11.48828125,38.91760742,50.40588867,1129.196289,0.5625,0,1129.758789,0.5625,1.071289062,30,5.078125,31.82421875,0,1.669921875,36.90234375,1962677,149.827891,13.09954366,0.004548,2.578705,0,2.583253
129,hl#2,hl,1962677,3272,1,0.9722222222,0.985915493,26.75,0.006394834375,0.97,192,,,,,,0,0,0,0,0,,,,,,,,,,0,,,,,,,,,,1152,1,0,1,0,35,0.1093037723,1117,0.4489954282,0.0004846347227,0.003122964924,0.01724379508,,,,22.75,75.39433594,98.14433594,2254.295898,0.578125,0,2254.874023,0.578125,1.170898438,35,5.078125,41.9140625,0,2.045898438,46.9921875,1962677,149.752547,13.10613435,0.012104,5.837021,0,5.849125
129,hl#3,hl,1962677,3272,1,1,1,6.5,0.001594108393,0.9933333333,384,,,,,,0,0,0,0,0,,,,,,,,,,0,,,,,,,,,,2304,1,0,1,0,36,0.1113209153,2268,0.5725139694,0.0002968033354,0.003092247646,0.01724277607,,,,45.2734375,146.4928711,191.7663086,4504.327148,0.59375,0,4504.920898,0.59375,1.202148438,36,5.078125,62.484375,0,2.100585938,67.5625,1962677,128.076244,15.32428606,0.020747,11.098592,0,11.119339
129,ss[policy=difficulty],ss,1962677,3272,0.9473684211,1,0.972972973,147.3888889,0.03235964121,1,992,992,,,,,0,0,0,0,0,,,,0.0002486399953,0,,992,0,0,0,992,992,992,992,0,0,1,1,0,38,1,36,1,0.1140090805,2,0.003395362558,0,0,8.091794497e-05,0.0001857157342,0.0002883816339,,,,40.32683594,71.21607422,111.5429102,2202.134766,5.109375,0,2207.244141,1.59375,2.236328125,38,5.46875,14.3984375,9.65625,1.07421875,19.8671875,1962677,144.55516,13.57735691,0.013524,23.608946,0.008599,23.631069
129,hybrid[head=topn-frontier reducer=streaming],hybrid,1962677,3272,0.9473684211,1,0.972972973,18.11111111,0.004327025834,1,1094,1094,600,494,600,494,405,195,195,9640,3940,0.4087136929,1,1.564385,0.0002965337649,0,,494,0,0,0,494,494,494,494,0,0,1,1,0,38,1,36,1,0.1116378294,2,0.00351305895,0,0,2.311558196e-05,0.0002730963882,0.0002965337649,,,,32.31082031,45.85972656,78.17054687,1358.379883,390.53125,384.765625,1748.911133,5.765625,9.012695312,195,5.46875,76.2734375,127.8193359,1.143554688,127.8193359,1962677,183.760787,10.68060837,0.064763,8.459156,0.354978,8.878897
130,hl,hl,1981686,3303,1,0.5135135135,0.6785714286,3388.837838,0.355897273,0.9479166667,48,,,,,,0,0,0,0,0,,,,,,,,,,0,,,,,,,,,,288,0.9459459459,0,1,0,19,0.04348317544,269,0.1495499287,0.0006702538338,0.002288588181,0.007941217731,,,,5.857421875,19.80925781,25.66667969,566.3720703,0.421875,0,566.7939453,0.421875,0.7470703125,19,5.078125,23.38085938,0,0.8525390625,28.45898438,1981686,123.035926,16.10656387,0.011783,1.381204,0,1.392987
130,hl#1,hl,1981686,3303,1,0.8378378378,0.9117647059,1037.027027,0.1304735142,0.84375,96,,,,,,0,0,0,0,0,,,,,,,,,,0,,,,,,,,,,576,0.972972973,0,1,0,31,0.09817448375,545,0.281400787,0.0006589848451,0.003166918831,0.01796450094,,,,11.48828125,39.12016602,50.60844727,1129.199219,0.546875,0,1129.746094,0.546875,1.07421875,31,5.078125,31.19921875,0,1.791992188,36.27734375,1981686,142.856098,13.87190346,0.005249,2.539556,0,2.544805
130,hl#2,hl,1981686,3303,1,0.972972973,0.9863013699,29.59459459,0.005875013021,0.9716666667,192,,,,,,0,0,0,0,0,,,,,,,,,,0,,,,,,,,,,1152,1,0,1,0,36,0.1217867008,1116,0.4395030292,0.0004872306685,0.003382963912,0.01802000922,,,,22.75,76.95068359,99.70068359,2254.329102,0.59375,0,2254.922852,0.59375,1.204101562,36,5.078125,42.2265625,0,2.102539062,47.3046875,1981686,141.815319,13.973709,0.009595,5.791005,0,5.8006
130,hl#3,hl,1981686,3303,1,1,1,6.648648649,0.001091114039,0.99,384,,,,,,0,0,0,0,0,,,,,,,,,,0,,,,,,,,,,2304,1,0,1,0,37,0.1239040897,2267,0.561492083,0.0002974809778,0.003348759182,0.0180316155,,,,45.2734375,149.4224414,194.6958789,4504.361328,0.609375,0,4504.970703,0.609375,1.236328125,37,5.078125,62.171875,0,2.158203125,67.25,1981686,122.144655,16.22409102,0.023438,10.780639,0,10.804077
130,ss[policy=difficulty],ss,1981686,3303,0.8604651163,1,0.925,138,0.02640729281,1,992,992,,,,,0,0,0,0,0,,,,0.0002326301947,0,,992,0,0,0,992,992,992,992,0,0,1,1,0,43,1,37,1,0.1265079331,6,0.01038307784,0,0,8.065718247e-05,0.0001486108294,0.0002336394363,,,,40.07453125,90.80364258,130.8781738,2163.463867,5.3125,0,2168.776367,1.796875,2.518554688,43,5.46875,14.3984375,9.65625,1.19140625,19.8671875,1981686,138.322872,14.32652439,0.014423,23.128055,0.013348,23.155826
130,hybrid[head=topn-frontier reducer=streaming],hybrid,1981686,3303,0.9736842105,1,0.9866666667,40.64864865,0.003774232845,1,1094,1053,600,494,600,453,407,193,193,9640,3900,0.4045643154,1,1.601947,0.0003830071969,0,,453,1,0,0,453,453,453,453,0,0,1.090507726,1.090507726,-0.0866433917,38,1,37,1,0.124690289,1,0.001703599864,0,0,2.625356176e-05,0.0002386856444,0.0003830071969,,,,32.1775,35.89212891,68.06962891,1343.885742,386.59375,380.859375,1730.479492,5.734375,8.932617188,193,5.46875,76.2734375,127.7314453,1.234375,127.7314453,1981686,177.393541,11.17112827,0.063739,8.348745,0.556818,8.969302
131,hl,hl,1978251,3298,1,0.4848484848,0.6530612245,3282.484848,0.3397048191,0.9375,48,,,,,,0,0,0,0,0,,,,,,,,,,0,,,,,,,,,,288,0.9696969697,0,1,0,16,0.04832753781,272,0.1572206965,0.0007137091468,0.003020471113,0.01441020376,,,,5.857421875,19.79967773,25.65709961,566.3046875,0.40625,0,566.7109375,0.40625,0.6796875,16,5.078125,23.61523438,0,0.720703125,28.69335938,1978251,122.089164,16.20332989,0.003782,1.314286,0,1.318068
131,hl#1,hl,1978251,3298,1,0.8484848485,0.9180327869,764.9090909,0.09580685766,0.8506944444,96,,,,,,0,0,0,0,0,,,,,,,,,,0,,,,,,,,,,576,1,0,1,0,28,0.1017429032,548,0.2928111751,0.0006849897193,0.003633675114,0.01750435107,,,,11.48828125,39.10887695,50.5971582,1129.094727,0.5,0,1129.594727,0.5,0.9697265625,28,5.078125,30.65234375,0,1.552734375,35.73046875,1978251,142.155082,13.91614687,0.012001,2.54354,0,2.555541
131,hl#2,hl,1978251,3298,1,1,1,48.12121212,0.01047424378,0.98,192,,,,,,0,0,0,0,0,,,,,,,,,,0,,,,,,,,,,1152,1,0,1,0,33,0.1205003814,1119,0.4464671066,0.0004921592777,0.003651526709,0.01996966007,,,,22.75,77.02349609,99.77349609,2254.257812,0.578125,0,2254.835938,0.578125,1.1328125,33,5.078125,41.9140625,0,1.897460938,46.9921875,1978251,142.067941,13.9246827,0.014267,7.606659,0,7.620926
131,hl#3,hl,1978251,3298,1,1,1,13.21212121,0.002458510753,0.9966666667,384,,,,,,0,0,0,0,0,,,,,,,,,,0,,,,,,,,,,2304,1,0,1,0,33,0.121071593,2271,0.5678687891,0.0002990192631,0.003668836153,0.01997572603,,,,45.2734375,148.3548633,193.6283008,4504.226562,0.546875,0,4504.773438,0.546875,1.1015625,33,5.078125,62.484375,0,1.9296875,67.5625,1978251,123.715112,15.99037472,0.024671,10.814649,0,10.83932
131,ss[policy=difficulty],ss,1978251,3298,0.9428571429,1,0.9705882353,138,0.02550468992,1,992,992,,,,,0,0,0,0,0,,,,0.0002320231356,0,,992,0,0,0,992,992,992,992,0,0,1,1,0,35,1,33,1,0.1234676489,2,0.003406544468,0,0,7.130396641e-05,9.680268075e-05,0.0002325286326,,,,40.06890625,89.21841797,129.2873242,2161.117188,4.90625,0,2166.023438,1.390625,1.9765625,35,5.46875,14.3984375,9.65625,1.037109375,19.8671875,1978251,138.626183,14.27039941,0.014286,22.948168,0.011178,22.973632
131,hybrid[head=topn-frontier reducer=streaming],hybrid,1978251,3298,1,1,1,74.15151515,0.008930457129,1,1053,1193,600,453,600,593,389,211,211,9640,4260,0.4419087137,1,1.735701,0.0008714768753,1,593,593,0,1,593,593,593,593,593,1,1,0.7639123103,0.7639123103,0.2693022735,34,1,33,1,0.1207566684,1,0.00163427189,0,0,5.443013581e-05,0.0005651456767,0.0008714768753,,,,31.14117188,35.63237305,66.77354492,1264.496094,421.96875,416.015625,1686.464844,5.953125,9.49609375,211,5.46875,76.2734375,127.7705078,1.029296875,127.7705078,1978251,175.763956,11.25515746,0.072962,7.80032,0.358262,8.231544
132,hl,hl,2004517,3341,1,0.5,0.6666666667,3803.388889,0.3296219538,0.9270833333,48,,,,,,0,0,0,0,0,,,,,,,,,,0,,,,,,,,,,288,0.9166666667,0,1,0,18,0.055507636,270,0.1482232378,0.0007073988674,0.003083757556,0.01180334215,,,,5.857421875,19.82792969,25.68535156,566.3359375,0.40625,0,566.7421875,0.40625,0.7109375,18,5.078125,23.14648438,0,0.8994140625,28.22460938,2004517,141.711308,14.14507444,0.003519,1.319841,0,1.32336
132,hl#1,hl,2004517,3341,1,0.8888888889,0.9411764706,675.9166667,0.08507119331,0.8315972222,96,,,,,,0,0,0,0,0,,,,,,,,,,0,,,,,,,,,,576,1,0,1,0,32,0.1260782523,544,0.2805204446,0.0007059005154,0.003939945383,0.02110633135,,,,11.48828125,38.92341797,50.41169922,1129.287109,0.625,0,1129.912109,0.625,1.162109375,32,5.078125,29.63671875,0,1.6796875,34.71484375,2004517,164.021784,12.22104132,0.004656,2.393075,0,2.397731
132,hl#2,hl,2004517,3341,1,0.9722222222,0.985915493,76.11111111,0.01708951655,0.975,192,,,,,,0,0,0,0,0,,,,,,,,,,0,,,,,,,,,,1152,1,0,1,0,35,0.1414166106,1117,0.4346308861,0.0005000412298,0.004040474588,0.02110184149,,,,22.75,72.75141602,95.50141602,2254.290039,0.578125,0,2254.868164,0.578125,1.165039062,35,5.078125,40.8203125,0,2.040039062,45.8984375,2004517,159.267238,12.58587155,0.011363,5.282405,0,5.293768
132,hl#3,hl,2004517,3341,1,1,1,9.583333333,0.001853334241,0.99,384,,,,,,0,0,0,0,0,,,,,,,,,,0,,,,,,,,,,2304,1,0,1,0,36,0.1438880289,2268,0.5525350995,0.0003022669828,0.003996889691,0.02112179642,,,,45.2734375,138.1016309,183.3750684,4504.323242,0.59375,0,4504.916992,0.59375,1.198242188,36,5.078125,62.328125,0,2.096679688,67.40625,2004517,139.446796,14.3747799,0.018826,10.195225,0,10.214051
132,ss[policy=difficulty],ss,2004517,3341,0.9230769231,1,0.96,171.1666667,0.03159395309,1,992,1149,,,,,0,0,0,0,0,,,,0.0002893465109,1,1149,1149,0,0,1149,1149,1149,1149,1149,1,1,0.863359443,0.863359443,0.1469241706,39,1,36,1,0.1469406346,3,0.005156354374,0,0,9.235551763e-05,0.0001759359819,0.0002968296103,,,,39.7384375,67.65638672,107.3948242,2128.801758,5.125,0,2133.926758,1.609375,2.262695312,39,5.46875,14.3984375,9.65625,1.096679688,19.8671875,2004517,157.96515,12.6896154,0.015569,22.787813,0.009645,22.813027
132,hybrid[head=topn-frontier reducer=streaming],hybrid,2004517,3341,1,1,1,37.58333333,0.008598773988,1,1193,1193,600,593,600,593,405,195,195,9640,3940,0.4087136929,1,1.566208,0.0003262631347,0,,593,0,0,0,593,593,593,593,0,0,1,1,0,36,1,36,1,0.1445415529,0,0,0,0,1.874932132e-05,0,0.0003262631347,,,,35.46757813,46.30124023,81.76881836,1508.926758,390.53125,384.765625,1899.458008,5.765625,8.981445312,195,5.46875,76.2734375,127.8095703,1.125,127.8095703,2004517,208.276432,9.624310253,0.07647,9.505986,0.350816,9.933272
133,hl,hl,1961529,3270,1,0.4864864865,0.6545454545,3275.621622,0.3501179391,0.9236111111,48,,,,,,0,0,0,0,0,,,,,,,,,,0,,,,,,,,,,288,0.972972973,0,1,0,18,0.05844471328,270,0.148039616,0.0007169594768,0.003246928516,0.01412010732,,,,5.857421875,19.84253906,25.69996094,566.3994141,0.46875,0,566.8681641,0.46875,0.7744140625,18,5.078125,23.69335938,0,0.8359375,28.77148438,1961529,130.26012,15.05855361,0.003051,1.392594,0,1.395645
133,hl#1,hl,1961529,3270,1,0.8648648649,0.9275362319,463.9189189,0.09348335315,0.8368055556,96,,,,,,0,0,0,0,0,,,,,,,,,,0,,,,,,,,,,576,1,0,1,0,32,0.1258645679,544,0.2789099728,0.0007027335776,0.003933267747,0.02109731745,,,,11.48828125,39.04712891,50.53541016,1129.291992,0.625,0,1129.916992,0.625,1.166992188,32,5.078125,30.65234375,0,1.685546875,35.73046875,1961529,151.882983,12.91473845,0.007814,2.532497,0,2.540311
133,hl#2,hl,1961529,3270,1,0.9189189189,0.9577464789,62.94594595,0.0150218097,0.97,192,,,,,,0,0,0,0,0,,,,,,,,,,0,,,,,,,,,,1152,1,0,1,0,34,0.135617164,1118,0.4348419014,0.0004951901609,0.003988740116,0.02119061202,,,,22.75,74.61117187,97.36117187,2254.264648,0.5625,0,2254.827148,0.5625,1.139648438,34,5.078125,41.0546875,0,1.991210938,46.1328125,1961529,150.867999,13.00162402,0.011949,5.514043,0,5.525992
133,hl#3,hl,1961529,3270,1,1,1,11.45945946,0.002467238588,0.995,384,,,,,,0,0,0,0,0,,,,,,,,,,0,,,,,,,,,,2304,1,0,1,0,37,0.1410924845,2267,0.5486235483,0.000299355917,0.003813310391,0.0211732786,,,,45.2734375,145.2660254,190.5394629,4504.357422,0.609375,0,4504.966797,0.609375,1.232421875,37,5.078125,62.328125,0,2.154296875,67.40625,1961529,130.888163,14.98629788,0.019905,10.429254,0,10.449159
133,ss[policy=difficulty],ss,1961529,3270,0.9736842105,1,0.9866666667,128.4324324,0.02504391782,1,1149,1149,,,,,0,0,0,0,0,,,,0.0001845499098,0,,1149,0,0,0,1149,1149,1149,1149,0,0,1,1,0,38,1,37,1,0.1435324178,1,0.001679302218,0,0,6.467833055e-05,3.517664026e-05,0.0002212559692,,,,45.72664063,73.43651367,119.1631543,2411.71875,5.046875,0,2416.765625,1.53125,2.171875,38,5.46875,14.3984375,9.65625,1.043945312,19.8671875,1961529,151.7013,12.93020561,0.017455,26.737621,0.01103,26.766106
133,hybrid[head=topn-frontier reducer=streaming],hybrid,1961529,3270,0.9736842105,1,0.9866666667,40.64864865,0.005729166961,1,1193,1193,600,593,600,593,419,181,181,9640,3660,0.3796680498,1,1.47888,0.0004052960726,0,,593,0,0,0,593,593,593,593,0,0,1,1,0,38,1,37,1,0.1418765667,1,0.001722125954,0,0,3.084328603e-05,0.0004052960726,0.0004052960726,,,,35.46523438,36.95456055,72.41979492,1509.549805,362.4375,357.421875,1871.987305,5.015625,8.034179688,181,5.46875,76.5234375,127.9814453,1.172851562,127.9814453,1961529,193.281998,10.14853437,0.075055,9.682305,0.333059,10.090419
134,hl,hl,1996285,3328,1,0.4054054054,0.5769230769,4023.351351,0.4061198716,0.9375,48,,,,,,0,0,0,0,0,,,,,,,,,,0,,,,,,,,,,288,0.972972973,0,1,0,15,0.04333299103,273,0.1555704722,0.0006906370249,0.002888866069,0.01138414605,,,,5.857421875,19.97693359,25.83435547,566.3300781,0.453125,0,566.7832031,0.453125,0.705078125,15,5.078125,22.52148438,0,0.6669921875,27.59960938,1996285,135.545136,14.72782469,0.003432,1.262616,0,1.266048
134,hl#1,hl,1996285,3328,1,0.8108108108,0.8955223881,1119.378378,0.1258921815,0.8298611111,96,,,,,,0,0,0,0,0,,,,,,,,,,0,,,,,,,,,,576,1,0,1,0,30,0.1108143376,546,0.2883275685,0.0006929546981,0.003693811254,0.02039237884,,,,11.48828125,39.33513672,50.82341797,1129.223633,0.59375,0,1129.817383,0.59375,1.098632812,30,5.078125,30.49609375,0,1.602539062,35.57421875,1996285,155.174426,12.86478095,0.008391,2.362842,0,2.371233
134,hl#2,hl,1996285,3328,0.9722222222,0.9459459459,0.9589041096,196.8918919,0.02851621612,0.97,192,,,,,,0,0,0,0,0,,,,,,,,,,0,,,,,,,,,,1152,1,0,1,0,36,0.1368537058,1116,0.4348472287,0.0004962681723,0.003801491827,0.02040139559,,,,22.75,75.86220703,98.61220703,2254.353516,0.625,0,2254.978516,0.625,1.228515625,36,5.078125,41.0546875,0,2.0625,46.1328125,1996285,154.356739,12.93293064,0.013256,5.370941,0,5.384197
134,hl#3,hl,1996285,3328,1,1,1,15.35135135,0.002715574732,0.9933333333,384,,,,,,0,0,0,0,0,,,,,,,,,,0,,,,,,,,,,2304,1,0,1,0,37,0.1410915776,2267,0.5539735058,0.0003016775536,0.003813285881,0.02038236023,,,,45.2734375,145.0413574,190.3147949,4504.356445,0.609375,0,4504.96582,0.609375,1.231445312,37,5.078125,62.171875,0,2.153320312,67.25,1996285,136.92887,14.57899273,0.018269,10.201061,0,10.21933
134,ss[policy=difficulty],ss,1996285,3328,0.925,1,0.961038961,157.5945946,0.02869764538,1,1149,1058,,,,,0,0,0,0,0,,,,0.0002103908009,0,,1058,1,0,0,1058,1058,1058,1058,0,0,1.086011342,1.086011342,-0.08251166543,40,1,37,1,0.1440996651,3,0.005123516933,0,0,8.028663242e-05,9.684655915e-05,0.0002194075495,,,,45.72761719,75.12791992,120.8555371,2437.25,5.046875,0,2442.296875,1.53125,2.203125,40,5.46875,14.3984375,9.65625,1.123046875,19.8671875,1996285,156.164479,12.7832207,0.016927,26.273988,0.019716,26.310631
134,hybrid[head=topn-frontier reducer=streaming],hybrid,1996285,3328,0.9487179487,1,0.9736842105,68.16216216,0.01106749445,1,1193,1193,600,593,600,593,421,179,179,9640,3620,0.3755186722,1,1.77182,0.0004212825323,0,,593,0,0,0,593,593,593,593,0,0,1,1,0,39,1,37,1,0.1424420862,2,0.003670317615,0,0,4.914256436e-05,0.0003266066719,0.0004212825323,,,,35.47425781,45.19975586,80.67401367,1529.642578,359.03125,353.515625,1888.673828,5.515625,8.486328125,179,5.46875,76.5234375,128.0449219,1.162109375,128.0449219,1996285,201.465686,9.908808987,0.076412,9.692121,0.377398,10.145931
135,hl,hl,1976998,3295,1,0.3428571429,0.5106382979,3838.4,0.4302426208,0.9270833333,48,,,,,,0,0,0,0,0,,,,,,,,,,0,,,,,,,,,,288,0.8571428571,0,1,0,12,0.03947297873,276,0.1572515501,0.0006830712806,0.003289414894,0.01462975683,,,,5.857421875,19.84470703,25.70212891,566.2089844,0.375,0,566.5839844,0.375,0.583984375,12,5.078125,23.06835938,0,0.53125,28.14648438,1976998,129.584622,15.25642449,0.003725,1.371198,0,1.374923
135,hl#1,hl,1976998,3295,1,0.7142857143,0.8333333333,1138.285714,0.1628240486,0.828125,96,,,,,,0,0,0,0,0,,,,,,,,,,0,,,,,,,,,,576,1,0,1,0,25,0.09365613926,551,0.2947433432,0.000674304657,0.00374624557,0.0188513089,,,,11.48828125,39.05142578,50.53970703,1129.035156,0.484375,0,1129.519531,0.484375,0.91015625,25,5.078125,32.52734375,0,1.359375,37.60546875,1976998,150.415011,13.14362168,0.005032,2.690074,0,2.695106
135,hl#2,hl,1976998,3295,1,0.9428571429,0.9705882353,220.5428571,0.03316225607,0.9683333333,192,,,,,,0,0,0,0,0,,,,,,,,,,0,,,,,,,,,,1152,1,0,1,0,33,0.1204275371,1119,0.4437637266,0.0004897493609,0.003649319306,0.01892262916,,,,22.75,76.09814453,98.84814453,2254.261719,0.578125,0,2254.839844,0.578125,1.13671875,33,5.078125,41.5234375,0,1.90234375,46.6015625,1976998,150.570678,13.13003319,0.014822,10.113443,0,10.128265
135,hl#3,hl,1976998,3295,1,1,1,12.08571429,0.002258373694,0.9966666667,384,,,,,,0,0,0,0,0,,,,,,,,,,0,,,,,,,,,,2304,1,0,1,0,35,0.1269490409,2269,0.5651179212,0.0003003762856,0.003627115455,0.01891352444,,,,45.2734375,146.73,192.0034375,4504.292969,0.578125,0,4504.871094,0.578125,1.16796875,35,5.078125,62.484375,0,2.04296875,67.5625,1976998,130.581386,15.13996796,0.03325,11.028637,0,11.061887
135,ss[policy=difficulty],ss,1976998,3295,0.9210526316,1,0.9589041096,174.4285714,0.03444627315,1,1058,1058,,,,,0,0,0,0,0,,,,0.0002124433105,0,,1058,0,0,0,1058,1058,1058,1058,0,0,1,1,0,38,1,35,1,0.1301609814,3,0.005091558009,0,0,9.119355391e-05,0.0001257799283,0.0002271120153,,,,43.42085937,74.17274414,117.5936035,2274.030273,5.078125,0,2279.108398,1.5625,2.202148438,38,5.46875,14.3984375,9.65625,1.075195312,19.8671875,1976998,147.581868,13.39594102,0.030209,28.485138,0.015808,28.531155
135,hybrid[head=topn-frontier reducer=streaming],hybrid,1976998,3295,0.9722222222,1,0.985915493,29.71428571,0.004063703457,1,1193,1107,600,593,600,507,412,188,188,9640,3800,0.3941908714,1,1.494978,0.0003383918446,0,,507,1,0,0,507,507,507,507,0,0,1.169625247,1.169625247,-0.1566833954,36,1,35,1,0.1275990163,1,0.001789076165,0,0,2.066826123e-05,0.000218007302,0.0003383918446,,,,35.48363281,38.17706055,73.66069336,1521.802734,376.59375,371.09375,1898.396484,5.5,8.623046875,188,5.46875,76.2734375,127.7363281,1.157226562,127.7363281,1976998,189.832359,10.41444151,0.089172,9.879222,0.346734,10.315128
136,hl,hl,2046368,3411,1,0.3684210526,0.5384615385,3230.526316,0.3459666005,0.9270833333,48,,,,,,0,0,0,0,0,,,,,,,,,,0,,,,,,,,,,288,0.9473684211,0,1,0,14,0.05230584137,274,0.1610252897,0.0007407330939,0.003736131527,0.01086559211,,,,5.857421875,19.83128906,25.68871094,566.2353516,0.375,0,566.6103516,0.375,0.6103515625,14,5.078125,22.99023438,0,0.640625,28.06835938,2046368,125.802698,16.26648738,0.012299,1.292316,0,1.304615
136,hl#1,hl,2046368,3411,1,0.7631578947,0.8656716418,556.2894737,0.1026986285,0.8315972222,96,,,,,,0,0,0,0,0,,,,,,,,,,0,,,,,,,,,,576,1,0,1,0,29,0.115254441,547,0.2939041267,0.0007103447357,0.00397429107,0.01847517162,,,,11.48828125,39.09794922,50.58623047,1129.19043,0.578125,0,1129.768555,0.578125,1.065429688,29,5.078125,30.10546875,0,1.510742188,35.18359375,2046368,145.276518,14.08602043,0.004455,2.457329,0,2.461784
136,hl#2,hl,2046368,3411,1,0.9210526316,0.9589041096,198.7105263,0.02933843229,0.9666666667,192,,,,,,0,0,0,0,0,,,,,,,,,,0,,,,,,,,,,1152,1,0,1,0,35,0.1303646265,1117,0.4421653388,0.0004969878171,0.003724703614,0.01846588688,,,,22.75,76.41102539,99.16102539,2254.321289,0.609375,0,2254.930664,0.609375,1.196289062,35,5.078125,41.8359375,0,2.008789062,46.9140625,2046368,145.145637,14.0987221,0.01397,5.471791,0,5.485761
136,hl#3,hl,2046368,3411,1,1,1,12.55263158,0.002555805066,0.9933333333,384,,,,,,0,0,0,0,0,,,,,,,,,,0,,,,,,,,,,2304,1,0,1,0,38,0.1386690957,2266,0.5590128462,0.0003028133428,0.003649186729,0.01848445636,,,,45.2734375,146.0932324,191.3666699,4504.389648,0.625,0,4505.014648,0.625,1.264648438,38,5.078125,62.640625,0,2.209960938,67.71875,2046368,127.012862,16.11150216,0.019968,10.426852,0,10.44682
136,ss[policy=difficulty],ss,2046368,3411,0.95,1,0.9743589744,160.4473684,0.03103840497,1,1058,1058,,,,,0,0,0,0,0,,,,0.0002150150901,0,,1058,0,0,0,1058,1058,1058,1058,0,0,1,1,0,40,1,38,1,0.1417232873,2,0.003513053371,0,0,8.519972947e-05,0.0002142820842,0.0002501993776,,,,43.41992188,77.70237305,121.1222949,2274.726562,5.203125,0,2279.929688,1.6875,2.359375,40,5.46875,14.3984375,9.65625,1.12109375,19.8671875,2046368,145.21973,14.09152875,0.015586,24.291326,0.008751,24.315663
136,hybrid[head=topn-frontier reducer=streaming],hybrid,2046368,3411,0.95,1,0.9743589744,27.31578947,0.006823175424,1,1107,1107,600,507,600,507,408,192,192,9640,3880,0.4024896266,1,1.538241,0.0004114606952,0,,507,0,0,0,507,507,507,507,0,0,1,1,0,40,1,38,1,0.1392511024,2,0.003745171934,0,0,2.922250543e-05,0.0003308300364,0.0004114606952,,,,32.40878906,42.71173828,75.12052734,1366.365234,384.40625,378.90625,1750.771484,5.5,8.693359375,192,5.46875,76.5234375,128.0498047,1.221679688,128.0498047,2046368,182.487002,11.21377401,0.065546,8.444543,0.339761,8.84985
137,hl,hl,2023078,3372,1,0.3541666667,0.5230769231,2925.604167,0.3800621115,0.9513888889,48,,,,,,0,0,0,0,0,,,,,,,,,,0,,,,,,,,,,288,0.8958333333,0,1,0,17,0.04931742622,271,0.1579177867,0.0007195667114,0.002901025072,0.009099995156,,,,5.857421875,19.84861328,25.70603516,566.3662109,0.453125,0,566.8193359,0.453125,0.7412109375,17,5.078125,21.81835938,0,0.8125,26.89648438,2023078,135.150861,14.96903523,0.002811,1.436788,0,1.439599
137,hl#1,hl,2023078,3372,1,0.7708333333,0.8705882353,717.9791667,0.137046283,0.84375,96,,,,,,0,0,0,0,0,,,,,,,,,,0,,,,,,,,,,576,1,0,1,0,37,0.1196068565,539,0.2798171895,0.0006934445242,0.003232617743,0.01769729096,,,,11.48828125,39.13402344,50.62230469,1129.489258,0.734375,0,1130.223633,0.734375,1.364257812,37,5.078125,31.35546875,0,1.73828125,36.43359375,2023078,156.445273,12.93153805,0.005517,2.432939,0,2.438456
137,hl#2,hl,2023078,3372,1,0.9791666667,0.9894736842,57.22916667,0.01186608122,0.9766666667,192,,,,,,0,0,0,0,0,,,,,,,,,,0,,,,,,,,,,1152,1,0,1,0,47,0.1481905295,1105,0.425897568,0.0004983403624,0.003152989989,0.01778280422,,,,22.75,76.37220703,99.12220703,2254.688477,0.765625,0,2255.454102,0.765625,1.563476562,47,5.078125,42.3046875,0,2.719726562,47.3828125,2023078,153.556672,13.17479712,0.013198,5.778615,0,5.791813
137,hl#3,hl,2023078,3372,1,1,1,13.0625,0.002730107065,0.9916666667,384,,,,,,0,0,0,0,0,,,,,,,,,,0,,,,,,,,,,2304,1,0,1,0,48,0.1510742542,2256,0.5448020294,0.000302029637,0.003147380295,0.01778082704,,,,45.2734375,148.9333496,194.2067871,4504.71875,0.78125,0,4505.5,0.78125,1.59375,48,5.078125,62.796875,0,2.7734375,67.875,2023078,134.79015,15.00909377,0.022023,10.6607,0,10.682723
137,ss[policy=difficulty],ss,2023078,3372,0.96,1,0.9795918367,157.125,0.03097867537,1,1058,1058,,,,,0,0,0,0,0,,,,0.0002426994906,0,,1058,0,0,0,1058,1058,1058,1058,0,0,1,1,0,50,1,48,1,0.154864024,2,0.003537678725,0,0,8.430717946e-05,0.0002436880832,0.0002738401584,,,,43.42191406,73.34261719,116.7645313,2306.611328,5.484375,0,2312.095703,1.96875,2.814453125,50,5.46875,14.3984375,9.65625,1.356445312,19.8671875,2023078,152.488294,13.26710364,0.015631,24.889747,0.016234,24.921612
137,hybrid[head=topn-frontier reducer=streaming],hybrid,2023078,3372,1,1,1,48.64583333,0.00685624278,1,1107,1107,600,507,600,507,382,218,218,9640,4400,0.4564315353,1,2.40551,0.0004606841654,0,,507,0,0,0,507,507,507,507,0,0,1,1,0,48,1,48,1,0.1522902231,0,0,0,0,2.404545615e-05,0,0.0004606841654,,,,32.53640625,36.33170898,68.86811523,1383.344727,435.875,429.6875,1819.219727,6.1875,9.836914062,218,5.46875,76.5234375,128.3085938,1.537109375,128.3085938,2023078,195.056467,10.37175558,0.071549,8.568826,0.380996,9.021371
138,hl,hl,2056579,3428,1,0.4318181818,0.6031746032,3184.090909,0.3228679477,0.9270833333,48,,,,,,0,0,0,0,0,,,,,,,,,,0,,,,,,,,,,288,0.9545454545,0,1,0,19,0.06368829012,269,0.1514262277,0.0007469254092,0.003352015269,0.009582418181,,,,5.857421875,19.85824219,25.71566406,566.46875,0.515625,0,566.984375,0.515625,0.84375,19,5.078125,24.08398438,0,0.8935546875,29.16210938,2056579,137.114742,14.99896342,0.002918,1.422846,0,1.425764
138,hl#1,hl,2056579,3428,1,0.75,0.8571428571,1136.181818,0.1193382205,0.8350694444,96,,,,,,0,0,0,0,0,,,,,,,,,,0,,,,,,,,,,576,1,0,1,0,33,0.1196900289,543,0.2774899481,0.0006895485712,0.003626970574,0.0158165575,,,,11.48828125,38.9899707,50.47825195,1129.332031,0.640625,0,1129.972656,0.640625,1.20703125,33,5.078125,31.19921875,0,1.810546875,36.27734375,2056579,156.767968,13.11861745,0.004518,2.611665,0,2.616183
138,hl#2,hl,2056579,3428,1,0.9545454545,0.976744186,45.40909091,0.008255352932,0.97,192,,,,,,0,0,0,0,0,,,,,,,,,,0,,,,,,,,,,1152,1,0,1,0,42,0.1554766435,1110,0.4176197462,0.0004974795049,0.003701824845,0.0166052459,,,,22.75,75.65108398,98.40108398,2254.529297,0.6875,0,2255.216797,0.6875,1.404296875,42,5.078125,41.7578125,0,2.443359375,46.8359375,2056579,153.885818,13.36431795,0.008469,5.633486,0,5.641955
138,hl#3,hl,2056579,3428,1,1,1,11.47727273,0.002063596915,0.9933333333,384,,,,,,0,0,0,0,0,,,,,,,,,,0,,,,,,,,,,2304,1,0,1,0,44,0.1595771424,2260,0.5363149191,0.000302036485,0.003626753237,0.01670006355,,,,45.2734375,146.7932813,192.0667188,4504.59375,0.71875,0,4505.3125,0.71875,1.46875,44,5.078125,62.640625,0,2.5546875,67.71875,2056579,134.309184,15.31227381,0.020076,10.41856,0,10.438636
138,ss[policy=difficulty],ss,2056579,3428,0.9166666667,1,0.9565217391,145.1590909,0.02691121949,1,1058,946,,,,,0,0,0,0,0,,,,0.0001969289777,0,,946,1,0,0,946,946,946,946,0,0,1.118393235,1.118393235,-0.1118930434,48,1,44,1,0.1627348135,4,0.006921688882,0,0,7.691778434e-05,0.0001466026834,0.0002299935962,,,,43.4065625,73.87570313,117.2822656,2229.329102,5.484375,0,2234.813477,1.96875,2.782226562,48,5.46875,14.3984375,9.65625,1.309570312,19.8671875,2056579,153.042658,13.43794617,0.015048,23.753019,0.009947,23.778014
138,hybrid[head=topn-frontier reducer=streaming],hybrid,2056579,3428,0.9565217391,1,0.9777777778,28.97727273,0.005941795307,1,1107,1107,600,507,600,507,383,217,217,9640,4380,0.4543568465,1,1.669031,0.0005387587834,0,,507,0,0,0,507,507,507,507,0,0,1,1,0,46,1,44,1,0.1602491322,2,0.003747485509,0,0,3.543241724e-05,0.0005049647983,0.0005387587834,,,,32.156875,44.14591797,76.30279297,1350.5,433.8125,427.734375,1784.3125,6.078125,9.7265625,217,5.46875,76.5234375,128.2988281,1.42578125,128.2988281,2056579,187.18921,10.98663219,0.076765,8.533907,0.370625,8.981297
139,hl,hl,2010379,3351,1,0.4166666667,0.5882352941,3553.194444,0.3503514685,0.8958333333,48,,,,,,0,0,0,0,0,,,,,,,,,,0,,,,,,,,,,288,0.9444444444,0,1,0,15,0.04675785014,273,0.1544843037,0.0006987574786,0.003117190009,0.007909951308,,,,5.857421875,19.85181641,25.70923828,566.2744141,0.390625,0,566.6650391,0.390625,0.6494140625,15,5.078125,24.24023438,0,0.6005859375,29.31835938,2010379,127.381504,15.78234623,0.009837,1.364634,0,1.374471
139,hl#1,hl,2010379,3351,1,0.8055555556,0.8923076923,647.8055556,0.1058522484,0.8090277778,96,,,,,,0,0,0,0,0,,,,,,,,,,0,,,,,,,,,,576,1,0,1,0,29,0.1125618602,547,0.2837231189,0.0006879947554,0.003881443456,0.01270158512,,,,11.48828125,38.79683594,50.28511719,1129.167969,0.546875,0,1129.714844,0.546875,1.04296875,29,5.078125,31.74609375,0,1.453125,36.82421875,2010379,147.290405,13.64908325,0.00506,2.645655,0,2.650715
139,hl#2,hl,2010379,3351,1,0.9722222222,0.985915493,77.94444444,0.01822148207,0.97,192,,,,,,0,0,0,0,0,,,,,,,,,,0,,,,,,,,,,1152,1,0,1,0,35,0.1317632148,1117,0.431075434,0.000488575216,0.00376466328,0.01517475063,,,,22.75,75.71269531,98.46269531,2254.333008,0.609375,0,2254.942383,0.609375,1.208007812,35,5.078125,41.7578125,0,2.01953125,46.8359375,2010379,146.939736,13.68165654,0.012618,5.719024,0,5.731642
139,hl#3,hl,2010379,3351,0.972972973,1,0.9863013699,10.69444444,0.001979395539,0.9883333333,384,,,,,,0,0,0,0,0,,,,,,,,,,0,,,,,,,,,,2304,1,0,1,0,37,0.1359629204,2267,0.5506742758,0.0002980196164,0.003674673525,0.01515584872,,,,45.2734375,143.8213672,189.0948047,4504.365234,0.609375,0,4504.974609,0.609375,1.240234375,37,5.078125,62.328125,0,2.162109375,67.40625,2010379,128.938531,15.59176287,0.019888,10.686742,0,10.70663
139,ss[policy=difficulty],ss,2010379,3351,0.9,1,0.9473684211,154.8611111,0.02930328607,1,946,962,,,,,0,0,0,0,0,,,,0.0002541809281,1,962,962,0,1,962,962,962,962,962,1,1,0.9833679834,0.9833679834,0.01677188161,40,1,36,1,0.136971188,4,0.007035489328,0,0,8.943587254e-05,0.0002010814876,0.0002661189756,,,,38.57433594,71.63991211,110.214248,2068.756836,5.078125,0,2073.834961,1.5625,2.241210938,40,5.46875,14.3984375,9.65625,1.12109375,19.8671875,2010379,143.497542,14.00984973,0.013514,21.621544,0.010975,21.646033
139,hybrid[head=topn-frontier reducer=streaming],hybrid,2010379,3351,0.972972973,1,0.9863013699,20.19444444,0.003892204635,1,1107,1068,600,507,600,468,397,203,203,9640,4100,0.4253112033,1,2.023407,0.0004098729643,0,,468,1,0,0,468,468,468,468,0,0,1.083333333,1.083333333,-0.08004270767,37,1,36,1,0.1345597024,1,0.002067271893,0,0,2.085125189e-05,0.0004098729643,0.0004098729643,,,,32.46003906,36.07209961,68.53213867,1363.323242,406.25,400.390625,1769.573242,5.859375,9.213867188,203,5.46875,76.5234375,128.0205078,1.2109375,128.0205078,2010379,184.246577,10.91135061,0.065868,8.697651,0.375404,9.138923
140,hl,hl,1777865,2964,1,0.425,0.5964912281,2643.7,0.3691080395,0.9479166667,48,,,,,,0,0,0,0,0,,,,,,,,,,0,,,,,,,,,,288,0.95,0,1,0,17,0.04944526159,271,0.1535504664,0.0007048462779,0.0029085448,0.00583846355,,,,5.857421875,19.85097656,25.70839844,566.3701172,0.453125,0,566.8232422,0.453125,0.7451171875,17,5.078125,23.06835938,0,0.8134765625,28.14648438,1777865,120.841105,14.71241926,0.003023,1.342351,0,1.345374
140,hl#1,hl,1777865,2964,1,0.775,0.8732394366,513.575,0.1118977533,0.8315972222,96,,,,,,0,0,0,0,0,,,,,,,,,,0,,,,,,,,,,576,1,0,1,0,31,0.1100915986,545,0.2816434319,0.0006800955391,0.003551341891,0.0170271646,,,,11.48828125,39.18701172,50.67529297,1129.263672,0.609375,0,1129.873047,0.609375,1.138671875,31,5.078125,30.33984375,0,1.6953125,35.41796875,1777865,140.964156,12.61217781,0.004557,2.497406,0,2.501963
140,hl#2,hl,1777865,2964,0.9736842105,0.925,0.9487179487,192.475,0.03347247948,0.9716666667,192,,,,,,0,0,0,0,0,,,,,,,,,,0,,,,,,,,,,1152,1,0,1,0,38,0.1266693478,1114,0.4316058868,0.0004846139189,0.003333403889,0.01711041052,,,,22.75,77.87128906,100.6212891,2254.424805,0.65625,0,2255.081055,0.65625,1.299804688,38,5.078125,41.6015625,0,2.181640625,46.6796875,1777865,139.909813,12.70722162,0.013908,5.573865,0,5.587773
140,hl#3,hl,1777865,2964,1,0.95,0.9743589744,10.85,0.002612545938,0.9933333333,384,,,,,,0,0,0,0,0,,,,,,,,,,0,,,,,,,,,,2304,1,0,1,0,38,0.1301504895,2266,0.5571592894,0.000298311536,0.003425012881,0.01709184893,,,,45.2734375,151.3796289,196.6530664,4504.426758,0.65625,0,4505.083008,0.65625,1.301757812,38,5.078125,61.625,0,2.18359375,66.703125,1777865,120.598392,14.74202906,0.01659,10.671029,0,10.687619
140,ss[policy=difficulty],ss,1777865,2964,0.9090909091,1,0.9523809524,172.725,0.04018181955,1,962,1018,,,,,0,0,0,0,0,,,,0.0002643620297,1,1018,1018,0,0,1018,1018,1018,1018,1018,1,1,0.9449901768,0.9449901768,0.05658074644,44,1,40,1,0.1374300073,4,0.007338577451,0,0,0.0001059109969,0.0001934905069,0.000300922736,,,,39.3909375,89.51429687,128.9052344,2108.055664,5.171875,0,2113.227539,1.65625,2.399414062,44,5.46875,14.3984375,9.65625,1.21484375,19.8671875,1777865,133.431226,13.32420494,0.014086,22.259869,0.010656,22.284611
140,hybrid[head=topn-frontier reducer=streaming],hybrid,1777865,2964,1,1,1,45,0.009973490849,1,1068,1068,600,468,600,468,409,191,191,9640,3860,0.4004149378,1,1.487439,0.000546160704,0,,468,0,0,0,468,468,468,468,0,0,1,1,0,40,1,40,1,0.1334763888,0,0,0,0,2.546593808e-05,0,0.000546160704,,,,31.51171875,36.33571289,67.84743164,1294.508789,382.625,376.953125,1677.133789,5.671875,8.836914062,191,5.46875,76.2734375,127.7705078,1.1875,127.7705078,1777865,173.150127,10.26776608,0.062566,8.912776,0.344629,9.319971
141,hl,hl,2006100,3344,1,0.375,0.5454545455,3363.3125,0.3547876514,0.9444444444,48,,,,,,0,0,0,0,0,,,,,,,,,,0,,,,,,,,,,288,0.9375,0,1,0,12,0.03481780569,276,0.1602686805,0.0006773836327,0.002901483808,0.00980708838,,,,5.857421875,19.82000977,25.67743164,566.1074219,0.28125,0,566.3886719,0.28125,0.482421875,12,5.078125,23.30273438,0,0.5927734375,28.38085938,2006100,136.107819,14.73905037,0.009017,1.324355,0,1.333372
141,hl#1,hl,2006100,3344,1,0.78125,0.8771929825,1136.1875,0.1533050485,0.8229166667,96,,,,,,0,0,0,0,0,,,,,,,,,,0,,,,,,,,,,576,1,0,1,0,25,0.08459049898,551,0.2920018942,0.0006538062382,0.003383619959,0.01792084143,,,,11.48828125,39.10305664,50.59133789,1129.066406,0.515625,0,1129.582031,0.515625,0.94140625,25,5.078125,29.63671875,0,1.294921875,34.71484375,2006100,159.449789,12.58139012,0.004659,2.426887,0,2.431546
141,hl#2,hl,2006100,3344,1,0.96875,0.9841269841,75.84375,0.01406818141,0.97,192,,,,,,0,0,0,0,0,,,,,,,,,,0,,,,,,,,,,1152,1,0,1,0,31,0.109168536,1121,0.4490623598,0.0004845754304,0.003521565676,0.01792034295,,,,22.75,75.75710937,98.50710937,2254.198242,0.546875,0,2254.745117,0.546875,1.073242188,31,5.078125,41.0546875,0,1.791992188,46.1328125,2006100,158.870806,12.62724128,0.008949,5.382102,0,5.391051
141,hl#3,hl,2006100,3344,1,1,1,9.125,0.001579038037,0.995,384,,,,,,0,0,0,0,0,,,,,,,,,,0,,,,,,,,,,2304,1,0,1,0,32,0.1119600219,2272,0.5709869897,0.0002964179738,0.003498750685,0.01789940681,,,,45.2734375,146.3568359,191.6302734,4504.199219,0.53125,0,4504.730469,0.53125,1.07421875,32,5.078125,61.9375,0,1.87890625,67.015625,2006100,137.876762,14.54995005,0.016476,10.428841,0,10.445317
141,ss[policy=difficulty],ss,2006100,3344,0.8888888889,1,0.9411764706,193.96875,0.03497237354,1,1018,1109,,,,,0,0,0,0,0,,,,0.0002721698819,1,1109,1109,0,0,1109,1109,1109,1109,1109,1,1,0.9179440938,0.9179440938,0.08561879024,36,1,32,1,0.1150142067,4,0.007357559444,0,0,0.0001128779445,0.0002423857235,0.0002811425153,,,,40.98234375,70.89089844,111.8732422,2245.717773,4.921875,0,2250.639648,1.40625,2.014648438,36,5.46875,14.3984375,9.65625,1.028320312,19.8671875,2006100,160.151311,12.52627898,0.014219,23.984757,0.010336,24.009312
141,hybrid[head=topn-frontier reducer=streaming],hybrid,2006100,3344,0.9696969697,1,0.9846153846,0,0,1,1068,1068,600,468,600,468,392,208,208,9640,4200,0.4356846473,1,1.65255,0.000281640995,0,,468,0,0,0,468,468,468,468,0,0,1,1,0,33,1,32,1,0.1119201436,1,0.001728727381,0,0,8.534575605e-06,0.000281640995,0.000281640995,,,,31.6840625,34.95415039,66.63821289,1306.646484,416.09375,410.15625,1722.740234,5.9375,9.451171875,208,5.46875,76.0859375,127.578125,1.149414062,127.578125,2006100,198.345018,10.11419405,0.06202,8.129454,0.357408,8.548882
142,hl,hl,2028478,3381,1,0.4634146341,0.6333333333,2781.04878,0.3316882517,0.9409722222,48,,,,,,0,0,0,0,0,,,,,,,,,,0,,,,,,,,,,288,0.9512195122,0,1,0,19,0.05097516463,269,0.1531458562,0.0007087535444,0.002682903402,0.007198500551,,,,5.857421875,19.86375,25.72117187,566.4042969,0.453125,0,566.8574219,0.453125,0.779296875,19,5.078125,22.83398438,0,0.958984375,27.91210938,2028478,132.107767,15.35472173,0.002903,1.334696,0,1.337599
142,hl#1,hl,2028478,3381,1,0.7073170732,0.8285714286,960.7804878,0.1334482002,0.8315972222,96,,,,,,0,0,0,0,0,,,,,,,,,,0,,,,,,,,,,576,1,0,1,0,29,0.09415581535,547,0.2934821083,0.0006729825063,0.003246752253,0.01319462178,,,,11.48828125,39.46873047,50.95701172,1129.234375,0.609375,0,1129.84375,0.609375,1.109375,29,5.078125,31.04296875,0,1.5234375,36.12109375,2028478,153.337544,13.22884107,0.00756,2.592403,0,2.599963
142,hl#2,hl,2028478,3381,1,0.9756097561,0.987654321,100.5609756,0.01982187684,0.965,192,,,,,,0,0,0,0,0,,,,,,,,,,0,,,,,,,,,,1152,1,0,1,0,40,0.1270090186,1112,0.4371168926,0.0004896926312,0.003175225465,0.01820478211,,,,22.75,77.9943457,100.7443457,2254.527344,0.71875,0,2255.246094,0.71875,1.40234375,40,5.078125,41.9140625,0,2.265625,46.9921875,2028478,152.466853,13.30438689,0.012072,5.753508,0,5.76558
142,hl#3,hl,2028478,3381,1,1,1,8.926829268,0.001916145519,0.9933333333,384,,,,,,0,0,0,0,0,,,,,,,,,,0,,,,,,,,,,2304,1,0,1,0,41,0.1304258661,2263,0.5578542138,0.0002987326736,0.003181118685,0.01823386795,,,,45.2734375,153.0888574,198.3622949,4504.49707,0.671875,0,4505.168945,0.671875,1.372070312,41,5.078125,62.328125,0,2.387695312,67.40625,2028478,132.871382,15.26647777,0.022971,10.837275,0,10.860246
142,ss[policy=difficulty],ss,2028478,3381,0.8723404255,1,0.9318181818,126.804878,0.02384762462,1,1109,1109,,,,,0,0,0,0,0,,,,0.0002262780272,0,,1109,0,0,0,1109,1109,1109,1109,0,0,1,1,0,47,1,41,1,0.133001689,6,0.01027075472,0,0,7.300306258e-05,0.0001446897625,0.000228249949,,,,44.72621094,75.97629883,120.7025098,2407.422852,5.375,0,2412.797852,1.859375,2.657226562,47,5.46875,14.3984375,9.65625,1.28515625,19.8671875,2028478,151.162882,13.41915405,0.015788,25.824308,0.010209,25.850305
142,hybrid[head=topn-frontier reducer=streaming],hybrid,2028478,3381,0.9090909091,0.9756097561,0.9411764706,91.43902439,0.01552772414,1,1068,1173,600,468,600,573,396,204,204,9640,4120,0.4273858921,1,1.660915,0.0008148966861,1,573,573,0,0,573,573,573,573,573,1,1,0.8167539267,0.8167539267,0.2024174208,45,1,40,1,0.1276084828,5,0.009310428804,0,0,9.616405338e-05,0.0005596314084,0.0008148966861,,,,31.559375,36.22527344,67.78464844,1307.979492,408.15625,402.34375,1716.135742,5.8125,9.190429688,204,5.46875,77.0234375,128.75,1.309570312,128.75,2028478,189.715521,10.69220899,0.060812,8.087551,0.366481,8.514844
143,hl,hl,2143481,3573,1,0.3777777778,0.5483870968,2727.888889,0.3664774595,0.9513888889,48,,,,,,0,0,0,0,0,,,,,,,,,,0,,,,,,,,,,288,0.9555555556,0,1,0,17,0.07142633875,271,0.1558539591,0.0007891677007,0.004201549338,0.02345343859,,,,5.857421875,19.86298828,25.72041016,566.3310547,0.421875,0,566.7529297,0.421875,0.7060546875,17,5.078125,25.56835938,0,0.8740234375,30.64648438,2143481,134.123597,15.98138618,0.003442,1.384748,0,1.38819
143,hl#1,hl,2143481,3573,1,0.7333333333,0.8461538462,910.8666667,0.1702725098,0.828125,96,,,,,,0,0,0,0,0,,,,,,,,,,0,,,,,,,,,,576,0.9777777778,0,1,0,33,0.1261480741,543,0.2788753434,0.0007031656554,0.003822668912,0.02360086234,,,,11.48828125,39.13180664,50.62008789,1129.361328,0.671875,0,1130.033203,0.671875,1.236328125,33,5.078125,30.65234375,0,1.775390625,35.73046875,2143481,153.640833,13.95124563,0.007724,2.672493,0,2.680217
143,hl#2,hl,2143481,3573,1,0.9777777778,0.9887640449,164,0.02959386508,0.9716666667,192,,,,,,0,0,0,0,0,,,,,,,,,,0,,,,,,,,,,1152,1,0,1,0,44,0.1551676922,1108,0.4246881591,0.0005033470931,0.003526538459,0.02362978725,,,,22.75,76.6256543,99.3756543,2254.650391,0.78125,0,2255.431641,0.78125,1.525390625,44,5.078125,42.2265625,0,2.483398438,47.3046875,2143481,152.336153,14.0707308,0.014983,5.696361,0,5.711344
143,hl#3,hl,2143481,3573,1,1,1,11.88888889,0.002370511352,0.9916666667,384,,,,,,0,0,0,0,0,,,,,,,,,,0,,,,,,,,,,2304,1,0,1,0,45,0.1591108109,2259,0.5461629937,0.0003061084221,0.003535795797,0.0236199901,,,,45.2734375,149.6481641,194.9216016,4504.620117,0.734375,0,4505.354492,0.734375,1.495117188,45,5.078125,62.09375,0,2.604492188,67.171875,2143481,134.913141,15.88785929,0.037981,10.608585,0,10.646566
143,ss[policy=difficulty],ss,2143481,3573,0.9183673469,1,0.9574468085,145.6666667,0.02830535494,1,1109,974,,,,,0,0,0,0,0,,,,0.0001889449918,0,,974,1,0,0,974,974,974,974,0,0,1.138603696,1.138603696,-0.1298026837,49,1,45,1,0.1622533626,4,0.006836542988,0,0,7.268360129e-05,0.0001258466952,0.00022113562,,,,44.700625,92.50729492,137.2079199,2327.463867,5.40625,0,2332.870117,1.890625,2.713867188,49,5.46875,14.3984375,9.65625,1.301757812,19.8671875,2143481,150.52997,14.23956306,0.013271,25.011179,0.011035,25.035485
143,hybrid[head=topn-frontier reducer=streaming],hybrid,2143481,3573,1,1,1,62.68888889,0.01097851573,1,1173,1173,600,573,600,573,414,186,186,9640,3760,0.3900414938,1,1.558013,0.000379756107,0,,573,0,0,0,573,573,573,573,0,0,1,1,0,45,1,45,1,0.1605113365,0,0,0,0,2.924630024e-05,0,0.000379756107,,,,34.95128906,46.59987305,81.55116211,1476.561523,372.65625,367.1875,1849.217773,5.46875,8.561523438,186,5.46875,76.5234375,128.1181641,1.370117188,128.1181641,2143481,191.009325,11.22186574,0.076216,9.300634,0.374728,9.751578
144,hl,hl,1795418,2993,1,0.5625,0.72,2247,0.2699445255,0.9236111111,48,,,,,,0,0,0,0,0,,,,,,,,,,0,,,,,,,,,,288,0.96875,0,1,0,18,0.05259443762,270,0.1534411485,0.0007154013408,0.002921913201,0.0111194162,,,,5.857421875,19.82162109,25.67904297,566.3359375,0.40625,0,566.7421875,0.40625,0.7109375,18,5.078125,23.06835938,0,0.869140625,28.14648438,1795418,127.345711,14.09877086,0.010784,1.288031,0,1.298815
144,hl#1,hl,1795418,2993,1,0.84375,0.9152542373,706.125,0.1143523548,0.8090277778,96,,,,,,0,0,0,0,0,,,,,,,,,,0,,,,,,,,,,576,1,0,1,0,27,0.09001636388,549,0.2955662692,0.0006694142936,0.003333939403,0.0173107321,,,,11.48828125,38.58189453,50.07017578,1129.0625,0.484375,0,1129.546875,0.484375,0.9375,27,5.078125,31.74609375,0,1.430664062,36.82421875,1795418,150.430247,11.93521938,0.004342,2.476619,0,2.480961
144,hl#2,hl,1795418,2993,1,0.9375,0.9677419355,168.40625,0.0310748241,0.96,192,,,,,,0,0,0,0,0,,,,,,,,,,0,,,,,,,,,,1152,1,0,1,0,30,0.1030356162,1122,0.4559189002,0.0004852035733,0.003434520541,0.0207188521,,,,22.75,73.52106445,96.27106445,2254.162109,0.53125,0,2254.693359,0.53125,1.037109375,30,5.078125,42.2265625,0,1.731445312,47.3046875,1795418,150.04634,11.96575671,0.017572,5.743668,0,5.76124
144,hl#3,hl,1795418,2993,1,1,1,12.9375,0.002481566823,0.995,384,,,,,,0,0,0,0,0,,,,,,,,,,0,,,,,,,,,,2304,1,0,1,0,32,0.1089651546,2272,0.5784285331,0.0002983479547,0.003405161082,0.02073110551,,,,45.2734375,141.9776855,187.251123,4504.196289,0.53125,0,4504.727539,0.53125,1.071289062,32,5.078125,63.109375,0,1.875976562,68.1875,1795418,126.677467,14.17314415,0.021463,10.774134,0,10.795597
144,ss[policy=difficulty],ss,1795418,2993,0.7441860465,1,0.8533333333,164.4375,0.03462056726,1,974,1053,,,,,0,0,0,0,0,,,,0.0002701320807,1,1053,1053,0,1,1053,1053,1053,1053,1053,1,1,0.9249762583,0.9249762583,0.07798720849,43,1,32,1,0.112053015,11,0.01906297029,0,0,0.0001014209634,0.0001300279631,0.0002701320807,,,,39.94515625,69.2418457,109.187002,2159.757812,5.28125,0,2165.039062,1.765625,2.4921875,43,5.46875,14.3984375,9.65625,1.22265625,19.8671875,1795418,143.288997,12.53004793,0.015191,23.06751,0.023953,23.106654
144,hybrid[head=topn-frontier reducer=streaming],hybrid,1795418,2993,0.9411764706,1,0.9696969697,28.34375,0.003576077183,1,1173,1092,600,573,600,492,405,195,195,9640,3940,0.4087136929,1,1.505706,0.0004171730483,0,,492,1,0,0,492,492,492,492,0,0,1.164634146,1.164634146,-0.1524070002,34,1,32,1,0.109627396,2,0.00341424671,0,0,2.165643485e-05,0.0001155719727,0.0004171730483,,,,34.99195313,36.9087793,71.90073242,1508.213867,390.59375,384.765625,1898.807617,5.828125,9.088867188,195,5.46875,76.2734375,127.6826172,1.106445312,127.6826172,1795418,186.964955,9.602965433,0.073595,9.612197,0.363467,10.049259
145,hl,hl,2076886,3462,1,0.5,0.6666666667,3191.029412,0.3190327923,0.9236111111,48,,,,,,0,0,0,0,0,,,,,,,,,,0,,,,,,,,,,288,0.9411764706,0,1,0,17,0.06766572648,271,0.154252087,0.0007705479635,0.003980336852,0.009470428324,,,,5.857421875,19.85816406,25.71558594,566.3701172,0.453125,0,566.8232422,0.453125,0.7451171875,17,5.078125,25.09960938,0,0.8154296875,30.17773438,2076886,124.386472,16.69704082,0.003382,1.390241,0,1.393623
145,hl#1,hl,2076886,3462,1,0.7941176471,0.8852459016,720.9117647,0.1068453467,0.8246527778,96,,,,,,0,0,0,0,0,,,,,,,,,,0,,,,,,,,,,576,1,0,1,0,27,0.1170680528,549,0.2890625677,0.0007050878829,0.004335853809,0.0181815468,,,,11.48828125,38.86067383,50.34895508,1129.135742,0.546875,0,1129.682617,0.546875,1.010742188,27,5.078125,32.37109375,0,1.508789062,37.44921875,2076886,143.432563,14.47987791,0.007925,2.605713,0,2.613638
145,hl#2,hl,2076886,3462,1,1,1,68.88235294,0.01219357343,0.9766666667,192,,,,,,0,0,0,0,0,,,,,,,,,,0,,,,,,,,,,1152,1,0,1,0,34,0.1385299915,1118,0.4404257143,0.0005025657168,0.004074411516,0.02063955364,,,,22.75,77.05811523,99.80811523,2254.294922,0.59375,0,2254.888672,0.59375,1.169921875,34,5.078125,41.6796875,0,1.958007812,46.7578125,2076886,142.427729,14.58203409,0.012366,5.558254,0,5.57062
145,hl#3,hl,2076886,3462,1,1,1,13.97058824,0.002488376872,0.9933333333,384,,,,,,0,0,0,0,0,,,,,,,,,,0,,,,,,,,,,2304,1,0,1,0,34,0.139548343,2270,0.559391801,0.0003033594375,0.004104363031,0.02064292407,,,,45.2734375,147.3347754,192.6082129,4504.263672,0.5625,0,4504.826172,0.5625,1.138671875,34,5.078125,62.015625,0,1.990234375,67.09375,2076886,123.913876,16.76072178,0.020008,10.264245,0,10.284253
145,ss[policy=difficulty],ss,2076886,3462,0.8947368421,1,0.9444444444,148.8529412,0.02598453175,1,1053,1053,,,,,0,0,0,0,0,,,,0.0002012628522,0,,1053,0,0,0,1053,1053,1053,1053,0,0,1,1,0,38,1,34,1,0.1419972016,4,0.006836196113,0,0,7.905306816e-05,0.0001417988277,0.0002017443423,,,,43.28152344,91.03249023,134.3140137,2206.515625,5.015625,0,2211.53125,1.5,2.140625,38,5.46875,14.3984375,9.65625,1.07421875,19.8671875,2076886,140.729348,14.75801622,0.01232,23.902617,0.010726,23.925663
145,hybrid[head=topn-frontier reducer=streaming],hybrid,2076886,3462,0.9714285714,1,0.9855072464,74.26470588,0.01591891486,1,1092,1092,600,492,600,492,424,176,176,9640,3560,0.3692946058,1,1.43363,0.0004550081227,0,,492,0,0,0,492,492,492,492,0,0,1,1,0,35,1,34,1,0.1407761427,1,0.001718438085,0,0,4.773630192e-05,0.0004550081227,0.0004550081227,,,,31.82957031,42.39446289,74.2240332,1319.647461,352.9375,347.65625,1672.584961,5.28125,8.209960938,176,5.46875,76.5234375,127.9521484,1.072265625,127.9521484,2076886,174.75059,11.8848583,0.094196,8.378115,0.353312,8.825623
146,hl,hl,1988292,3314,1,0.2368421053,0.3829787234,3160.684211,0.3798210662,0.9409722222,48,,,,,,0,0,0,0,0,,,,,,,,,,0,,,,,,,,,,288,0.9473684211,0,1,0,9,0.02032548539,279,0.1652624464,0.0006444025408,0.002258387266,0.002764684463,,,,5.857421875,19.82920898,25.68663086,566.0419922,0.265625,0,566.3076172,0.265625,0.4169921875,9,5.078125,21.97460938,0,0.4921875,27.05273438,1988292,126.666813,15.69702397,0.003352,1.257555,0,1.260907
146,hl#1,hl,1988292,3314,1,0.6842105263,0.8125,709.5789474,0.1211141451,0.8368055556,96,,,,,,0,0,0,0,0,,,,,,,,,,0,,,,,,,,,,576,1,0,1,0,26,0.08133362705,550,0.3034116719,0.0006679605885,0.003128216425,0.01966562255,,,,11.48828125,39.14762695,50.6359082,1129.101562,0.53125,0,1129.632812,0.53125,0.9765625,26,5.078125,30.49609375,0,1.447265625,35.57421875,1988292,147.612541,13.46966854,0.005632,2.41021,0,2.415842
146,hl#2,hl,1988292,3314,1,0.9210526316,0.9589041096,73.31578947,0.01579730763,0.9683333333,192,,,,,,0,0,0,0,0,,,,,,,,,,0,,,,,,,,,,1152,1,0,1,0,35,0.1066971049,1117,0.4545011497,0.0004871512627,0.00304848871,0.02077662637,,,,22.75,76.67115234,99.42115234,2254.365234,0.640625,0,2255.005859,0.640625,1.240234375,35,5.078125,41.9921875,0,1.987304688,47.0703125,1988292,147.596097,13.47116923,0.014633,5.551819,0,5.566452
146,hl#3,hl,1988292,3314,1,0.9736842105,0.9866666667,9.868421053,0.002383293407,0.9933333333,384,,,,,,0,0,0,0,0,,,,,,,,,,0,,,,,,,,,,2304,1,0,1,0,37,0.1109359189,2267,0.5760180094,0.0002981570869,0.002998268078,0.02075600566,,,,45.2734375,151.2192676,196.4927051,4504.365234,0.609375,0,4504.974609,0.609375,1.240234375,37,5.078125,62.484375,0,2.162109375,67.5625,1988292,128.777454,15.43975237,0.019972,10.821731,0,10.841703
146,ss[policy=difficulty],ss,1988292,3314,0.9047619048,1,0.95,144.4210526,0.03110305619,1,1053,1053,,,,,0,0,0,0,0,,,,0.0002479515081,0,,1053,0,0,0,1053,1053,1053,1053,0,0,1,1,0,42,1,38,1,0.1154091049,4,0.007022107417,0,0,8.145301643e-05,0.0001652171814,0.0002479515081,,,,43.31664062,72.39745117,115.7140918,2324.893555,5.171875,0,2330.06543,1.65625,2.370117188,42,5.46875,14.3984375,9.65625,1.168945312,19.8671875,1988292,147.071083,13.51925858,0.015313,24.657108,0.016725,24.689146
146,hybrid[head=topn-frontier reducer=streaming],hybrid,1988292,3314,0.95,1,0.9743589744,8.684210526,0.002198109521,1,1092,1092,600,492,600,492,394,206,206,9640,4160,0.4315352697,1,2.135698,0.0004461115369,0,,492,0,0,0,492,492,492,492,0,0,1,1,0,40,1,38,1,0.1128149185,2,0.003690604801,0,0,2.005490139e-05,0.000318112229,0.0004461115369,,,,32.30285156,35.75237305,68.05522461,1358.170898,412.21875,406.25,1770.389648,5.96875,9.374023438,206,5.46875,76.2734375,127.7705078,1.28125,127.7705078,1988292,185.782979,10.70222908,0.064128,8.363297,0.381052,8.808477
147,hl,hl,2008854,3349,1,0.5882352941,0.7407407407,2884.117647,0.3140063566,0.9444444444,48,,,,,,0,0,0,0,0,,,,,,,,,,0,,,,,,,,,,288,0.9705882353,0,1,0,20,0.04514016449,268,0.1527587371,0.0006871489638,0.002257008225,0.004388571793,,,,5.857421875,19.64896484,25.50638672,566.4326172,0.46875,0,566.9013672,0.46875,0.8076171875,20,5.078125,23.30273438,0,0.94921875,28.38085938,2008854,125.592155,15.99505956,0.00317,1.316169,0,1.319339
147,hl#1,hl,2008854,3349,1,0.8529411765,0.9206349206,673.0294118,0.1082267002,0.8541666667,96,,,,,,0,0,0,0,0,,,,,,,,,,0,,,,,,,,,,576,1,0,1,0,29,0.09077812524,547,0.2944484766,0.0006687961837,0.003130280181,0.018932685,,,,11.48828125,39.22085938,50.70914063,1129.164062,0.546875,0,1129.710938,0.546875,1.0390625,29,5.078125,31.12109375,0,1.583007812,36.19921875,2008854,147.977631,13.57538965,0.004686,2.81828,0,2.822966
147,hl#2,hl,2008854,3349,1,0.9705882353,0.9850746269,170.0294118,0.02576996816,0.9733333333,192,,,,,,0,0,0,0,0,,,,,,,,,,0,,,,,,,,,,1152,1,0,1,0,33,0.1050613932,1119,0.4522205198,0.0004837516606,0.003183678582,0.01898346022,,,,22.75,78.15685547,100.9068555,2254.229492,0.546875,0,2254.776367,0.546875,1.104492188,33,5.078125,42.0703125,0,1.932617188,47.1484375,2008854,147.641865,13.6062627,0.015659,5.850732,0,5.866391
147,hl#3,hl,2008854,3349,1,1,1,9,0.001826350906,0.9966666667,384,,,,,,0,0,0,0,0,,,,,,,,,,0,,,,,,,,,,2304,1,0,1,0,34,0.1089914947,2270,0.5795996125,0.000298867668,0.003205632196,0.01896255278,,,,45.2734375,153.1964551,198.4698926,4504.262695,0.5625,0,4504.825195,0.5625,1.137695312,34,5.078125,62.640625,0,1.989257812,67.71875,2008854,126.93286,15.82611469,0.01895,11.712416,0,11.731366
147,ss[policy=difficulty],ss,2008854,3349,0.8947368421,1,0.9444444444,158.5588235,0.03204467902,1,1053,1053,,,,,0,0,0,0,0,,,,0.0002031008724,0,,1053,0,0,0,1053,1053,1053,1053,0,0,1,1,0,38,1,34,1,0.1117029909,4,0.006979601305,0,0,8.875183248e-05,0.0001722375046,0.0002035986687,,,,43.31566406,75.34491211,118.6605762,2305.884766,5.078125,0,2310.962891,1.5625,2.205078125,38,5.46875,14.3984375,9.65625,1.07421875,19.8671875,2008854,143.495434,13.99942802,0.019966,32.37353,0.009163,32.402659
147,hybrid[head=topn-frontier reducer=streaming],hybrid,2008854,3349,0.9189189189,1,0.9577464789,11.94117647,0.002942079594,1,1092,1092,600,492,600,492,400,200,200,9640,4040,0.4190871369,1,1.554806,0.0006157739686,0,,492,0,0,0,492,492,492,492,0,0,1,1,0,37,1,34,1,0.1092214765,3,0.005706736278,0,0,4.801715777e-05,0.0005248431859,0.0006426549665,,,,32.26183594,40.09302734,72.35486328,1346.21875,400.28125,394.53125,1746.5,5.75,9.1328125,200,5.46875,76.5234375,128.0498047,1.17578125,128.0498047,2008854,180.475417,11.130901,0.117754,11.201646,0.377604,11.697004
148,hl,hl,2061388,3436,1,0.3255813953,0.4912280702,3550.348837,0.3984235413,0.9444444444,48,,,,,,0,0,0,0,0,,,,,,,,,,0,,,,,,,,,,288,0.8604651163,0,1,0,14,0.03499195688,274,0.1571266545,0.0006670785116,0.002499425491,0.004584289809,,,,5.857421875,19.84386719,25.70128906,566.2021484,0.34375,0,566.5458984,0.34375,0.5771484375,14,5.078125,22.99023438,0,0.771484375,28.06835938,2061388,147.090252,14.01444332,0.002772,1.276569,0,1.279341
148,hl#1,hl,2061388,3436,1,0.6976744186,0.8219178082,908.3953488,0.1199493914,0.8350694444,96,,,,,,0,0,0,0,0,,,,,,,,,,0,,,,,,,,,,576,1,0,1,0,30,0.09856562666,546,0.2923049906,0.0006785948217,0.003285520889,0.01272492127,,,,11.48828125,38.93383789,50.42211914,1129.196289,0.5625,0,1129.758789,0.5625,1.071289062,30,5.078125,28.85546875,0,1.5703125,33.93359375,2061388,170.152647,12.11493348,0.004455,2.313695,0,2.31815
148,hl#2,hl,2061388,3436,1,0.9534883721,0.9761904762,41.90697674,0.008344781049,0.9733333333,192,,,,,,0,0,0,0,0,,,,,,,,,,0,,,,,,,,,,1152,1,0,1,0,41,0.1327280454,1111,0.4360736552,0.0004937514762,0.003237269399,0.01788309624,,,,22.75,76.08021484,98.83021484,2254.523438,0.703125,0,2255.226562,0.703125,1.3984375,41,5.078125,41.2109375,0,2.350585938,46.2890625,2061388,169.684838,12.14833349,0.011315,5.282839,0,5.294154
148,hl#3,hl,2061388,3436,1,1,1,12.48837209,0.002486688801,0.9966666667,384,,,,,,0,0,0,0,0,,,,,,,,,,0,,,,,,,,,,2304,1,0,1,0,43,0.1368034548,2261,0.5581937995,0.0003016481138,0.003181475692,0.01787776003,,,,45.2734375,146.3707715,191.644209,4504.555664,0.703125,0,4505.258789,0.703125,1.430664062,43,5.078125,61.859375,0,2.493164062,66.9375,2061388,146.976626,14.02527773,0.020431,10.429082,0,10.449513
148,ss[policy=difficulty],ss,2061388,3436,0.8958333333,1,0.9450549451,170.5813953,0.03419696353,1,1053,1041,,,,,0,0,0,0,0,,,,0.0002440103464,0,,1041,1,0,0,1041,1041,1041,1041,0,0,1.011527378,1.011527378,-0.01146144352,48,1,43,1,0.140296247,5,0.008481178701,0,0,8.757246735e-05,0.0001290392687,0.0002605040875,,,,43.30152344,73.67495117,116.9764746,2289.81543,5.359375,0,2295.174805,1.84375,2.659179688,48,5.46875,14.3984375,9.65625,1.309570312,19.8671875,2061388,164.139331,12.55876935,0.013931,24.161556,0.011962,24.187449
148,hybrid[head=topn-frontier reducer=streaming],hybrid,2061388,3436,0.9555555556,1,0.9772727273,30.27906977,0.005453658415,1,1092,1054,600,492,600,454,392,208,208,9640,4200,0.4356846473,1,1.693105,0.00044630123,0,,454,1,0,0,454,454,454,454,0,0,1.083700441,1.083700441,-0.08038151845,45,1,43,1,0.1373695782,2,0.003443311012,0,0,2.071958851e-05,0.0001503841101,0.00044630123,,,,32.15972656,35.699375,67.85910156,1348.697266,416.0625,410.15625,1764.759766,5.90625,9.439453125,208,5.46875,76.2734375,128.1318359,1.3671875,128.1318359,2061388,208.670404,9.878679298,0.063792,8.344202,0.361864,8.769858
149,hl,hl,2038331,3398,1,0.5142857143,0.679245283,1874.485714,0.2327564738,0.9270833333,48,,,,,,0,0,0,0,0,,,,,,,,,,0,,,,,,,,,,288,1,0,1,0,18,0.06825388026,270,0.1573164515,0.0007832303188,0.003791882237,0.01286886183,,,,5.857421875,19.85904297,25.71646484,566.4003906,0.46875,0,566.8691406,0.46875,0.775390625,18,5.078125,22.05273438,0,0.767578125,27.13085938,2038331,136.074684,14.97950199,0.002821,1.224331,0,1.227152
149,hl#1,hl,2038331,3398,0.96875,0.8857142857,0.9253731343,380.3142857,0.0756517101,0.8368055556,96,,,,,,0,0,0,0,0,,,,,,,,,,0,,,,,,,,,,576,1,0,1,0,32,0.1131690584,544,0.2818742393,0.0006858390585,0.003536533075,0.01695112325,,,,11.48828125,39.12114258,50.60942383,1129.261719,0.59375,0,1129.855469,0.59375,1.13671875,32,5.078125,29.87109375,0,1.784179688,34.94921875,2038331,160.574315,12.69400402,0.00501,2.330367,0,2.335377
149,hl#2,hl,2038331,3398,1,1,1,44.74285714,0.009164790568,0.9683333333,192,,,,,,0,0,0,0,0,,,,,,,,,,0,,,,,,,,,,1152,1,0,1,0,35,0.1235236083,1117,0.4405398338,0.0004896384046,0.003529245951,0.01703599661,,,,22.75,76.60338867,99.35338867,2254.295898,0.578125,0,2254.874023,0.578125,1.170898438,35,5.078125,40.8203125,0,2.045898438,45.8984375,2038331,160.615934,12.69071473,0.011417,5.326282,0,5.337699
149,hl#3,hl,2038331,3398,1,1,1,11.88571429,0.002180372881,0.9916666667,384,,,,,,0,0,0,0,0,,,,,,,,,,0,,,,,,,,,,2304,1,0,1,0,35,0.1241299867,2269,0.5650480712,0.000299122421,0.00354657105,0.017037959,,,,45.2734375,148.2683105,193.541748,4504.327148,0.609375,0,4504.936523,0.609375,1.202148438,35,5.078125,62.640625,0,2.012695312,67.71875,2038331,140.559266,14.50157687,0.019607,10.381462,0,10.401069
149,ss[policy=difficulty],ss,2038331,3398,0.875,1,0.9333333333,134.4857143,0.0256606,1,1041,1041,,,,,0,0,0,0,0,,,,0.0002467705196,0,,1041,0,0,0,1041,1041,1041,1041,0,0,1,1,0,40,1,35,1,0.1264794579,5,0.008595758,0,0,7.553974305e-05,0.0001424695008,0.0002663944178,,,,43.0034375,73.22015625,116.2235937,2273.28418,5.140625,0,2278.424805,1.625,2.299804688,40,5.46875,14.3984375,9.65625,1.091796875,19.8671875,2038331,158.02354,12.89890734,0.014994,23.913008,0.00801,23.936012
149,hybrid[head=topn-frontier reducer=streaming],hybrid,2038331,3398,0.9722222222,1,0.985915493,27,0.005543328248,1,1054,1054,600,454,600,454,376,224,224,9640,4520,0.468879668,1,1.713646,0.0003792318323,0,,454,0,0,0,454,454,454,454,0,0,1,1,0,36,1,35,1,0.1246338303,1,0.001733280807,0,0,2.251297208e-05,0.0002992644472,0.0003792318323,,,,31.24101562,37.10478516,68.34580078,1275.999023,447.8125,441.40625,1723.811523,6.40625,10.18652344,224,5.46875,76.2734375,128.0439453,1.130859375,128.0439453,2038331,197.727009,10.30881421,0.067304,7.960711,0.37841,8.406425
150,hl,hl,2005777,3343,1,0.4047619048,0.5762711864,2300.190476,0.3436412306,0.9305555556,48,,,,,,0,0,0,0,0,,,,,,,,,,0,,,,,,,,,,288,0.9523809524,0,1,0,17,0.04865296591,271,0.1556788217,0.0007094853737,0.002861939171,0.01014320136,,,,5.857421875,19.82581055,25.68323242,566.3066406,0.390625,0,566.6972656,0.390625,0.681640625,17,5.078125,24.16210938,0,0.7783203125,29.24023438,2005777,126.259213,15.88618329,0.00274,1.330525,0,1.333265
150,hl#1,hl,2005777,3343,1,0.6904761905,0.8169014085,593.547619,0.1308353138,0.8298611111,96,,,,,,0,0,0,0,0,,,,,,,,,,0,,,,,,,,,,576,0.9761904762,0,1,0,29,0.09366893727,547,0.2900860863,0.0006662413604,0.003229963354,0.01577393698,,,,11.48828125,38.96616211,50.45444336,1129.166016,0.546875,0,1129.712891,0.546875,1.041015625,29,5.078125,30.41796875,0,1.6171875,35.49609375,2005777,148.684767,13.4901311,0.006782,2.524112,0,2.530894
150,hl#2,hl,2005777,3343,1,0.9523809524,0.9756097561,50.4047619,0.01213301123,0.9716666667,192,,,,,,0,0,0,0,0,,,,,,,,,,0,,,,,,,,,,1152,1,0,1,0,40,0.1185455811,1112,0.4434625584,0.0004878542878,0.002963639527,0.0158048477,,,,22.75,75.4178418,98.1678418,2254.458984,0.65625,0,2255.115234,0.65625,1.333984375,40,5.078125,42.1484375,0,2.326171875,47.2265625,2005777,148.331215,13.52228525,0.012435,5.765322,0,5.777757
150,hl#3,hl,2005777,3343,1,1,1,9.857142857,0.00214863647,0.995,384,,,,,,0,0,0,0,0,,,,,,,,,,0,,,,,,,,,,2304,1,0,1,0,42,0.1227190261,2262,0.564354861,0.0002982091524,0.002921881574,0.01580634338,,,,45.2734375,146.6365723,191.9100098,4504.523438,0.6875,0,4505.210938,0.6875,1.3984375,42,5.078125,62.875,0,2.4375,67.953125,2005777,128.026279,15.66691632,0.019941,11.039503,0,11.059444
150,ss[policy=difficulty],ss,2005777,3343,0.9130434783,1,0.9545454545,159.0238095,0.03691725831,1,1041,1041,,,,,0,0,0,0,0,,,,0.0002378130769,0,,1041,0,0,0,1041,1041,1041,1041,0,0,1,1,0,46,1,42,1,0.1260518991,4,0.007034181766,0,0,8.702038076e-05,0.0001682639695,0.0002383116368,,,,43.00917969,72.44032227,115.449502,2304.839844,5.421875,0,2310.261719,1.90625,2.68359375,46,5.46875,14.3984375,9.65625,1.26171875,19.8671875,2005777,146.376472,13.70286476,0.014119,24.64537,0.016711,24.6762
150,hybrid[head=topn-frontier reducer=streaming],hybrid,2005777,3343,0.9545454545,1,0.976744186,103.8809524,0.0268056315,1,1054,1066,600,454,600,466,390,210,210,9640,4240,0.4398340249,1,2.158945,0.0006835256362,1,466,466,0,1,466,466,466,466,466,1,1,0.974248927,0.974248927,0.02608843608,45,1,42,1,0.1244475333,3,0.004998561655,0,0,8.612899418e-05,0.0004275982159,0.0007991915353,,,,31.37800781,34.91564453,66.29365234,1279.262695,420.03125,414.0625,1699.293945,5.96875,9.458007812,210,5.46875,77.0234375,128.8671875,1.310546875,128.8671875,2005777,184.85405,10.85059808,0.059082,8.3636,0.403395,8.826077
151,hl,hl,2098295,3498,1,0.4047619048,0.5762711864,3160.857143,0.3724436848,0.9340277778,48,,,,,,0,0,0,0,0,,,,,,,,,,0,,,,,,,,,,288,0.9523809524,0,1,0,17,0.0489926345,271,0.1592226069,0.0007229695883,0.002881919676,0.008734234224,,,,5.857421875,19.85548828,25.71291016,566.3076172,0.390625,0,566.6982422,0.390625,0.6826171875,17,5.078125,23.77148438,0,0.7822265625,28.84960938,2098295,131.364864,15.97303066,0.004321,1.36606,0,1.370381
151,hl#1,hl,2098295,3498,1,0.8095238095,0.8947368421,593.0952381,0.09621613653,0.8472222222,96,,,,,,0,0,0,0,0,,,,,,,,,,0,,,,,,,,,,576,1,0,1,0,34,0.1132557624,542,0.2864797371,0.0006939852423,0.003331051836,0.01389938021,,,,11.48828125,38.98921875,50.4775,1129.389648,0.6875,0,1130.077148,0.6875,1.264648438,34,5.078125,30.33984375,0,1.764648438,35.41796875,2098295,153.08867,13.70640296,0.004427,2.513866,0,2.518293
151,hl#2,hl,2098295,3498,1,0.9523809524,0.9756097561,160.8095238,0.01592159043,0.9783333333,192,,,,,,0,0,0,0,0,,,,,,,,,,0,,,,,,,,,,1152,1,0,1,0,40,0.1311736434,1112,0.4362246491,0.00049253324,0.003279341084,0.01398230468,,,,22.75,76.49051758,99.24051758,2254.485352,0.6875,0,2255.172852,0.6875,1.360351562,40,5.078125,41.5234375,0,2.2890625,46.6015625,2098295,152.234431,13.78331424,0.01131,5.603881,0,5.615191
151,hl#3,hl,2098295,3498,0.976744186,1,0.9882352941,8.404761905,0.001490256425,0.995,384,,,,,,0,0,0,0,0,,,,,,,,,,0,,,,,,,,,,2304,1,0,1,0,43,0.1391806205,2261,0.5559551922,0.000301708252,0.003236758615,0.01401042275,,,,45.2734375,148.9379004,194.2113379,4504.552734,0.703125,0,4505.255859,0.703125,1.427734375,43,5.078125,62.796875,0,2.490234375,67.875,2098295,132.208275,15.87113212,0.018014,10.644564,0,10.662578
151,ss[policy=difficulty],ss,2098295,3498,0.8936170213,1,0.9438202247,150.6428571,0.02865138022,1,1041,1041,,,,,0,0,0,0,0,,,,0.000210647216,0,,1041,0,0,0,1041,1041,1041,1041,0,0,1,1,0,47,1,42,1,0.140590813,5,0.008571244749,0,0,7.441705583e-05,9.645926812e-05,0.0002468670992,,,,42.99296875,91.41473633,134.4077051,2242.935547,5.28125,0,2248.216797,1.765625,2.560546875,47,5.46875,14.3984375,9.65625,1.287109375,19.8671875,2098295,150.30027,13.96068683,0.01554,24.006697,0.010001,24.032238
151,hybrid[head=topn-frontier reducer=streaming],hybrid,2098295,3498,1,1,1,99.42857143,0.01357317268,1,1066,1163,600,466,600,563,388,212,212,9640,4280,0.4439834025,1,1.726102,0.0008044626709,1,563,563,0,0,563,563,563,563,563,1,1,0.8277087034,0.8277087034,0.189093994,43,1,42,1,0.136586133,1,0.001595104597,0,0,6.716416546e-05,0.000685318318,0.0008044626709,,,,31.38371094,35.95083008,67.33454102,1292.68457,424.03125,417.96875,1716.71582,6.0625,9.614257812,212,5.46875,76.5234375,128.2402344,1.297851562,128.2402344,2098295,185.956858,11.28377314,0.059512,8.156251,0.37322,8.588983
152,hl,hl,2083050,3472,1,0.4047619048,0.5762711864,2520.5,0.3136659314,0.90625,48,,,,,,0,0,0,0,0,,,,,,,,,,0,,,,,,,,,,288,0.9285714286,0,1,0,17,0.0563889489,271,0.1568656537,0.0007404673702,0.003316996994,0.009552819183,,,,5.857421875,19.83384766,25.69126953,566.3330078,0.421875,0,566.7548828,0.421875,0.7080078125,17,5.078125,23.77148438,0,0.80859375,28.84960938,2083050,128.248149,16.24233968,0.003422,1.328463,0,1.331885
152,hl#1,hl,2083050,3472,1,0.8333333333,0.9090909091,546.8333333,0.09992679107,0.8350694444,96,,,,,,0,0,0,0,0,,,,,,,,,,0,,,,,,,,,,576,1,0,1,0,35,0.1155752382,541,0.2815539713,0.0006894604333,0.003302149664,0.01593096661,,,,11.48828125,39.10106445,50.5893457,1129.349609,0.640625,0,1129.990234,0.640625,1.224609375,35,5.078125,29.63671875,0,1.87890625,34.71484375,2083050,148.4184,14.03498488,0.004878,2.538226,0,2.543104
152,hl#2,hl,2083050,3472,1,1,1,46.21428571,0.008975384232,0.97,192,,,,,,0,0,0,0,0,,,,,,,,,,0,,,,,,,,,,1152,1,0,1,0,42,0.1348570606,1110,0.434154725,0.0004939338417,0.003210882394,0.0159919349,,,,22.75,77.25317383,100.0031738,2254.541016,0.71875,0,2255.259766,0.71875,1.416015625,42,5.078125,41.6015625,0,2.360351562,46.6796875,2083050,149.168897,13.96437221,0.008867,5.640967,0,5.649834
152,hl#3,hl,2083050,3472,1,1,1,8.452380952,0.001761863024,0.9916666667,384,,,,,,0,0,0,0,0,,,,,,,,,,0,,,,,,,,,,2304,1,0,1,0,42,0.135683733,2262,0.5589644992,0.0003014966285,0.003230565071,0.01599769569,,,,45.2734375,150.1821582,195.4555957,4504.509766,0.6875,0,4505.197266,0.6875,1.384765625,42,5.078125,62.71875,0,2.423828125,67.796875,2083050,130.279585,15.98907457,0.018961,10.617654,0,10.636615
152,ss[policy=difficulty],ss,2083050,3472,0.976744186,1,0.9882352941,132.3571429,0.02767315453,1,1041,964,,,,,0,0,0,0,0,,,,0.000212668923,0,,964,1,0,0,964,964,964,964,0,0,1.079875519,1.079875519,-0.076845774,43,1,42,1,0.1383288927,1,0.001797844507,0,0,6.535586514e-05,0.0001416192602,0.0002501140155,,,,42.99394531,90.50164062,133.4955859,2247.876953,5.3125,0,2253.189453,1.796875,2.509765625,43,5.46875,14.3984375,9.65625,1.161132812,19.8671875,2083050,145.907136,14.27654642,0.01423,24.699926,0.010568,24.724724
152,hybrid[head=topn-frontier reducer=streaming],hybrid,2083050,3472,0.9545454545,1,0.976744186,13.88095238,0.003216807097,1,1163,1163,600,563,600,563,392,208,208,9640,4200,0.4356846473,1,1.597166,0.0004210172583,0,,563,0,0,0,563,563,563,563,0,0,1,1,0,44,1,42,1,0.1359400879,2,0.003447348839,0,0,1.914805868e-05,0.0002813182593,0.0004210172583,,,,34.72097656,38.22287109,72.94384766,1471.102539,416.0625,410.15625,1887.165039,5.90625,9.407226562,208,5.46875,76.5234375,128.1865234,1.341796875,128.1865234,2083050,188.795394,11.03337299,0.139986,9.350466,0.361939,9.852391
153,hl,hl,2066186,3444,1,0.4210526316,0.5925925926,2526.026316,0.3058193659,0.9409722222,48,,,,,,0,0,0,0,0,,,,,,,,,,0,,,,,,,,,,288,0.9473684211,0,1,0,16,0.04982513675,272,0.1603108336,0.0007296387859,0.003114071047,0.007669687047,,,,5.857421875,19.81789063,25.6753125,566.328125,0.4375,0,566.765625,0.4375,0.703125,16,5.078125,22.75585938,0,0.7509765625,27.83398438,2066186,137.119393,15.0685177,0.002938,1.314438,0,1.317376
153,hl#1,hl,2066186,3444,1,0.7368421053,0.8484848485,346.8947368,0.07454997763,0.8368055556,96,,,,,,0,0,0,0,0,,,,,,,,,,0,,,,,,,,,,576,1,0,1,0,28,0.09917016183,548,0.2978303986,0.0006892370841,0.003541791494,0.01628314198,,,,11.48828125,39.16233398,50.65061523,1129.125,0.53125,0,1129.65625,0.53125,1,28,5.078125,31.19921875,0,1.518554688,36.27734375,2066186,161.353234,12.80535846,0.007743,2.557738,0,2.565481
153,hl#2,hl,2066186,3444,1,0.9736842105,0.9866666667,29.78947368,0.006168782561,0.9666666667,192,,,,,,0,0,0,0,0,,,,,,,,,,0,,,,,,,,,,1152,1,0,1,0,37,0.1187119649,1115,0.4493617709,0.0004931195624,0.003208431485,0.01642640111,,,,22.75,76.58785156,99.33785156,2254.386719,0.640625,0,2255.027344,0.640625,1.26171875,37,5.078125,42.3046875,0,2.12109375,47.3828125,2066186,160.995032,12.83384943,0.0087,5.784974,0,5.793674
153,hl#3,hl,2066186,3444,1,1,1,7.973684211,0.00165154685,0.9916666667,384,,,,,,0,0,0,0,0,,,,,,,,,,0,,,,,,,,,,2304,1,0,1,0,38,0.1208337488,2266,0.5724939575,0.0003009234836,0.003179835493,0.01643898468,,,,45.2734375,150.8803711,196.1538086,4504.386719,0.625,0,4505.011719,0.625,1.26171875,38,5.078125,62.953125,0,2.20703125,68.03125,2066186,139.608794,14.79982701,0.019649,10.968785,0,10.988434
153,ss[policy=difficulty],ss,2066186,3444,0.9047619048,1,0.95,147,0.03063732246,1,964,964,,,,,0,0,0,0,0,,,,0.0002458636347,0,,964,0,0,0,964,964,964,964,0,0,1,1,0,42,1,38,1,0.123500014,4,0.007099554445,0,0,8.060630507e-05,0.0001704831995,0.0002657069596,,,,39.52839844,70.95711914,110.4855176,2141.952148,5.265625,0,2147.217773,1.75,2.452148438,42,5.46875,14.3984375,9.65625,1.13671875,19.8671875,2066186,154.273588,13.39299894,0.014105,22.559933,0.019081,22.593119
153,hybrid[head=topn-frontier reducer=streaming],hybrid,2066186,3444,0.9268292683,1,0.9620253165,30.89473684,0.006306179934,1,1163,1086,600,563,600,486,414,186,186,9640,3760,0.3900414938,1,1.524709,0.0004263894925,0,,486,1,0,0,486,486,486,486,0,0,1.158436214,1.158436214,-0.1470710042,41,1,38,1,0.1213646787,3,0.005378025018,0,0,3.605087097e-05,0.0003032963473,0.0004263894925,,,,34.73523437,38.00388672,72.73912109,1493.724609,372.625,367.1875,1866.349609,5.4375,8.513671875,186,5.46875,76.5234375,128.0400391,1.240234375,128.0400391,2066186,202.029404,10.22715486,0.118009,9.415278,0.348264,9.881551
154,hl,hl,2082890,3472,1,0.3255813953,0.4912280702,2920.697674,0.366321249,0.9340277778,48,,,,,,0,0,0,0,0,,,,,,,,,,0,,,,,,,,,,288,0.9069767442,0,1,0,14,0.0357128797,274,0.1654566492,0.0006985053086,0.002550919979,0.006204360288,,,,5.857421875,19.85996094,25.71738281,566.1425781,0.28125,0,566.4238281,0.28125,0.517578125,14,5.078125,22.99023438,0,0.8369140625,28.06835938,2082890,143.154403,14.54995415,0.003415,1.926385,0,1.9298
154,hl#1,hl,2082890,3472,1,0.6511627907,0.7887323944,516.7906977,0.107463598,0.8246527778,96,,,,,,0,0,0,0,0,,,,,,,,,,0,,,,,,,,,,576,1,0,1,0,28,0.09414947501,548,0.3020745215,0.0006878888828,0.00336248125,0.01737585758,,,,11.48828125,39.14481445,50.6330957,1129.095703,0.5,0,1129.595703,0.5,0.970703125,28,5.078125,29.87109375,0,1.584960938,34.94921875,2082890,168.520424,12.35986684,0.010714,3.808925,0,3.819639
154,hl#2,hl,2082890,3472,1,0.9534883721,0.9761904762,136.3953488,0.02386246792,0.9733333333,192,,,,,,0,0,0,0,0,,,,,,,,,,0,,,,,,,,,,1152,1,0,1,0,41,0.1207701799,1111,0.4472482944,0.0004930715923,0.002945614144,0.01750452496,,,,22.75,76.859375,99.609375,2254.513672,0.703125,0,2255.216797,0.703125,1.388671875,41,5.078125,42.1484375,0,2.340820312,47.2265625,2082890,168.275762,12.37783728,0.01601,5.809356,0,5.825366
154,hl#3,hl,2082890,3472,1,1,1,8.860465116,0.001831137754,0.995,384,,,,,,0,0,0,0,0,,,,,,,,,,0,,,,,,,,,,2304,1,0,1,0,43,0.1260335399,2261,0.5702619918,0.0003022116023,0.002931012557,0.01751700762,,,,45.2734375,148.8995312,194.1729687,4504.547852,0.703125,0,4505.250977,0.703125,1.422851562,43,5.078125,62.875,0,2.485351562,67.953125,2082890,145.533697,14.31208059,0.019758,10.97095,0,10.990708
154,ss[policy=difficulty],ss,2082890,3472,0.914893617,1,0.9555555556,166.8837209,0.03688272127,1,964,1017,,,,,0,0,0,0,0,,,,0.000263576089,1,1017,1017,0,1,1017,1017,1017,1017,1017,1,1,0.947885939,0.947885939,0.05352110144,47,1,43,1,0.1295109199,4,0.007129517161,0,0,8.938072235e-05,0.0001889202022,0.0003019842623,,,,39.53214844,71.38828125,110.9204297,2141.410156,5.34375,0,2146.753906,1.828125,2.61328125,47,5.46875,14.3984375,9.65625,1.254882812,19.8671875,2082890,161.181932,12.92260227,0.014522,22.599879,0.009455,22.623856
154,hybrid[head=topn-frontier reducer=streaming],hybrid,2082890,3472,0.9347826087,1,0.9662921348,90.11627907,0.02219482774,1,1086,1111,600,486,600,511,403,197,197,9640,3980,0.4128630705,1,1.630347,0.000700949162,1,511,511,0,1,511,511,511,511,511,1,1,0.9510763209,0.9510763209,0.0501609663,46,1,43,1,0.1279261027,3,0.005447239172,0,0,6.395795808e-05,0.0003605567265,0.000700949162,,,,32.10390625,36.40716797,68.51107422,1343.623047,394.40625,388.671875,1738.029297,5.734375,9.037109375,197,5.46875,77.0234375,128.6816406,1.41796875,128.6816406,2082890,204.089578,10.20576367,0.062575,8.455452,0.35656,8.874587
155,hl,hl,2050580,3418,1,0.4444444444,0.6153846154,2772.155556,0.3280803842,0.9513888889,48,,,,,,0,0,0,0,0,,,,,,,,,,0,,,,,,,,,,288,0.8888888889,0,1,0,20,0.05563596641,268,0.1496006008,0.0007126269695,0.00278179832,0.01005227789,,,,5.857421875,19.85123047,25.70865234,566.3740234,0.40625,0,566.7802734,0.40625,0.7490234375,20,5.078125,23.61523438,0,1.013671875,28.69335938,2050580,127.99699,16.02053298,0.003251,1.365521,0,1.368772
155,hl#1,hl,2050580,3418,1,0.8444444444,0.9156626506,743.5333333,0.1111901974,0.8229166667,96,,,,,,0,0,0,0,0,,,,,,,,,,0,,,,,,,,,,576,0.9777777778,0,1,0,38,0.1165753104,538,0.2740917204,0.0006782413729,0.003067771326,0.01917213666,,,,11.48828125,39.07912109,50.56740234,1129.513672,0.75,0,1130.263672,0.75,1.388671875,38,5.078125,30.65234375,0,1.950195312,35.73046875,2050580,148.311658,13.82615519,0.005135,2.471605,0,2.47674
155,hl#2,hl,2050580,3418,1,0.9777777778,0.9887640449,43.66666667,0.009467940079,0.9716666667,192,,,,,,0,0,0,0,0,,,,,,,,,,0,,,,,,,,,,1152,1,0,1,0,44,0.1385895698,1108,0.4290722625,0.0004927620072,0.00314976295,0.01931941207,,,,22.75,76.49032227,99.24032227,2254.616211,0.75,0,2255.366211,0.75,1.491210938,44,5.078125,42.2265625,0,2.44921875,47.3046875,2050580,147.412724,13.91046814,0.008775,5.622187,0,5.630962
155,hl#3,hl,2050580,3418,1,1,1,7.622222222,0.001491753228,0.99,384,,,,,,0,0,0,0,0,,,,,,,,,,0,,,,,,,,,,2304,1,0,1,0,45,0.1408557579,2259,0.5520974554,0.0003007609432,0.003130127953,0.01930917106,,,,45.2734375,148.4356445,193.709082,4504.617188,0.734375,0,4505.351562,0.734375,1.4921875,45,5.078125,62.5625,0,2.6015625,67.640625,2050580,128.240704,15.99008689,0.025222,10.752953,0,10.778175
155,ss[policy=difficulty],ss,2050580,3418,0.9375,1,0.9677419355,138.1555556,0.02784660608,1,1017,1038,,,,,0,0,0,0,0,,,,0.0002550497908,1,1038,1038,0,0,1038,1038,1038,1038,1038,1,1,0.9797687861,0.9797687861,0.02043866768,48,1,45,1,0.143921232,3,0.005106847819,0,0,7.456223768e-05,0.0001823874221,0.0002555374577,,,,40.86652344,73.12700195,113.9935254,2222.681641,5.546875,0,2228.228516,2.03125,2.837890625,48,5.46875,14.3984375,9.65625,1.27734375,19.8671875,2050580,149.584121,13.70854063,0.015016,24.120534,0.017162,24.152712
155,hybrid[head=topn-frontier reducer=streaming],hybrid,2050580,3418,0.9782608696,1,0.989010989,13.46666667,0.001594083467,1,1111,1111,600,511,600,511,405,195,195,9640,3940,0.4087136929,1,2.627688,0.0005515512684,0,,511,0,0,0,511,511,511,511,0,0,1,1,0,46,1,45,1,0.141184933,1,0.001983828965,0,0,1.841472635e-05,0.0005515512684,0.0005515512684,,,,32.64167969,39.00917969,71.65085938,1384.535156,390.46875,384.765625,1775.003906,5.703125,8.93359375,195,5.46875,76.2734375,127.9316406,1.38671875,127.9316406,2050580,188.258166,10.89238275,0.066477,8.807574,0.360078,9.234129
156,hl,hl,2036907,3395,1,0.475,0.6440677966,2769.7,0.3190254106,0.9305555556,48,,,,,,0,0,0,0,0,,,,,,,,,,0,,,,,,,,,,288,0.925,0,1,0,19,0.05495292618,269,0.1522902126,0.0007195942317,0.002892259272,0.01090673261,,,,5.857421875,19.86273437,25.72015625,566.4335938,0.484375,0,566.9179688,0.484375,0.80859375,19,5.078125,23.84960938,0,0.8916015625,28.92773438,2036907,132.963762,15.31926421,0.014009,1.683306,0,1.697315
156,hl#1,hl,2036907,3395,1,0.825,0.904109589,495.4,0.08786007948,0.8159722222,96,,,,,,0,0,0,0,0,,,,,,,,,,0,,,,,,,,,,576,1,0,1,0,33,0.1113369437,543,0.2866444074,0.0006909398457,0.003373846779,0.02016979666,,,,11.48828125,38.92623047,50.41451172,1129.326172,0.640625,0,1129.966797,0.640625,1.201171875,33,5.078125,29.94921875,0,1.708984375,35.02734375,2036907,158.355183,12.86290074,0.027084,3.303613,0,3.330697
156,hl#2,hl,2036907,3395,1,0.975,0.9873417722,28.75,0.005722280955,0.9716666667,192,,,,,,0,0,0,0,0,,,,,,,,,,0,,,,,,,,,,1152,1,0,1,0,39,0.1288738268,1113,0.441975505,0.0004955289339,0.003304457098,0.02017421512,,,,22.75,75.64232422,98.39232422,2254.423828,0.640625,0,2255.064453,0.640625,1.298828125,39,5.078125,41.1328125,0,2.267578125,46.2109375,2036907,156.534449,13.01251586,0.022626,9.3101,0,9.332726
156,hl#3,hl,2036907,3395,1,1,1,9.4,0.001749331194,0.9933333333,384,,,,,,0,0,0,0,0,,,,,,,,,,0,,,,,,,,,,2304,1,0,1,0,40,0.1308523168,2264,0.5642859492,0.0003017093168,0.003271307919,0.02020268967,,,,45.2734375,147.3227344,192.5961719,4504.457031,0.65625,0,4505.113281,0.65625,1.33203125,40,5.078125,62.328125,0,2.32421875,67.40625,2036907,137.386005,14.82616079,0.053778,10.699879,0,10.753657
156,ss[policy=difficulty],ss,2036907,3395,1,1,1,128.975,0.02534497827,1,1038,1038,,,,,0,0,0,0,0,,,,0.0002277963599,0,,1038,0,0,0,1038,1038,1038,1038,0,0,1,1,0,40,1,40,1,0.1333998067,0,0,0,0,6.331904206e-05,0,0.0002675625348,,,,42.9215625,72.91609375,115.8376563,2250.800781,5.109375,0,2255.910156,1.59375,2.26953125,40,5.46875,14.3984375,9.65625,1.12109375,19.8671875,2036907,156.956422,12.97753207,0.014683,23.765223,0.008985,23.788891
156,hybrid[head=topn-frontier reducer=streaming],hybrid,2036907,3395,1,1,1,10.325,0.002388657432,1,1111,1111,600,511,600,511,398,202,202,9640,4080,0.4232365145,1,1.520563,0.0001649559847,0,,511,0,0,0,511,511,511,511,0,0,1,1,0,40,1,40,1,0.1310698034,0,0,0,0,5.068959948e-06,0,0.0001649559847,,,,32.60304687,36.57482422,69.17787109,1381.81543,404.46875,398.4375,1786.28418,6.03125,9.393554688,202,5.46875,76.2734375,127.7705078,1.286132812,127.7705078,2036907,197.308731,10.32345092,0.076545,8.475646,0.351766,8.903957
157,hl,hl,2090159,3484,1,0.4545454545,0.625,2738.363636,0.3216506066,0.9513888889,48,,,,,,0,0,0,0,0,,,,,,,,,,0,,,,,,,,,,288,0.9090909091,0,1,0,20,0.06523714225,268,0.1523309949,0.0007554449207,0.003261857112,0.01014324748,,,,5.857421875,19.85642578,25.71384766,566.3955078,0.4375,0,566.8330078,0.4375,0.7705078125,20,5.078125,22.28710938,0,0.974609375,27.36523438,2090159,137.450553,15.20662489,0.003027,1.294309,0,1.297336
157,hl#1,hl,2090159,3484,1,0.8181818182,0.9,461.8409091,0.08990900384,0.8454861111,96,,,,,,0,0,0,0,0,,,,,,,,,,0,,,,,,,,,,576,1,0,1,0,36,0.1265233889,540,0.2816579983,0.0007086482416,0.00351453858,0.02042236978,,,,11.48828125,39.03959961,50.52788086,1129.417969,0.6875,0,1130.105469,0.6875,1.29296875,36,5.078125,29.32421875,0,1.87109375,34.40234375,2090159,160.04706,13.05965258,0.004982,2.405836,0,2.410818
157,hl#2,hl,2090159,3484,1,0.9772727273,0.9885057471,36.45454545,0.007241253944,0.9716666667,192,,,,,,0,0,0,0,0,,,,,,,,,,0,,,,,,,,,,1152,1,0,1,0,43,0.1451009229,1109,0.4311404061,0.000500209487,0.003374440068,0.02045155416,,,,22.75,76.36458984,99.11458984,2254.612305,0.765625,0,2255.37793,0.765625,1.487304688,43,5.078125,41.0546875,0,2.422851562,46.1328125,2090159,158.13662,13.21742554,0.012182,5.352909,0,5.365091
157,hl#3,hl,2090159,3484,1,1,1,9.318181818,0.001923077048,0.9883333333,384,,,,,,0,0,0,0,0,,,,,,,,,,0,,,,,,,,,,2304,1,0,1,0,44,0.1472840105,2260,0.5520503464,0.0003035305368,0.003347363874,0.02046207968,,,,45.2734375,147.6421484,192.9155859,4504.583008,0.71875,0,4505.301758,0.71875,1.458007812,44,5.078125,62.5625,0,2.543945312,67.640625,2090159,138.710145,15.06853734,0.018905,10.352866,0,10.371771
157,ss[policy=difficulty],ss,2090159,3484,0.8979591837,1,0.9462365591,150.1136364,0.0311308218,1,1038,995,,,,,0,0,0,0,0,,,,0.0002291691685,0,,995,1,0,0,995,995,995,995,0,0,1.04321608,1.04321608,-0.04230832657,49,1,44,1,0.1504268336,5,0.008473039611,0,0,7.083730209e-05,6.219622526e-05,0.0002817967437,,,,42.91214844,72.95445313,115.8666016,2244.572266,5.4375,0,2250.009766,1.921875,2.744140625,49,5.46875,14.3984375,9.65625,1.33203125,19.8671875,2090159,157.46905,13.27345913,0.015875,23.685934,0.01482,23.716629
157,hybrid[head=topn-frontier reducer=streaming],hybrid,2090159,3484,0.9565217391,1,0.9777777778,31.54545455,0.006898670065,1,1111,1111,600,511,600,511,394,206,206,9640,4160,0.4315352697,1,1.582746,0.0005554601349,0,,511,0,0,0,511,511,511,511,0,0,1,1,0,46,1,44,1,0.1479308512,2,0.003607859498,0,0,3.187816562e-05,0.0004011656529,0.0005554601349,,,,32.55503906,36.50476562,69.05980469,1380.22168,412.1875,406.25,1792.40918,5.9375,9.401367188,206,5.46875,76.5234375,128.2109375,1.357421875,128.2109375,2090159,200.402992,10.42977941,0.067594,8.629957,0.421078,9.118629
158,hl,hl,2085626,3477,1,0.641025641,0.78125,4775.051282,0.2887802722,0.9409722222,48,,,,,,0,0,0,0,0,,,,,,,,,,0,,,,,,,,,,288,0.9743589744,0,1,0,25,0.05892763132,263,0.1407865073,0.0006934518701,0.002357105253,0.008628584415,,,,5.857421875,19.84988281,25.70730469,566.7236328,0.671875,0,567.3955078,0.671875,1.098632812,25,5.078125,22.52148438,0,1.067382812,27.59960938,2085626,133.329834,15.64260554,0.002844,1.343537,0,1.346381
158,hl#1,hl,2085626,3477,1,0.9230769231,0.96,800.3333333,0.07480872797,0.8211805556,96,,,,,,0,0,0,0,0,,,,,,,,,,0,,,,,,,,,,576,1,0,1,0,36,0.144770443,540,0.2673988529,0.0007155716943,0.004021401195,0.04072494301,,,,11.48828125,38.95853516,50.44681641,1129.396484,0.65625,0,1130.052734,0.65625,1.271484375,36,5.078125,30.10546875,0,1.912109375,35.18359375,2085626,149.95155,13.90866583,0.007381,2.448045,0,2.455426
158,hl#2,hl,2085626,3477,1,1,1,33.61538462,0.006935974186,0.9683333333,192,,,,,,0,0,0,0,0,,,,,,,,,,0,,,,,,,,,,1152,1,0,1,0,39,0.1638251537,1113,0.4190065716,0.0005059303171,0.004200644967,0.04901789678,,,,22.75,75.1203125,97.8703125,2254.460938,0.671875,0,2255.132812,0.671875,1.3359375,39,5.078125,41.7578125,0,2.208984375,46.8359375,2085626,147.383414,14.15102245,0.009628,5.248588,0,5.258216
158,hl#3,hl,2085626,3477,0.975,1,0.9873417722,9.512820513,0.001899390408,0.99,384,,,,,,0,0,0,0,0,,,,,,,,,,0,,,,,,,,,,2304,1,0,1,0,40,0.165804895,2264,0.5345124198,0.0003039571679,0.004145122376,0.04903371937,,,,45.2734375,143.190127,188.4635645,4504.460938,0.65625,0,4505.117188,0.65625,1.3359375,40,5.078125,61.78125,0,2.328125,66.859375,2085626,131.218917,15.89424793,0.035664,9.937013,0,9.972677
158,ss[policy=difficulty],ss,2085626,3477,0.8666666667,1,0.9285714286,139.0769231,0.02719172243,1,995,995,,,,,0,0,0,0,0,,,,0.0002195983364,0,,995,0,0,0,995,995,995,995,0,0,1,1,0,45,1,39,1,0.1667216462,6,0.01050715708,0,0,7.485096135e-05,0.0001279392055,0.0002373388134,,,,39.07933594,71.27733398,110.3566699,2087.265625,5.3125,0,2092.578125,1.796875,2.5625,45,5.46875,14.3984375,9.65625,1.237304688,19.8671875,2085626,148.59174,14.03594843,0.013327,22.082525,0.008957,22.104809
158,hybrid[head=topn-frontier reducer=streaming],hybrid,2085626,3477,1,1,1,36.64102564,0.007795924402,1,1111,1067,600,511,600,467,393,207,207,9640,4180,0.4336099585,1,1.571469,0.0002972728572,0,,467,1,0,0,467,467,467,467,0,0,1.094218415,1.094218415,-0.09004033253,39,1,39,1,0.1648061541,0,0,0,0,1.756835868e-05,0,0.0002972728572,,,,32.1246875,36.33470703,68.45939453,1347.6875,414.1875,408.203125,1761.875,5.984375,9.4609375,207,5.46875,76.2734375,127.9121094,1.200195312,127.9121094,2085626,184.821562,11.28453833,0.065366,8.631828,0.381368,9.078562
159,hl,hl,2044401,3408,1,0.4166666667,0.5882352941,2375.4375,0.3406804496,0.9513888889,48,,,,,,0,0,0,0,0,,,,,,,,,,0,,,,,,,,,,288,0.9375,0,1,0,20,0.05317156468,268,0.1510623405,0.0007091455041,0.002658578234,0.008109954945,,,,5.857421875,19.86751953,25.72494141,566.4003906,0.4375,0,566.8378906,0.4375,0.775390625,20,5.078125,23.30273438,0,1.043945312,28.38085938,2044401,132.355859,15.44624481,0.002893,1.300368,0,1.303261
159,hl#1,hl,2044401,3408,1,0.75,0.8571428571,501.8333333,0.09833887039,0.8263888889,96,,,,,,0,0,0,0,0,,,,,,,,,,0,,,,,,,,,,576,1,0,1,0,36,0.108148059,540,0.2858803141,0.0006840770366,0.00300411275,0.01815054874,,,,11.48828125,39.14636719,50.63464844,1129.450195,0.71875,0,1130.168945,0.71875,1.325195312,36,5.078125,29.55859375,0,1.905273438,34.63671875,2044401,153.681127,13.30287616,0.004435,2.451647,0,2.456082
159,hl#2,hl,2044401,3408,1,0.9375,0.9677419355,38.02083333,0.007228314665,0.9666666667,192,,,,,,0,0,0,0,0,,,,,,,,,,0,,,,,,,,,,1152,1,0,1,0,45,0.1317344298,1107,0.434116888,0.0004911903801,0.002927431773,0.01811826545,,,,22.75,75.35458008,98.10458008,2254.618164,0.734375,0,2255.352539,0.734375,1.493164062,45,5.078125,42.5390625,0,2.602539062,47.6171875,2044401,153.571755,13.31235031,0.012557,5.715673,0,5.72823
159,hl#3,hl,2044401,3408,1,0.9791666667,0.9894736842,9.145833333,0.001995568613,0.995,384,,,,,,0,0,0,0,0,,,,,,,,,,0,,,,,,,,,,2304,1,0,1,0,47,0.1357160361,2257,0.556685797,0.000300521629,0.002887575237,0.01814614648,,,,45.2734375,145.7854102,191.0588477,4504.682617,0.765625,0,4505.448242,0.765625,1.557617188,47,5.078125,62.40625,0,2.713867188,67.484375,2044401,134.067326,15.24906225,0.020238,10.996944,0,11.017182
159,ss[policy=difficulty],ss,2044401,3408,0.8727272727,1,0.932038835,152.9791667,0.03331377273,1,995,1050,,,,,0,0,0,0,0,,,,0.0002636469068,1,1050,1050,0,1,1050,1050,1050,1050,1050,1,1,0.9476190476,0.9476190476,0.05380270599,55,1,48,1,0.1409674521,7,0.01196878695,0,0,8.361640135e-05,0.000143877281,0.000297397624,,,,40.47371094,71.52782227,112.0015332,2215.521484,5.53125,0,2221.052734,2.015625,2.943359375,55,5.46875,14.3984375,9.65625,1.567382812,19.8671875,2044401,152.812734,13.37847277,0.014204,23.341322,0.014398,23.369924
159,hybrid[head=topn-frontier reducer=streaming],hybrid,2044401,3408,0.96,1,0.9795918367,36.22916667,0.005420508229,1,1067,1067,600,467,600,467,388,212,212,9640,4280,0.4439834025,0,17.288519,0.0005087064622,0,,467,0,0,0,467,467,467,467,0,0,1,1,0,50,1,48,1,0.1382263069,2,0.003897474126,0,0,3.304635441e-05,0.0004008509094,0.0005087064622,,,,31.65027344,35.67242187,67.32269531,1312.925781,947.46875,941.40625,2260.394531,6.0625,9.60546875,212,5.46875,76.5234375,128.3916016,1.452148438,128.3916016,2044401,188.396307,10.85159806,0.060983,8.07149,0.360425,8.492898
160,hl,hl,2021051,3369,1,0.4210526316,0.5925925926,2334.763158,0.3049045068,0.9444444444,48,,,,,,0,0,0,0,0,,,,,,,,,,0,,,,,,,,,,288,1,0,1,0,16,0.06090296583,272,0.1588262741,0.0007629487496,0.003806435365,0.01336581808,,,,5.857421875,19.85728516,25.71470703,566.2392578,0.34375,0,566.5830078,0.34375,0.6142578125,16,5.078125,22.91210938,0,0.78515625,27.99023438,2021051,142.414818,14.19129714,0.003205,1.307052,0,1.310257
160,hl#1,hl,2021051,3369,1,0.7368421053,0.8484848485,395.0526316,0.08619463995,0.8368055556,96,,,,,,0,0,0,0,0,,,,,,,,,,0,,,,,,,,,,576,1,0,1,0,28,0.1104643079,548,0.2886216132,0.000692857502,0.003945153855,0.01812126463,,,,11.48828125,39.12306641,50.61134766,1129.094727,0.5,0,1129.594727,0.5,0.9697265625,28,5.078125,30.18359375,0,1.551757812,35.26171875,2021051,171.056683,11.81509523,0.007674,2.429768,0,2.437442
160,hl#2,hl,2021051,3369,1,0.9736842105,0.9866666667,33.13157895,0.006706125675,0.98,192,,,,,,0,0,0,0,0,,,,,,,,,,0,,,,,,,,,,1152,1,0,1,0,37,0.1312960435,1115,0.4364659774,0.0004928489764,0.003548541716,0.01813709798,,,,22.75,76.26147461,99.01147461,2254.356445,0.609375,0,2254.96582,0.609375,1.231445312,37,5.078125,41.5234375,0,2.153320312,46.6015625,2021051,166.15946,12.16332191,0.012148,5.440424,0,5.452572
160,hl#3,hl,2021051,3369,1,1,1,9.552631579,0.002069713725,0.9916666667,384,,,,,,0,0,0,0,0,,,,,,,,,,0,,,,,,,,,,2304,1,0,1,0,38,0.1333553681,2266,0.5584431071,0.0003002597548,0.003509351791,0.0181544157,,,,45.2734375,146.4055859,191.6790234,4504.387695,0.625,0,4505.012695,0.625,1.262695312,38,5.078125,61.9375,0,2.208007812,67.015625,2021051,143.649384,14.06933287,0.02026,10.329319,0,10.349579
160,ss[policy=difficulty],ss,2021051,3369,0.95,1,0.9743589744,140.6052632,0.03041015034,1,1050,1050,,,,,0,0,0,0,0,,,,0.0002206772615,0,,1050,0,0,0,1050,1050,1050,1050,0,0,1,1,0,40,1,38,1,0.1360500057,2,0.003516982006,0,0,7.71257133e-05,0.0002206772615,0.0002206772615,,,,43.22050781,91.26574219,134.48625,2254.327148,5.171875,0,2259.499023,1.65625,2.327148438,40,5.46875,14.3984375,9.65625,1.119140625,19.8671875,2021051,162.566385,12.4321581,0.015384,23.953967,0.008898,23.978249
160,hybrid[head=topn-frontier reducer=streaming],hybrid,2021051,3369,1,1,1,64.02631579,0.007302568803,1,1067,1161,600,467,600,561,383,217,217,9640,4380,0.4543568465,1,1.742281,0.000800573563,1,561,561,0,1,561,561,561,561,561,1,1,0.8324420677,0.8324420677,0.1833916479,38,1,38,1,0.1330862012,0,0,0,0,3.269533889e-05,0,0.000800573563,,,,31.368125,35.23542969,66.60355469,1290.510742,433.9375,427.734375,1724.448242,6.203125,9.791992188,217,5.46875,76.2734375,127.8779297,1.172851562,127.8779297,2021051,201.14305,10.04782914,0.061433,7.994696,0.376383,8.432512
161,hl,hl,2064468,3441,1,0.4615384615,0.6315789474,2409.025641,0.2887246566,0.9444444444,48,,,,,,0,0,0,0,0,,,,,,,,,,0,,,,,,,,,,288,0.9487179487,0,1,0,18,0.07097227954,270,0.1538900094,0.0007807718367,0.003942904419,0.02124663594,,,,5.857421875,19.84646484,25.70388672,566.3330078,0.40625,0,566.7392578,0.40625,0.7080078125,18,5.078125,22.91210938,0,0.9306640625,27.99023438,2064468,128.808981,16.0273607,0.003344,1.328943,0,1.332287
161,hl#1,hl,2064468,3441,1,0.8974358974,0.9459459459,302.7179487,0.0635197563,0.8385416667,96,,,,,,0,0,0,0,0,,,,,,,,,,0,,,,,,,,,,576,1,0,1,0,35,0.1291160725,541,0.2780842328,0.0007069449746,0.003689030643,0.02144959379,,,,11.48828125,38.94786133,50.43614258,1129.354492,0.640625,0,1129.995117,0.640625,1.229492188,35,5.078125,29.87109375,0,1.845703125,34.94921875,2064468,149.635642,13.79663276,0.010796,2.346778,0,2.357574
161,hl#2,hl,2064468,3441,1,1,1,26.84615385,0.006039104366,0.9683333333,192,,,,,,0,0,0,0,0,,,,,,,,,,0,,,,,,,,,,1152,1,0,1,0,39,0.1405267604,1113,0.4322580926,0.0004972090738,0.003603250267,0.02150432944,,,,22.75,75.61984375,98.36984375,2254.417969,0.640625,0,2255.058594,0.640625,1.29296875,39,5.078125,40.1953125,0,2.26171875,45.2734375,2064468,148.700054,13.88343813,0.010571,5.178317,0,5.188888
161,hl#3,hl,2064468,3441,1,1,1,11.05128205,0.002260376441,0.9916666667,384,,,,,,0,0,0,0,0,,,,,,,,,,0,,,,,,,,,,2304,1,0,1,0,39,0.1408028606,2265,0.5544261282,0.000301748693,0.003610329759,0.02150190751,,,,45.2734375,145.9275488,191.2009863,4504.417969,0.640625,0,4505.058594,0.640625,1.29296875,39,5.078125,61.3125,0,2.26171875,66.390625,2064468,130.877009,15.77410743,0.020092,10.024749,0,10.044841
161,ss[policy=difficulty],ss,2064468,3441,0.9069767442,1,0.9512195122,137.2051282,0.02817467464,1,1050,1050,,,,,0,0,0,0,0,,,,0.000243646305,0,,1050,0,0,0,1050,1050,1050,1050,0,0,1,1,0,43,1,39,1,0.1434563287,4,0.007027476328,0,0,7.421248589e-05,0.0001497964609,0.0002794908906,,,,43.21855469,70.87926758,114.0978223,2238.047852,5.25,0,2243.297852,1.734375,2.454101562,43,5.46875,14.3984375,9.65625,1.192382812,19.8671875,2064468,149.764334,13.78477736,0.014507,23.615364,0.009767,23.639638
161,hybrid[head=topn-frontier reducer=streaming],hybrid,2064468,3441,0.975,1,0.9873417722,22.25641026,0.005490616938,1,1161,1161,600,561,600,561,387,213,213,9640,4300,0.4460580913,1,1.599265,0.0004340101179,0,,561,0,0,0,561,561,561,561,0,0,1,1,0,40,1,39,1,0.141284825,1,0.001749603288,0,0,2.136143549e-05,0.0004340101179,0.0004340101179,,,,34.66027344,37.3984375,72.05871094,1456.798828,426.03125,419.921875,1882.830078,6.109375,9.673828125,213,5.46875,76.5234375,128.0791016,1.314453125,128.0791016,2064468,196.20447,10.52202328,0.103586,9.165531,0.36143,9.630547
162,hl,hl,2059878,3434,1,0.4666666667,0.6363636364,2514.977778,0.3310851632,0.9340277778,48,,,,,,0,0,0,0,0,,,,,,,,,,0,,,,,,,,,,288,0.8888888889,0,1,0,21,0.06286731544,267,0.1444643809,0.0007199017234,0.002993681688,0.01024478149,,,,5.857421875,19.86380859,25.72123047,566.5595703,0.578125,0,567.1376953,0.578125,0.9345703125,21,5.078125,22.36523438,0,0.96875,27.44335938,2059878,140.169672,14.69560405,0.002631,1.346064,0,1.348695
162,hl#1,hl,2059878,3434,1,0.8444444444,0.9156626506,569.4666667,0.1000269806,0.8350694444,96,,,,,,0,0,0,0,0,,,,,,,,,,0,,,,,,,,,,576,1,0,1,0,38,0.1209527943,538,0.2701402704,0.0006789810152,0.003182968271,0.01533051957,,,,11.48828125,39.69,51.17828125,1129.516602,0.75,0,1130.266602,0.75,1.391601562,38,5.078125,30.33984375,0,1.955078125,35.41796875,2059878,162.067969,12.70996368,0.010474,2.563645,0,2.574119
162,hl#2,hl,2059878,3434,1,0.9777777778,0.9887640449,133.8444444,0.02116007174,0.9733333333,192,,,,,,0,0,0,0,0,,,,,,,,,,0,,,,,,,,,,1152,1,0,1,0,44,0.1390524099,1108,0.4202336255,0.0004854913502,0.003160282043,0.01543004003,,,,22.75,77.59509766,100.3450977,2254.584961,0.71875,0,2255.303711,0.71875,1.459960938,44,5.078125,43.6328125,0,2.545898438,48.7109375,2059878,162.509537,12.6754284,0.013463,5.887132,0,5.900595
162,hl#3,hl,2059878,3434,1,1,1,9.444444444,0.001802292216,0.995,384,,,,,,0,0,0,0,0,,,,,,,,,,0,,,,,,,,,,2304,1,0,1,0,45,0.142548248,2259,0.5430753666,0.0002975796938,0.003167738845,0.01544072028,,,,45.2734375,149.458125,194.7315625,4504.616211,0.734375,0,4505.350586,0.734375,1.491210938,45,5.078125,62.953125,0,2.600585938,68.03125,2059878,143.175411,14.38709333,0.020193,11.053928,0,11.074121
162,ss[policy=difficulty],ss,2059878,3434,0.9574468085,1,0.9782608696,130.4666667,0.02488403571,1,1050,1050,,,,,0,0,0,0,0,,,,0.0002480729441,0,,1050,0,0,0,1050,1050,1050,1050,0,0,1,1,0,47,1,45,1,0.1454290011,2,0.003532248026,0,0,6.978310407e-05,0.0002148185475,0.0002810846079,,,,43.22257812,74.31238281,117.5349609,2302.648438,5.28125,0,2307.929688,1.765625,2.5546875,47,5.46875,14.3984375,9.65625,1.317382812,19.8671875,2059878,161.279044,12.77213672,0.017479,24.498868,0.01298,24.529327
162,hybrid[head=topn-frontier reducer=streaming],hybrid,2059878,3434,0.9782608696,1,0.989010989,36.6,0.006940815496,1,1161,1161,600,561,600,561,400,200,200,9640,4040,0.4190871369,1,1.561469,0.0004024510189,0,,561,0,0,0,561,561,561,561,0,0,1,1,0,46,1,45,1,0.1433783943,1,0.001687964044,0,0,2.613071597e-05,0.0004024510189,0.0004024510189,,,,34.66378906,38.4009668,73.06475586,1487.806641,400.34375,394.53125,1888.150391,5.8125,9.150390625,200,5.46875,76.5234375,128.1376953,1.329101562,128.1376953,2059878,206.932155,9.954364028,0.081201,9.542767,0.373708,9.997676
163,hl,hl,1574114,2624,1,0.2857142857,0.4444444444,1879.071429,0.3607640511,0.9375,48,,,,,,0,0,0,0,0,,,,,,,,,,0,,,,,,,,,,288,0.9523809524,0,1,0,12,0.04013877013,276,0.1577242817,0.0006870244856,0.003344897511,0.01030103283,,,,5.857421875,19.83564453,25.69306641,566.1757812,0.34375,0,566.5195312,0.34375,0.55078125,12,5.078125,23.84960938,0,0.5,28.92773438,1574114,113.50607,13.86810415,0.002664,1.344794,0,1.347458
163,hl#1,hl,1574114,2624,1,0.7619047619,0.8648648649,392.1904762,0.1040290895,0.8385416667,96,,,,,,0,0,0,0,0,,,,,,,,,,0,,,,,,,,,,576,1,0,1,0,32,0.09998704033,544,0.2827533457,0.0006644798368,0.00312459501,0.01433250705,,,,11.48828125,39.3677832,50.85606445,1129.261719,0.59375,0,1129.855469,0.59375,1.13671875,32,5.078125,30.88671875,0,1.584960938,35.96484375,1574114,132.575326,11.87335568,0.004741,2.495119,0,2.49986
163,hl#2,hl,1574114,2624,1,0.9761904762,0.9879518072,31.21428571,0.008218391727,0.975,192,,,,,,0,0,0,0,0,,,,,,,,,,0,,,,,,,,,,1152,1,0,1,0,41,0.1226181839,1111,0.4315564184,0.0004810543423,0.002990687413,0.0144640096,,,,22.75,76.54141602,99.29141602,2254.491211,0.671875,0,2255.163086,0.671875,1.366210938,41,5.078125,43.0859375,0,2.381835938,48.1640625,1574114,132.020009,11.92329869,0.012188,5.809377,0,5.821565
163,hl#3,hl,1574114,2624,1,0.9761904762,0.9879518072,5.5,0.001393154548,0.9883333333,384,,,,,,0,0,0,0,0,,,,,,,,,,0,,,,,,,,,,2304,1,0,1,0,41,0.1232159805,2263,0.5582518166,0.0002957759536,0.003005267818,0.01450911433,,,,45.2734375,146.9217871,192.1952246,4504.491211,0.671875,0,4505.163086,0.671875,1.366210938,41,5.078125,62.5625,0,2.381835938,67.640625,1574114,109.997268,14.31048269,0.020366,10.673024,0,10.69339
163,ss[policy=difficulty],ss,1574114,2624,0.976744186,1,0.9882352941,119.2142857,0.03266421791,1,1050,948,,,,,0,0,0,0,0,,,,0.0002013831273,0,,948,1,0,0,948,948,948,948,0,0,1.107594937,1.107594937,-0.1021909409,43,1,42,1,0.1280777631,1,0.001679039765,0,0,7.765165556e-05,0.000158184223,0.0002496642556,,,,43.16449219,93.04424805,136.2087402,2317.370117,5.25,0,2322.620117,1.734375,2.463867188,43,5.46875,14.3984375,9.65625,1.19140625,19.8671875,1574114,122.7709,12.82155625,0.014366,25.029943,0.010053,25.054362
163,hybrid[head=topn-frontier reducer=streaming],hybrid,1574114,2624,1,1,1,32.4047619,0.01085388139,1,1161,1161,600,561,600,561,405,195,195,9640,3940,0.4087136929,1,1.546257,0.0004548590509,0,,561,0,0,0,561,561,561,561,0,0,1,1,0,42,1,42,1,0.1257615395,0,0,0,0,2.058603246e-05,0,0.0004548590509,,,,34.58699219,41.78,76.36699219,1489.129883,390.5625,384.765625,1879.692383,5.796875,9.043945312,195,5.46875,76.2734375,127.8242188,1.234375,127.8242188,1574114,166.081939,9.477936069,0.085955,9.496662,0.363314,9.945931
164,hl,hl,2055105,3426,1,0.3333333333,0.5,2827.5,0.3612572462,0.9131944444,48,,,,,,0,0,0,0,0,,,,,,,,,,0,,,,,,,,,,288,0.9523809524,0,1,0,14,0.03709932096,274,0.1640577975,0.000698462217,0.002649951497,0.007706175597,,,,5.857421875,19.72796875,25.58539062,566.2060547,0.34375,0,566.5498047,0.34375,0.5810546875,14,5.078125,25.25585938,0,0.7412109375,30.33398438,2055105,127.223943,16.15344527,0.003488,1.331272,0,1.33476
164,hl#1,hl,2055105,3426,1,0.7380952381,0.8493150685,515.0952381,0.1113115688,0.8142361111,96,,,,,,0,0,0,0,0,,,,,,,,,,0,,,,,,,,,,576,1,0,1,0,31,0.1008965479,545,0.2917281599,0.0006816401176,0.00325472735,0.01682103834,,,,11.48828125,38.18549805,49.6737793,1129.220703,0.578125,0,1129.798828,0.578125,1.095703125,31,5.078125,30.57421875,0,1.654296875,35.65234375,2055105,149.071508,13.78603482,0.007031,2.595337,0,2.602368
164,hl#2,hl,2055105,3426,1,0.9761904762,0.9879518072,64.45238095,0.0147505953,0.9716666667,192,,,,,,0,0,0,0,0,,,,,,,,,,0,,,,,,,,,,1152,1,0,1,0,41,0.1252729179,1111,0.4406091173,0.0004912170445,0.003055437023,0.01685899261,,,,22.75,77.20737305,99.95737305,2254.480469,0.671875,0,2255.152344,0.671875,1.35546875,41,5.078125,42.4609375,0,2.37109375,47.5390625,2055105,148.91176,13.80082406,0.010814,5.781807,0,5.792621
164,hl#3,hl,2055105,3426,1,0.9761904762,0.9879518072,17.4047619,0.004054944863,0.995,384,,,,,,0,0,0,0,0,,,,,,,,,,0,,,,,,,,,,2304,1,0,1,0,41,0.1259857769,2263,0.5669564329,0.0003007561674,0.003072823826,0.01684293503,,,,45.2734375,147.881543,193.1549805,4504.511719,0.703125,0,4505.214844,0.703125,1.38671875,41,5.078125,62.40625,0,2.338867188,67.484375,2055105,128.550429,15.98676112,0.020555,11.215769,0,11.236324
164,ss[policy=difficulty],ss,2055105,3426,0.9545454545,1,0.976744186,178.0238095,0.03812883698,1,948,948,,,,,0,0,0,0,0,,,,0.0002272389975,0,,948,0,0,0,948,948,948,948,0,0,1,1,0,44,1,42,1,0.1314166429,2,0.003518555013,0,0,8.859312873e-05,0.000129920369,0.0002613005175,,,,38.95832031,71.60845703,110.5667773,2090.201172,5.140625,0,2095.341797,1.625,2.357421875,44,5.46875,14.3984375,9.65625,1.213867188,19.8671875,2055105,142.924538,14.3789515,0.014007,22.871045,0.016589,22.901641
164,hybrid[head=topn-frontier reducer=streaming],hybrid,2055105,3426,0.9333333333,1,0.9655172414,36.4047619,0.007689037702,1,1161,1090,600,561,600,490,393,207,207,9640,4180,0.4336099585,1,2.657621,0.00036543145,0,,490,1,0,0,490,490,490,490,0,0,1.144897959,1.144897959,-0.1353155144,45,1,42,1,0.1285223869,3,0.005179784001,0,0,3.269905917e-05,0.0002424855827,0.00036543145,,,,34.67964844,39.76810547,74.44775391,1477.235352,414.3125,408.203125,1891.547852,6.109375,9.586914062,207,5.46875,77.0234375,128.7353516,1.334960938,128.7353516,2055105,186.718561,11.00643122,0.090487,9.590008,0.436991,10.117486
165,hl,hl,2034529,3391,1,0.6571428571,0.7931034483,2403.714286,0.2744230408,0.90625,48,,,,,,0,0,0,0,0,,,,,,,,,,0,,,,,,,,,,288,0.9714285714,0,1,0,23,0.06397991869,265,0.1486265371,0.0007382168606,0.002781735595,0.01208240335,,,,5.857421875,19.79585937,25.65328125,566.5654297,0.546875,0,567.1123047,0.546875,0.9404296875,23,5.078125,22.99023438,0,1.149414062,28.06835938,2034529,126.841068,16.03998636,0.002631,1.30844,0,1.311071
165,hl#1,hl,2034529,3391,1,0.8285714286,0.90625,740.9142857,0.122746177,0.8194444444,96,,,,,,0,0,0,0,0,,,,,,,,,,0,,,,,,,,,,576,1,0,1,0,29,0.09797795952,547,0.2897343808,0.0006731117019,0.003378550328,0.01474395302,,,,11.48828125,38.75320312,50.24148437,1129.165039,0.546875,0,1129.711914,0.546875,1.040039062,29,5.078125,31.27734375,0,1.616210938,36.35546875,2034529,148.907446,13.66304409,0.007595,2.559364,0,2.566959
165,hl#2,hl,2034529,3391,1,0.9428571429,0.9705882353,66.77142857,0.01606327125,0.9633333333,192,,,,,,0,0,0,0,0,,,,,,,,,,0,,,,,,,,,,1152,1,0,1,0,33,0.1136204006,1119,0.4468621484,0.0004865299905,0.003443042442,0.01705603607,,,,22.75,75.19155273,97.94155273,2254.262695,0.578125,0,2254.84082,0.578125,1.137695312,33,5.078125,42.1484375,0,1.872070312,47.2265625,2034529,150.523299,13.51637264,0.008691,5.678922,0,5.687613
165,hl#3,hl,2034529,3391,1,1,1,12.85714286,0.002619728474,0.995,384,,,,,,0,0,0,0,0,,,,,,,,,,0,,,,,,,,,,2304,1,0,1,0,35,0.1176547496,2269,0.5689380687,0.0002980003552,0.003361564274,0.01706291726,,,,45.2734375,146.4520898,191.7255273,4504.293945,0.578125,0,4504.87207,0.578125,1.168945312,35,5.078125,62.484375,0,2.043945312,67.5625,2034529,127.990587,15.89592678,0.019842,10.824199,0,10.844041
165,ss[policy=difficulty],ss,2034529,3391,0.875,1,0.9333333333,169.3142857,0.03573239506,1,948,996,,,,,0,0,0,0,0,,,,0.0002590280109,1,983,996,0,1,983,996,996,996,996,1,1,0.9518072289,0.9518072289,0.04939275533,40,1,35,1,0.1206264447,5,0.008654582953,0,0,9.096700022e-05,0.0001451933101,0.0002678752674,,,,39.12019531,70.47581055,109.5960059,2087.148438,5.171875,0,2092.320312,1.65625,2.328125,40,5.46875,14.3984375,9.65625,1.153320312,19.8671875,2034529,143.665014,14.16161766,0.014471,21.888633,0.014531,21.917635
165,hybrid[head=topn-frontier reducer=streaming],hybrid,2034529,3391,0.9459459459,1,0.9722222222,0,0,1,1090,1090,600,490,600,490,387,213,213,9640,4300,0.4460580913,1,1.697446,0.0005195305646,0,,490,0,0,0,490,490,490,490,0,0,1,1,0,37,1,35,1,0.1177137313,2,0.003484836048,0,0,2.735210393e-05,0.0005060139226,0.0005195305646,,,,32.12347656,36.95441406,69.07789063,1338.373047,425.96875,419.921875,1764.341797,6.046875,9.583984375,213,5.46875,76.2734375,127.8144531,1.181640625,127.8144531,2034529,182.192523,11.16691819,0.072392,8.422133,0.367341,8.861866
166,hl,hl,2047878,3414,1,0.5,0.6666666667,3529.763158,0.3754133287,0.9201388889,48,,,,,,0,0,0,0,0,,,,,,,,,,0,,,,,,,,,,288,0.9473684211,0,1,0,19,0.04511596882,269,0.1487422591,0.0006731188468,0.002374524675,0.006235234716,,,,5.857421875,19.82825195,25.68567383,566.4072266,0.453125,0,566.8603516,0.453125,0.7822265625,19,5.078125,22.75585938,0,0.8603515625,27.83398438,2047878,130.074697,15.74386139,0.003407,1.282896,0,1.286303
166,hl#1,hl,2047878,3414,1,0.8421052632,0.9142857143,905.0526316,0.1208843503,0.8142361111,96,,,,,,0,0,0,0,0,,,,,,,,,,0,,,,,,,,,,576,1,0,1,0,32,0.1055111681,544,0.2787153336,0.0006670598989,0.003297224005,0.01462587127,,,,11.48828125,38.89188477,50.38016602,1129.265625,0.59375,0,1129.859375,0.59375,1.140625,32,5.078125,29.48046875,0,1.556640625,34.55859375,2047878,150.781557,13.5817539,0.007781,2.385609,0,2.39339
166,hl#2,hl,2047878,3414,1,0.9736842105,0.9866666667,37.13157895,0.006651764899,0.9716666667,192,,,,,,0,0,0,0,0,,,,,,,,,,0,,,,,,,,,,1152,1,0,1,0,37,0.1271525941,1115,0.4370148026,0.000489728643,0.003436556596,0.01732329758,,,,22.75,76.2184082,98.9684082,2254.393555,0.640625,0,2255.03418,0.640625,1.268554688,37,5.078125,40.8984375,0,2.127929688,45.9765625,2047878,149.506918,13.69754676,0.009509,5.289487,0,5.298996
166,hl#3,hl,2047878,3414,1,1,1,11.23684211,0.001940639403,0.9883333333,384,,,,,,0,0,0,0,0,,,,,,,,,,0,,,,,,,,,,2304,1,0,1,0,38,0.129383684,2266,0.558695391,0.0002986454319,0.003404833789,0.01738531299,,,,45.2734375,147.7206836,192.9941211,4504.393555,0.625,0,4505.018555,0.625,1.268554688,38,5.078125,61.9375,0,2.213867188,67.015625,2047878,130.791026,15.65763388,0.019073,10.272445,0,10.291518
166,ss[policy=difficulty],ss,2047878,3414,0.9268292683,1,0.9620253165,178.5789474,0.03219909037,1,996,1055,,,,,0,0,0,0,0,,,,0.0002646642036,1,1055,1055,0,0,1055,1055,1055,1055,1055,1,1,0.9440758294,0.9440758294,0.05754878833,41,1,38,1,0.1326773372,3,0.005311839865,0,0,9.183807372e-05,0.0001505623545,0.0003037290307,,,,40.25234375,71.29923828,111.551582,2173.356445,5.25,0,2178.606445,1.734375,2.426757812,41,5.46875,14.3984375,9.65625,1.112304688,19.8671875,2047878,151.121458,13.55120594,0.011829,22.959402,0.014258,22.985489
166,hybrid[head=topn-frontier reducer=streaming],hybrid,2047878,3414,0.9047619048,1,0.95,61.31578947,0.01228165107,1,1090,1154,600,490,600,554,377,223,223,9640,4500,0.4668049793,1,1.821892,0.0007534628528,1,554,554,0,1,554,554,554,554,554,1,1,0.8844765343,0.8844765343,0.1227592956,42,1,38,1,0.1305014264,4,0.007364208219,0,0,7.271173473e-05,0.0004790324424,0.0007534628528,,,,32.07546875,35.87453125,67.95,1340.647461,445.65625,439.453125,1786.303711,6.203125,9.952148438,223,5.46875,76.5234375,128.1767578,1.331054688,128.1767578,2047878,192.075708,10.66182716,0.07971,8.288743,0.405119,8.773572
167,hl,hl,2070849,3452,1,0.3255813953,0.4912280702,2830.27907,0.3725202126,0.9444444444,48,,,,,,0,0,0,0,0,,,,,,,,,,0,,,,,,,,,,288,0.976744186,0,1,0,14,0.04659200164,274,0.1591936447,0.0007145334943,0.003328000117,0.01169858353,,,,5.857421875,19.86607422,25.72349609,566.2089844,0.34375,0,566.5527344,0.34375,0.583984375,14,5.078125,23.06835938,0,0.7099609375,28.14648438,2070849,137.44182,15.0670953,0.003108,1.263233,0,1.266341
167,hl#1,hl,2070849,3452,1,0.6976744186,0.8219178082,908.3255814,0.1466692398,0.8107638889,96,,,,,,0,0,0,0,0,,,,,,,,,,0,,,,,,,,,,576,1,0,1,0,30,0.1003298647,546,0.2857465706,0.0006702715891,0.003344328824,0.01870778603,,,,11.48828125,38.61617187,50.10445312,1129.228516,0.59375,0,1129.822266,0.59375,1.103515625,30,5.078125,29.63671875,0,1.447265625,34.71484375,2070849,158.574082,13.05918958,0.008911,2.356398,0,2.365309
167,hl#2,hl,2070849,3452,1,0.976744186,0.9882352941,41.34883721,0.007962114771,0.97,192,,,,,,0,0,0,0,0,,,,,,,,,,0,,,,,,,,,,1152,1,0,1,0,42,0.1343516596,1110,0.4326143529,0.000492157997,0.003198849039,0.01895599341,,,,22.75,75.16783203,97.91783203,2254.523438,0.6875,0,2255.210938,0.6875,1.3984375,42,5.078125,41.8359375,0,2.4375,46.9140625,2070849,157.258957,13.16840096,0.011881,5.318414,0,5.330295
167,hl#3,hl,2070849,3452,1,1,1,14.90697674,0.002716359562,0.995,384,,,,,,0,0,0,0,0,,,,,,,,,,0,,,,,,,,,,2304,1,0,1,0,43,0.1365608985,2261,0.5544653425,0.0002999245837,0.003175834848,0.0189719289,,,,45.2734375,142.2069531,187.4803906,4504.556641,0.703125,0,4505.259766,0.703125,1.431640625,43,5.078125,62.09375,0,2.494140625,67.171875,2070849,136.714918,15.14720581,0.019318,10.221436,0,10.240754
167,ss[policy=difficulty],ss,2070849,3452,0.9347826087,1,0.9662921348,191.3488372,0.03907840696,1,1055,1055,,,,,0,0,0,0,0,,,,0.0002390323969,0,,1055,0,0,0,1055,1055,1055,1055,0,0,1,1,0,46,1,43,1,0.1405655362,3,0.00537122697,0,0,9.760751981e-05,0.0001722320974,0.0002723520643,,,,43.35511719,72.35055664,115.7056738,2295.833008,5.296875,0,2301.129883,1.78125,2.559570312,46,5.46875,14.3984375,9.65625,1.294921875,19.8671875,2070849,156.200806,13.25760765,0.015092,24.136262,0.009095,24.160449
167,hybrid[head=topn-frontier reducer=streaming],hybrid,2070849,3452,1,1,1,57.72093023,0.01461909096,1,1154,1154,600,554,600,554,384,216,216,9640,4360,0.4522821577,1,1.617703,0.0004162543961,0,,554,0,0,0,554,554,554,554,0,0,1,1,0,43,1,43,1,0.1377908288,0,0,0,0,2.787307536e-05,0,0.0004162543961,,,,34.49207031,36.94011719,71.4321875,1467.901367,431.96875,425.78125,1899.870117,6.1875,9.799804688,216,5.46875,76.2734375,127.9902344,1.352539062,127.9902344,2070849,204.830966,10.11003873,0.071471,9.139828,0.365636,9.576935
168,hl,hl,2074378,3458,1,0.5238095238,0.6875,3273.571429,0.3559476844,0.9305555556,48,,,,,,0,0,0,0,0,,,,,,,,,,0,,,,,,,,,,288,0.8571428571,0,1,0,22,0.05873085812,266,0.1427502606,0.0006995872176,0.00266958446,0.01047687548,,,,5.857421875,19.93583984,25.79326172,566.5273438,0.53125,0,567.0585938,0.53125,0.90234375,22,5.078125,23.06835938,0,0.9912109375,28.14648438,2074378,135.660699,15.29092814,0.004385,1.305225,0,1.30961
168,hl#1,hl,2074378,3458,1,0.8095238095,0.8947368421,1139.880952,0.1554581788,0.8159722222,96,,,,,,0,0,0,0,0,,,,,,,,,,0,,,,,,,,,,576,1,0,1,0,34,0.1117443397,542,0.2754551003,0.00067222125,0.003286598228,0.02006191736,,,,11.48828125,39.10722656,50.59550781,1129.320312,0.625,0,1129.945312,0.625,1.1953125,34,5.078125,30.73046875,0,1.728515625,35.80859375,2074378,156.133986,13.28588383,0.004393,2.487777,0,2.49217
168,hl#2,hl,2074378,3458,0.976744186,1,0.9882352941,99.0952381,0.01259898608,0.97,192,,,,,,0,0,0,0,0,,,,,,,,,,0,,,,,,,,,,1152,1,0,1,0,43,0.1425969616,1109,0.4294868148,0.0004966005004,0.003316208409,0.02014483378,,,,22.75,77.2950293,100.0450293,2254.575195,0.734375,0,2255.30957,0.734375,1.450195312,43,5.078125,42.3828125,0,2.450195312,47.4609375,2074378,154.753891,13.40436733,0.008726,5.557435,0,5.566161
168,hl#3,hl,2074378,3458,1,1,1,9.095238095,0.001418165088,0.9866666667,384,,,,,,0,0,0,0,0,,,,,,,,,,0,,,,,,,,,,2304,1,0,1,0,42,0.1427883443,2262,0.5510567505,0.0003011480446,0.003399722483,0.0201356744,,,,45.2734375,150.9930371,196.2664746,4504.512695,0.6875,0,4505.200195,0.6875,1.387695312,42,5.078125,61.625,0,2.426757812,66.703125,2074378,136.036497,15.24868727,0.016264,10.600735,0,10.616999
168,ss[policy=difficulty],ss,2074378,3458,0.84,1,0.9130434783,147.8571429,0.02547292174,1,1055,988,,,,,0,0,0,0,0,,,,0.0002178966418,0,,988,1,0,0,988,988,988,988,0,0,1.067813765,1.067813765,-0.06561334816,50,1,42,1,0.1458051522,8,0.01396900661,0,0,8.473865419e-05,0.0001554080307,0.0002468209748,,,,43.34667969,73.89728516,117.2439648,2308.541992,5.484375,0,2314.026367,1.96875,2.799804688,50,5.46875,14.3984375,9.65625,1.357421875,19.8671875,2074378,153.088585,13.55018077,0.014689,24.888396,0.009065,24.91215
168,hybrid[head=topn-frontier reducer=streaming],hybrid,2074378,3458,0.9545454545,1,0.976744186,65.11904762,0.00822818488,1,1154,1154,600,554,600,554,401,199,199,9640,4020,0.4170124481,1,1.520848,0.0004651996888,0,,554,0,0,0,554,554,554,554,0,0,1,1,0,44,1,42,1,0.1441299512,2,0.003687370383,0,0,4.126099924e-05,0.0002485082275,0.0004651996888,,,,34.49027344,38.32243164,72.81270508,1473.301758,398.3125,392.578125,1871.614258,5.734375,9.059570312,199,5.46875,77.0234375,128.7158203,1.377929688,128.7158203,2074378,198.689672,10.44029103,0.083732,9.237614,0.348224,9.66957
169,hl,hl,2033789,3390,1,0.4444444444,0.6153846154,2937,0.3330773919,0.9305555556,48,,,,,,0,0,0,0,0,,,,,,,,,,0,,,,,,,,,,288,0.9444444444,0,1,0,16,0.0515397615,272,0.1512157849,0.000704012314,0.003221235094,0.01253866552,,,,5.857421875,19.8571875,25.71460937,566.3369141,0.4375,0,566.7744141,0.4375,0.7119140625,16,5.078125,22.91210938,0,0.7548828125,27.99023438,2033789,137.129562,14.83114925,0.009345,1.247463,0,1.256808
169,hl#1,hl,2033789,3390,1,0.7222222222,0.8387096774,616.0555556,0.106792433,0.8211805556,96,,,,,,0,0,0,0,0,,,,,,,,,,0,,,,,,,,,,576,1,0,1,0,26,0.09869804586,550,0.2931085771,0.0006802198316,0.003796078687,0.0184394743,,,,11.48828125,38.92967773,50.41795898,1129.098633,0.53125,0,1129.629883,0.53125,0.9736328125,26,5.078125,29.63671875,0,1.444335938,34.71484375,2033789,161.1043,12.62405162,0.00454,2.315375,0,2.319915
169,hl#2,hl,2033789,3390,1,0.8888888889,0.9411764706,66.19444444,0.01456532734,0.97,192,,,,,,0,0,0,0,0,,,,,,,,,,0,,,,,,,,,,1152,1,0,1,0,32,0.1159771245,1120,0.4517169677,0.0004927900106,0.00362428514,0.02115312847,,,,22.75,76.69567383,99.44567383,2254.230469,0.5625,0,2254.792969,0.5625,1.10546875,32,5.078125,41.7578125,0,1.8125,46.8359375,2033789,161.783548,12.57104956,0.00886,5.233702,0,5.242562
169,hl#3,hl,2033789,3390,1,0.9444444444,0.9714285714,21.11111111,0.005083024126,0.995,384,,,,,,0,0,0,0,0,,,,,,,,,,0,,,,,,,,,,2304,1,0,1,0,34,0.1197056332,2270,0.5718498822,0.0003001543035,0.003520753917,0.02117574635,,,,45.2734375,149.6411719,194.9146094,4504.261719,0.5625,0,4504.824219,0.5625,1.13671875,34,5.078125,62.015625,0,1.98828125,67.09375,2033789,141.676472,14.35516407,0.020187,10.226636,0,10.246823
169,ss[policy=difficulty],ss,2033789,3390,0.9230769231,1,0.96,195.8055556,0.04322805062,1,988,1073,,,,,0,0,0,0,0,,,,0.0002714145863,1,1073,1073,0,1,1073,1073,1073,1073,1073,1,1,0.9207828518,0.9207828518,0.08253104488,39,1,36,1,0.1267334025,3,0.005100332434,0,0,0.0001007844762,0.0001548833237,0.0002714145863,,,,40.13394531,72.87870117,113.0126465,2163.319336,5.09375,0,2168.413086,1.578125,2.233398438,39,5.46875,14.3984375,9.65625,1.067382812,19.8671875,2033789,161.869938,12.56434039,0.013641,23.999896,0.011912,24.025449
169,hybrid[head=topn-frontier reducer=streaming],hybrid,2033789,3390,1,1,1,19.63888889,0.005173318731,1,1154,1154,600,554,600,554,391,209,209,9640,4220,0.4377593361,1,1.661748,0.0002704312001,0,,554,0,0,0,554,554,554,554,0,0,1,1,0,36,1,36,1,0.1236150849,0,0,0,0,9.656305983e-06,0,0.0002704312001,,,,34.49816406,48.27792969,82.77609375,1461.00293,418.15625,412.109375,1879.15918,6.046875,9.510742188,209,5.46875,76.1484375,127.640625,1.126953125,127.640625,2033789,207.825717,9.786031437,0.115817,9.402422,0.372474,9.890713
170,hl,hl,1994720,3325,1,0.4444444444,0.6153846154,3100.638889,0.3641599555,0.9340277778,48,,,,,,0,0,0,0,0,,,,,,,,,,0,,,,,,,,,,288,0.9166666667,0,1,0,16,0.03926716532,272,0.1565934066,0.0006800714302,0.002454197832,0.007854235181,,,,5.857421875,19.80935547,25.66677734,566.3652344,0.46875,0,566.8339844,0.46875,0.740234375,16,5.078125,22.52148438,0,0.7548828125,27.59960938,1994720,131.828666,15.13115516,0.010318,1.301398,0,1.311716
170,hl#1,hl,1994720,3325,1,0.75,0.8571428571,897.4166667,0.1266141101,0.8159722222,96,,,,,,0,0,0,0,0,,,,,,,,,,0,,,,,,,,,,576,1,0,1,0,27,0.08658909521,549,0.2927278014,0.0006585362788,0.003207003526,0.01587641373,,,,11.48828125,39.05317383,50.54145508,1129.09668,0.515625,0,1129.612305,0.515625,0.9716796875,27,5.078125,31.27734375,0,1.3671875,36.35546875,1994720,153.426975,13.00110362,0.004517,2.574733,0,2.57925
170,hl#2,hl,1994720,3325,1,0.9722222222,0.985915493,59.83333333,0.01346462394,0.9683333333,192,,,,,,0,0,0,0,0,,,,,,,,,,0,,,,,,,,,,1152,1,0,1,0,35,0.113195837,1117,0.4476803762,0.0004868717128,0.003234166772,0.02081745809,,,,22.75,75.11834961,97.86834961,2254.319336,0.609375,0,2254.928711,0.609375,1.194335938,35,5.078125,42.5390625,0,2.005859375,47.6171875,1994720,153.15518,13.02417587,0.010187,5.630094,0,5.640281
170,hl#3,hl,1994720,3325,1,0.9722222222,0.985915493,15.61111111,0.003735066959,0.9933333333,384,,,,,,0,0,0,0,0,,,,,,,,,,0,,,,,,,,,,2304,1,0,1,0,35,0.1138320165,2269,0.5733285875,0.0002982467899,0.003252343329,0.02084152162,,,,45.2734375,143.973291,189.2467285,4504.288086,0.578125,0,4504.866211,0.578125,1.163085938,35,5.078125,62.953125,0,2.038085938,68.03125,1994720,131.807069,15.13363445,0.019443,11.926635,0,11.946078
170,ss[policy=difficulty],ss,1994720,3325,0.972972973,1,0.9863013699,158.5,0.03287598811,1,1073,1073,,,,,0,0,0,0,0,,,,0.0002406352771,0,,1073,0,0,0,1073,1073,1073,1073,0,0,1,1,0,37,1,36,1,0.1184672535,1,0.001677929734,0,0,7.840970432e-05,4.060720302e-05,0.0002416379241,,,,43.8225,72.71662109,116.5391211,2340.508789,5.15625,0,2345.665039,1.640625,2.258789062,37,5.46875,14.3984375,9.65625,1.018554688,19.8671875,1994720,151.758245,13.14406344,0.013993,25.303053,0.016214,25.33326
170,hybrid[head=topn-frontier reducer=streaming],hybrid,1994720,3325,1,1,1,8.916666667,0.001464870489,1,1154,1084,600,554,600,484,389,211,211,9640,4260,0.4419087137,1,1.790193,0.0001609248416,0,,484,1,0,0,484,484,484,484,0,0,1.144628099,1.144628099,-0.13507978,36,1,36,1,0.1157676265,0,0,0,0,4.470134488e-06,0,0.0001609248416,,,,34.50949219,36.59351563,71.10300781,1471.544922,422.09375,416.015625,1893.638672,6.078125,9.576171875,211,5.46875,76.0859375,127.4902344,1.126953125,127.4902344,1994720,196.692282,10.14132319,0.078625,9.335488,0.363693,9.777806
171,hl,hl,2007883,3347,1,0.3658536585,0.5357142857,2506.073171,0.3243497533,0.9409722222,48,,,,,,0,0,0,0,0,,,,,,,,,,0,,,,,,,,,,288,0.9756097561,0,1,0,15,0.04538312242,273,0.161365478,0.0007178770847,0.003025541495,0.01097374698,,,,5.857421875,19.84386719,25.70128906,566.3056641,0.421875,0,566.7275391,0.421875,0.6806640625,15,5.078125,22.20898438,0,0.6337890625,27.28710938,2007883,129.942453,15.45209401,0.003391,1.345176,0,1.348567
171,hl#1,hl,2007883,3347,1,0.7073170732,0.8285714286,721.8780488,0.124175826,0.8333333333,96,,,,,,0,0,0,0,0,,,,,,,,,,0,,,,,,,,,,576,1,0,1,0,29,0.09680295117,547,0.2906902444,0.0006727312423,0.003338032799,0.01625493119,,,,11.48828125,39.20693359,50.69521484,1129.228516,0.609375,0,1129.837891,0.609375,1.103515625,29,5.078125,30.41796875,0,1.388671875,35.49609375,2007883,151.297072,13.27112927,0.004697,2.495205,0,2.499902
171,hl#2,hl,2007883,3347,1,0.9268292683,0.9620253165,158.1463415,0.02607876791,0.9633333333,192,,,,,,0,0,0,0,0,,,,,,,,,,0,,,,,,,,,,1152,1,0,1,0,38,0.1214373547,1114,0.4416472474,0.000488788717,0.00319571986,0.01881085701,,,,22.75,77.31408203,100.064082,2254.427734,0.65625,0,2255.083984,0.65625,1.302734375,38,5.078125,42.3828125,0,2.0234375,47.4609375,2007883,151.152391,13.28383221,0.008752,5.683995,0,5.692747
171,hl#3,hl,2007883,3347,1,1,1,10.31707317,0.002211189881,0.9866666667,384,,,,,,0,0,0,0,0,,,,,,,,,,0,,,,,,,,,,2304,1,0,1,0,41,0.1288371882,2263,0.559179494,0.0002986183517,0.003142370444,0.01882430401,,,,45.2734375,151.7379883,197.0114258,4504.524414,0.703125,0,4505.227539,0.703125,1.399414062,41,5.078125,62.484375,0,2.252929688,67.5625,2007883,131.025908,15.32432044,0.022304,10.738785,0,10.761089
171,ss[policy=difficulty],ss,2007883,3347,0.9534883721,1,0.9761904762,134.8536585,0.02889556,1,1073,1073,,,,,0,0,0,0,0,,,,0.0002285989771,0,,1073,0,0,0,1073,1073,1073,1073,0,0,1,1,0,43,1,41,1,0.1317507046,2,0.003505184316,0,0,7.384846117e-05,0.0002109186641,0.0002634615662,,,,43.81117187,74.54543945,118.3566113,2325.113281,5.1875,0,2330.300781,1.671875,2.40234375,43,5.46875,14.3984375,9.65625,1.16015625,19.8671875,2007883,149.393223,13.44025492,0.015123,25.205731,0.00856,25.229414
171,hybrid[head=topn-frontier reducer=streaming],hybrid,2007883,3347,0.9534883721,1,0.9761904762,21.24390244,0.004426921599,1,1084,1084,600,484,600,484,400,200,200,9640,4040,0.4190871369,1,1.480374,0.0006090992354,0,,484,0,0,0,484,484,484,484,0,0,1,1,0,43,1,41,1,0.1294089347,2,0.003887676722,0,0,2.78089955e-05,0.0003809982952,0.0006090992354,,,,31.92832031,37.95640625,69.88472656,1335.515625,400.40625,394.53125,1735.921875,5.875,9.2265625,200,5.46875,76.5234375,128.1376953,1.357421875,128.1376953,2007883,187.316337,10.71920918,0.064954,8.45724,0.368896,8.89109
172,hl,hl,2018636,3365,1,0.4358974359,0.6071428571,2944.205128,0.3641844728,0.9236111111,48,,,,,,0,0,0,0,0,,,,,,,,,,0,,,,,,,,,,288,0.9487179487,0,1,0,17,0.05508868365,271,0.1572507376,0.0007372896572,0.003240510803,0.01110403262,,,,5.857421875,19.80733398,25.66475586,566.3652344,0.453125,0,566.8183594,0.453125,0.740234375,17,5.078125,24.16210938,0,0.74609375,29.24023438,2018636,121.992692,16.54718792,0.003245,1.331274,0,1.334519
172,hl#1,hl,2018636,3365,1,0.641025641,0.78125,1035.820513,0.1433737148,0.8229166667,96,,,,,,0,0,0,0,0,,,,,,,,,,0,,,,,,,,,,576,1,0,1,0,25,0.09430476817,551,0.2931226828,0.0006726171025,0.003772190727,0.01238212337,,,,11.48828125,39.3169043,50.80518555,1129.029297,0.484375,0,1129.513672,0.484375,0.904296875,25,5.078125,30.80859375,0,1.319335938,35.88671875,2018636,142.608334,14.15510541,0.009308,2.976678,0,2.985986
172,hl#2,hl,2018636,3365,1,0.9230769231,0.96,60.84615385,0.01375218567,0.9766666667,192,,,,,,0,0,0,0,0,,,,,,,,,,0,,,,,,,,,,1152,1,0,1,0,36,0.1279165734,1116,0.4375746791,0.0004908778234,0.003553238149,0.01875771561,,,,22.75,76.39447266,99.14447266,2254.324219,0.59375,0,2254.917969,0.59375,1.19921875,36,5.078125,41.6015625,0,2.09765625,46.6796875,2018636,141.507226,14.26525031,0.015059,5.791206,0,5.806265
172,hl#3,hl,2018636,3365,1,1,1,10.74358974,0.002102114532,0.9966666667,384,,,,,,0,0,0,0,0,,,,,,,,,,0,,,,,,,,,,2304,1,0,1,0,39,0.1336823479,2265,0.5556365784,0.0002991835617,0.00342775251,0.01878743865,,,,45.2734375,149.6107422,194.8841797,4504.420898,0.640625,0,4505.061523,0.640625,1.295898438,39,5.078125,62.640625,0,2.264648438,67.71875,2018636,123.097728,16.39864547,0.024988,11.182242,0,11.20723
172,ss[policy=difficulty],ss,2018636,3365,0.9512195122,1,0.975,145.9230769,0.0323215194,1,1073,1073,,,,,0,0,0,0,0,,,,0.0002209412693,0,,1073,0,0,0,1073,1073,1073,1073,0,0,1,1,0,41,1,39,1,0.1365436859,2,0.00342904813,0,0,7.504463652e-05,0.0001287998431,0.0002566089181,,,,43.80644531,73.83422852,117.6406738,2313.775391,5.09375,0,2318.869141,1.578125,2.267578125,41,5.46875,14.3984375,9.65625,1.14453125,19.8671875,2018636,140.740721,14.34294201,0.016144,24.992507,0.018483,25.027134
172,hybrid[head=topn-frontier reducer=streaming],hybrid,2018636,3365,0.9512195122,1,0.975,24.07692308,0.006323781949,1,1084,1084,600,484,600,484,384,216,216,9640,4360,0.4522821577,1,2.451445,0.0003046611672,0,,484,0,0,0,484,484,484,484,0,0,1,1,0,41,1,39,1,0.1341896211,2,0.003452826562,0,0,2.184522667e-05,0.0002152443531,0.0003046611672,,,,31.87890625,44.33517578,76.21408203,1324.138672,431.96875,425.78125,1756.107422,6.1875,9.732421875,216,5.46875,76.5234375,128.0986328,1.208984375,128.0986328,2018636,177.790031,11.35404493,0.062871,8.52454,0.404425,8.991836
173,hl,hl,2014787,3358,1,0.4210526316,0.5925925926,3156.842105,0.3583162025,0.9513888889,48,,,,,,0,0,0,0,0,,,,,,,,,,0,,,,,,,,,,288,0.9210526316,0,1,0,16,0.04304623764,272,0.1548560716,0.0006871607961,0.002690389853,0.009578183699,,,,5.857421875,19.84554688,25.70296875,566.3085938,0.40625,0,566.7148438,0.40625,0.68359375,16,5.078125,23.30273438,0,0.6904296875,28.38085938,2014787,134.903518,14.93502193,0.009255,1.293981,0,1.303236
173,hl#1,hl,2014787,3358,1,0.8421052632,0.9142857143,684.9736842,0.1179142778,0.8229166667,96,,,,,,0,0,0,0,0,,,,,,,,,,0,,,,,,,,,,576,1,0,1,0,32,0.1048765949,544,0.2808654215,0.0006696910007,0.00327739359,0.01832501401,,,,11.48828125,39.19063477,50.67891602,1129.264648,0.59375,0,1129.858398,0.59375,1.139648438,32,5.078125,29.71484375,0,1.75,34.79296875,2014787,158.061499,12.74685494,0.004587,2.479503,0,2.48409
173,hl#2,hl,2014787,3358,1,0.9736842105,0.9866666667,40.84210526,0.008220287928,0.9666666667,192,,,,,,0,0,0,0,0,,,,,,,,,,0,,,,,,,,,,1152,1,0,1,0,37,0.1234889842,1115,0.4388855993,0.0004881723815,0.003337540113,0.01834040025,,,,22.75,77.11782227,99.86782227,2254.395508,0.640625,0,2255.036133,0.640625,1.270507812,37,5.078125,41.8359375,0,2.126953125,46.9140625,2014787,157.287303,12.80959722,0.008855,5.533527,0,5.542382
173,hl#3,hl,2014787,3358,1,1,1,8.368421053,0.001662092816,0.9966666667,384,,,,,,0,0,0,0,0,,,,,,,,,,0,,,,,,,,,,2304,1,0,1,0,38,0.1256857425,2266,0.559947528,0.0002975838847,0.003307519539,0.01834337823,,,,45.2734375,150.1680664,195.4415039,4504.397461,0.625,0,4505.022461,0.625,1.272460938,38,5.078125,62.484375,0,2.217773438,67.5625,2014787,136.898688,14.71735799,0.0187,10.670969,0,10.689669
173,ss[policy=difficulty],ss,2014787,3358,0.9743589744,1,0.987012987,122.8684211,0.02401690173,1,1073,1030,,,,,0,0,0,0,0,,,,0.0002298009666,0,,1030,1,0,0,1030,1030,1030,1030,0,0,1.041747573,1.041747573,-0.04089966141,39,1,38,1,0.1280845072,1,0.001886055449,0,0,6.531198761e-05,0.0002298009666,0.0002298009666,,,,43.81402344,74.73879883,118.5528223,2333.851562,5.15625,0,2339.007812,1.640625,2.3046875,39,5.46875,14.3984375,9.65625,1.06640625,19.8671875,2014787,154.473159,13.04295849,0.014823,24.809464,0.017936,24.842223
173,hybrid[head=topn-frontier reducer=streaming],hybrid,2014787,3358,0.95,1,0.9743589744,27.44736842,0.003827326775,1,1084,1084,600,484,600,484,381,219,219,9640,4420,0.4585062241,1,1.695779,0.0004064945823,0,,484,0,0,0,484,484,484,484,0,0,1,1,0,40,1,38,1,0.1262848132,2,0.003458926427,0,0,2.418369783e-05,0.0002248376627,0.0004064945823,,,,31.96695312,44.63916992,76.60612305,1331.260742,437.875,431.640625,1769.135742,6.234375,9.862304688,219,5.46875,76.2734375,127.7558594,1.21484375,127.7558594,2014787,196.224391,10.26777043,0.079927,8.365508,0.374482,8.819917
174,hl,hl,2027114,3379,1,0.5277777778,0.6909090909,2547.638889,0.3138829113,0.9375,48,,,,,,0,0,0,0,0,,,,,,,,,,0,,,,,,,,,,288,0.9444444444,0,1,0,19,0.05527316175,269,0.1526273313,0.0007218767119,0.002909113776,0.01439386241,,,,5.857421875,19.85410156,25.71152344,566.3388672,0.390625,0,566.7294922,0.390625,0.7138671875,19,5.078125,23.77148438,0,0.95703125,28.84960938,2027114,125.207069,16.19009227,0.003181,1.322281,0,1.325462
174,hl#1,hl,2027114,3379,1,0.8888888889,0.9411764706,314.75,0.06369078685,0.8125,96,,,,,,0,0,0,0,0,,,,,,,,,,0,,,,,,,,,,576,1,0,1,0,32,0.1059230019,544,0.2874184678,0.000682884496,0.003310093808,0.01650671842,,,,11.48828125,39.1134668,50.60174805,1129.260742,0.59375,0,1129.854492,0.59375,1.135742188,32,5.078125,31.35546875,0,1.65234375,36.43359375,2027114,147.236013,13.76778655,0.004532,2.574169,0,2.578701
174,hl#2,hl,2027114,3379,1,1,1,26.36111111,0.005675381523,0.97,192,,,,,,0,0,0,0,0,,,,,,,,,,0,,,,,,,,,,1152,1,0,1,0,36,0.1168335871,1116,0.4445551656,0.0004873166256,0.003245377418,0.01659058149,,,,22.75,77.47633789,100.2263379,2254.328125,0.59375,0,2254.921875,0.59375,1.203125,36,5.078125,41.6796875,0,2.1015625,46.7578125,2027114,147.479346,13.74507045,0.009541,5.663012,0,5.672553
174,hl#3,hl,2027114,3379,1,1,1,9.527777778,0.001856241349,0.995,384,,,,,,0,0,0,0,0,,,,,,,,,,0,,,,,,,,,,2304,1,0,1,0,36,0.1171108285,2268,0.56875341,0.0002976841313,0.003253078569,0.01659452798,,,,45.2734375,153.2769727,198.5504102,4504.328125,0.59375,0,4504.921875,0.59375,1.203125,36,5.078125,63.03125,0,2.1015625,68.109375,2027114,126.57225,16.01546943,0.019936,10.743751,0,10.763687
174,ss[policy=difficulty],ss,2027114,3379,0.9473684211,1,0.972972973,114.3333333,0.02223663662,1,1030,1030,,,,,0,0,0,0,0,,,,0.0002131108561,0,,1030,0,0,0,1030,1030,1030,1030,0,0,1,1,0,38,1,36,1,0.1192009921,2,0.003443812237,0,0,6.143034668e-05,0.0001519401474,0.0002313634063,,,,42.72125,74.55957031,117.2808203,2235.275391,5.109375,0,2240.384766,1.59375,2.236328125,38,5.46875,14.3984375,9.65625,1.041992188,19.8671875,2027114,142.360466,14.23930433,0.014985,36.880551,0.021848,36.917384
174,hybrid[head=topn-frontier reducer=streaming],hybrid,2027114,3379,1,1,1,58.83333333,0.01013040788,1,1084,1054,600,484,600,454,403,197,197,9640,3980,0.4128630705,1,2.328101,0.0004434876381,0,,454,1,0,0,454,454,454,454,0,0,1.066079295,1.066079295,-0.06398770868,36,1,36,1,0.1182153544,0,0,0,0,2.902319916e-05,0,0.0004434876381,,,,31.93296875,42.72730469,74.66027344,1327.491211,394.40625,388.671875,1721.897461,5.734375,8.991210938,197,5.46875,76.5234375,127.9716797,1.119140625,127.9716797,2027114,178.973052,11.32636437,0.132699,13.162164,0.694042,13.988905
175,hl,hl,2031953,3387,0.9473684211,0.3913043478,0.5538461538,2331.869565,0.3368476958,0.9340277778,48,,,,,,0,0,0,0,0,,,,,,,,,,0,,,,,,,,,,288,0.9347826087,0,1,0,19,0.05104104278,269,0.1564342285,0.0007204002477,0.002686370673,0.01267795072,,,,5.857421875,19.81073242,25.6681543,566.3349609,0.390625,0,566.7255859,0.390625,0.7099609375,19,5.078125,23.38085938,0,1.018554688,28.45898438,2031953,135.84934,14.9574006,0.003159,1.330747,0,1.333906
175,hl#1,hl,2031953,3387,1,0.7608695652,0.8641975309,805.0652174,0.1278994993,0.8246527778,96,,,,,,0,0,0,0,0,,,,,,,,,,0,,,,,,,,,,576,1,0,1,0,35,0.1022759877,541,0.2801373851,0.0006639121055,0.002922171077,0.01515290954,,,,11.48828125,38.88681641,50.37509766,1129.357422,0.640625,0,1129.998047,0.640625,1.232421875,35,5.078125,31.74609375,0,1.948242188,36.82421875,2031953,160.403431,12.66776519,0.004536,2.576894,0,2.58143
175,hl#2,hl,2031953,3387,1,0.9565217391,0.9777777778,41.19565217,0.009656887779,0.975,192,,,,,,0,0,0,0,0,,,,,,,,,,0,,,,,,,,,,1152,1,0,1,0,44,0.1294340962,1108,0.4338934021,0.0004889995644,0.002941684004,0.01612291229,,,,22.75,76.3199707,99.0699707,2254.645508,0.78125,0,2255.426758,0.78125,1.520507812,44,5.078125,43.0078125,0,2.481445312,48.0859375,2031953,159.972011,12.70192821,0.011596,5.853781,0,5.865377
175,hl#3,hl,2031953,3387,0.9782608696,0.9782608696,0.9782608696,11.82608696,0.002641021649,0.9883333333,384,,,,,,0,0,0,0,0,,,,,,,,,,0,,,,,,,,,,2304,1,0,1,0,46,0.1334420629,2258,0.5548642119,0.0002987440429,0.00290091441,0.01611405382,,,,45.2734375,146.6389941,191.9124316,4504.648438,0.75,0,4505.398438,0.75,1.5234375,46,5.078125,63.109375,0,2.65625,68.1875,2031953,137.846219,14.7407235,0.021057,11.612593,0,11.63365
175,ss[policy=difficulty],ss,2031953,3387,0.9387755102,1,0.9684210526,142.1956522,0.03134797422,1,1030,1030,,,,,0,0,0,0,0,,,,0.0002293360132,0,,1030,0,0,0,1030,1030,1030,1030,0,0,1,1,0,49,1,46,1,0.1366621177,3,0.005116752208,0,0,7.114900225e-05,8.907686349e-05,0.0002298281506,,,,42.72332031,91.84588867,134.569209,2290.697266,5.4375,0,2296.134766,1.921875,2.744140625,49,5.46875,14.3984375,9.65625,1.364257812,19.8671875,2031953,156.986966,12.94345035,0.027586,33.354379,0.017048,33.399013
175,hybrid[head=topn-frontier reducer=streaming],hybrid,2031953,3387,0.9375,0.9782608696,0.9574468085,69.15217391,0.01495532882,1,1054,1054,600,454,600,454,409,191,191,9640,3860,0.4004149378,1,2.210637,0.0005246184336,0,,454,0,0,0,454,454,454,454,0,0,1,1,0,49,1,45,1,0.1319026572,4,0.007006559699,0,0,6.052285256e-05,0.0004507978285,0.000525110571,,,,31.363125,34.93381836,66.29694336,1285.834961,382.5,376.953125,1668.334961,5.546875,8.686523438,191,5.46875,76.5234375,128.2402344,1.434570312,128.2402344,2031953,192.894205,10.53402823,0.15037,14.987494,0.561162,15.699026
176,hl,hl,2043909,3407,1,0.4634146341,0.6333333333,2688.097561,0.3148409485,0.9305555556,48,,,,,,0,0,0,0,0,,,,,,,,,,0,,,,,,,,,,288,0.9268292683,0,1,0,19,0.05755295368,269,0.1526726483,0.000729950007,0.003029102825,0.008323266838,,,,5.857421875,19.85171875,25.70914062,566.3447266,0.390625,0,566.7353516,0.390625,0.7197265625,19,5.078125,23.06835938,0,0.9931640625,28.14648438,2043909,136.173674,15.0095752,0.003588,1.315501,0,1.319089
176,hl#1,hl,2043909,3407,1,0.8048780488,0.8918918919,602.7804878,0.09050429173,0.8333333333,96,,,,,,0,0,0,0,0,,,,,,,,,,0,,,,,,,,,,576,1,0,1,0,33,0.1120495091,543,0.2847729522,0.0006889278842,0.003395439668,0.01447031155,,,,11.48828125,39.10262695,50.5909082,1129.301758,0.609375,0,1129.911133,0.609375,1.176757812,33,5.078125,28.77734375,0,1.650390625,33.85546875,2043909,160.030626,12.77198653,0.007324,2.429099,0,2.436423
176,hl#2,hl,2043909,3407,1,0.9512195122,0.975,59.65853659,0.01352818164,0.975,192,,,,,,0,0,0,0,0,,,,,,,,,,0,,,,,,,,,,1152,1,0,1,0,39,0.1310542691,1113,0.4391154401,0.0004949389836,0.003360365873,0.01721700917,,,,22.75,76.21973633,98.96973633,2254.462891,0.671875,0,2255.134766,0.671875,1.337890625,39,5.078125,41.1328125,0,1.951171875,46.2109375,2043909,158.533246,12.89262064,0.011311,5.393901,0,5.405212
176,hl#3,hl,2043909,3407,1,0.9756097561,0.987654321,19,0.004299183675,0.9883333333,384,,,,,,0,0,0,0,0,,,,,,,,,,0,,,,,,,,,,2304,1,0,1,0,40,0.1334751205,2264,0.5595899817,0.0003008095062,0.003336878012,0.0171930355,,,,45.2734375,147.9524316,193.2258691,4504.494141,0.6875,0,4505.181641,0.6875,1.369140625,40,5.078125,62.5625,0,2.005859375,67.640625,2043909,137.903752,14.82127187,0.020537,10.426631,0,10.447168
176,ss[policy=difficulty],ss,2043909,3407,0.9318181818,1,0.9647058824,153.2926829,0.03111340242,1,1030,1030,,,,,0,0,0,0,0,,,,0.0002353333735,0,,1030,0,0,0,1030,1030,1030,1030,0,0,1,1,0,44,1,41,1,0.138382384,3,0.005256104846,0,0,8.250678657e-05,0.0001851028267,0.0002715385078,,,,42.71558594,71.4496875,114.1652734,2226.943359,5.203125,0,2232.146484,1.6875,2.435546875,44,5.46875,14.3984375,9.65625,1.247070312,19.8671875,2043909,157.359387,12.98879615,0.015055,23.295511,0.015075,23.325641
176,hybrid[head=topn-frontier reducer=streaming],hybrid,2043909,3407,0.9761904762,1,0.9879518072,81.34146341,0.005593551693,1,1054,1187,600,454,600,587,408,192,192,9640,3880,0.4024896266,1,1.807725,0.0008606058293,1,587,587,0,1,587,587,587,587,587,1,1,0.7734241908,0.7734241908,0.2569276218,42,1,41,1,0.1336757165,1,0.001678156904,0,0,5.588031841e-05,0.0006370146616,0.0008606058293,,,,31.11574219,43.69795898,74.81370117,1270.897461,384.5625,378.90625,1655.459961,5.65625,8.842773438,192,5.46875,76.2734375,127.8974609,1.258789062,127.8974609,2043909,193.994391,10.53591802,0.060866,7.808226,0.35311,8.222202
177,hl,hl,2023201,3373,1,0.3333333333,0.5,3160.97619,0.3728069378,0.9513888889,48,,,,,,0,0,0,0,0,,,,,,,,,,0,,,,,,,,,,288,0.9047619048,0,1,0,14,0.03582985576,274,0.1547572387,0.0006617607445,0.002559275411,0.007837085885,,,,5.857421875,19.85064453,25.70806641,566.2128906,0.34375,0,566.5566406,0.34375,0.587890625,14,5.078125,22.67773438,0,0.744140625,27.75585938,2023201,126.27947,16.0216146,0.00294,1.305724,0,1.308664
177,hl#1,hl,2023201,3373,1,0.6666666667,0.8,1114.380952,0.1382585332,0.8333333333,96,,,,,,0,0,0,0,0,,,,,,,,,,0,,,,,,,,,,576,1,0,1,0,28,0.08842967159,548,0.2889352071,0.0006551473589,0.003158202557,0.01276047214,,,,11.48828125,38.78333008,50.27161133,1129.103516,0.5,0,1129.603516,0.5,0.978515625,28,5.078125,29.01171875,0,1.625976562,34.08984375,2023201,148.20486,13.65138093,0.004613,2.458624,0,2.463237
177,hl#2,hl,2023201,3373,1,1,1,53.07142857,0.009959475188,0.9766666667,192,,,,,,0,0,0,0,0,,,,,,,,,,0,,,,,,,,,,1152,1,0,1,0,42,0.1301630436,1110,0.43265894,0.0004885607496,0.003099120086,0.01735961973,,,,22.75,75.40759766,98.15759766,2254.552734,0.71875,0,2255.271484,0.71875,1.427734375,42,5.078125,41.2890625,0,2.404296875,46.3671875,2023201,147.004204,13.76287851,0.011341,5.58314,0,5.594481
177,hl#3,hl,2023201,3373,1,1,1,13.71428571,0.002450964452,0.9916666667,384,,,,,,0,0,0,0,0,,,,,,,,,,0,,,,,,,,,,2304,1,0,1,0,42,0.1309622722,2262,0.5560772261,0.0002981942267,0.003118149337,0.01737148212,,,,45.2734375,147.2769141,192.5503516,4504.521484,0.6875,0,4505.208984,0.6875,1.396484375,42,5.078125,62.328125,0,2.435546875,67.40625,2023201,127.595342,15.85638604,0.019275,10.609055,0,10.62833
177,ss[policy=difficulty],ss,2023201,3373,0.9545454545,1,0.976744186,153.8571429,0.03299060017,1,1030,985,,,,,0,0,0,0,0,,,,0.0002278567478,0,,985,1,0,0,985,985,985,985,0,0,1.045685279,1.045685279,-0.04467244005,44,1,42,1,0.134346019,2,0.00351275034,0,0,8.311536566e-05,0.0002315637448,0.0002669037827,,,,42.719375,72.07741211,114.7967871,2240.116211,5.140625,0,2245.256836,1.625,2.366210938,44,5.46875,14.3984375,9.65625,1.21484375,19.8671875,2023201,146.283642,13.83067151,0.012988,23.670829,0.010672,23.694489
177,hybrid[head=topn-frontier reducer=streaming],hybrid,2023201,3373,1,1,1,30.95238095,0.005970577992,1,1187,1187,600,587,600,587,409,191,191,9640,3860,0.4004149378,1,1.528942,0.0003395609235,0,,587,0,0,0,587,587,587,587,0,0,1,1,0,42,1,42,1,0.1317946166,0,0,0,0,1.52987177e-05,0,0.0003395609235,,,,35.33695313,37.37831055,72.71526367,1525.600586,382.53125,376.953125,1908.131836,5.578125,8.764648438,191,5.46875,76.2734375,127.8974609,1.265625,127.8974609,2023201,192.34515,10.51859639,0.07408,9.736024,0.364639,10.174743
178,hl,hl,2078356,3464,1,0.3863636364,0.5573770492,3583.613636,0.3453745227,0.9305555556,48,,,,,,0,0,0,0,0,,,,,,,,,,0,,,,,,,,,,288,0.8863636364,0,1,0,17,0.04375910575,271,0.1491096809,0.0006696832871,0.002574065044,0.006373787744,,,,5.857421875,19.83978516,25.69720703,566.3291016,0.421875,0,566.7509766,0.421875,0.7041015625,17,5.078125,24.31835938,0,0.7431640625,29.39648438,2078356,139.009524,14.95117701,0.002996,1.320797,0,1.323793
178,hl#1,hl,2078356,3464,1,0.7727272727,0.8717948718,606.9318182,0.08426120328,0.84375,96,,,,,,0,0,0,0,0,,,,,,,,,,0,,,,,,,,,,576,1,0,1,0,34,0.1195560337,542,0.2800396082,0.0006937424339,0.003516353933,0.01709764833,,,,11.48828125,39.06947266,50.55775391,1129.319336,0.625,0,1129.944336,0.625,1.194335938,34,5.078125,30.26171875,0,1.790039062,35.33984375,2078356,160.155364,12.97712389,0.008084,2.437357,0,2.445441
178,hl#2,hl,2078356,3464,1,0.9545454545,0.976744186,51.93181818,0.01213869796,0.9633333333,192,,,,,,0,0,0,0,0,,,,,,,,,,0,,,,,,,,,,1152,1,0,1,0,42,0.1429909024,1110,0.4282846635,0.0004958989287,0.003404545296,0.0172877024,,,,22.75,75.62837891,98.37837891,2254.513672,0.6875,0,2255.201172,0.6875,1.388671875,42,5.078125,41.2890625,0,2.427734375,46.3671875,2078356,159.258069,13.05023986,0.011069,5.385675,0,5.396744
178,hl#3,hl,2078356,3464,1,0.9772727273,0.9885057471,11.95454545,0.002634705155,0.9933333333,384,,,,,,0,0,0,0,0,,,,,,,,,,0,,,,,,,,,,2304,1,0,1,0,43,0.1451575187,2261,0.5480899326,0.0003008886508,0.00337575625,0.01727615481,,,,45.2734375,147.6206934,192.8941309,4504.545898,0.703125,0,4505.249023,0.703125,1.420898438,43,5.078125,62.015625,0,2.483398438,67.09375,2078356,139.63576,14.88412424,0.01881,10.267694,0,10.286504
178,ss[policy=difficulty],ss,2078356,3464,0.8979591837,1,0.9462365591,146.6818182,0.02795055,1,985,985,,,,,0,0,0,0,0,,,,0.0002482731544,0,,985,0,0,0,985,985,985,985,0,0,1,1,0,49,1,44,1,0.1499565041,5,0.008871434923,0,0,8.020467983e-05,0.0001649380568,0.0002949446582,,,,39.56914063,72.06381836,111.632959,2129.19043,5.5625,0,2134.75293,2.046875,2.862304688,49,5.46875,14.3984375,9.65625,1.302734375,19.8671875,2078356,157.162826,13.22422136,0.014382,22.191142,0.008682,22.214206
178,hybrid[head=topn-frontier reducer=streaming],hybrid,2078356,3464,0.9565217391,1,0.9777777778,10.02272727,0.00181680923,1,1187,1187,600,587,600,587,407,193,193,9640,3900,0.4045643154,1,1.615815,0.0004845175706,0,,587,0,0,0,587,587,587,587,0,0,1,1,0,46,1,44,1,0.147063352,2,0.003757296633,0,0,1.668333675e-05,0.0002776232753,0.0004845175706,,,,35.31996094,46.75905273,82.07901367,1509.487305,386.40625,380.859375,1895.893555,5.546875,8.768554688,193,5.46875,76.5234375,128.1962891,1.393554688,128.1962891,2078356,205.082558,10.13424067,0.076633,9.498011,0.350537,9.925181
179,hl,hl,2065386,3443,1,0.4047619048,0.5762711864,3396.047619,0.3584067645,0.9236111111,48,,,,,,0,0,0,0,0,,,,,,,,,,0,,,,,,,,,,288,0.9761904762,0,1,0,17,0.04932830958,271,0.1519173656,0.0006987697054,0.002901665269,0.008817238037,,,,5.857421875,19.85121094,25.70863281,566.3369141,0.421875,0,566.7587891,0.421875,0.7119140625,17,5.078125,23.22460938,0,0.845703125,28.30273438,2065386,149.17005,13.84584908,0.003596,1.331512,0,1.335108
179,hl#1,hl,2065386,3443,1,0.7380952381,0.8493150685,590.1428571,0.09908104007,0.8506944444,96,,,,,,0,0,0,0,0,,,,,,,,,,0,,,,,,,,,,576,1,0,1,0,31,0.1194086723,545,0.2864781692,0.0007046646554,0.003851892654,0.01876888872,,,,11.48828125,38.88890625,50.3771875,1129.228516,0.578125,0,1129.806641,0.578125,1.103515625,31,5.078125,28.93359375,0,1.696289062,34.01171875,2065386,171.924176,12.01335407,0.007787,2.496963,0,2.50475
179,hl#2,hl,2065386,3443,1,1,1,53.83333333,0.009941166249,0.975,192,,,,,,0,0,0,0,0,,,,,,,,,,0,,,,,,,,,,1152,1,0,1,0,42,0.1453045581,1110,0.4309368806,0.0005002095822,0.003459632335,0.01883618849,,,,22.75,74.85453125,97.60453125,2254.518555,0.6875,0,2255.206055,0.6875,1.393554688,42,5.078125,40.6640625,0,2.432617188,45.7421875,2065386,170.990143,12.07897697,0.01143,5.286867,0,5.298297
179,hl#3,hl,2065386,3443,1,1,1,9.833333333,0.001863435578,0.9933333333,384,,,,,,0,0,0,0,0,,,,,,,,,,0,,,,,,,,,,2304,1,0,1,0,42,0.1462312614,2262,0.5487676396,0.0003016488285,0.003481696699,0.01883037844,,,,45.2734375,143.7029492,188.9763867,4504.518555,0.6875,0,4505.206055,0.6875,1.393554688,42,5.078125,61.703125,0,2.432617188,66.78125,2065386,148.946021,13.86667456,0.019208,10.140304,0,10.159512
179,ss[policy=difficulty],ss,2065386,3443,0.9333333333,1,0.9655172414,163.2619048,0.03284027545,1,985,985,,,,,0,0,0,0,0,,,,0.0002464430378,0,,985,0,0,0,985,985,985,985,0,0,1,1,0,45,1,42,1,0.1495991548,3,0.005297799055,0,0,8.949631906e-05,0.0002357912758,0.0002629048517,,,,39.48535156,70.41733398,109.9026855,2116.972656,5.3125,0,2122.285156,1.796875,2.55078125,45,5.46875,14.3984375,9.65625,1.237304688,19.8671875,2065386,166.049788,12.43835373,0.015484,22.154587,0.010091,22.180162
179,hybrid[head=topn-frontier reducer=streaming],hybrid,2065386,3443,0.976744186,1,0.9882352941,12.11904762,0.002645462149,1,1187,1187,600,587,600,587,413,187,187,9640,3780,0.3921161826,1,1.534476,0.0003185845164,0,,587,0,0,0,587,587,587,587,0,0,1,1,0,43,1,42,1,0.1465256373,1,0.00172316458,0,0,1.314017568e-05,0.0003185845164,0.0003185845164,,,,35.31472656,38.49172852,73.80645508,1498.15918,374.59375,369.140625,1872.75293,5.453125,8.557617188,187,5.46875,76.2734375,127.8730469,1.354492188,127.8730469,2065386,214.548262,9.626673182,0.078907,9.65401,0.360569,10.093486
180,hl,hl,2028071,3381,1,0.3428571429,0.5106382979,3062.257143,0.3537375538,0.9236111111,48,,,,,,0,0,0,0,0,,,,,,,,,,0,,,,,,,,,,288,0.9142857143,0,1,0,12,0.03994830556,276,0.1616610069,0.0007000323351,0.003329025463,0.01227471819,,,,5.857421875,19.73349609,25.59091797,566.1757812,0.34375,0,566.5195312,0.34375,0.55078125,12,5.078125,23.92773438,0,0.630859375,29.00585938,2028071,123.703924,16.39455673,0.003019,1.339056,0,1.342075
180,hl#1,hl,2028071,3381,1,0.7142857143,0.8333333333,922.7714286,0.1240555175,0.8263888889,96,,,,,,0,0,0,0,0,,,,,,,,,,0,,,,,,,,,,576,1,0,1,0,25,0.08700977431,551,0.2978682699,0.000668191049,0.003480390973,0.01730610023,,,,11.48828125,38.91488281,50.40316406,1129,0.453125,0,1129.453125,0.453125,0.875,25,5.078125,30.80859375,0,1.392578125,35.88671875,2028071,146.836206,13.81179108,0.008106,2.574381,0,2.582487
180,hl#2,hl,2028071,3381,1,0.9714285714,0.9855072464,72.02857143,0.01729578067,0.9716666667,192,,,,,,0,0,0,0,0,,,,,,,,,,0,,,,,,,,,,1152,1,0,1,0,34,0.114759789,1118,0.4480257348,0.0004885291005,0.003375287911,0.01970936915,,,,22.75,76.61745117,99.36745117,2254.292969,0.59375,0,2254.886719,0.59375,1.16796875,34,5.078125,41.9140625,0,1.958007812,46.9921875,2028071,146.699765,13.82463701,0.011207,5.662136,0,5.673343
180,hl#3,hl,2028071,3381,1,1,1,11.88571429,0.002543580129,0.995,384,,,,,,0,0,0,0,0,,,,,,,,,,0,,,,,,,,,,2304,1,0,1,0,35,0.1172537845,2269,0.5717940841,0.0002990659152,0.003350108129,0.01971331378,,,,45.2734375,151.0049902,196.2784277,4504.293945,0.578125,0,4504.87207,0.578125,1.168945312,35,5.078125,62.796875,0,2.043945312,67.875,2028071,128.441284,15.78986862,0.020719,10.860924,0,10.881643
180,ss[policy=difficulty],ss,2028071,3381,0.9459459459,1,0.9722222222,150.6571429,0.03141165581,1,985,985,,,,,0,0,0,0,0,,,,0.0002307611519,0,,985,0,0,0,985,985,985,985,0,0,1,1,0,37,1,35,1,0.1199602972,2,0.003441201023,0,0,8.18911572e-05,0.0002149826116,0.0002307611519,,,,39.97867188,71.83644531,111.8151172,2149.185547,5.03125,0,2154.216797,1.515625,2.138671875,37,5.46875,14.3984375,9.65625,1.049804688,19.8671875,2028071,141.383799,14.34443702,0.014585,22.66762,0.009164,22.691369
180,hybrid[head=topn-frontier reducer=streaming],hybrid,2028071,3381,1,1,1,11.08571429,0.002176229738,1,1187,1098,600,587,600,498,423,177,177,9640,3580,0.3713692946,1,1.422076,0.0001913148011,0,,498,1,0,0,498,498,498,498,0,0,1.178714859,1.178714859,-0.1644247428,35,1,35,1,0.1175516045,0,0,0,0,5.466137175e-06,0,0.0001913148011,,,,35.33039062,37.86041016,73.19080078,1517.823242,355.09375,349.609375,1872.916992,5.484375,8.409179688,177,5.46875,76.0859375,127.4707031,1.098632812,127.4707031,2028071,186.96928,10.8470814,0.075102,9.64933,0.357515,10.081947
181,hl,hl,2051868,3420,1,0.4871794872,0.6551724138,2952.153846,0.3295408429,0.9340277778,48,,,,,,0,0,0,0,0,,,,,,,,,,0,,,,,,,,,,288,0.9487179487,0,1,0,19,0.06073782524,269,0.1457052793,0.0007168163352,0.003196727644,0.009563480692,,,,5.857421875,19.84611328,25.70353516,566.4355469,0.484375,0,566.9199219,0.484375,0.810546875,19,5.078125,23.38085938,0,0.82421875,28.45898438,2051868,138.495803,14.81538036,0.002907,1.354142,0,1.357049
181,hl#1,hl,2051868,3420,1,0.8205128205,0.9014084507,1112.384615,0.112792158,0.8298611111,96,,,,,,0,0,0,0,0,,,,,,,,,,0,,,,,,,,,,576,1,0,1,0,32,0.1092370464,544,0.2737880799,0.0006649741777,0.003413657701,0.01425091673,,,,11.48828125,39.28893555,50.7772168,1129.262695,0.59375,0,1129.856445,0.59375,1.137695312,32,5.078125,29.32421875,0,1.719726562,34.40234375,2051868,159.026561,12.90267479,0.007835,2.468171,0,2.476006
181,hl#2,hl,2051868,3420,0.975,1,0.9873417722,37.76923077,0.007232684454,0.9716666667,192,,,,,,0,0,0,0,0,,,,,,,,,,0,,,,,,,,,,1152,1,0,1,0,40,0.1408233863,1112,0.4265449824,0.0004925072645,0.003520584657,0.01947444962,,,,22.75,77.86735352,100.6173535,2254.458984,0.65625,0,2255.115234,0.65625,1.333984375,40,5.078125,41.2890625,0,2.326171875,46.3671875,2051868,158.366587,12.95644516,0.011491,5.369742,0,5.381233
181,hl#3,hl,2051868,3420,1,1,1,10.35897436,0.002062592256,0.995,384,,,,,,0,0,0,0,0,,,,,,,,,,0,,,,,,,,,,2304,1,0,1,0,39,0.139669316,2265,0.5498136332,0.0002992547523,0.003581264512,0.01948029795,,,,45.2734375,151.8619531,197.1353906,4504.427734,0.640625,0,4505.068359,0.640625,1.302734375,39,5.078125,62.484375,0,2.271484375,67.5625,2051868,139.325105,14.72719507,0.021804,10.490776,0,10.51258
181,ss[policy=difficulty],ss,2051868,3420,0.8863636364,1,0.9397590361,155.2307692,0.02827266334,1,985,991,,,,,0,0,0,0,0,,,,0.0002514781653,1,991,991,0,0,991,991,991,991,991,1,1,0.9939455096,0.9939455096,0.006072893158,44,1,39,1,0.1425954301,5,0.008829027988,0,0,8.416942291e-05,0.0001505944827,0.0002894923065,,,,39.72636719,73.18391602,112.9102832,2133.47168,5.203125,0,2138.674805,1.6875,2.432617188,44,5.46875,14.3984375,9.65625,1.21484375,19.8671875,2051868,159.620418,12.85467126,0.013719,22.597171,0.01001,22.6209
181,hybrid[head=topn-frontier reducer=streaming],hybrid,2051868,3420,0.975,1,0.9873417722,58.8974359,0.01154629672,1,1098,1098,600,498,600,498,404,196,196,9640,3960,0.4107883817,1,1.500099,0.0002914417497,0,,498,0,0,0,498,498,498,498,0,0,1,1,0,40,1,39,1,0.1407644156,1,0.001683831514,0,0,3.521181674e-05,0.0002890049457,0.0002914417497,,,,32.14492188,37.35357422,69.49849609,1349.665039,392.40625,386.71875,1742.071289,5.6875,8.961914062,196,5.46875,76.5234375,128.0058594,1.247070312,128.0058594,2051868,196.544931,10.43968923,0.066302,8.332808,0.34197,8.74108
182,hl,hl,2066489,3445,1,0.3777777778,0.5483870968,2676.044444,0.3209930024,0.9375,48,,,,,,0,0,0,0,0,,,,,,,,,,0,,,,,,,,,,288,0.9555555556,0,1,0,17,0.04647496309,271,0.1561401972,0.0007035248622,0.002733821358,0.00678977725,,,,5.857421875,19.86041016,25.71783203,566.3427734,0.421875,0,566.7646484,0.421875,0.7177734375,17,5.078125,22.52148438,0,0.845703125,27.59960938,2066489,144.003034,14.3503157,0.011478,1.268751,0,1.280229
182,hl#1,hl,2066489,3445,0.975,0.8666666667,0.9176470588,560.4222222,0.07064971664,0.8420138889,96,,,,,,0,0,0,0,0,,,,,,,,,,0,,,,,,,,,,576,1,0,1,0,40,0.1178452922,536,0.2749208924,0.0006818857371,0.002946132305,0.01333275909,,,,11.48828125,39.23348633,50.72176758,1129.518555,0.71875,0,1130.237305,0.71875,1.393554688,40,5.078125,29.63671875,0,2.256835938,34.71484375,2066489,167.862533,12.31060299,0.004674,2.382355,0,2.387029
182,hl#2,hl,2066489,3445,1,0.9555555556,0.9772727273,44.62222222,0.01008394074,0.9666666667,192,,,,,,0,0,0,0,0,,,,,,,,,,0,,,,,,,,,,1152,1,0,1,0,43,0.1334553438,1109,0.437960715,0.0004960208844,0.003103612647,0.01853530312,,,,22.75,76.57806641,99.32806641,2254.583008,0.734375,0,2255.317383,0.734375,1.458007812,43,5.078125,40.8984375,0,2.458984375,45.9765625,2066489,166.349225,12.42259469,0.008649,5.313842,0,5.322491
182,hl#3,hl,2066489,3445,1,1,1,7.733333333,0.00167815717,0.99,384,,,,,,0,0,0,0,0,,,,,,,,,,0,,,,,,,,,,2304,1,0,1,0,45,0.1373416457,2259,0.5585875366,0.0003020525965,0.00305203657,0.01854014224,,,,45.2734375,151.1535742,196.4270117,4504.617188,0.734375,0,4505.351562,0.734375,1.4921875,45,5.078125,62.09375,0,2.6015625,67.171875,2066489,146.062841,14.14794472,0.020179,10.357642,0,10.377821
182,ss[policy=difficulty],ss,2066489,3445,0.9,1,0.9473684211,160.2666667,0.03477207511,1,991,1033,,,,,0,0,0,0,0,,,,0.0002603449619,1,1033,1033,0,0,1033,1033,1033,1033,1033,1,1,0.9593417231,0.9593417231,0.04150793479,50,1,45,1,0.1408645292,5,0.008664938454,0,0,9.088845864e-05,0.0002108890974,0.0003009936177,,,,40.13289063,72.37853516,112.5114258,2171.483398,5.390625,0,2176.874023,1.875,2.709960938,50,5.46875,14.3984375,9.65625,1.352539062,19.8671875,2066489,166.178556,12.43535297,0.011574,22.816394,0.022382,22.85035
182,hybrid[head=topn-frontier reducer=streaming],hybrid,2066489,3445,0.9375,1,0.9677419355,19.17777778,0.003677968526,1,1098,1098,600,498,600,498,388,212,212,9640,4280,0.4439834025,1,1.587886,0.0006542497928,0,,498,0,0,0,498,498,498,498,0,0,1,1,0,49,1,45,1,0.1377921683,4,0.006945113185,0,0,4.89146725e-05,0.0004948006014,0.0006934467108,,,,32.27769531,36.69144531,68.96914062,1361.264648,424,417.96875,1785.264648,6.03125,9.577148438,212,5.46875,76.5234375,128.2695312,1.450195312,128.2695312,2066489,206.778163,9.993748711,0.076175,8.369014,0.371731,8.81692
183,hl,hl,2007011,3346,1,0.5833333333,0.7368421053,2243,0.2614973386,0.9131944444,48,,,,,,0,0,0,0,0,,,,,,,,,,0,,,,,,,,,,288,0.9444444444,0,1,0,21,0.06005497728,267,0.1479473705,0.0007222303742,0.002859760823,0.008553515651,,,,5.857421875,19.85759766,25.71501953,566.4970703,0.515625,0,567.0126953,0.515625,0.8720703125,21,5.078125,21.58398438,0,1.002929688,26.66210938,2007011,126.781254,15.83050283,0.003354,1.241741,0,1.245095
183,hl#1,hl,2007011,3346,1,0.8611111111,0.9253731343,453.5277778,0.06816763454,0.8298611111,96,,,,,,0,0,0,0,0,,,,,,,,,,0,,,,,,,,,,576,1,0,1,0,31,0.1011768246,545,0.2857498041,0.0006717476193,0.003263768537,0.01549318863,,,,11.48828125,38.89913086,50.38741211,1129.253906,0.609375,0,1129.863281,0.609375,1.12890625,31,5.078125,29.63671875,0,1.55859375,34.71484375,2007011,148.782243,13.48958693,0.008146,2.345923,0,2.354069
183,hl#2,hl,2007011,3346,1,0.9444444444,0.9714285714,46.83333333,0.01042131929,0.97,192,,,,,,0,0,0,0,0,,,,,,,,,,0,,,,,,,,,,1152,1,0,1,0,34,0.1129146776,1118,0.4475057685,0.0004864760817,0.003321019929,0.01800338912,,,,22.75,76.79476562,99.54476562,2254.290039,0.59375,0,2254.883789,0.59375,1.165039062,34,5.078125,41.6796875,0,1.953125,46.7578125,2007011,148.25171,13.53786071,0.012198,6.768438,0,6.780636
183,hl#3,hl,2007011,3346,1,0.9722222222,0.985915493,15.77777778,0.003708460079,0.99,384,,,,,,0,0,0,0,0,,,,,,,,,,0,,,,,,,,,,2304,1,0,1,0,35,0.115005847,2269,0.5724647249,0.0002983813246,0.003285881343,0.01801136117,,,,45.2734375,150.3021387,195.5755762,4504.322266,0.609375,0,4504.931641,0.609375,1.197265625,35,5.078125,62.5625,0,2.0078125,67.640625,2007011,129.208307,15.53314215,0.022437,11.939447,0,11.961884
183,ss[policy=difficulty],ss,2007011,3346,0.9473684211,1,0.972972973,131.9166667,0.02620488671,1,1033,1033,,,,,0,0,0,0,0,,,,0.0002396598723,0,,1033,0,0,0,1033,1033,1033,1033,0,0,1,1,0,38,1,36,1,0.1191298902,2,0.003568490656,0,0,6.961124095e-05,0.0001395109444,0.0002406563791,,,,42.80128906,93.00987305,135.8111621,2270.145508,5.015625,0,2275.161133,1.5,2.137695312,38,5.46875,14.3984375,9.65625,1.076171875,19.8671875,2007011,146.951082,13.657681,0.020069,24.479714,0.009087,24.50887
183,hybrid[head=topn-frontier reducer=streaming],hybrid,2007011,3346,0.9473684211,1,0.972972973,32.27777778,0.007641680177,1,1098,1098,600,498,600,498,391,209,209,9640,4220,0.4377593361,1,1.700426,0.0005864442198,0,,498,0,0,0,498,498,498,498,0,0,1,1,0,38,1,36,1,0.1173426553,2,0.003704015573,0,0,4.532794499e-05,0.0005717457453,0.0005864442198,,,,32.40855469,36.50484375,68.91339844,1363.367188,418.1875,412.109375,1781.554688,6.078125,9.5546875,209,5.46875,76.5234375,128.0693359,1.264648438,128.0693359,2007011,190.358562,10.54331877,0.063491,8.408557,0.359433,8.831481
184,hl,hl,2004373,3341,1,0.4857142857,0.6538461538,2538.257143,0.2980059506,0.90625,48,,,,,,0,0,0,0,0,,,,,,,,,,0,,,,,,,,,,288,0.9428571429,0,1,0,17,0.04719131619,271,0.152349887,0.0006928513999,0.002775959776,0.00854381894,,,,5.857421875,19.84742187,25.70484375,566.3378906,0.421875,0,566.7597656,0.421875,0.712890625,17,5.078125,22.13085938,0,0.7763671875,27.20898438,2004373,130.315707,15.38090109,0.003029,1.239198,0,1.242227
184,hl#1,hl,2004373,3341,1,0.6857142857,0.813559322,897.9142857,0.1329901671,0.8142361111,96,,,,,,0,0,0,0,0,,,,,,,,,,0,,,,,,,,,,576,0.9714285714,0,1,0,24,0.08156116651,552,0.2947934342,0.0006533934039,0.003398381938,0.015313517,,,,11.48828125,39.33298828,50.82126953,1128.96875,0.4375,0,1129.40625,0.4375,0.84375,24,5.078125,29.08984375,0,1.298828125,34.16796875,2004373,155.039934,12.92810793,0.008857,2.339285,0,2.348142
184,hl#2,hl,2004373,3341,1,0.9428571429,0.9705882353,92.8,0.02237039102,0.9533333333,192,,,,,,0,0,0,0,0,,,,,,,,,,0,,,,,,,,,,1152,1,0,1,0,33,0.1069321928,1119,0.4477719466,0.0004815140099,0.003240369478,0.01783550267,,,,22.75,78.62416016,101.3741602,2254.224609,0.546875,0,2254.771484,0.546875,1.099609375,33,5.078125,40.5078125,0,1.927734375,45.5859375,2004373,154.740991,12.95308365,0.012426,5.421371,0,5.433797
184,hl#3,hl,2004373,3341,1,1,1,19.71428571,0.004332084875,0.99,384,,,,,,0,0,0,0,0,,,,,,,,,,0,,,,,,,,,,2304,1,0,1,0,35,0.1111943735,2269,0.5739415767,0.000297368034,0.0031769821,0.0178424874,,,,45.2734375,155.2477539,200.5211914,4504.289062,0.578125,0,4504.867188,0.578125,1.1640625,35,5.078125,62.484375,0,2.0390625,67.5625,2004373,134.701953,14.88005894,0.020128,10.417437,0,10.437565
184,ss[policy=difficulty],ss,2004373,3341,0.9459459459,1,0.9722222222,163.5142857,0.03361054413,1,1033,1023,,,,,0,0,0,0,0,,,,0.0002449643854,0,,1023,1,0,0,1023,1023,1023,1023,0,0,1.009775171,1.009775171,-0.009727703168,37,1,35,1,0.1142891069,2,0.003385597391,0,0,8.045921107e-05,6.086691449e-05,0.0002454632945,,,,42.80980469,89.80307617,132.6128809,2285.902344,5.0625,0,2290.964844,1.546875,2.16796875,37,5.46875,14.3984375,9.65625,1.020507812,19.8671875,2004373,151.906914,13.19474504,0.015112,24.554139,0.015735,24.584986
184,hybrid[head=topn-frontier reducer=streaming],hybrid,2004373,3341,0.9459459459,1,0.9722222222,24.22857143,0.004094669442,1,1098,1059,600,498,600,459,371,229,229,9640,4620,0.479253112,1,1.910371,0.0003257876653,0,,459,1,0,0,459,459,459,459,0,0,1.08496732,1.08496732,-0.08154986696,37,1,35,1,0.1118569248,2,0.00351880613,0,0,2.348918145e-05,0.0002230123834,0.0003257876653,,,,32.49332031,37.13341797,69.62673828,1367.608398,457.46875,451.171875,1825.077148,6.296875,10.14746094,229,5.46875,76.2734375,127.84375,1.145507812,127.84375,2004373,196.44524,10.2032149,0.066609,8.460104,0.382049,8.908762
185,hl,hl,1982847,3305,1,0.3684210526,0.5384615385,2434.789474,0.3247453996,0.9166666667,48,,,,,,0,0,0,0,0,,,,,,,,,,0,,,,,,,,,,288,0.9473684211,0,1,0,14,0.03959004401,274,0.158070189,0.0006863202534,0.002827860287,0.01053888676,,,,5.857421875,19.8559375,25.71335937,566.1806641,0.3125,0,566.4931641,0.3125,0.5556640625,14,5.078125,24.08398438,0,0.6787109375,29.16210938,1982847,137.592875,14.4109715,0.004046,1.365749,0,1.369795
185,hl#1,hl,1982847,3305,1,0.7894736842,0.8823529412,384.7105263,0.08637894086,0.8194444444,96,,,,,,0,0,0,0,0,,,,,,,,,,0,,,,,,,,,,576,1,0,1,0,30,0.09609919474,546,0.2870660217,0.0006652173897,0.003203306491,0.01749555059,,,,11.48828125,39.08292969,50.57121094,1129.195312,0.5625,0,1129.757812,0.5625,1.0703125,30,5.078125,29.71484375,0,1.569335938,34.79296875,1982847,162.033626,12.23725623,0.006057,2.626881,0,2.632938
185,hl#2,hl,1982847,3305,1,0.9473684211,0.972972973,73.73684211,0.01768186339,0.9566666667,192,,,,,,0,0,0,0,0,,,,,,,,,,0,,,,,,,,,,1152,1,0,1,0,36,0.1107604369,1116,0.4420028373,0.0004798292311,0.003076678802,0.01751118468,,,,22.75,77.28047852,100.0304785,2254.325195,0.59375,0,2254.918945,0.59375,1.200195312,36,5.078125,41.7578125,0,2.098632812,46.8359375,1982847,162.104387,12.23191449,0.00976,5.802943,0,5.812703
185,hl#3,hl,1982847,3305,1,0.9736842105,0.9866666667,21.73684211,0.005214114984,0.985,384,,,,,,0,0,0,0,0,,,,,,,,,,0,,,,,,,,,,2304,1,0,1,0,37,0.113003676,2267,0.5683807172,0.000295739754,0.003054153406,0.01753135769,,,,45.2734375,151.8043945,197.077832,4504.357422,0.609375,0,4504.966797,0.609375,1.232421875,37,5.078125,62.09375,0,2.154296875,67.171875,1982847,139.451445,14.21890609,0.019122,11.037785,0,11.056907
185,ss[policy=difficulty],ss,1982847,3305,0.9047619048,1,0.95,133.8421053,0.02877610475,1,1023,1023,,,,,0,0,0,0,0,,,,0.0002456064437,0,,1023,0,0,0,1023,1023,1023,1023,0,0,1,1,0,42,1,38,1,0.1174921716,4,0.006872441494,0,0,8.257727159e-05,0.0002258116738,0.0002456064437,,,,41.11488281,72.30010742,113.4149902,2261.1875,5.203125,0,2266.390625,1.6875,2.390625,42,5.46875,14.3984375,9.65625,1.169921875,19.8671875,1982847,157.259056,12.60879373,0.018271,24.422709,0.01148,24.45246
185,hybrid[head=topn-frontier reducer=streaming],hybrid,1982847,3305,0.9487179487,0.9736842105,0.961038961,132.2631579,0.02544123568,1,1059,1241,600,459,600,641,382,218,218,9640,4400,0.4564315353,1,1.76889,0.000930480264,1,641,641,0,1,641,641,641,641,641,1,1,0.7160686427,0.7160686427,0.3339792469,41,1,37,1,0.1127701734,4,0.006699457901,0,0,0.0001257861217,0.0006578924143,0.000930480264,,,,31.38683594,44.78304687,76.16988281,1284.818359,436,429.6875,1720.818359,6.3125,9.951171875,218,5.46875,77.0234375,128.7597656,1.258789062,128.7597656,1982847,198.393804,9.994500635,0.06726,8.041841,0.388032,8.497133
186,hl,hl,1995625,3327,1,0.5128205128,0.6779661017,2414.564103,0.2847784631,0.9340277778,48,,,,,,0,0,0,0,0,,,,,,,,,,0,,,,,,,,,,288,0.9743589744,0,1,0,20,0.06135671782,268,0.1497220169,0.0007329122734,0.003067835891,0.007568556217,,,,5.857421875,19.85908203,25.71650391,566.4306641,0.46875,0,566.8994141,0.46875,0.8056640625,20,5.078125,24.31835938,0,0.9443359375,29.39648438,1995625,125.434541,15.90969269,0.003239,1.390584,0,1.393823
186,hl#1,hl,1995625,3327,1,0.8461538462,0.9166666667,477.2307692,0.08956404021,0.8298611111,96,,,,,,0,0,0,0,0,,,,,,,,,,0,,,,,,,,,,576,1,0,1,0,33,0.1133389289,543,0.2788980896,0.000680967046,0.003434512997,0.01545631068,,,,11.48828125,39.15300781,50.64128906,1129.324219,0.640625,0,1129.964844,0.640625,1.19921875,33,5.078125,30.65234375,0,1.739257812,35.73046875,1995625,146.855702,13.58901951,0.004711,2.649052,0,2.653763
186,hl#2,hl,1995625,3327,1,0.9743589744,0.987012987,35.30769231,0.006593129274,0.9833333333,192,,,,,,0,0,0,0,0,,,,,,,,,,0,,,,,,,,,,1152,1,0,1,0,38,0.1284529909,1114,0.4359025368,0.0004898919511,0.003380341866,0.01543576574,,,,22.75,76.7706543,99.5206543,2254.391602,0.625,0,2255.016602,0.625,1.266601562,38,5.078125,42.0703125,0,2.211914062,47.1484375,1995625,146.303745,13.64028651,0.014482,5.847181,0,5.861663
186,hl#3,hl,1995625,3327,1,1,1,7.974358974,0.00141048177,0.9966666667,384,,,,,,0,0,0,0,0,,,,,,,,,,0,,,,,,,,,,2304,1,0,1,0,39,0.1305059818,2265,0.5560072659,0.0002979658193,0.003346307227,0.01543175697,,,,45.2734375,149.4956348,194.7690723,4504.423828,0.640625,0,4505.064453,0.640625,1.298828125,39,5.078125,62.5625,0,2.267578125,67.640625,1995625,126.13286,15.82161064,0.021361,10.827808,0,10.849169
186,ss[policy=difficulty],ss,1995625,3327,0.9285714286,1,0.962962963,128.2307692,0.02615454969,1,1023,1023,,,,,0,0,0,0,0,,,,0.0002259943627,0,,1023,0,0,0,1023,1023,1023,1023,0,0,1,1,0,42,1,39,1,0.1330575634,3,0.005269527091,0,0,6.95449868e-05,0.0001383025368,0.0002645787661,,,,40.69972656,89.9824707,130.6821973,2217.058594,5.203125,0,2222.261719,1.6875,2.39453125,42,5.46875,14.3984375,9.65625,1.169921875,19.8671875,1995625,144.643859,13.79681802,0.016019,23.716578,0.010573,23.74317
186,hybrid[head=topn-frontier reducer=streaming],hybrid,1995625,3327,0.9512195122,1,0.975,13.33333333,0.00219278074,1,1241,1241,600,641,600,641,404,196,196,9640,3960,0.4107883817,1,1.569794,0.0003247103038,0,,641,0,0,0,641,641,641,641,0,0,1,1,0,41,1,39,1,0.1308121516,2,0.003615909803,0,0,2.021495191e-05,0.0002841215158,0.0003247103038,,,,36.70425781,38.26753906,74.97179687,1616.845703,392.4375,386.71875,2009.283203,5.71875,9.009765625,196,5.46875,76.5234375,128.1279297,1.274414062,128.1279297,1995625,194.147315,10.27892145,0.096322,10.371259,0.364616,10.832197
187,hl,hl,1989934,3317,1,0.487804878,0.6557377049,2148.146341,0.3239846696,0.9513888889,48,,,,,,0,0,0,0,0,,,,,,,,,,0,,,,,,,,,,288,0.9512195122,0,1,0,20,0.06002611142,268,0.152643756,0.0007384370397,0.003001305571,0.009348048729,,,,5.857421875,19.7709375,25.62835937,566.4980469,0.53125,0,567.0292969,0.53125,0.873046875,20,5.078125,24.24023438,0,0.7529296875,29.31835938,1989934,134.487774,14.79639331,0.010687,1.338356,0,1.349043
187,hl#1,hl,1989934,3317,1,0.7317073171,0.8450704225,584.4390244,0.1254559273,0.8333333333,96,,,,,,0,0,0,0,0,,,,,,,,,,0,,,,,,,,,,576,1,0,1,0,30,0.09889121951,546,0.2864693,0.0006690286797,0.003296373984,0.01438288908,,,,11.48828125,38.98416016,50.47244141,1129.227539,0.59375,0,1129.821289,0.59375,1.102539062,30,5.078125,31.12109375,0,1.538085938,36.19921875,1989934,158.795928,12.53139186,0.00492,2.727024,0,2.731944
187,hl#2,hl,1989934,3317,1,0.9756097561,0.987654321,60.6097561,0.01385010557,0.9783333333,192,,,,,,0,0,0,0,0,,,,,,,,,,0,,,,,,,,,,1152,1,0,1,0,40,0.1227528149,1112,0.4347063772,0.0004839055487,0.003068820373,0.01445525329,,,,22.75,76.57948242,99.32948242,2254.486328,0.6875,0,2255.173828,0.6875,1.361328125,40,5.078125,42.2265625,0,2.290039062,47.3046875,1989934,158.315288,12.56943676,0.017945,5.880565,0,5.89851
187,hl#3,hl,1989934,3317,1,1,1,10.95121951,0.00257866903,0.9916666667,384,,,,,,0,0,0,0,0,,,,,,,,,,0,,,,,,,,,,2304,1,0,1,0,41,0.125392601,2263,0.5558717023,0.0002956876316,0.003058356121,0.01445525329,,,,45.2734375,148.9384766,194.2119141,4504.485352,0.671875,0,4505.157227,0.671875,1.360351562,41,5.078125,62.171875,0,2.375976562,67.25,1989934,136.793387,14.54700438,0.018896,10.976339,0,10.995235
187,ss[policy=difficulty],ss,1989934,3317,0.9761904762,1,0.9879518072,160.2926829,0.03682422217,1,1023,1023,,,,,0,0,0,0,0,,,,0.0002351836795,0,,1023,0,0,0,1023,1023,1023,1023,0,0,1,1,0,42,1,41,1,0.128702761,1,0.001672417276,0,0,8.047646663e-05,7.738950136e-05,0.0002743809594,,,,40.94261719,71.44370117,112.3863184,2235.135742,5.140625,0,2240.276367,1.625,2.331054688,42,5.46875,14.3984375,9.65625,1.166992188,19.8671875,1989934,154.612403,12.8704681,0.014179,24.096528,0.010182,24.120889
187,hybrid[head=topn-frontier reducer=streaming],hybrid,1989934,3317,0.9534883721,1,0.9761904762,16.92682927,0.004663367501,1,1241,1241,600,641,600,641,426,174,174,9640,3520,0.3651452282,1,1.513515,0.0001170893105,0,,641,0,0,0,641,641,641,641,0,0,1,1,0,43,1,41,1,0.1257488942,2,0.003394082417,0,0,1.259829092e-05,9.648561209e-05,0.0001170893105,,,,36.70152344,39.9105957,76.61211914,1631.248047,349.03125,343.75,1980.279297,5.28125,8.177734375,174,5.46875,76.5234375,128.09375,1.254882812,128.09375,1989934,205.348927,9.690501086,0.13597,10.433746,0.337077,10.906793
188,hl,hl,2002697,3338,1,0.4166666667,0.5882352941,2417.833333,0.3406165009,0.90625,48,,,,,,0,0,0,0,0,,,,,,,,,,0,,,,,,,,,,288,0.9444444444,0,1,0,15,0.04812809926,273,0.1548022492,0.0007046192654,0.003208539951,0.01307736517,,,,5.857421875,19.79677734,25.65419922,566.328125,0.453125,0,566.78125,0.453125,0.703125,15,5.078125,23.14648438,0,0.634765625,28.22460938,2002697,133.652756,14.98432999,0.003769,1.263358,0,1.267127
188,hl#1,hl,2002697,3338,1,0.7777777778,0.875,548.4444444,0.1110162448,0.8298611111,96,,,,,,0,0,0,0,0,,,,,,,,,,0,,,,,,,,,,576,1,0,1,0,28,0.09414754204,548,0.2861046878,0.0006601601213,0.003362412216,0.01634895344,,,,11.48828125,39.00548828,50.49376953,1129.158203,0.5625,0,1129.720703,0.5625,1.033203125,28,5.078125,31.12109375,0,1.456054688,36.19921875,2002697,157.308886,12.73098457,0.009792,2.487777,0,2.497569
188,hl#2,hl,2002697,3338,1,0.9722222222,0.985915493,49.97222222,0.01120006793,0.975,192,,,,,,0,0,0,0,0,,,,,,,,,,0,,,,,,,,,,1152,1,0,1,0,35,0.1130455581,1117,0.4424598429,0.0004822095495,0.003229873088,0.01641136927,,,,22.75,75.40322266,98.15322266,2254.291992,0.578125,0,2254.870117,0.578125,1.166992188,35,5.078125,41.7578125,0,2.041992188,46.8359375,2002697,157.214077,12.73866207,0.013197,5.507437,0,5.520634
188,hl#3,hl,2002697,3338,1,1,1,11.19444444,0.002432987036,0.9933333333,384,,,,,,0,0,0,0,0,,,,,,,,,,0,,,,,,,,,,2304,1,0,1,0,36,0.1153854028,2268,0.5654420015,0.0002954980053,0.003205150077,0.01641336658,,,,45.2734375,147.3402051,192.6136426,4504.322266,0.59375,0,4504.916016,0.59375,1.197265625,36,5.078125,62.171875,0,2.095703125,67.25,2002697,136.131417,14.71149749,0.019222,10.568874,0,10.588096
188,ss[policy=difficulty],ss,2002697,3338,0.9230769231,1,0.96,159.5277778,0.03516660377,1,1023,1007,,,,,0,0,0,0,0,,,,0.0002421734291,0,,1007,1,0,0,1007,1007,1007,1007,0,0,1.015888779,1.015888779,-0.01576387323,39,1,36,1,0.1183404179,3,0.005315332274,0,0,8.812475351e-05,0.00018974413,0.0002471666957,,,,41.11488281,72.80193359,113.9168164,2257.535156,5.28125,0,2262.816406,1.765625,2.41796875,39,5.46875,14.3984375,9.65625,1.06640625,19.8671875,2002697,158.013885,12.67418366,0.016716,27.595261,0.009923,27.6219
188,hybrid[head=topn-frontier reducer=streaming],hybrid,2002697,3338,0.972972973,1,0.9863013699,26.80555556,0.006693974147,1,1241,1241,600,641,600,641,397,203,203,9640,4100,0.4253112033,1,1.630437,0.0002821195618,0,,641,0,0,0,641,641,641,641,0,0,1,1,0,37,1,36,1,0.1159546352,1,0.001749141283,0,0,1.983811317e-05,0.0002521599623,0.0002821195618,,,,36.71664062,39.40475586,76.12139648,1643.202148,406.25,400.390625,2049.452148,5.859375,9.272460938,203,5.46875,76.2734375,127.7998047,1.211914062,127.7998047,2002697,211.527531,9.467784125,0.146414,10.415161,0.377923,10.939498
189,hl,hl,2059146,3432,1,0.5,0.6666666667,2493.472222,0.2921859873,0.9270833333,48,,,,,,0,0,0,0,0,,,,,,,,,,0,,,,,,,,,,288,0.9166666667,0,1,0,18,0.06547180239,270,0.1541347724,0.000762522829,0.003637322355,0.01494308806,,,,5.857421875,19.86634766,25.72376953,566.3388672,0.40625,0,566.7451172,0.40625,0.7138671875,18,5.078125,24.47460938,0,0.8994140625,29.55273438,2059146,121.913038,16.89028535,0.002574,1.368034,0,1.370608
189,hl#1,hl,2059146,3432,1,0.8611111111,0.9253731343,367.4722222,0.07272876783,0.8385416667,96,,,,,,0,0,0,0,0,,,,,,,,,,0,,,,,,,,,,576,1,0,1,0,31,0.1155347897,545,0.2819838904,0.0006901365974,0.003726928699,0.01557296083,,,,11.48828125,39.12352539,50.61180664,1129.265625,0.609375,0,1129.875,0.609375,1.140625,31,5.078125,30.73046875,0,1.728515625,35.80859375,2059146,142.581999,14.44183708,0.00461,2.61024,0,2.61485
189,hl#2,hl,2059146,3432,1,1,1,36.41666667,0.007069982065,0.975,192,,,,,,0,0,0,0,0,,,,,,,,,,0,,,,,,,,,,1152,1,0,1,0,36,0.1290428168,1116,0.4368859712,0.0004912576284,0.003584522688,0.01560501295,,,,22.75,76.80615234,99.55615234,2254.335938,0.59375,0,2254.929688,0.59375,1.2109375,36,5.078125,42.3046875,0,2.109375,47.3828125,2059146,141.895186,14.51173967,0.012128,5.649793,0,5.661921
189,hl#3,hl,2059146,3432,1,1,1,8.416666667,0.001599020113,0.9933333333,384,,,,,,0,0,0,0,0,,,,,,,,,,0,,,,,,,,,,2304,1,0,1,0,36,0.1295721624,2268,0.5585106641,0.0002986470601,0.003599226734,0.0156195821,,,,45.2734375,149.0448926,194.3183301,4504.335938,0.59375,0,4504.929688,0.59375,1.2109375,36,5.078125,62.5625,0,2.109375,67.640625,2059146,122.614184,16.79370145,0.021189,10.766241,0,10.78743
189,ss[policy=difficulty],ss,2059146,3432,0.9473684211,1,0.972972973,121.1388889,0.02301213586,1,1007,1007,,,,,0,0,0,0,0,,,,0.0002151377319,0,,1007,0,0,0,1007,1007,1007,1007,0,0,1,1,0,38,1,36,1,0.1317575344,2,0.003471342003,0,0,6.326076825e-05,0.0001430204561,0.0002151377319,,,,40.28496094,90.58741211,130.872373,2164.399414,4.984375,0,2169.383789,1.46875,2.118164062,38,5.46875,14.3984375,9.65625,1.078125,19.8671875,2059146,140.262615,14.68064744,0.01398,22.74755,0.015532,22.777062
189,hybrid[head=topn-frontier reducer=streaming],hybrid,2059146,3432,1,1,1,14.22222222,0.002207772208,1,1241,1131,600,641,600,531,414,186,186,9640,3760,0.3900414938,1,1.552581,0.000107811685,0,,531,1,0,0,531,531,531,531,0,0,1.207156309,1.207156309,-0.1882674357,36,1,36,1,0.1298883129,0,0,0,0,6.906854697e-06,0,0.000107811685,,,,36.69855469,39.6647168,76.36327148,1600.154297,372.78125,367.1875,1972.935547,5.59375,8.708984375,186,5.46875,76.2734375,127.7509766,1.125,127.7509766,2059146,187.717698,10.96937594,0.082006,10.249611,0.35638,10.687997
190,hl,hl,2039842,3400,1,0.3571428571,0.5263157895,2996.857143,0.3502382447,0.9305555556,48,,,,,,0,0,0,0,0,,,,,,,,,,0,,,,,,,,,,288,0.9047619048,0,1,0,15,0.03623270822,273,0.1602075063,0.0006820840781,0.002415513881,0.004697422644,,,,5.857421875,19.83363281,25.69105469,566.2431641,0.359375,0,566.6025391,0.359375,0.6181640625,15,5.078125,23.92773438,0,0.80078125,29.00585938,2039842,139.830076,14.58800609,0.005448,1.309406,0,1.314854
190,hl#1,hl,2039842,3400,1,0.880952381,0.9367088608,438.4761905,0.08223607785,0.8055555556,96,,,,,,0,0,0,0,0,,,,,,,,,,0,,,,,,,,,,576,1,0,1,0,37,0.1115836423,539,0.2767184909,0.0006741356479,0.003015774115,0.016932684,,,,11.48828125,39.00411133,50.49239258,1129.425781,0.671875,0,1130.097656,0.671875,1.30078125,37,5.078125,30.26171875,0,1.966796875,35.33984375,2039842,162.978662,12.51600654,0.004715,2.464694,0,2.469409
190,hl#2,hl,2039842,3400,1,0.9761904762,0.9879518072,33.47619048,0.007210521146,0.9583333333,192,,,,,,0,0,0,0,0,,,,,,,,,,0,,,,,,,,,,1152,1,0,1,0,41,0.1254852091,1111,0.4339130188,0.0004855887395,0.003060614857,0.01702975034,,,,22.75,77.57120117,100.3212012,2254.494141,0.671875,0,2255.166016,0.671875,1.369140625,41,5.078125,43.0859375,0,2.384765625,48.1640625,2039842,163.549412,12.47232855,0.011234,5.734795,0,5.746029
190,hl#3,hl,2039842,3400,1,1,1,10.28571429,0.002010583946,0.9916666667,384,,,,,,0,0,0,0,0,,,,,,,,,,0,,,,,,,,,,2304,1,0,1,0,42,0.1275191902,2262,0.5582353927,0.0002976365377,0.003036171196,0.0170204359,,,,45.2734375,150.8406152,196.1140527,4504.526367,0.6875,0,4505.213867,0.6875,1.401367188,42,5.078125,62.25,0,2.440429688,67.328125,2039842,142.681441,14.29647742,0.019582,10.838866,0,10.858448
190,ss[policy=difficulty],ss,2039842,3400,0.9545454545,1,0.976744186,160.9047619,0.03122139856,1,1007,1091,,,,,0,0,0,0,0,,,,0.0002706091942,1,1091,1091,0,1,1091,1091,1091,1091,1091,1,1,0.9230064161,0.9230064161,0.08011909311,44,1,42,1,0.1308380747,2,0.003401734056,0,0,7.789150514e-05,5.711226654e-05,0.0002715896623,,,,40.7784375,72.19161133,112.9700488,2253.902344,5.328125,0,2259.230469,1.8125,2.55859375,44,5.46875,14.3984375,9.65625,1.215820312,19.8671875,2039842,162.379945,12.56215477,0.013978,24.796887,0.010117,24.820982
190,hybrid[head=topn-frontier reducer=streaming],hybrid,2039842,3400,0.976744186,1,0.9882352941,15,0.003478995341,1,1131,1131,600,531,600,531,413,187,187,9640,3780,0.3921161826,1,1.502725,0.0006020074104,0,,531,0,0,0,531,531,531,531,0,0,1,1,0,43,1,42,1,0.1278339205,1,0.001957994786,0,0,2.118267117e-05,0.0006020074104,0.0006020074104,,,,33.91535156,38.14858398,72.06393555,1446.802734,374.78125,369.140625,1821.583984,5.640625,8.724609375,187,5.46875,76.5234375,128.0644531,1.254882812,128.0644531,2039842,205.331132,9.934401959,0.075894,9.541802,0.350532,9.968228
191,hl,hl,1982493,3305,1,0.5588235294,0.7169811321,2642.5,0.2831091549,0.9444444444,48,,,,,,0,0,0,0,0,,,,,,,,,,0,,,,,,,,,,288,0.9411764706,0,1,0,19,0.05237294659,269,0.1497599235,0.0007018502433,0.002756470873,0.009534459895,,,,5.857421875,19.81467773,25.67209961,566.4042969,0.453125,0,566.8574219,0.453125,0.779296875,19,5.078125,24.00585938,0,0.8251953125,29.08398438,1982493,138.194083,14.34571551,0.003071,1.303333,0,1.306404
191,hl#1,hl,1982493,3305,1,0.9117647059,0.9538461538,328.7058824,0.06191924652,0.8229166667,96,,,,,,0,0,0,0,0,,,,,,,,,,0,,,,,,,,,,576,1,0,1,0,31,0.1036331528,545,0.2812902744,0.0006682698389,0.003343004929,0.0186663963,,,,11.48828125,38.96013672,50.44841797,1129.259766,0.609375,0,1129.869141,0.609375,1.134765625,31,5.078125,31.04296875,0,1.561523438,36.12109375,1982493,161.48898,12.27633613,0.008009,2.494972,0,2.502981
191,hl#2,hl,1982493,3305,1,1,1,47.76470588,0.01004852118,0.96,192,,,,,,0,0,0,0,0,,,,,,,,,,0,,,,,,,,,,1152,1,0,1,0,34,0.1135716494,1118,0.4381468182,0.0004789222809,0.00334034263,0.01885605649,,,,22.75,76.08077148,98.83077148,2254.263672,0.5625,0,2254.826172,0.5625,1.138671875,34,5.078125,41.8359375,0,1.990234375,46.9140625,1982493,160.949068,12.31751774,0.012046,5.617681,0,5.629727
191,hl#3,hl,1982493,3305,1,1,1,10.61764706,0.00178792302,0.99,384,,,,,,0,0,0,0,0,,,,,,,,,,0,,,,,,,,,,2304,1,0,1,0,34,0.1141310461,2270,0.563858233,0.0002942661802,0.003356795474,0.01884395052,,,,45.2734375,146.213252,191.4866895,4504.263672,0.5625,0,4504.826172,0.5625,1.138671875,34,5.078125,63.1875,0,1.990234375,68.265625,1982493,137.777421,14.38909936,0.021382,10.751447,0,10.772829
191,ss[policy=difficulty],ss,1982493,3305,0.8947368421,1,0.9444444444,134.8529412,0.02504380454,1,1091,1091,,,,,0,0,0,0,0,,,,0.0002148809605,0,,1091,0,0,0,1091,1091,1091,1091,0,0,1,1,0,38,1,34,1,0.1164977632,4,0.007040630156,0,0,7.919321783e-05,0.0001741494169,0.0002421193921,,,,44.27300781,74.34211914,118.615127,2379.548828,4.984375,0,2384.533203,1.46875,2.111328125,38,5.46875,14.3984375,9.65625,1.07421875,19.8671875,1982493,159.210314,12.45203875,0.015918,25.395933,0.020204,25.432055
191,hybrid[head=topn-frontier reducer=streaming],hybrid,1982493,3305,1,1,1,16.38235294,0.004168537644,1,1131,1131,600,531,600,531,402,198,198,9640,4000,0.4149377593,0,17.078449,0.0002809593779,0,,531,0,0,0,531,531,531,531,0,0,1,1,0,34,1,34,1,0.1144659779,0,0,0,0,8.263511115e-06,0,0.0002809593779,,,,33.92457031,37.16594727,71.09051758,1424.250977,947.21875,941.40625,2371.469727,5.8125,9.110351562,198,5.46875,76.0859375,127.5097656,1.079101562,127.5097656,1982493,199.850641,9.919873112,0.068819,8.970076,0.37017,9.409065
192,hl,hl,2018382,3364,1,0.5675675676,0.724137931,2753.108108,0.3051810842,0.9513888889,48,,,,,,0,0,0,0,0,,,,,,,,,,0,,,,,,,,,,288,0.9459459459,0,1,0,21,0.0629112824,267,0.1463375119,0.0007265583137,0.002995775353,0.008884839441,,,,5.857421875,19.855625,25.71304687,566.5625,0.578125,0,567.140625,0.578125,0.9375,21,5.078125,22.67773438,0,0.8671875,27.75585938,2018382,128.695127,15.68343765,0.00368,1.326765,0,1.330445
192,hl#1,hl,2018382,3364,0.9655172414,0.7567567568,0.8484848485,626.6756757,0.08940210425,0.8350694444,96,,,,,,0,0,0,0,0,,,,,,,,,,0,,,,,,,,,,576,1,0,1,0,29,0.1067255851,547,0.2842058639,0.0006787004324,0.003680192591,0.01804366071,,,,11.48828125,39.31474609,50.80302734,1129.132812,0.515625,0,1129.648438,0.515625,1.0078125,29,5.078125,30.02734375,0,1.55078125,35.10546875,2018382,150.044105,13.45192469,0.009761,2.572136,0,2.581897
192,hl#2,hl,2018382,3364,1,0.972972973,0.9863013699,47.75675676,0.009403570603,0.9633333333,192,,,,,,0,0,0,0,0,,,,,,,,,,0,,,,,,,,,,1152,1,0,1,0,36,0.127699811,1116,0.4349493802,0.0004884107563,0.003547216973,0.02031775947,,,,22.75,77.38271484,100.1327148,2254.363281,0.625,0,2254.988281,0.625,1.23828125,36,5.078125,41.6015625,0,2.072265625,46.6796875,2018382,149.625472,13.48956146,0.012526,5.727857,0,5.740383
192,hl#3,hl,2018382,3364,1,0.972972973,0.9863013699,5.810810811,0.00106393239,0.99,384,,,,,,0,0,0,0,0,,,,,,,,,,0,,,,,,,,,,2304,1,0,1,0,36,0.1284459532,2268,0.5606604696,0.0002990913294,0.003567943146,0.02031478679,,,,45.2734375,151.2276465,196.501084,4504.332031,0.59375,0,4504.925781,0.59375,1.20703125,36,5.078125,62.015625,0,2.10546875,67.09375,2018382,129.978711,15.52855837,0.021269,10.734754,0,10.756023
192,ss[policy=difficulty],ss,2018382,3364,0.925,1,0.961038961,113.3783784,0.02022843563,1,1091,1091,,,,,0,0,0,0,0,,,,0.0001892605067,0,,1091,0,0,0,1091,1091,1091,1091,0,0,1,1,0,40,1,37,1,0.1322128319,3,0.005074361543,0,0,5.937924536e-05,9.892412173e-05,0.0002249326441,,,,44.26160156,75.36177734,119.6233789,2345.342773,5.171875,0,2350.514648,1.65625,2.334960938,40,5.46875,14.3984375,9.65625,1.088867188,19.8671875,2018382,149.557465,13.49569545,0.015644,25.048316,0.016412,25.080372
192,hybrid[head=topn-frontier reducer=streaming],hybrid,2018382,3364,1,1,1,32.7027027,0.00420439032,1,1131,1131,600,531,600,531,403,197,197,9640,3980,0.4128630705,1,1.699303,0.0002645683523,0,,531,0,0,0,531,531,531,531,0,0,1,1,0,37,1,37,1,0.1307339245,0,0,0,0,1.620243477e-05,0,0.0002645683523,,,,33.91226563,37.54772461,71.45999023,1414.927734,394.5625,388.671875,1809.490234,5.890625,9.185546875,197,5.46875,76.5234375,128.0205078,1.185546875,128.0205078,2018382,191.561458,10.53647232,0.130746,9.041118,0.372288,9.544152
193,hl,hl,2030031,3384,1,0.5,0.6666666667,3059.305556,0.3083262836,0.9375,48,,,,,,0,0,0,0,0,,,,,,,,,,0,,,,,,,,,,288,0.9444444444,0,1,0,18,0.04331953551,270,0.1520774806,0.0006784618615,0.002406640862,0.007397916584,,,,5.857421875,19.78257813,25.64,566.4023438,0.46875,0,566.8710938,0.46875,0.77734375,18,5.078125,24.16210938,0,0.900390625,29.24023438,2030031,130.094636,15.60426365,0.002657,1.36406,0,1.366717
193,hl#1,hl,2030031,3384,1,0.9444444444,0.9714285714,660.6944444,0.09455454638,0.8263888889,96,,,,,,0,0,0,0,0,,,,,,,,,,0,,,,,,,,,,576,1,0,1,0,34,0.1047215535,542,0.2764100647,0.0006616868371,0.003080045692,0.01992334107,,,,11.48828125,39.13285156,50.62113281,1129.361328,0.65625,0,1130.017578,0.65625,1.236328125,34,5.078125,31.35546875,0,1.866210938,36.43359375,2030031,154.483213,13.14078702,0.009895,2.643323,0,2.653218
193,hl#2,hl,2030031,3384,1,1,1,23.05555556,0.004460602416,0.97,192,,,,,,0,0,0,0,0,,,,,,,,,,0,,,,,,,,,,1152,1,0,1,0,36,0.1185307022,1116,0.4411878439,0.0004858667936,0.003292519507,0.01994649343,,,,22.75,76.89733398,99.64733398,2254.332031,0.59375,0,2254.925781,0.59375,1.20703125,36,5.078125,43.0859375,0,2.10546875,48.1640625,2030031,155.195554,13.08047136,0.011297,5.939753,0,5.95105
193,hl#3,hl,2030031,3384,1,1,1,7.527777778,0.001254257055,0.995,384,,,,,,0,0,0,0,0,,,,,,,,,,0,,,,,,,,,,2304,1,0,1,0,36,0.1187666592,2268,0.5662869188,0.0002973322821,0.003299073867,0.01994944905,,,,45.2734375,150.1948633,195.4683008,4504.332031,0.59375,0,4504.925781,0.59375,1.20703125,36,5.078125,63.421875,0,2.10546875,68.5,2030031,134.446667,15.09915452,0.023545,11.190359,0,11.213904
193,ss[policy=difficulty],ss,2030031,3384,0.9230769231,1,0.96,99.75,0.01727237406,1,1091,1091,,,,,0,0,0,0,0,,,,0.0001916226895,0,,1091,0,0,0,1091,1091,1091,1091,0,0,1,1,0,39,1,36,1,0.1205370755,3,0.005307308115,0,0,5.609362363e-05,0.0001395709392,0.0001916226895,,,,44.26640625,74.9434668,119.209873,2369.780273,5.15625,0,2374.936523,1.640625,2.303710938,39,5.46875,14.3984375,9.65625,1.1015625,19.8671875,2030031,153.922983,13.18861524,0.014224,25.509606,0.015918,25.539748
193,hybrid[head=topn-frontier reducer=streaming],hybrid,2030031,3384,0.972972973,1,0.9863013699,7.305555556,0.00144946899,1,1131,1076,600,531,600,476,392,208,208,9640,4200,0.4356846473,1,1.833151,0.0004251166608,0,,476,1,0,0,476,476,476,476,0,0,1.115546218,1.115546218,-0.109344167,37,1,36,1,0.1188976917,1,0.001773864537,0,0,1.49911171e-05,0.0004251166608,0.0004251166608,,,,33.91609375,37.35064453,71.26673828,1419.466797,416.125,410.15625,1835.591797,5.96875,9.396484375,208,5.46875,76.2734375,127.7119141,1.17578125,127.7119141,2030031,190.602258,10.65061359,0.069729,8.943817,0.378386,9.391932
194,hl,hl,2144664,3575,1,0.5142857143,0.679245283,2984.571429,0.3308537434,0.9270833333,48,,,,,,0,0,0,0,0,,,,,,,,,,0,,,,,,,,,,288,0.9428571429,0,1,0,18,0.05155259752,270,0.1498094806,0.0006991738825,0.002864033195,0.009362305704,,,,5.857421875,19.8178125,25.67523437,566.3369141,0.40625,0,566.7431641,0.40625,0.7119140625,18,5.078125,24.47460938,0,0.9638671875,29.55273438,2144664,130.508951,16.43307975,0.011017,1.696341,0,1.707358
194,hl#1,hl,2144664,3575,1,0.8857142857,0.9393939394,663.2857143,0.09690092907,0.8159722222,96,,,,,,0,0,0,0,0,,,,,,,,,,0,,,,,,,,,,576,1,0,1,0,31,0.1045609009,545,0.2742746649,0.0006577006352,0.003372932288,0.01864114845,,,,11.48828125,39.19041992,50.67870117,1129.222656,0.578125,0,1129.800781,0.578125,1.09765625,31,5.078125,31.12109375,0,1.684570312,36.19921875,2144664,153.814519,13.94318309,0.014155,3.754468,0,3.768623
194,hl#2,hl,2144664,3575,1,1,1,44.91428571,0.008748191103,0.9583333333,192,,,,,,0,0,0,0,0,,,,,,,,,,0,,,,,,,,,,1152,1,0,1,0,35,0.119684482,1117,0.4258405979,0.0004735460763,0.00341955663,0.01868824207,,,,22.75,77.44703125,100.1970312,2254.289062,0.578125,0,2254.867188,0.578125,1.1640625,35,5.078125,42.5390625,0,2.0390625,47.6171875,2144664,154.538694,13.87784473,0.00912,5.969124,0,5.978244
194,hl#3,hl,2144664,3575,1,1,1,9.028571429,0.001731042234,0.9916666667,384,,,,,,0,0,0,0,0,,,,,,,,,,0,,,,,,,,,,2304,1,0,1,0,35,0.1202104386,2269,0.5453660807,0.0002888786976,0.003434583959,0.01870735929,,,,45.2734375,151.2404102,196.5138477,4504.289062,0.578125,0,4504.867188,0.578125,1.1640625,35,5.078125,62.484375,0,2.0390625,67.5625,2144664,134.984617,15.88821043,0.030235,10.989679,0,11.019914
194,ss[policy=difficulty],ss,2144664,3575,0.9722222222,1,0.985915493,118.7714286,0.02096547024,1,1091,942,,,,,0,0,0,0,0,,,,0.0001813803934,0,,942,1,0,0,942,942,942,942,0,0,1.158174098,1.158174098,-0.1468447113,36,1,35,1,0.1221869719,1,0.001670191694,0,0,5.579739608e-05,7.040729923e-05,0.0002149520857,,,,44.26453125,75.35746094,119.6219922,2368.875977,4.921875,0,2373.797852,1.40625,2.008789062,36,5.46875,14.3984375,9.65625,1.059570312,19.8671875,2144664,153.296842,13.99026863,0.020254,26.560638,0.009475,26.590367
194,hybrid[head=topn-frontier reducer=streaming],hybrid,2144664,3575,0.9722222222,1,0.985915493,17.71428571,0.002324606723,1,1076,1076,600,476,600,476,380,220,220,9640,4440,0.4605809129,1,1.70778,0.0005669885819,0,,476,0,0,0,476,476,476,476,0,0,1,1,0,36,1,35,1,0.1205377626,1,0.001798416908,0,0,2.377994875e-05,0.0005669885819,0.0005669885819,,,,31.80710937,36.32039063,68.1275,1315.205078,439.71875,433.59375,1754.923828,6.125,9.798828125,220,5.46875,76.2734375,127.6923828,1.125,127.6923828,2144664,192.641758,11.13291335,0.084383,8.330141,0.372341,8.786865
195,hl,hl,1882115,3137,1,0.4736842105,0.6428571429,2400.763158,0.3173425457,0.9375,48,,,,,,0,0,0,0,0,,,,,,,,,,0,,,,,,,,,,288,0.9473684211,0,1,0,18,0.06048355175,270,0.1395594849,0.0006945938774,0.003360197319,0.01467072947,,,,5.857421875,19.83516602,25.69258789,566.375,0.4375,0,566.8125,0.4375,0.75,18,5.078125,23.92773438,0,0.9384765625,29.00585938,1882115,124.723762,15.09026804,0.003381,1.422779,0,1.42616
195,hl#1,hl,1882115,3137,1,0.7105263158,0.8307692308,961.5789474,0.1488061818,0.8229166667,96,,,,,,0,0,0,0,0,,,,,,,,,,0,,,,,,,,,,576,1,0,1,0,27,0.09789571838,549,0.2691142677,0.0006371701148,0.003625767347,0.01484765809,,,,11.48828125,39.12324219,50.61152344,1129.105469,0.515625,0,1129.621094,0.515625,0.98046875,27,5.078125,31.27734375,0,1.506835938,36.35546875,1882115,144.604334,13.01561957,0.004627,2.545104,0,2.549731
195,hl#2,hl,1882115,3137,1,0.9210526316,0.9589041096,178.5263158,0.02845238599,0.9733333333,192,,,,,,0,0,0,0,0,,,,,,,,,,0,,,,,,,,,,1152,1,0,1,0,35,0.1225897461,1117,0.4145240859,0.0004662446459,0.003502564175,0.01703721611,,,,22.75,77.88292969,100.6329297,2254.299805,0.578125,0,2254.87793,0.578125,1.174804688,35,5.078125,41.2890625,0,2.049804688,46.3671875,1882115,143.102607,13.15220623,0.008481,5.381342,0,5.389823
195,hl#3,hl,1882115,3137,1,1,1,7,0.001526774348,0.9916666667,384,,,,,,0,0,0,0,0,,,,,,,,,,0,,,,,,,,,,2304,1,0,1,0,38,0.1305361256,2266,0.5289395175,0.0002862307479,0.0034351612,0.01705103036,,,,45.2734375,151.6700391,196.9434766,4504.393555,0.625,0,4505.018555,0.625,1.268554688,38,5.078125,61.703125,0,2.213867188,66.78125,1882115,124.397962,15.12978967,0.016523,10.288736,0,10.305259
195,ss[policy=difficulty],ss,1882115,3137,0.9268292683,1,0.9620253165,191.7368421,0.04369329026,1,942,1088,,,,,0,0,0,0,0,,,,0.0002885052189,1,1088,1088,0,1,1088,1088,1088,1088,1088,1,1,0.8658088235,0.8658088235,0.1440911528,41,1,38,1,0.1344062398,3,0.005165996764,0,0,0.0001044103018,0.0001365485106,0.0003602330357,,,,38.80402344,72.35763672,111.1616602,2066.514648,5.28125,0,2071.795898,1.765625,2.459960938,41,5.46875,14.3984375,9.65625,1.114257812,19.8671875,1882115,140.858576,13.36173525,0.013308,21.483352,0.014265,21.510925
195,hybrid[head=topn-frontier reducer=streaming],hybrid,1882115,3137,0.95,1,0.9743589744,118.7894737,0.02096010342,1,1076,1195,600,476,600,595,379,221,221,9640,4460,0.4626556017,1,1.790732,0.0008331053097,1,595,595,0,1,595,595,595,595,595,1,1,0.8,0.8,0.2231435513,40,1,38,1,0.1297423377,2,0.003505099316,0,0,7.766528613e-05,0.0003243691273,0.0008331053097,,,,31.67578125,36.53621094,68.21199219,1305.941406,441.75,435.546875,1747.691406,6.203125,9.92578125,221,5.46875,76.5234375,128.1376953,1.284179688,128.1376953,1882115,183.713839,10.24481885,0.062557,8.250019,0.383605,8.696181
196,hl,hl,2153830,3590,1,0.5483870968,0.7083333333,3011.419355,0.3318289768,0.9409722222,48,,,,,,0,0,0,0,0,,,,,,,,,,0,,,,,,,,,,288,1,0,1,0,17,0.05074959491,271,0.1455147342,0.000681473365,0.002985270289,0.01033832754,,,,5.857421875,19.88257812,25.74,566.3701172,0.453125,0,566.8232422,0.453125,0.7451171875,17,5.078125,24.47460938,0,0.751953125,29.55273438,2153830,137.096598,15.7103096,0.003605,1.489503,0,1.493108
196,hl#1,hl,2153830,3590,1,0.8709677419,0.9310344828,843.0645161,0.1127173383,0.8315972222,96,,,,,,0,0,0,0,0,,,,,,,,,,0,,,,,,,,,,576,0.9677419355,0,1,0,27,0.09418013492,549,0.267008074,0.0006270628627,0.003488153145,0.01664337483,,,,11.48828125,39.22587891,50.71416016,1129.099609,0.515625,0,1129.615234,0.515625,0.974609375,27,5.078125,31.19921875,0,1.501953125,36.27734375,2153830,161.434623,13.34180958,0.00794,2.718494,0,2.726434
196,hl#2,hl,2153830,3590,1,0.9677419355,0.9836065574,53.16129032,0.01002432359,0.9766666667,192,,,,,,0,0,0,0,0,,,,,,,,,,0,,,,,,,,,,1152,1,0,1,0,30,0.1079263452,1122,0.4164135517,0.0004551561604,0.003597544839,0.01670094669,,,,22.75,77.61131836,100.3613184,2254.131836,0.5,0,2254.631836,0.5,1.006835938,30,5.078125,40.8984375,0,1.764648438,45.9765625,2153830,162.110472,13.28618672,0.01241,5.649254,0,5.661664
196,hl#3,hl,2153830,3590,1,1,1,10.87096774,0.002021094417,0.9916666667,384,,,,,,0,0,0,0,0,,,,,,,,,,0,,,,,,,,,,2304,1,0,1,0,31,0.1103308989,2273,0.5300450825,0.0002779409641,0.003559061255,0.016704661,,,,45.2734375,153.1823242,198.4557617,4504.164062,0.515625,0,4504.679688,0.515625,1.0390625,31,5.078125,62.328125,0,1.8203125,67.40625,2153830,142.050083,15.16246914,0.020038,10.691584,0,10.711622
196,ss[policy=difficulty],ss,2153830,3590,0.9117647059,1,0.9538461538,169.483871,0.02987944514,1,1088,1088,,,,,0,0,0,0,0,,,,0.0002237873927,0,,1088,0,0,0,1088,1088,1088,1088,0,0,1,1,0,34,1,31,1,0.112745667,3,0.005148967189,0,0,8.492395626e-05,0.0001493463582,0.0002613948176,,,,44.19773438,95.58450195,139.7822363,2372.188477,4.984375,0,2377.172852,1.46875,2.040039062,34,5.46875,14.3984375,9.65625,0.9482421875,19.8671875,2153830,161.292354,13.35357781,0.014814,25.246106,0.011598,25.272518
196,hybrid[head=topn-frontier reducer=streaming],hybrid,2153830,3590,1,1,1,84.48387097,0.0136007011,1,1195,1195,600,595,600,595,389,211,211,9640,4260,0.4419087137,1,1.949446,0.0004327175311,0,,595,0,0,0,595,595,595,595,0,0,1,1,0,31,1,31,1,0.111522265,0,0,0,0,3.922494856e-05,0,0.0004327175311,,,,35.55238281,38.74660156,74.29898438,1542.615234,421.90625,416.015625,1964.521484,5.890625,9.435546875,211,5.46875,73.8359375,125.2597656,1.073242188,125.2597656,2153830,214.463621,10.04286876,0.084324,9.781553,0.359195,10.225072
197,hl,hl,2239479,3733,1,0.4705882353,0.64,4285.235294,0.3063825795,0.9270833333,48,,,,,,0,0,0,0,0,,,,,,,,,,0,,,,,,,,,,288,1,0,1,0,16,0.05950982349,272,0.1396838282,0.0006916446241,0.003719363968,0.01129548435,,,,5.857421875,19.84025391,25.69767578,566.3955078,0.5,0,566.8955078,0.5,0.7705078125,16,5.078125,25.02148438,0,0.5908203125,30.09960938,2239479,147.761075,15.15608221,0.006843,1.494854,0,1.501697
197,hl#1,hl,2239479,3733,1,0.7058823529,0.8275862069,2531.264706,0.1092030053,0.8229166667,96,,,,,,0,0,0,0,0,,,,,,,,,,0,,,,,,,,,,576,1,0,1,0,24,0.09279077857,552,0.2656162438,0.0006222344138,0.00386628244,0.01533481671,,,,11.48828125,39.24304687,50.73132812,1129.005859,0.46875,0,1129.474609,0.46875,0.880859375,24,5.078125,30.65234375,0,1.303710938,35.73046875,2239479,170.802148,13.11153885,0.004243,2.626121,0,2.630364
197,hl#2,hl,2239479,3733,1,1,1,66.85294118,0.01217481265,0.9683333333,192,,,,,,0,0,0,0,0,,,,,,,,,,0,,,,,,,,,,1152,1,0,1,0,34,0.1444920895,1118,0.3986543299,0.0004714812668,0.004249767337,0.03236511707,,,,22.75,76.86842773,99.61842773,2254.297852,0.59375,0,2254.891602,0.59375,1.172851562,34,5.078125,40.8984375,0,1.959960938,45.9765625,2239479,168.853847,13.26282486,0.00919,5.305746,0,5.314936
197,hl#3,hl,2239479,3733,1,1,1,14.23529412,0.001912188605,0.99,384,,,,,,0,0,0,0,0,,,,,,,,,,0,,,,,,,,,,2304,1,0,1,0,34,0.1453936384,2270,0.5118132387,0.0002852460404,0.004276283483,0.03234279044,,,,45.2734375,149.0692383,194.3426758,4504.266602,0.5625,0,4504.829102,0.5625,1.141601562,34,5.078125,61.859375,0,1.993164062,66.9375,2239479,150.288043,14.90124534,0.019816,9.926082,0,9.945898
197,ss[policy=difficulty],ss,2239479,3733,0.8717948718,1,0.9315068493,184.5294118,0.03162183553,1,1088,1088,,,,,0,0,0,0,0,,,,0.0002192474232,0,,1088,0,0,0,1088,1088,1088,1088,0,0,1,1,0,39,1,34,1,0.1482255471,5,0.008630132276,0,0,8.421143649e-05,9.654031138e-05,0.0002192474232,,,,44.16644531,71.77905273,115.945498,2275.547852,5.03125,0,2280.579102,1.515625,2.172851562,39,5.46875,14.3984375,9.65625,1.099609375,19.8671875,2239479,170.986879,13.0973734,0.013967,24.243364,0.009443,24.266774
197,hybrid[head=topn-frontier reducer=streaming],hybrid,2239479,3733,0.9444444444,1,0.9714285714,34.08823529,0.00712039677,1,1195,1195,600,595,600,595,405,195,195,9640,3940,0.4087136929,1,1.528158,0.0002254988772,0,,595,0,0,0,595,595,595,595,0,0,1,1,0,36,1,34,1,0.1459415337,2,0.003615573086,0,0,2.60973398e-05,0.0002109865732,0.0002254988772,,,,35.50984375,38.54162109,74.05146484,1502.054688,390.34375,384.765625,1892.398438,5.578125,8.8046875,195,5.46875,76.5234375,127.9423828,1.181640625,127.9423828,2239479,221.142824,10.12684454,0.077322,9.546088,0.35009,9.9735
198,hl,hl,2246933,3745,1,0.4054054054,0.5769230769,2627.72973,0.3275519608,0.9409722222,48,,,,,,0,0,0,0,0,,,,,,,,,,0,,,,,,,,,,288,0.972972973,0,1,0,15,0.05112613505,273,0.1517205898,0.0007043289057,0.003408409003,0.01090953758,,,,5.857421875,19.87189453,25.72931641,566.3320312,0.453125,0,566.7851562,0.453125,0.70703125,15,5.078125,26.03710938,0,0.7314453125,31.11523438,2246933,143.148798,15.69648528,0.014317,1.557645,0,1.571962
198,hl#1,hl,2246933,3745,1,0.7027027027,0.8253968254,648.5405405,0.1131006152,0.8315972222,96,,,,,,0,0,0,0,0,,,,,,,,,,0,,,,,,,,,,576,1,0,1,0,26,0.09358489995,550,0.2697160975,0.0006307308983,0.003599419229,0.01432842012,,,,11.48828125,38.4843457,49.97262695,1129.070312,0.5,0,1129.570312,0.5,0.9453125,26,5.078125,30.88671875,0,1.3828125,35.96484375,2246933,168.657228,13.32248269,0.00506,2.818995,0,2.824055
198,hl#2,hl,2246933,3745,1,0.9459459459,0.9722222222,56.35135135,0.01081873454,0.9716666667,192,,,,,,0,0,0,0,0,,,,,,,,,,0,,,,,,,,,,1152,1,0,1,0,35,0.1163376923,1117,0.403265696,0.0004510446079,0.003323934066,0.01437292523,,,,22.75,75.83916016,98.58916016,2254.296875,0.578125,0,2254.875,0.578125,1.171875,35,5.078125,42.3828125,0,2.046875,47.4609375,2246933,169.31237,13.2709323,0.011207,5.795878,0,5.807085
198,hl#3,hl,2246933,3745,1,1,1,14.51351351,0.002687856415,0.995,384,,,,,,0,0,0,0,0,,,,,,,,,,0,,,,,,,,,,2304,1,0,1,0,37,0.120515832,2267,0.5133797937,0.0002751283098,0.003257184649,0.01439428768,,,,45.2734375,149.5730371,194.8464746,4504.361328,0.609375,0,4504.970703,0.609375,1.236328125,37,5.078125,62.71875,0,2.158203125,67.796875,2246933,149.44216,15.03546924,0.020076,10.786248,0,10.806324
198,ss[policy=difficulty],ss,2246933,3745,1,1,1,173.9189189,0.0323762469,1,1088,1088,,,,,0,0,0,0,0,,,,0.0002096190674,0,,1088,0,0,0,1088,1088,1088,1088,0,0,1,1,0,37,1,37,1,0.123346357,0,0,0,0,7.740280592e-05,0,0.0002096190674,,,,44.19683594,74.69,118.8868359,2374.697266,5,0,2379.697266,1.484375,2.111328125,37,5.46875,14.3984375,9.65625,1.020507812,19.8671875,2246933,168.964289,13.29827157,0.01757,25.524129,0.011189,25.552888
198,hybrid[head=topn-frontier reducer=streaming],hybrid,2246933,3745,1,1,1,6.486486486,0.001305184844,1,1195,1195,600,595,600,595,417,183,183,9640,3700,0.3838174274,1,1.492564,6.942797137e-05,0,,595,0,0,0,595,595,595,595,0,0,1,1,0,37,1,37,1,0.1205892655,0,0,0,0,2.886817936e-06,0,6.942797137e-05,,,,35.54675781,39.55734375,75.10410156,1546.716797,366.78125,361.328125,1913.498047,5.453125,8.544921875,183,5.46875,76.2734375,127.7998047,1.180664062,127.7998047,2246933,220.170019,10.20544491,0.076126,9.919015,0.353982,10.349123
199,hl,hl,2235427,3726,1,0.4166666667,0.5882352941,2916.527778,0.3242543029,0.9618055556,48,,,,,,0,0,0,0,0,,,,,,,,,,0,,,,,,,,,,288,0.9166666667,0,1,0,15,0.04066695088,273,0.1455596627,0.0006466201859,0.002711130059,0.006389383326,,,,5.857421875,19.79757813,25.655,566.2373047,0.359375,0,566.5966797,0.359375,0.6123046875,15,5.078125,25.88085938,0,0.6943359375,30.95898438,2235427,151.094901,14.794854,0.023655,2.082628,0,2.106283
199,hl#1,hl,2235427,3726,1,0.8333333333,0.9090909091,861.8333333,0.1053725438,0.8298611111,96,,,,,,0,0,0,0,0,,,,,,,,,,0,,,,,,,,,,576,1,0,1,0,30,0.08903936474,546,0.2619293764,0.0006093207311,0.002967978825,0.0107728859,,,,11.48828125,38.89246094,50.38074219,1129.166992,0.53125,0,1129.698242,0.53125,1.041992188,30,5.078125,32.44921875,0,1.702148438,37.52734375,2235427,178.460871,12.52614642,0.027199,3.115747,0,3.142946
199,hl#2,hl,2235427,3726,1,0.9722222222,0.985915493,50.94444444,0.009068136435,0.965,192,,,,,,0,0,0,0,0,,,,,,,,,,0,,,,,,,,,,1152,1,0,1,0,35,0.1083359018,1117,0.4056419646,0.0004461613424,0.003095311481,0.01319703126,,,,22.75,77.2134375,99.9634375,2254.360352,0.640625,0,2255.000977,0.640625,1.235351562,35,5.078125,41.4453125,0,1.982421875,46.5234375,2235427,179.879137,12.42738339,0.022355,6.194298,0,6.216653
199,hl#3,hl,2235427,3726,1,1,1,9.555555556,0.001649200617,0.995,384,,,,,,0,0,0,0,0,,,,,,,,,,0,,,,,,,,,,2304,1,0,1,0,36,0.1106155558,2268,0.5188767068,0.0002732171278,0.003072654327,0.01321358291,,,,45.2734375,151.3320215,196.605459,4504.363281,0.625,0,4504.988281,0.625,1.23828125,36,5.078125,62.40625,0,2.072265625,67.484375,2235427,157.388052,14.20328272,0.027254,11.69366,0,11.720914
199,ss[policy=difficulty],ss,2235427,3726,0.9230769231,1,0.96,140.3611111,0.02531966981,1,1088,1024,,,,,0,0,0,0,0,,,,0.0002205395211,0,,1024,1,0,0,1024,1024,1024,1024,0,0,1.0625,1.0625,-0.06062462182,39,1,36,1,0.1128849209,3,0.005160087983,0,0,6.738803175e-05,0.0001225716608,0.0002205395211,,,,44.21003906,91.12111328,135.3311523,2395.712891,5.09375,0,2400.806641,1.578125,2.244140625,39,5.46875,14.3984375,9.65625,1.096679688,19.8671875,2235427,177.000054,12.62952722,0.022896,26.146339,0.012146,26.181381
199,hybrid[head=topn-frontier reducer=streaming],hybrid,2235427,3726,0.972972973,1,0.9863013699,29.52777778,0.004987530337,1,1195,1111,600,595,600,511,418,182,182,9640,3680,0.3817427386,1,1.812993,0.0002402225615,0,,511,1,0,0,511,511,511,511,0,0,1.164383562,1.164383562,-0.1521918153,37,1,36,1,0.111100027,1,0.001734791608,0,0,1.934451147e-05,0.0002402225615,0.0002402225615,,,,35.55339844,38.62137695,74.17477539,1556.986328,364.75,359.375,1921.736328,5.375,8.392578125,182,5.46875,76.5234375,128.0498047,1.1796875,128.0498047,2235427,233.24523,9.584020218,0.198203,10.098188,0.404363,10.700754
